"数据年月","商品编码","商品名称","贸易伙伴编码","贸易伙伴名称","贸易方式编码","贸易方式名称","注册地编码","注册地名称","第一数量","第一计量单位","第二数量","第二计量单位","美元",
"202601","85177950","光通信设备的激光收发模块","101","阿富汗","10","一般贸易","44","广东省","20","千克","0","?","54,594",
"202601","85177950","光通信设备的激光收发模块","102","巴林","10","一般贸易","33","浙江省","7","千克","0","?","3,585",
"202601","85177950","光通信设备的激光收发模块","102","巴林","10","一般贸易","44","广东省","0","千克","0","?","1,337",
"202601","85177950","光通信设备的激光收发模块","103","孟加拉国","10","一般贸易","32","江苏省","9","千克","0","?","63,964",
"202601","85177950","光通信设备的激光收发模块","103","孟加拉国","10","一般贸易","35","福建省","1","千克","0","?","945",
"202601","85177950","光通信设备的激光收发模块","103","孟加拉国","10","一般贸易","44","广东省","119","千克","0","?","28,919",
"202601","85177950","光通信设备的激光收发模块","103","孟加拉国","10","一般贸易","50","重庆市","1","千克","0","?","2,432",
"202601","85177950","光通信设备的激光收发模块","104","不丹","10","一般贸易","44","广东省","29","千克","0","?","1,264",
"202601","85177950","光通信设备的激光收发模块","104","不丹","34","海关特殊监管区域物流货物","32","江苏省","5","千克","0","?","1,244",
"202601","85177950","光通信设备的激光收发模块","105","文莱","10","一般贸易","44","广东省","3","千克","0","?","273",
"202601","85177950","光通信设备的激光收发模块","106","缅甸","10","一般贸易","44","广东省","94","千克","0","?","30,247",
"202601","85177950","光通信设备的激光收发模块","107","柬埔寨","10","一般贸易","31","上海市","3","千克","0","?","2,074",
"202601","85177950","光通信设备的激光收发模块","107","柬埔寨","10","一般贸易","32","江苏省","0","千克","0","?","110",
"202601","85177950","光通信设备的激光收发模块","107","柬埔寨","10","一般贸易","35","福建省","12","千克","0","?","7,741",
"202601","85177950","光通信设备的激光收发模块","107","柬埔寨","10","一般贸易","37","山东省","168","千克","0","?","7,493",
"202601","85177950","光通信设备的激光收发模块","107","柬埔寨","10","一般贸易","41","河南省","0","千克","0","?","108",
"202601","85177950","光通信设备的激光收发模块","107","柬埔寨","10","一般贸易","44","广东省","58","千克","0","?","21,664",
"202601","85177950","光通信设备的激光收发模块","107","柬埔寨","15","进料加工贸易","51","四川省","2","千克","0","?","4,900",
"202601","85177950","光通信设备的激光收发模块","108","塞浦路斯","10","一般贸易","44","广东省","8","千克","0","?","3,459",
"202601","85177950","光通信设备的激光收发模块","110","中国香港","10","一般贸易","11","北京市","88","千克","0","?","74,396",
"202601","85177950","光通信设备的激光收发模块","110","中国香港","10","一般贸易","31","上海市","215","千克","0","?","1,441,701",
"202601","85177950","光通信设备的激光收发模块","110","中国香港","10","一般贸易","32","江苏省","262","千克","0","?","577,233",
"202601","85177950","光通信设备的激光收发模块","110","中国香港","10","一般贸易","33","浙江省","233","千克","0","?","634,041",
"202601","85177950","光通信设备的激光收发模块","110","中国香港","10","一般贸易","34","安徽省","8","千克","0","?","35,676",
"202601","85177950","光通信设备的激光收发模块","110","中国香港","10","一般贸易","35","福建省","4","千克","0","?","6,067",
"202601","85177950","光通信设备的激光收发模块","110","中国香港","10","一般贸易","37","山东省","18","千克","0","?","8,788",
"202601","85177950","光通信设备的激光收发模块","110","中国香港","10","一般贸易","41","河南省","4","千克","0","?","1,087",
"202601","85177950","光通信设备的激光收发模块","110","中国香港","10","一般贸易","42","湖北省","974","千克","0","?","1,554,334",
"202601","85177950","光通信设备的激光收发模块","110","中国香港","10","一般贸易","43","湖南省","178","千克","0","?","379,256",
"202601","85177950","光通信设备的激光收发模块","110","中国香港","10","一般贸易","44","广东省","1506","千克","0","?","1,751,065",
"202601","85177950","光通信设备的激光收发模块","110","中国香港","10","一般贸易","45","广西壮族自治区","6","千克","0","?","787",
"202601","85177950","光通信设备的激光收发模块","110","中国香港","10","一般贸易","46","海南省","3","千克","0","?","54,579",
"202601","85177950","光通信设备的激光收发模块","110","中国香港","10","一般贸易","51","四川省","2517","千克","0","?","5,678,939",
"202601","85177950","光通信设备的激光收发模块","110","中国香港","10","一般贸易","52","贵州省","1225","千克","0","?","95,327",
"202601","85177950","光通信设备的激光收发模块","110","中国香港","15","进料加工贸易","32","江苏省","4264","千克","0","?","8,103,183",
"202601","85177950","光通信设备的激光收发模块","110","中国香港","15","进料加工贸易","33","浙江省","152","千克","0","?","194,202",
"202601","85177950","光通信设备的激光收发模块","110","中国香港","15","进料加工贸易","35","福建省","19","千克","0","?","25,001",
"202601","85177950","光通信设备的激光收发模块","110","中国香港","15","进料加工贸易","44","广东省","2","千克","0","?","30,489",
"202601","85177950","光通信设备的激光收发模块","110","中国香港","15","进料加工贸易","51","四川省","36","千克","0","?","52,150",
"202601","85177950","光通信设备的激光收发模块","110","中国香港","33","保税监管场所进出境货物","44","广东省","19","千克","0","?","2,453",
"202601","85177950","光通信设备的激光收发模块","110","中国香港","34","海关特殊监管区域物流货物","11","北京市","1","千克","0","?","7,186",
"202601","85177950","光通信设备的激光收发模块","110","中国香港","34","海关特殊监管区域物流货物","32","江苏省","5","千克","0","?","25,882",
"202601","85177950","光通信设备的激光收发模块","110","中国香港","34","海关特殊监管区域物流货物","44","广东省","2480","千克","0","?","1,793,501",
"202601","85177950","光通信设备的激光收发模块","111","印度","10","一般贸易","11","北京市","3","千克","0","?","751",
"202601","85177950","光通信设备的激光收发模块","111","印度","10","一般贸易","21","辽宁省","11","千克","0","?","3,221",
"202601","85177950","光通信设备的激光收发模块","111","印度","10","一般贸易","22","吉林省","32","千克","0","?","576",
"202601","85177950","光通信设备的激光收发模块","111","印度","10","一般贸易","23","黑龙江省","72","千克","0","?","3,700",
"202601","85177950","光通信设备的激光收发模块","111","印度","10","一般贸易","31","上海市","116","千克","0","?","44,171",
"202601","85177950","光通信设备的激光收发模块","111","印度","10","一般贸易","32","江苏省","160","千克","0","?","116,550",
"202601","85177950","光通信设备的激光收发模块","111","印度","10","一般贸易","33","浙江省","10","千克","0","?","998",
"202601","85177950","光通信设备的激光收发模块","111","印度","10","一般贸易","35","福建省","211","千克","0","?","1,263",
"202601","85177950","光通信设备的激光收发模块","111","印度","10","一般贸易","36","江西省","7","千克","0","?","13,726",
"202601","85177950","光通信设备的激光收发模块","111","印度","10","一般贸易","37","山东省","135","千克","0","?","27,245",
"202601","85177950","光通信设备的激光收发模块","111","印度","10","一般贸易","41","河南省","19","千克","0","?","210",
"202601","85177950","光通信设备的激光收发模块","111","印度","10","一般贸易","42","湖北省","1528","千克","0","?","963,425",
"202601","85177950","光通信设备的激光收发模块","111","印度","10","一般贸易","44","广东省","1409","千克","0","?","567,474",
"202601","85177950","光通信设备的激光收发模块","111","印度","10","一般贸易","46","海南省","11","千克","0","?","520",
"202601","85177950","光通信设备的激光收发模块","111","印度","10","一般贸易","51","四川省","165","千克","0","?","603,775",
"202601","85177950","光通信设备的激光收发模块","111","印度","10","一般贸易","61","陕西省","6","千克","0","?","5,550",
"202601","85177950","光通信设备的激光收发模块","111","印度","10","一般贸易","65","新疆维吾尔自治区","3","千克","0","?","53",
"202601","85177950","光通信设备的激光收发模块","111","印度","15","进料加工贸易","32","江苏省","9","千克","0","?","61,035",
"202601","85177950","光通信设备的激光收发模块","111","印度","15","进料加工贸易","44","广东省","0","千克","0","?","8,148",
"202601","85177950","光通信设备的激光收发模块","111","印度","15","进料加工贸易","51","四川省","26","千克","0","?","163,941",
"202601","85177950","光通信设备的激光收发模块","111","印度","33","保税监管场所进出境货物","44","广东省","0","千克","0","?","948",
"202601","85177950","光通信设备的激光收发模块","111","印度","34","海关特殊监管区域物流货物","32","江苏省","1263","千克","0","?","599,529",
"202601","85177950","光通信设备的激光收发模块","111","印度","39","其他","21","辽宁省","0","千克","0","?","38",
"202601","85177950","光通信设备的激光收发模块","111","印度","39","其他","33","浙江省","2","千克","0","?","22",
"202601","85177950","光通信设备的激光收发模块","112","印度尼西亚","10","一般贸易","11","北京市","2","千克","0","?","5,488",
"202601","85177950","光通信设备的激光收发模块","112","印度尼西亚","10","一般贸易","31","上海市","6","千克","0","?","135,675",
"202601","85177950","光通信设备的激光收发模块","112","印度尼西亚","10","一般贸易","32","江苏省","44","千克","0","?","5,927",
"202601","85177950","光通信设备的激光收发模块","112","印度尼西亚","10","一般贸易","33","浙江省","18","千克","0","?","20,194",
"202601","85177950","光通信设备的激光收发模块","112","印度尼西亚","10","一般贸易","35","福建省","25","千克","0","?","43,024",
"202601","85177950","光通信设备的激光收发模块","112","印度尼西亚","10","一般贸易","37","山东省","0","千克","0","?","27",
"202601","85177950","光通信设备的激光收发模块","112","印度尼西亚","10","一般贸易","42","湖北省","227","千克","0","?","107,436",
"202601","85177950","光通信设备的激光收发模块","112","印度尼西亚","10","一般贸易","44","广东省","2309","千克","0","?","1,920,055",
"202601","85177950","光通信设备的激光收发模块","112","印度尼西亚","10","一般贸易","45","广西壮族自治区","77","千克","0","?","1,438",
"202601","85177950","光通信设备的激光收发模块","112","印度尼西亚","10","一般贸易","52","贵州省","19","千克","0","?","4,579",
"202601","85177950","光通信设备的激光收发模块","112","印度尼西亚","10","一般贸易","53","云南省","7","千克","0","?","6,744",
"202601","85177950","光通信设备的激光收发模块","112","印度尼西亚","15","进料加工贸易","35","福建省","1","千克","0","?","3,191",
"202601","85177950","光通信设备的激光收发模块","112","印度尼西亚","34","海关特殊监管区域物流货物","32","江苏省","63","千克","0","?","9,949",
"202601","85177950","光通信设备的激光收发模块","112","印度尼西亚","34","海关特殊监管区域物流货物","44","广东省","276","千克","0","?","103,328",
"202601","85177950","光通信设备的激光收发模块","112","印度尼西亚","39","其他","42","湖北省","6","千克","0","?","113,747",
"202601","85177950","光通信设备的激光收发模块","113","伊朗","10","一般贸易","33","浙江省","0","千克","0","?","428",
"202601","85177950","光通信设备的激光收发模块","113","伊朗","10","一般贸易","44","广东省","240","千克","0","?","235,645",
"202601","85177950","光通信设备的激光收发模块","113","伊朗","10","一般贸易","46","海南省","50","千克","0","?","1,480",
"202601","85177950","光通信设备的激光收发模块","113","伊朗","34","海关特殊监管区域物流货物","31","上海市","39","千克","0","?","47,450",
"202601","85177950","光通信设备的激光收发模块","114","伊拉克","10","一般贸易","11","北京市","1","千克","0","?","3,420",
"202601","85177950","光通信设备的激光收发模块","114","伊拉克","10","一般贸易","33","浙江省","2","千克","0","?","315",
"202601","85177950","光通信设备的激光收发模块","114","伊拉克","10","一般贸易","44","广东省","578","千克","0","?","98,333",
"202601","85177950","光通信设备的激光收发模块","114","伊拉克","34","海关特殊监管区域物流货物","32","江苏省","304","千克","0","?","38,792",
"202601","85177950","光通信设备的激光收发模块","115","以色列","10","一般贸易","31","上海市","44","千克","0","?","235,002",
"202601","85177950","光通信设备的激光收发模块","115","以色列","10","一般贸易","32","江苏省","5","千克","0","?","27,153",
"202601","85177950","光通信设备的激光收发模块","115","以色列","10","一般贸易","33","浙江省","9","千克","0","?","30,283",
"202601","85177950","光通信设备的激光收发模块","115","以色列","10","一般贸易","35","福建省","1","千克","0","?","980",
"202601","85177950","光通信设备的激光收发模块","115","以色列","10","一般贸易","41","河南省","4","千克","0","?","792",
"202601","85177950","光通信设备的激光收发模块","115","以色列","10","一般贸易","42","湖北省","14","千克","0","?","30,440",
"202601","85177950","光通信设备的激光收发模块","115","以色列","10","一般贸易","44","广东省","383","千克","0","?","239,578",
"202601","85177950","光通信设备的激光收发模块","115","以色列","10","一般贸易","51","四川省","123","千克","0","?","211,094",
"202601","85177950","光通信设备的激光收发模块","115","以色列","10","一般贸易","65","新疆维吾尔自治区","38","千克","0","?","2,710",
"202601","85177950","光通信设备的激光收发模块","115","以色列","15","进料加工贸易","32","江苏省","46","千克","0","?","192,907",
"202601","85177950","光通信设备的激光收发模块","115","以色列","15","进料加工贸易","33","浙江省","1","千克","0","?","936",
"202601","85177950","光通信设备的激光收发模块","115","以色列","34","海关特殊监管区域物流货物","35","福建省","4","千克","0","?","3,003",
"202601","85177950","光通信设备的激光收发模块","116","日本","10","一般贸易","11","北京市","3","千克","0","?","3,640",
"202601","85177950","光通信设备的激光收发模块","116","日本","10","一般贸易","21","辽宁省","9","千克","0","?","73,095",
"202601","85177950","光通信设备的激光收发模块","116","日本","10","一般贸易","31","上海市","76","千克","0","?","282,924",
"202601","85177950","光通信设备的激光收发模块","116","日本","10","一般贸易","32","江苏省","719","千克","0","?","1,074,872",
"202601","85177950","光通信设备的激光收发模块","116","日本","10","一般贸易","33","浙江省","122","千克","0","?","200,876",
"202601","85177950","光通信设备的激光收发模块","116","日本","10","一般贸易","34","安徽省","17","千克","0","?","67,816",
"202601","85177950","光通信设备的激光收发模块","116","日本","10","一般贸易","35","福建省","7","千克","0","?","7,625",
"202601","85177950","光通信设备的激光收发模块","116","日本","10","一般贸易","37","山东省","387","千克","0","?","888,767",
"202601","85177950","光通信设备的激光收发模块","116","日本","10","一般贸易","41","河南省","1","千克","0","?","4,178",
"202601","85177950","光通信设备的激光收发模块","116","日本","10","一般贸易","42","湖北省","802","千克","0","?","514,869",
"202601","85177950","光通信设备的激光收发模块","116","日本","10","一般贸易","44","广东省","506","千克","0","?","546,186",
"202601","85177950","光通信设备的激光收发模块","116","日本","10","一般贸易","51","四川省","592","千克","0","?","862,826",
"202601","85177950","光通信设备的激光收发模块","116","日本","15","进料加工贸易","32","江苏省","112","千克","0","?","600,322",
"202601","85177950","光通信设备的激光收发模块","116","日本","15","进料加工贸易","35","福建省","32","千克","0","?","33,895",
"202601","85177950","光通信设备的激光收发模块","116","日本","15","进料加工贸易","44","广东省","2","千克","0","?","1,373",
"202601","85177950","光通信设备的激光收发模块","116","日本","15","进料加工贸易","51","四川省","141","千克","0","?","403,259",
"202601","85177950","光通信设备的激光收发模块","116","日本","34","海关特殊监管区域物流货物","32","江苏省","414","千克","0","?","498,846",
"202601","85177950","光通信设备的激光收发模块","116","日本","34","海关特殊监管区域物流货物","42","湖北省","43","千克","0","?","42,779",
"202601","85177950","光通信设备的激光收发模块","116","日本","39","其他","32","江苏省","4","千克","0","?","114",
"202601","85177950","光通信设备的激光收发模块","116","日本","39","其他","35","福建省","0","千克","0","?","130",
"202601","85177950","光通信设备的激光收发模块","117","约旦","10","一般贸易","35","福建省","1","千克","0","?","334",
"202601","85177950","光通信设备的激光收发模块","117","约旦","10","一般贸易","44","广东省","75","千克","0","?","49,785",
"202601","85177950","光通信设备的激光收发模块","118","科威特","10","一般贸易","33","浙江省","4","千克","0","?","1,717",
"202601","85177950","光通信设备的激光收发模块","118","科威特","10","一般贸易","44","广东省","5","千克","0","?","2,587",
"202601","85177950","光通信设备的激光收发模块","119","老挝","10","一般贸易","42","湖北省","8","千克","0","?","4,006",
"202601","85177950","光通信设备的激光收发模块","119","老挝","10","一般贸易","44","广东省","0","千克","0","?","13",
"202601","85177950","光通信设备的激光收发模块","120","黎巴嫩","10","一般贸易","42","湖北省","0","千克","0","?","300",
"202601","85177950","光通信设备的激光收发模块","120","黎巴嫩","10","一般贸易","44","广东省","21","千克","0","?","2,373",
"202601","85177950","光通信设备的激光收发模块","121","中国澳门","10","一般贸易","32","江苏省","1","千克","0","?","251",
"202601","85177950","光通信设备的激光收发模块","121","中国澳门","10","一般贸易","33","浙江省","33","千克","0","?","44,505",
"202601","85177950","光通信设备的激光收发模块","121","中国澳门","10","一般贸易","37","山东省","1","千克","0","?","145",
"202601","85177950","光通信设备的激光收发模块","121","中国澳门","10","一般贸易","44","广东省","72","千克","0","?","10,844",
"202601","85177950","光通信设备的激光收发模块","121","中国澳门","10","一般贸易","45","广西壮族自治区","2","千克","0","?","256",
"202601","85177950","光通信设备的激光收发模块","122","马来西亚","10","一般贸易","11","北京市","0","千克","0","?","140",
"202601","85177950","光通信设备的激光收发模块","122","马来西亚","10","一般贸易","31","上海市","1557","千克","0","?","1,062,100",
"202601","85177950","光通信设备的激光收发模块","122","马来西亚","10","一般贸易","32","江苏省","1550","千克","0","?","3,476,837",
"202601","85177950","光通信设备的激光收发模块","122","马来西亚","10","一般贸易","33","浙江省","1827","千克","0","?","1,637,800",
"202601","85177950","光通信设备的激光收发模块","122","马来西亚","10","一般贸易","35","福建省","31","千克","0","?","17,032",
"202601","85177950","光通信设备的激光收发模块","122","马来西亚","10","一般贸易","36","江西省","0","千克","0","?","16",
"202601","85177950","光通信设备的激光收发模块","122","马来西亚","10","一般贸易","37","山东省","2768","千克","0","?","2,883,574",
"202601","85177950","光通信设备的激光收发模块","122","马来西亚","10","一般贸易","41","河南省","25","千克","0","?","8,147",
"202601","85177950","光通信设备的激光收发模块","122","马来西亚","10","一般贸易","42","湖北省","30237","千克","0","?","32,644,646",
"202601","85177950","光通信设备的激光收发模块","122","马来西亚","10","一般贸易","43","湖南省","15","千克","0","?","9,800",
"202601","85177950","光通信设备的激光收发模块","122","马来西亚","10","一般贸易","44","广东省","5028","千克","0","?","3,224,106",
"202601","85177950","光通信设备的激光收发模块","122","马来西亚","10","一般贸易","45","广西壮族自治区","18","千克","0","?","3,763",
"202601","85177950","光通信设备的激光收发模块","122","马来西亚","10","一般贸易","51","四川省","924","千克","0","?","1,299,048",
"202601","85177950","光通信设备的激光收发模块","122","马来西亚","10","一般贸易","65","新疆维吾尔自治区","10","千克","0","?","6,078",
"202601","85177950","光通信设备的激光收发模块","122","马来西亚","15","进料加工贸易","32","江苏省","66313","千克","0","?","170,860,333",
"202601","85177950","光通信设备的激光收发模块","122","马来西亚","15","进料加工贸易","35","福建省","0","千克","0","?","2,365",
"202601","85177950","光通信设备的激光收发模块","122","马来西亚","15","进料加工贸易","44","广东省","1446","千克","0","?","1,498,573",
"202601","85177950","光通信设备的激光收发模块","122","马来西亚","15","进料加工贸易","51","四川省","353","千克","0","?","784,670",
"202601","85177950","光通信设备的激光收发模块","122","马来西亚","22","对外承包工程出口货物","11","北京市","123","千克","0","?","84,790",
"202601","85177950","光通信设备的激光收发模块","122","马来西亚","33","保税监管场所进出境货物","44","广东省","17","千克","0","?","16,547",
"202601","85177950","光通信设备的激光收发模块","122","马来西亚","34","海关特殊监管区域物流货物","11","北京市","21","千克","0","?","853,124",
"202601","85177950","光通信设备的激光收发模块","122","马来西亚","34","海关特殊监管区域物流货物","32","江苏省","41","千克","0","?","108,887",
"202601","85177950","光通信设备的激光收发模块","122","马来西亚","34","海关特殊监管区域物流货物","35","福建省","76","千克","0","?","123,550",
"202601","85177950","光通信设备的激光收发模块","122","马来西亚","34","海关特殊监管区域物流货物","44","广东省","188","千克","0","?","3,027,676",
"202601","85177950","光通信设备的激光收发模块","123","马尔代夫","10","一般贸易","33","浙江省","4","千克","0","?","238",
"202601","85177950","光通信设备的激光收发模块","123","马尔代夫","10","一般贸易","44","广东省","44","千克","0","?","27,595",
"202601","85177950","光通信设备的激光收发模块","124","蒙古","10","一般贸易","33","浙江省","0","千克","0","?","56",
"202601","85177950","光通信设备的激光收发模块","124","蒙古","10","一般贸易","44","广东省","10","千克","0","?","9,337",
"202601","85177950","光通信设备的激光收发模块","125","尼泊尔","10","一般贸易","31","上海市","10","千克","0","?","2,993",
"202601","85177950","光通信设备的激光收发模块","125","尼泊尔","10","一般贸易","41","河南省","4","千克","0","?","2,215",
"202601","85177950","光通信设备的激光收发模块","125","尼泊尔","10","一般贸易","44","广东省","15","千克","0","?","2,993",
"202601","85177950","光通信设备的激光收发模块","125","尼泊尔","10","一般贸易","65","新疆维吾尔自治区","11","千克","0","?","1,348",
"202601","85177950","光通信设备的激光收发模块","126","阿曼","10","一般贸易","33","浙江省","2","千克","0","?","612",
"202601","85177950","光通信设备的激光收发模块","126","阿曼","10","一般贸易","42","湖北省","0","千克","0","?","26",
"202601","85177950","光通信设备的激光收发模块","126","阿曼","10","一般贸易","44","广东省","5","千克","0","?","3,527",
"202601","85177950","光通信设备的激光收发模块","127","巴基斯坦","10","一般贸易","11","北京市","1","千克","0","?","2,129",
"202601","85177950","光通信设备的激光收发模块","127","巴基斯坦","10","一般贸易","33","浙江省","30","千克","0","?","19,553",
"202601","85177950","光通信设备的激光收发模块","127","巴基斯坦","10","一般贸易","41","河南省","1","千克","0","?","2,021",
"202601","85177950","光通信设备的激光收发模块","127","巴基斯坦","10","一般贸易","42","湖北省","2","千克","0","?","8",
"202601","85177950","光通信设备的激光收发模块","127","巴基斯坦","10","一般贸易","44","广东省","192","千克","0","?","355,948",
"202601","85177950","光通信设备的激光收发模块","127","巴基斯坦","33","保税监管场所进出境货物","44","广东省","15","千克","0","?","8,969",
"202601","85177950","光通信设备的激光收发模块","127","巴基斯坦","34","海关特殊监管区域物流货物","32","江苏省","0","千克","0","?","54",
"202601","85177950","光通信设备的激光收发模块","129","菲律宾","10","一般贸易","31","上海市","10","千克","0","?","13,636",
"202601","85177950","光通信设备的激光收发模块","129","菲律宾","10","一般贸易","33","浙江省","53","千克","0","?","69,797",
"202601","85177950","光通信设备的激光收发模块","129","菲律宾","10","一般贸易","35","福建省","4","千克","0","?","6,217",
"202601","85177950","光通信设备的激光收发模块","129","菲律宾","10","一般贸易","42","湖北省","300","千克","0","?","179,187",
"202601","85177950","光通信设备的激光收发模块","129","菲律宾","10","一般贸易","44","广东省","353","千克","0","?","206,634",
"202601","85177950","光通信设备的激光收发模块","129","菲律宾","10","一般贸易","65","新疆维吾尔自治区","4","千克","0","?","420",
"202601","85177950","光通信设备的激光收发模块","129","菲律宾","34","海关特殊监管区域物流货物","32","江苏省","9","千克","0","?","5,148",
"202601","85177950","光通信设备的激光收发模块","130","卡塔尔","10","一般贸易","31","上海市","15","千克","0","?","2,791",
"202601","85177950","光通信设备的激光收发模块","130","卡塔尔","10","一般贸易","33","浙江省","20","千克","0","?","13,094",
"202601","85177950","光通信设备的激光收发模块","130","卡塔尔","10","一般贸易","44","广东省","95","千克","0","?","13,149",
"202601","85177950","光通信设备的激光收发模块","130","卡塔尔","33","保税监管场所进出境货物","44","广东省","6","千克","0","?","3,727",
"202601","85177950","光通信设备的激光收发模块","131","沙特阿拉伯","10","一般贸易","21","辽宁省","10","千克","0","?","2,278",
"202601","85177950","光通信设备的激光收发模块","131","沙特阿拉伯","10","一般贸易","32","江苏省","0","千克","0","?","523",
"202601","85177950","光通信设备的激光收发模块","131","沙特阿拉伯","10","一般贸易","33","浙江省","51","千克","0","?","41,920",
"202601","85177950","光通信设备的激光收发模块","131","沙特阿拉伯","10","一般贸易","35","福建省","6","千克","0","?","5,915",
"202601","85177950","光通信设备的激光收发模块","131","沙特阿拉伯","10","一般贸易","42","湖北省","7","千克","0","?","10,605",
"202601","85177950","光通信设备的激光收发模块","131","沙特阿拉伯","10","一般贸易","44","广东省","73","千克","0","?","129,182",
"202601","85177950","光通信设备的激光收发模块","131","沙特阿拉伯","10","一般贸易","51","四川省","50","千克","0","?","60,000",
"202601","85177950","光通信设备的激光收发模块","131","沙特阿拉伯","10","一般贸易","52","贵州省","0","千克","0","?","45",
"202601","85177950","光通信设备的激光收发模块","131","沙特阿拉伯","10","一般贸易","53","云南省","12","千克","0","?","1,575",
"202601","85177950","光通信设备的激光收发模块","131","沙特阿拉伯","15","进料加工贸易","44","广东省","7","千克","0","?","14,362",
"202601","85177950","光通信设备的激光收发模块","131","沙特阿拉伯","34","海关特殊监管区域物流货物","32","江苏省","726","千克","0","?","167,094",
"202601","85177950","光通信设备的激光收发模块","131","沙特阿拉伯","34","海关特殊监管区域物流货物","35","福建省","26","千克","0","?","36,754",
"202601","85177950","光通信设备的激光收发模块","132","新加坡","10","一般贸易","11","北京市","17","千克","0","?","3,481",
"202601","85177950","光通信设备的激光收发模块","132","新加坡","10","一般贸易","31","上海市","42","千克","0","?","146,341",
"202601","85177950","光通信设备的激光收发模块","132","新加坡","10","一般贸易","32","江苏省","136","千克","0","?","299,744",
"202601","85177950","光通信设备的激光收发模块","132","新加坡","10","一般贸易","33","浙江省","40","千克","0","?","71,826",
"202601","85177950","光通信设备的激光收发模块","132","新加坡","10","一般贸易","35","福建省","0","千克","0","?","214",
"202601","85177950","光通信设备的激光收发模块","132","新加坡","10","一般贸易","36","江西省","1","千克","0","?","176",
"202601","85177950","光通信设备的激光收发模块","132","新加坡","10","一般贸易","37","山东省","179","千克","0","?","85,993",
"202601","85177950","光通信设备的激光收发模块","132","新加坡","10","一般贸易","42","湖北省","844","千克","0","?","924,735",
"202601","85177950","光通信设备的激光收发模块","132","新加坡","10","一般贸易","44","广东省","2429","千克","0","?","1,394,247",
"202601","85177950","光通信设备的激光收发模块","132","新加坡","10","一般贸易","45","广西壮族自治区","182","千克","0","?","9,335",
"202601","85177950","光通信设备的激光收发模块","132","新加坡","10","一般贸易","51","四川省","532","千克","0","?","1,018,642",
"202601","85177950","光通信设备的激光收发模块","132","新加坡","10","一般贸易","52","贵州省","88","千克","0","?","74,398",
"202601","85177950","光通信设备的激光收发模块","132","新加坡","10","一般贸易","65","新疆维吾尔自治区","273","千克","0","?","7,819",
"202601","85177950","光通信设备的激光收发模块","132","新加坡","15","进料加工贸易","32","江苏省","3506","千克","0","?","558,611",
"202601","85177950","光通信设备的激光收发模块","132","新加坡","15","进料加工贸易","33","浙江省","364","千克","0","?","319,801",
"202601","85177950","光通信设备的激光收发模块","132","新加坡","15","进料加工贸易","35","福建省","2","千克","0","?","3,931",
"202601","85177950","光通信设备的激光收发模块","132","新加坡","15","进料加工贸易","44","广东省","319","千克","0","?","422,410",
"202601","85177950","光通信设备的激光收发模块","132","新加坡","15","进料加工贸易","51","四川省","43","千克","0","?","33,400",
"202601","85177950","光通信设备的激光收发模块","132","新加坡","33","保税监管场所进出境货物","42","湖北省","0","千克","0","?","1,216",
"202601","85177950","光通信设备的激光收发模块","132","新加坡","33","保税监管场所进出境货物","44","广东省","0","千克","0","?","102",
"202601","85177950","光通信设备的激光收发模块","132","新加坡","34","海关特殊监管区域物流货物","32","江苏省","83","千克","0","?","76,340",
"202601","85177950","光通信设备的激光收发模块","132","新加坡","39","其他","11","北京市","0","千克","0","?","118",
"202601","85177950","光通信设备的激光收发模块","133","韩国","10","一般贸易","11","北京市","126","千克","0","?","36,546",
"202601","85177950","光通信设备的激光收发模块","133","韩国","10","一般贸易","12","天津市","49","千克","0","?","7,251",
"202601","85177950","光通信设备的激光收发模块","133","韩国","10","一般贸易","21","辽宁省","268","千克","0","?","79,757",
"202601","85177950","光通信设备的激光收发模块","133","韩国","10","一般贸易","31","上海市","182","千克","0","?","199,156",
"202601","85177950","光通信设备的激光收发模块","133","韩国","10","一般贸易","32","江苏省","6","千克","0","?","6,098",
"202601","85177950","光通信设备的激光收发模块","133","韩国","10","一般贸易","33","浙江省","252","千克","0","?","63,856",
"202601","85177950","光通信设备的激光收发模块","133","韩国","10","一般贸易","37","山东省","285","千克","0","?","72,190",
"202601","85177950","光通信设备的激光收发模块","133","韩国","10","一般贸易","42","湖北省","320","千克","0","?","245,580",
"202601","85177950","光通信设备的激光收发模块","133","韩国","10","一般贸易","43","湖南省","0","千克","0","?","120",
"202601","85177950","光通信设备的激光收发模块","133","韩国","10","一般贸易","44","广东省","3576","千克","0","?","4,223,471",
"202601","85177950","光通信设备的激光收发模块","133","韩国","10","一般贸易","51","四川省","1333","千克","0","?","1,548,963",
"202601","85177950","光通信设备的激光收发模块","133","韩国","10","一般贸易","65","新疆维吾尔自治区","269","千克","0","?","43,848",
"202601","85177950","光通信设备的激光收发模块","133","韩国","15","进料加工贸易","32","江苏省","0","千克","0","?","65",
"202601","85177950","光通信设备的激光收发模块","133","韩国","15","进料加工贸易","35","福建省","33","千克","0","?","21,705",
"202601","85177950","光通信设备的激光收发模块","133","韩国","15","进料加工贸易","44","广东省","2","千克","0","?","2,128",
"202601","85177950","光通信设备的激光收发模块","133","韩国","15","进料加工贸易","51","四川省","0","千克","0","?","13,118",
"202601","85177950","光通信设备的激光收发模块","133","韩国","34","海关特殊监管区域物流货物","32","江苏省","158","千克","0","?","513,572",
"202601","85177950","光通信设备的激光收发模块","133","韩国","39","其他","37","山东省","150","千克","0","?","8,840",
"202601","85177950","光通信设备的激光收发模块","134","斯里兰卡","10","一般贸易","31","上海市","0","千克","0","?","716",
"202601","85177950","光通信设备的激光收发模块","134","斯里兰卡","10","一般贸易","32","江苏省","1","千克","0","?","490",
"202601","85177950","光通信设备的激光收发模块","134","斯里兰卡","10","一般贸易","42","湖北省","12","千克","0","?","60",
"202601","85177950","光通信设备的激光收发模块","134","斯里兰卡","10","一般贸易","44","广东省","73","千克","0","?","35,284",
"202601","85177950","光通信设备的激光收发模块","134","斯里兰卡","34","海关特殊监管区域物流货物","32","江苏省","69","千克","0","?","31,963",
"202601","85177950","光通信设备的激光收发模块","136","泰国","10","一般贸易","11","北京市","1","千克","0","?","275",
"202601","85177950","光通信设备的激光收发模块","136","泰国","10","一般贸易","31","上海市","5298","千克","0","?","13,683,077",
"202601","85177950","光通信设备的激光收发模块","136","泰国","10","一般贸易","32","江苏省","470","千克","0","?","509,380",
"202601","85177950","光通信设备的激光收发模块","136","泰国","10","一般贸易","33","浙江省","39","千克","0","?","50,617",
"202601","85177950","光通信设备的激光收发模块","136","泰国","10","一般贸易","35","福建省","2","千克","0","?","2,468",
"202601","85177950","光通信设备的激光收发模块","136","泰国","10","一般贸易","37","山东省","367","千克","0","?","1,351,719",
"202601","85177950","光通信设备的激光收发模块","136","泰国","10","一般贸易","41","河南省","17","千克","0","?","848",
"202601","85177950","光通信设备的激光收发模块","136","泰国","10","一般贸易","42","湖北省","2711","千克","0","?","1,406,548",
"202601","85177950","光通信设备的激光收发模块","136","泰国","10","一般贸易","44","广东省","9540","千克","0","?","1,388,395",
"202601","85177950","光通信设备的激光收发模块","136","泰国","10","一般贸易","45","广西壮族自治区","2","千克","0","?","318",
"202601","85177950","光通信设备的激光收发模块","136","泰国","10","一般贸易","51","四川省","5495","千克","0","?","17,460,615",
"202601","85177950","光通信设备的激光收发模块","136","泰国","10","一般贸易","52","贵州省","90","千克","0","?","68,631",
"202601","85177950","光通信设备的激光收发模块","136","泰国","15","进料加工贸易","32","江苏省","233","千克","0","?","114,248",
"202601","85177950","光通信设备的激光收发模块","136","泰国","15","进料加工贸易","35","福建省","0","千克","0","?","1,836",
"202601","85177950","光通信设备的激光收发模块","136","泰国","15","进料加工贸易","44","广东省","4","千克","0","?","9,096",
"202601","85177950","光通信设备的激光收发模块","136","泰国","15","进料加工贸易","51","四川省","8","千克","0","?","16,926",
"202601","85177950","光通信设备的激光收发模块","136","泰国","33","保税监管场所进出境货物","44","广东省","4","千克","0","?","405",
"202601","85177950","光通信设备的激光收发模块","136","泰国","34","海关特殊监管区域物流货物","35","福建省","3","千克","0","?","4,410",
"202601","85177950","光通信设备的激光收发模块","136","泰国","34","海关特殊监管区域物流货物","44","广东省","103","千克","0","?","190,155",
"202601","85177950","光通信设备的激光收发模块","137","土耳其","10","一般贸易","31","上海市","5","千克","0","?","1,575",
"202601","85177950","光通信设备的激光收发模块","137","土耳其","10","一般贸易","33","浙江省","46","千克","0","?","14,856",
"202601","85177950","光通信设备的激光收发模块","137","土耳其","10","一般贸易","35","福建省","1","千克","0","?","909",
"202601","85177950","光通信设备的激光收发模块","137","土耳其","10","一般贸易","41","河南省","6","千克","0","?","703",
"202601","85177950","光通信设备的激光收发模块","137","土耳其","10","一般贸易","43","湖南省","50","千克","0","?","53,476",
"202601","85177950","光通信设备的激光收发模块","137","土耳其","10","一般贸易","44","广东省","2555","千克","0","?","2,497,979",
"202601","85177950","光通信设备的激光收发模块","137","土耳其","10","一般贸易","50","重庆市","28","千克","0","?","20,100",
"202601","85177950","光通信设备的激光收发模块","137","土耳其","10","一般贸易","51","四川省","3","千克","0","?","360",
"202601","85177950","光通信设备的激光收发模块","137","土耳其","10","一般贸易","53","云南省","10","千克","0","?","1,277",
"202601","85177950","光通信设备的激光收发模块","137","土耳其","10","一般贸易","65","新疆维吾尔自治区","42","千克","0","?","4,570",
"202601","85177950","光通信设备的激光收发模块","137","土耳其","33","保税监管场所进出境货物","44","广东省","121","千克","0","?","35,772",
"202601","85177950","光通信设备的激光收发模块","137","土耳其","34","海关特殊监管区域物流货物","32","江苏省","1","千克","0","?","2,185",
"202601","85177950","光通信设备的激光收发模块","138","阿联酋","10","一般贸易","11","北京市","8","千克","0","?","280",
"202601","85177950","光通信设备的激光收发模块","138","阿联酋","10","一般贸易","23","黑龙江省","1","千克","0","?","1,321",
"202601","85177950","光通信设备的激光收发模块","138","阿联酋","10","一般贸易","31","上海市","7","千克","0","?","4,876",
"202601","85177950","光通信设备的激光收发模块","138","阿联酋","10","一般贸易","32","江苏省","0","千克","0","?","17",
"202601","85177950","光通信设备的激光收发模块","138","阿联酋","10","一般贸易","33","浙江省","22","千克","0","?","16,213",
"202601","85177950","光通信设备的激光收发模块","138","阿联酋","10","一般贸易","35","福建省","7","千克","0","?","14,089",
"202601","85177950","光通信设备的激光收发模块","138","阿联酋","10","一般贸易","42","湖北省","1594","千克","0","?","5,597,044",
"202601","85177950","光通信设备的激光收发模块","138","阿联酋","10","一般贸易","44","广东省","1500","千克","0","?","1,497,488",
"202601","85177950","光通信设备的激光收发模块","138","阿联酋","10","一般贸易","50","重庆市","4","千克","0","?","16",
"202601","85177950","光通信设备的激光收发模块","138","阿联酋","10","一般贸易","51","四川省","171","千克","0","?","66,563",
"202601","85177950","光通信设备的激光收发模块","138","阿联酋","10","一般贸易","52","贵州省","0","千克","0","?","429",
"202601","85177950","光通信设备的激光收发模块","138","阿联酋","10","一般贸易","61","陕西省","4","千克","0","?","1,104",
"202601","85177950","光通信设备的激光收发模块","138","阿联酋","10","一般贸易","65","新疆维吾尔自治区","1","千克","0","?","2",
"202601","85177950","光通信设备的激光收发模块","138","阿联酋","15","进料加工贸易","33","浙江省","10","千克","0","?","7,458",
"202601","85177950","光通信设备的激光收发模块","138","阿联酋","15","进料加工贸易","44","广东省","0","千克","0","?","7,872",
"202601","85177950","光通信设备的激光收发模块","138","阿联酋","15","进料加工贸易","51","四川省","352","千克","0","?","68,806",
"202601","85177950","光通信设备的激光收发模块","138","阿联酋","33","保税监管场所进出境货物","44","广东省","2","千克","0","?","8,404",
"202601","85177950","光通信设备的激光收发模块","138","阿联酋","34","海关特殊监管区域物流货物","32","江苏省","105","千克","0","?","58,261",
"202601","85177950","光通信设备的激光收发模块","138","阿联酋","34","海关特殊监管区域物流货物","35","福建省","9","千克","0","?","6,022",
"202601","85177950","光通信设备的激光收发模块","139","也门","10","一般贸易","44","广东省","2","千克","0","?","15,200",
"202601","85177950","光通信设备的激光收发模块","141","越南","10","一般贸易","11","北京市","11","千克","0","?","28,382",
"202601","85177950","光通信设备的激光收发模块","141","越南","10","一般贸易","21","辽宁省","0","千克","0","?","1,291",
"202601","85177950","光通信设备的激光收发模块","141","越南","10","一般贸易","31","上海市","149","千克","0","?","102,039",
"202601","85177950","光通信设备的激光收发模块","141","越南","10","一般贸易","32","江苏省","59","千克","0","?","113,452",
"202601","85177950","光通信设备的激光收发模块","141","越南","10","一般贸易","33","浙江省","1145","千克","0","?","207,960",
"202601","85177950","光通信设备的激光收发模块","141","越南","10","一般贸易","35","福建省","15","千克","0","?","11,467",
"202601","85177950","光通信设备的激光收发模块","141","越南","10","一般贸易","37","山东省","23","千克","0","?","8,336",
"202601","85177950","光通信设备的激光收发模块","141","越南","10","一般贸易","42","湖北省","1017","千克","0","?","166,409",
"202601","85177950","光通信设备的激光收发模块","141","越南","10","一般贸易","43","湖南省","0","千克","0","?","226",
"202601","85177950","光通信设备的激光收发模块","141","越南","10","一般贸易","44","广东省","1052","千克","0","?","484,149",
"202601","85177950","光通信设备的激光收发模块","141","越南","10","一般贸易","45","广西壮族自治区","397","千克","0","?","5,149",
"202601","85177950","光通信设备的激光收发模块","141","越南","10","一般贸易","51","四川省","7","千克","0","?","300",
"202601","85177950","光通信设备的激光收发模块","141","越南","15","进料加工贸易","32","江苏省","18","千克","0","?","174,374",
"202601","85177950","光通信设备的激光收发模块","141","越南","15","进料加工贸易","44","广东省","0","千克","0","?","819",
"202601","85177950","光通信设备的激光收发模块","141","越南","15","进料加工贸易","51","四川省","177","千克","0","?","261,525",
"202601","85177950","光通信设备的激光收发模块","141","越南","33","保税监管场所进出境货物","44","广东省","42","千克","0","?","49,563",
"202601","85177950","光通信设备的激光收发模块","141","越南","34","海关特殊监管区域物流货物","32","江苏省","114","千克","0","?","44,366",
"202601","85177950","光通信设备的激光收发模块","141","越南","34","海关特殊监管区域物流货物","35","福建省","2","千克","0","?","1,966",
"202601","85177950","光通信设备的激光收发模块","141","越南","34","海关特殊监管区域物流货物","45","广西壮族自治区","439","千克","0","?","206,637",
"202601","85177950","光通信设备的激光收发模块","143","中国台湾","10","一般贸易","13","河北省","117","千克","0","?","16,541",
"202601","85177950","光通信设备的激光收发模块","143","中国台湾","10","一般贸易","31","上海市","127","千克","0","?","299,110",
"202601","85177950","光通信设备的激光收发模块","143","中国台湾","10","一般贸易","32","江苏省","138","千克","0","?","68,488",
"202601","85177950","光通信设备的激光收发模块","143","中国台湾","10","一般贸易","33","浙江省","4988","千克","0","?","12,388,394",
"202601","85177950","光通信设备的激光收发模块","143","中国台湾","10","一般贸易","34","安徽省","44","千克","0","?","17,128",
"202601","85177950","光通信设备的激光收发模块","143","中国台湾","10","一般贸易","35","福建省","17","千克","0","?","16,400",
"202601","85177950","光通信设备的激光收发模块","143","中国台湾","10","一般贸易","37","山东省","577","千克","0","?","180,511",
"202601","85177950","光通信设备的激光收发模块","143","中国台湾","10","一般贸易","42","湖北省","1461","千克","0","?","685,852",
"202601","85177950","光通信设备的激光收发模块","143","中国台湾","10","一般贸易","43","湖南省","5","千克","0","?","3,478",
"202601","85177950","光通信设备的激光收发模块","143","中国台湾","10","一般贸易","44","广东省","6233","千克","0","?","16,628,810",
"202601","85177950","光通信设备的激光收发模块","143","中国台湾","10","一般贸易","51","四川省","46","千克","0","?","113,938",
"202601","85177950","光通信设备的激光收发模块","143","中国台湾","15","进料加工贸易","32","江苏省","144","千克","0","?","72,579",
"202601","85177950","光通信设备的激光收发模块","143","中国台湾","15","进料加工贸易","33","浙江省","6405","千克","0","?","8,241,351",
"202601","85177950","光通信设备的激光收发模块","143","中国台湾","15","进料加工贸易","35","福建省","4","千克","0","?","6,154",
"202601","85177950","光通信设备的激光收发模块","143","中国台湾","15","进料加工贸易","44","广东省","2","千克","0","?","1,477",
"202601","85177950","光通信设备的激光收发模块","143","中国台湾","15","进料加工贸易","51","四川省","21431","千克","0","?","41,150,365",
"202601","85177950","光通信设备的激光收发模块","143","中国台湾","33","保税监管场所进出境货物","44","广东省","4","千克","0","?","1,930",
"202601","85177950","光通信设备的激光收发模块","143","中国台湾","34","海关特殊监管区域物流货物","32","江苏省","12","千克","0","?","8,112",
"202601","85177950","光通信设备的激光收发模块","145","哈萨克斯坦","10","一般贸易","31","上海市","101","千克","0","?","28,099",
"202601","85177950","光通信设备的激光收发模块","145","哈萨克斯坦","10","一般贸易","33","浙江省","27","千克","0","?","13,500",
"202601","85177950","光通信设备的激光收发模块","145","哈萨克斯坦","10","一般贸易","35","福建省","19","千克","0","?","17,273",
"202601","85177950","光通信设备的激光收发模块","145","哈萨克斯坦","10","一般贸易","44","广东省","309","千克","0","?","125,688",
"202601","85177950","光通信设备的激光收发模块","145","哈萨克斯坦","10","一般贸易","53","云南省","0","千克","0","?","731",
"202601","85177950","光通信设备的激光收发模块","145","哈萨克斯坦","34","海关特殊监管区域物流货物","13","河北省","82","千克","0","?","212,200",
"202601","85177950","光通信设备的激光收发模块","145","哈萨克斯坦","34","海关特殊监管区域物流货物","44","广东省","411","千克","0","?","546,881",
"202601","85177950","光通信设备的激光收发模块","145","哈萨克斯坦","34","海关特殊监管区域物流货物","65","新疆维吾尔自治区","92","千克","0","?","33,833",
"202601","85177950","光通信设备的激光收发模块","146","吉尔吉斯斯坦","10","一般贸易","32","江苏省","6","千克","0","?","17,306",
"202601","85177950","光通信设备的激光收发模块","146","吉尔吉斯斯坦","10","一般贸易","33","浙江省","17","千克","0","?","4,374",
"202601","85177950","光通信设备的激光收发模块","146","吉尔吉斯斯坦","10","一般贸易","42","湖北省","2","千克","0","?","1,135",
"202601","85177950","光通信设备的激光收发模块","146","吉尔吉斯斯坦","10","一般贸易","44","广东省","304","千克","0","?","141,363",
"202601","85177950","光通信设备的激光收发模块","147","塔吉克斯坦","10","一般贸易","31","上海市","2","千克","0","?","1,320",
"202601","85177950","光通信设备的激光收发模块","147","塔吉克斯坦","10","一般贸易","33","浙江省","5","千克","0","?","1,890",
"202601","85177950","光通信设备的激光收发模块","148","土库曼斯坦","10","一般贸易","32","江苏省","4","千克","0","?","893",
"202601","85177950","光通信设备的激光收发模块","148","土库曼斯坦","10","一般贸易","33","浙江省","5","千克","0","?","1,400",
"202601","85177950","光通信设备的激光收发模块","149","乌兹别克斯坦","10","一般贸易","31","上海市","6","千克","0","?","4,200",
"202601","85177950","光通信设备的激光收发模块","149","乌兹别克斯坦","10","一般贸易","33","浙江省","16","千克","0","?","26,996",
"202601","85177950","光通信设备的激光收发模块","149","乌兹别克斯坦","10","一般贸易","42","湖北省","62","千克","0","?","10,552",
"202601","85177950","光通信设备的激光收发模块","149","乌兹别克斯坦","10","一般贸易","44","广东省","106","千克","0","?","32,116",
"202601","85177950","光通信设备的激光收发模块","149","乌兹别克斯坦","10","一般贸易","46","海南省","85","千克","0","?","850",
"202601","85177950","光通信设备的激光收发模块","149","乌兹别克斯坦","22","对外承包工程出口货物","11","北京市","145","千克","0","?","943,395",
"202601","85177950","光通信设备的激光收发模块","150","格鲁吉亚","10","一般贸易","31","上海市","3","千克","0","?","2,961",
"202601","85177950","光通信设备的激光收发模块","150","格鲁吉亚","10","一般贸易","33","浙江省","2","千克","0","?","1,344",
"202601","85177950","光通信设备的激光收发模块","150","格鲁吉亚","10","一般贸易","42","湖北省","11","千克","0","?","8,197",
"202601","85177950","光通信设备的激光收发模块","150","格鲁吉亚","10","一般贸易","44","广东省","213","千克","0","?","45,805",
"202601","85177950","光通信设备的激光收发模块","151","亚美尼亚","10","一般贸易","31","上海市","40","千克","0","?","3,500",
"202601","85177950","光通信设备的激光收发模块","151","亚美尼亚","10","一般贸易","33","浙江省","3","千克","0","?","1,824",
"202601","85177950","光通信设备的激光收发模块","151","亚美尼亚","10","一般贸易","44","广东省","20","千克","0","?","21,431",
"202601","85177950","光通信设备的激光收发模块","151","亚美尼亚","33","保税监管场所进出境货物","43","湖南省","2","千克","0","?","2,100",
"202601","85177950","光通信设备的激光收发模块","152","阿塞拜疆","10","一般贸易","33","浙江省","0","千克","0","?","128",
"202601","85177950","光通信设备的激光收发模块","152","阿塞拜疆","10","一般贸易","36","江西省","0","千克","0","?","28",
"202601","85177950","光通信设备的激光收发模块","152","阿塞拜疆","10","一般贸易","44","广东省","2","千克","0","?","2,043",
"202601","85177950","光通信设备的激光收发模块","201","阿尔及利亚","10","一般贸易","44","广东省","876","千克","0","?","646,408",
"202601","85177950","光通信设备的激光收发模块","201","阿尔及利亚","39","其他","44","广东省","1","千克","0","?","4,316",
"202601","85177950","光通信设备的激光收发模块","202","安哥拉","10","一般贸易","33","浙江省","0","千克","0","?","64",
"202601","85177950","光通信设备的激光收发模块","202","安哥拉","10","一般贸易","36","江西省","2","千克","0","?","310",
"202601","85177950","光通信设备的激光收发模块","202","安哥拉","10","一般贸易","44","广东省","2","千克","0","?","1,801",
"202601","85177950","光通信设备的激光收发模块","203","贝宁","10","一般贸易","44","广东省","75","千克","0","?","97,066",
"202601","85177950","光通信设备的激光收发模块","204","博茨瓦纳","10","一般贸易","44","广东省","3","千克","0","?","1,307",
"202601","85177950","光通信设备的激光收发模块","206","喀麦隆","10","一般贸易","33","浙江省","0","千克","0","?","36",
"202601","85177950","光通信设备的激光收发模块","206","喀麦隆","10","一般贸易","44","广东省","0","千克","0","?","60",
"202601","85177950","光通信设备的激光收发模块","213","刚果共和国","10","一般贸易","33","浙江省","1","千克","0","?","208",
"202601","85177950","光通信设备的激光收发模块","213","刚果共和国","10","一般贸易","44","广东省","5","千克","0","?","1,393",
"202601","85177950","光通信设备的激光收发模块","214","吉布提","10","一般贸易","31","上海市","0","千克","0","?","50",
"202601","85177950","光通信设备的激光收发模块","214","吉布提","10","一般贸易","32","江苏省","5","千克","0","?","860",
"202601","85177950","光通信设备的激光收发模块","214","吉布提","10","一般贸易","44","广东省","37","千克","0","?","69,451",
"202601","85177950","光通信设备的激光收发模块","214","吉布提","10","一般贸易","46","海南省","42","千克","0","?","1,227",
"202601","85177950","光通信设备的激光收发模块","215","埃及","10","一般贸易","12","天津市","3","千克","0","?","6",
"202601","85177950","光通信设备的激光收发模块","215","埃及","10","一般贸易","33","浙江省","15","千克","0","?","16,910",
"202601","85177950","光通信设备的激光收发模块","215","埃及","10","一般贸易","35","福建省","1","千克","0","?","371",
"202601","85177950","光通信设备的激光收发模块","215","埃及","10","一般贸易","44","广东省","374","千克","0","?","126,612",
"202601","85177950","光通信设备的激光收发模块","215","埃及","15","进料加工贸易","44","广东省","0","千克","0","?","7,511",
"202601","85177950","光通信设备的激光收发模块","215","埃及","33","保税监管场所进出境货物","44","广东省","12","千克","0","?","24",
"202601","85177950","光通信设备的激光收发模块","216","赤道几内亚","10","一般贸易","44","广东省","6","千克","0","?","597",
"202601","85177950","光通信设备的激光收发模块","217","埃塞俄比亚","10","一般贸易","44","广东省","58","千克","0","?","7,332",
"202601","85177950","光通信设备的激光收发模块","217","埃塞俄比亚","22","对外承包工程出口货物","11","北京市","5","千克","0","?","14,186",
"202601","85177950","光通信设备的激光收发模块","217","埃塞俄比亚","34","海关特殊监管区域物流货物","32","江苏省","41","千克","0","?","8,315",
"202601","85177950","光通信设备的激光收发模块","218","加蓬","10","一般贸易","33","浙江省","2","千克","0","?","1,596",
"202601","85177950","光通信设备的激光收发模块","218","加蓬","10","一般贸易","44","广东省","2","千克","0","?","3,488",
"202601","85177950","光通信设备的激光收发模块","219","冈比亚","10","一般贸易","44","广东省","0","千克","0","?","66",
"202601","85177950","光通信设备的激光收发模块","220","加纳","10","一般贸易","44","广东省","107","千克","0","?","101,064",
"202601","85177950","光通信设备的激光收发模块","220","加纳","10","一般贸易","65","新疆维吾尔自治区","1","千克","0","?","17",
"202601","85177950","光通信设备的激光收发模块","221","几内亚","10","一般贸易","33","浙江省","1","千克","0","?","564",
"202601","85177950","光通信设备的激光收发模块","221","几内亚","10","一般贸易","37","山东省","2","千克","0","?","427",
"202601","85177950","光通信设备的激光收发模块","221","几内亚","10","一般贸易","44","广东省","79","千克","0","?","75,517",
"202601","85177950","光通信设备的激光收发模块","223","科特迪瓦","10","一般贸易","44","广东省","129","千克","0","?","107,720",
"202601","85177950","光通信设备的激光收发模块","224","肯尼亚","10","一般贸易","31","上海市","5","千克","0","?","3,987",
"202601","85177950","光通信设备的激光收发模块","224","肯尼亚","10","一般贸易","33","浙江省","0","千克","0","?","240",
"202601","85177950","光通信设备的激光收发模块","224","肯尼亚","10","一般贸易","35","福建省","1","千克","0","?","660",
"202601","85177950","光通信设备的激光收发模块","224","肯尼亚","10","一般贸易","42","湖北省","1","千克","0","?","405",
"202601","85177950","光通信设备的激光收发模块","224","肯尼亚","10","一般贸易","44","广东省","112","千克","0","?","38,309",
"202601","85177950","光通信设备的激光收发模块","224","肯尼亚","34","海关特殊监管区域物流货物","32","江苏省","19","千克","0","?","4,907",
"202601","85177950","光通信设备的激光收发模块","226","利比亚","10","一般贸易","33","浙江省","20","千克","0","?","8,217",
"202601","85177950","光通信设备的激光收发模块","226","利比亚","10","一般贸易","35","福建省","12","千克","0","?","7,002",
"202601","85177950","光通信设备的激光收发模块","226","利比亚","10","一般贸易","44","广东省","3","千克","0","?","215",
"202601","85177950","光通信设备的激光收发模块","228","马拉维","10","一般贸易","44","广东省","0","千克","0","?","14",
"202601","85177950","光通信设备的激光收发模块","229","马里","10","一般贸易","44","广东省","6","千克","0","?","3,676",
"202601","85177950","光通信设备的激光收发模块","230","毛里塔尼亚","10","一般贸易","44","广东省","52","千克","0","?","245,904",
"202601","85177950","光通信设备的激光收发模块","231","毛里求斯","10","一般贸易","44","广东省","1","千克","0","?","1,944",
"202601","85177950","光通信设备的激光收发模块","232","摩洛哥","10","一般贸易","33","浙江省","5","千克","0","?","3,829",
"202601","85177950","光通信设备的激光收发模块","232","摩洛哥","10","一般贸易","42","湖北省","7","千克","0","?","967",
"202601","85177950","光通信设备的激光收发模块","232","摩洛哥","10","一般贸易","44","广东省","115","千克","0","?","54,024",
"202601","85177950","光通信设备的激光收发模块","232","摩洛哥","10","一般贸易","46","海南省","6","千克","0","?","60",
"202601","85177950","光通信设备的激光收发模块","233","莫桑比克","10","一般贸易","33","浙江省","1","千克","0","?","780",
"202601","85177950","光通信设备的激光收发模块","233","莫桑比克","10","一般贸易","44","广东省","2","千克","0","?","535",
"202601","85177950","光通信设备的激光收发模块","235","尼日尔","10","一般贸易","44","广东省","2","千克","0","?","2,824",
"202601","85177950","光通信设备的激光收发模块","236","尼日利亚","10","一般贸易","32","江苏省","0","千克","0","?","2",
"202601","85177950","光通信设备的激光收发模块","236","尼日利亚","10","一般贸易","33","浙江省","1","千克","0","?","166",
"202601","85177950","光通信设备的激光收发模块","236","尼日利亚","10","一般贸易","44","广东省","350","千克","0","?","445,041",
"202601","85177950","光通信设备的激光收发模块","237","留尼汪","10","一般贸易","44","广东省","9","千克","0","?","30,556",
"202601","85177950","光通信设备的激光收发模块","240","塞内加尔","10","一般贸易","44","广东省","0","千克","0","?","750",
"202601","85177950","光通信设备的激光收发模块","241","塞舌尔","10","一般贸易","44","广东省","1","千克","0","?","3,036",
"202601","85177950","光通信设备的激光收发模块","242","塞拉利昂","10","一般贸易","44","广东省","5","千克","0","?","958",
"202601","85177950","光通信设备的激光收发模块","243","索马里","10","一般贸易","44","广东省","24","千克","0","?","13,292",
"202601","85177950","光通信设备的激光收发模块","244","南非","10","一般贸易","31","上海市","20","千克","0","?","8,160",
"202601","85177950","光通信设备的激光收发模块","244","南非","10","一般贸易","32","江苏省","0","千克","0","?","545",
"202601","85177950","光通信设备的激光收发模块","244","南非","10","一般贸易","33","浙江省","12","千克","0","?","13,535",
"202601","85177950","光通信设备的激光收发模块","244","南非","10","一般贸易","42","湖北省","7","千克","0","?","750",
"202601","85177950","光通信设备的激光收发模块","244","南非","10","一般贸易","44","广东省","468","千克","0","?","110,553",
"202601","85177950","光通信设备的激光收发模块","244","南非","10","一般贸易","52","贵州省","28","千克","0","?","6,818",
"202601","85177950","光通信设备的激光收发模块","244","南非","10","一般贸易","65","新疆维吾尔自治区","0","千克","0","?","15",
"202601","85177950","光通信设备的激光收发模块","244","南非","15","进料加工贸易","44","广东省","1","千克","0","?","15,345",
"202601","85177950","光通信设备的激光收发模块","244","南非","33","保税监管场所进出境货物","44","广东省","22","千克","0","?","5,693",
"202601","85177950","光通信设备的激光收发模块","244","南非","34","海关特殊监管区域物流货物","32","江苏省","0","千克","0","?","178",
"202601","85177950","光通信设备的激光收发模块","244","南非","34","海关特殊监管区域物流货物","35","福建省","2","千克","0","?","998",
"202601","85177950","光通信设备的激光收发模块","246","苏丹","10","一般贸易","44","广东省","4","千克","0","?","4,630",
"202601","85177950","光通信设备的激光收发模块","247","坦桑尼亚","10","一般贸易","33","浙江省","0","千克","0","?","237",
"202601","85177950","光通信设备的激光收发模块","247","坦桑尼亚","10","一般贸易","37","山东省","1","千克","0","?","41",
"202601","85177950","光通信设备的激光收发模块","247","坦桑尼亚","10","一般贸易","44","广东省","134","千克","0","?","85,429",
"202601","85177950","光通信设备的激光收发模块","249","突尼斯","10","一般贸易","32","江苏省","1","千克","0","?","1,283",
"202601","85177950","光通信设备的激光收发模块","249","突尼斯","10","一般贸易","35","福建省","5","千克","0","?","3,665",
"202601","85177950","光通信设备的激光收发模块","249","突尼斯","10","一般贸易","44","广东省","5","千克","0","?","7,454",
"202601","85177950","光通信设备的激光收发模块","250","乌干达","10","一般贸易","44","广东省","6","千克","0","?","4,465",
"202601","85177950","光通信设备的激光收发模块","251","布基纳法索","10","一般贸易","44","广东省","26","千克","0","?","3,328",
"202601","85177950","光通信设备的激光收发模块","252","刚果民主共和国","10","一般贸易","11","北京市","2","千克","0","?","1,606",
"202601","85177950","光通信设备的激光收发模块","252","刚果民主共和国","10","一般贸易","21","辽宁省","25","千克","0","?","788",
"202601","85177950","光通信设备的激光收发模块","252","刚果民主共和国","10","一般贸易","33","浙江省","4","千克","0","?","3,120",
"202601","85177950","光通信设备的激光收发模块","252","刚果民主共和国","10","一般贸易","44","广东省","305","千克","0","?","31,637",
"202601","85177950","光通信设备的激光收发模块","253","赞比亚","10","一般贸易","33","浙江省","11","千克","0","?","7,011",
"202601","85177950","光通信设备的激光收发模块","253","赞比亚","10","一般贸易","42","湖北省","8","千克","0","?","537",
"202601","85177950","光通信设备的激光收发模块","253","赞比亚","10","一般贸易","44","广东省","11","千克","0","?","8,682",
"202601","85177950","光通信设备的激光收发模块","254","津巴布韦","10","一般贸易","33","浙江省","8","千克","0","?","1,297",
"202601","85177950","光通信设备的激光收发模块","254","津巴布韦","10","一般贸易","44","广东省","12","千克","0","?","67,355",
"202601","85177950","光通信设备的激光收发模块","254","津巴布韦","10","一般贸易","61","陕西省","7","千克","0","?","462",
"202601","85177950","光通信设备的激光收发模块","255","莱索托","10","一般贸易","44","广东省","0","千克","0","?","367",
"202601","85177950","光通信设备的激光收发模块","301","比利时","10","一般贸易","31","上海市","28","千克","0","?","42,146",
"202601","85177950","光通信设备的激光收发模块","301","比利时","10","一般贸易","32","江苏省","2","千克","0","?","3,273",
"202601","85177950","光通信设备的激光收发模块","301","比利时","10","一般贸易","34","安徽省","369","千克","0","?","49,530",
"202601","85177950","光通信设备的激光收发模块","301","比利时","10","一般贸易","42","湖北省","36","千克","0","?","90,564",
"202601","85177950","光通信设备的激光收发模块","301","比利时","10","一般贸易","44","广东省","165","千克","0","?","128,322",
"202601","85177950","光通信设备的激光收发模块","301","比利时","10","一般贸易","45","广西壮族自治区","0","千克","0","?","23",
"202601","85177950","光通信设备的激光收发模块","301","比利时","10","一般贸易","51","四川省","34","千克","0","?","10,328",
"202601","85177950","光通信设备的激光收发模块","301","比利时","10","一般贸易","65","新疆维吾尔自治区","0","千克","0","?","3",
"202601","85177950","光通信设备的激光收发模块","301","比利时","15","进料加工贸易","32","江苏省","164","千克","0","?","87,388",
"202601","85177950","光通信设备的激光收发模块","301","比利时","15","进料加工贸易","51","四川省","3","千克","0","?","8,500",
"202601","85177950","光通信设备的激光收发模块","302","丹麦","10","一般贸易","21","辽宁省","1","千克","0","?","14,856",
"202601","85177950","光通信设备的激光收发模块","302","丹麦","10","一般贸易","31","上海市","16","千克","0","?","34,924",
"202601","85177950","光通信设备的激光收发模块","302","丹麦","10","一般贸易","34","安徽省","12","千克","0","?","1,993",
"202601","85177950","光通信设备的激光收发模块","302","丹麦","10","一般贸易","41","河南省","12","千克","0","?","26,760",
"202601","85177950","光通信设备的激光收发模块","302","丹麦","10","一般贸易","42","湖北省","72","千克","0","?","49,460",
"202601","85177950","光通信设备的激光收发模块","302","丹麦","10","一般贸易","44","广东省","200","千克","0","?","92,248",
"202601","85177950","光通信设备的激光收发模块","302","丹麦","10","一般贸易","45","广西壮族自治区","0","千克","0","?","5",
"202601","85177950","光通信设备的激光收发模块","302","丹麦","10","一般贸易","51","四川省","200","千克","0","?","187,708",
"202601","85177950","光通信设备的激光收发模块","302","丹麦","10","一般贸易","53","云南省","1","千克","0","?","14,856",
"202601","85177950","光通信设备的激光收发模块","303","英国","10","一般贸易","11","北京市","0","千克","0","?","1,560",
"202601","85177950","光通信设备的激光收发模块","303","英国","10","一般贸易","31","上海市","160","千克","0","?","278,927",
"202601","85177950","光通信设备的激光收发模块","303","英国","10","一般贸易","32","江苏省","2","千克","0","?","3,541",
"202601","85177950","光通信设备的激光收发模块","303","英国","10","一般贸易","33","浙江省","0","千克","0","?","246",
"202601","85177950","光通信设备的激光收发模块","303","英国","10","一般贸易","42","湖北省","306","千克","0","?","499,029",
"202601","85177950","光通信设备的激光收发模块","303","英国","10","一般贸易","44","广东省","1607","千克","0","?","1,300,404",
"202601","85177950","光通信设备的激光收发模块","303","英国","10","一般贸易","45","广西壮族自治区","1","千克","0","?","405",
"202601","85177950","光通信设备的激光收发模块","303","英国","10","一般贸易","50","重庆市","4","千克","0","?","5,034",
"202601","85177950","光通信设备的激光收发模块","303","英国","10","一般贸易","51","四川省","225","千克","0","?","767,345",
"202601","85177950","光通信设备的激光收发模块","303","英国","10","一般贸易","65","新疆维吾尔自治区","0","千克","0","?","9",
"202601","85177950","光通信设备的激光收发模块","303","英国","15","进料加工贸易","32","江苏省","31","千克","0","?","12,518",
"202601","85177950","光通信设备的激光收发模块","303","英国","15","进料加工贸易","51","四川省","16","千克","0","?","50,856",
"202601","85177950","光通信设备的激光收发模块","303","英国","34","海关特殊监管区域物流货物","32","江苏省","9","千克","0","?","16,190",
"202601","85177950","光通信设备的激光收发模块","303","英国","34","海关特殊监管区域物流货物","44","广东省","52","千克","0","?","30,089",
"202601","85177950","光通信设备的激光收发模块","304","德国","10","一般贸易","11","北京市","8","千克","0","?","9,865",
"202601","85177950","光通信设备的激光收发模块","304","德国","10","一般贸易","21","辽宁省","10","千克","0","?","2,889",
"202601","85177950","光通信设备的激光收发模块","304","德国","10","一般贸易","31","上海市","3","千克","0","?","56,320",
"202601","85177950","光通信设备的激光收发模块","304","德国","10","一般贸易","32","江苏省","28","千克","0","?","57,200",
"202601","85177950","光通信设备的激光收发模块","304","德国","10","一般贸易","33","浙江省","215","千克","0","?","475,820",
"202601","85177950","光通信设备的激光收发模块","304","德国","10","一般贸易","35","福建省","1","千克","0","?","2,823",
"202601","85177950","光通信设备的激光收发模块","304","德国","10","一般贸易","41","河南省","2","千克","0","?","946",
"202601","85177950","光通信设备的激光收发模块","304","德国","10","一般贸易","42","湖北省","1421","千克","0","?","1,109,715",
"202601","85177950","光通信设备的激光收发模块","304","德国","10","一般贸易","44","广东省","3601","千克","0","?","2,628,201",
"202601","85177950","光通信设备的激光收发模块","304","德国","10","一般贸易","50","重庆市","0","千克","0","?","540",
"202601","85177950","光通信设备的激光收发模块","304","德国","10","一般贸易","51","四川省","1627","千克","0","?","992,541",
"202601","85177950","光通信设备的激光收发模块","304","德国","10","一般贸易","52","贵州省","6","千克","0","?","1,380",
"202601","85177950","光通信设备的激光收发模块","304","德国","10","一般贸易","61","陕西省","0","千克","0","?","69",
"202601","85177950","光通信设备的激光收发模块","304","德国","10","一般贸易","65","新疆维吾尔自治区","32","千克","0","?","821",
"202601","85177950","光通信设备的激光收发模块","304","德国","15","进料加工贸易","32","江苏省","119","千克","0","?","838,365",
"202601","85177950","光通信设备的激光收发模块","304","德国","15","进料加工贸易","51","四川省","1","千克","0","?","7,060",
"202601","85177950","光通信设备的激光收发模块","304","德国","33","保税监管场所进出境货物","44","广东省","9","千克","0","?","1,105",
"202601","85177950","光通信设备的激光收发模块","304","德国","34","海关特殊监管区域物流货物","32","江苏省","23","千克","0","?","12,074",
"202601","85177950","光通信设备的激光收发模块","304","德国","34","海关特殊监管区域物流货物","42","湖北省","1282","千克","0","?","1,288,970",
"202601","85177950","光通信设备的激光收发模块","304","德国","34","海关特殊监管区域物流货物","44","广东省","156","千克","0","?","188,492",
"202601","85177950","光通信设备的激光收发模块","305","法国","10","一般贸易","31","上海市","0","千克","0","?","483",
"202601","85177950","光通信设备的激光收发模块","305","法国","10","一般贸易","32","江苏省","3","千克","0","?","8,655",
"202601","85177950","光通信设备的激光收发模块","305","法国","10","一般贸易","33","浙江省","1","千克","0","?","1,695",
"202601","85177950","光通信设备的激光收发模块","305","法国","10","一般贸易","34","安徽省","2","千克","0","?","300",
"202601","85177950","光通信设备的激光收发模块","305","法国","10","一般贸易","35","福建省","85","千克","0","?","8,180",
"202601","85177950","光通信设备的激光收发模块","305","法国","10","一般贸易","41","河南省","18","千克","0","?","4,743",
"202601","85177950","光通信设备的激光收发模块","305","法国","10","一般贸易","42","湖北省","347","千克","0","?","378,636",
"202601","85177950","光通信设备的激光收发模块","305","法国","10","一般贸易","44","广东省","162","千克","0","?","131,749",
"202601","85177950","光通信设备的激光收发模块","305","法国","10","一般贸易","45","广西壮族自治区","0","千克","0","?","56",
"202601","85177950","光通信设备的激光收发模块","305","法国","10","一般贸易","51","四川省","143","千克","0","?","60,994",
"202601","85177950","光通信设备的激光收发模块","305","法国","10","一般贸易","52","贵州省","1","千克","0","?","1,244",
"202601","85177950","光通信设备的激光收发模块","305","法国","15","进料加工贸易","32","江苏省","0","千克","0","?","3,855",
"202601","85177950","光通信设备的激光收发模块","305","法国","15","进料加工贸易","51","四川省","4","千克","0","?","27,570",
"202601","85177950","光通信设备的激光收发模块","306","爱尔兰","10","一般贸易","21","辽宁省","0","千克","0","?","6,556",
"202601","85177950","光通信设备的激光收发模块","306","爱尔兰","10","一般贸易","32","江苏省","1120","千克","0","?","728,000",
"202601","85177950","光通信设备的激光收发模块","306","爱尔兰","10","一般贸易","33","浙江省","2","千克","0","?","6,003",
"202601","85177950","光通信设备的激光收发模块","306","爱尔兰","10","一般贸易","37","山东省","33","千克","0","?","44,152",
"202601","85177950","光通信设备的激光收发模块","306","爱尔兰","10","一般贸易","42","湖北省","2","千克","0","?","8,985",
"202601","85177950","光通信设备的激光收发模块","306","爱尔兰","10","一般贸易","44","广东省","126","千克","0","?","228,357",
"202601","85177950","光通信设备的激光收发模块","306","爱尔兰","10","一般贸易","51","四川省","265","千克","0","?","1,201,400",
"202601","85177950","光通信设备的激光收发模块","306","爱尔兰","10","一般贸易","52","贵州省","2","千克","0","?","181",
"202601","85177950","光通信设备的激光收发模块","306","爱尔兰","15","进料加工贸易","32","江苏省","3302","千克","0","?","710,620",
"202601","85177950","光通信设备的激光收发模块","307","意大利","10","一般贸易","31","上海市","6","千克","0","?","31,763",
"202601","85177950","光通信设备的激光收发模块","307","意大利","10","一般贸易","32","江苏省","5","千克","0","?","15,559",
"202601","85177950","光通信设备的激光收发模块","307","意大利","10","一般贸易","33","浙江省","35","千克","0","?","13,837",
"202601","85177950","光通信设备的激光收发模块","307","意大利","10","一般贸易","35","福建省","7","千克","0","?","9,591",
"202601","85177950","光通信设备的激光收发模块","307","意大利","10","一般贸易","42","湖北省","11","千克","0","?","23,152",
"202601","85177950","光通信设备的激光收发模块","307","意大利","10","一般贸易","44","广东省","306","千克","0","?","156,438",
"202601","85177950","光通信设备的激光收发模块","307","意大利","10","一般贸易","65","新疆维吾尔自治区","0","千克","0","?","32",
"202601","85177950","光通信设备的激光收发模块","307","意大利","15","进料加工贸易","32","江苏省","3","千克","0","?","15,074",
"202601","85177950","光通信设备的激光收发模块","307","意大利","15","进料加工贸易","51","四川省","0","千克","0","?","576",
"202601","85177950","光通信设备的激光收发模块","308","卢森堡","10","一般贸易","44","广东省","10","千克","0","?","11,791",
"202601","85177950","光通信设备的激光收发模块","309","荷兰","10","一般贸易","11","北京市","35","千克","0","?","9,387",
"202601","85177950","光通信设备的激光收发模块","309","荷兰","10","一般贸易","31","上海市","182","千克","0","?","448,335",
"202601","85177950","光通信设备的激光收发模块","309","荷兰","10","一般贸易","32","江苏省","402","千克","0","?","1,189,200",
"202601","85177950","光通信设备的激光收发模块","309","荷兰","10","一般贸易","33","浙江省","141","千克","0","?","274,845",
"202601","85177950","光通信设备的激光收发模块","309","荷兰","10","一般贸易","36","江西省","0","千克","0","?","9",
"202601","85177950","光通信设备的激光收发模块","309","荷兰","10","一般贸易","42","湖北省","6310","千克","0","?","3,777,151",
"202601","85177950","光通信设备的激光收发模块","309","荷兰","10","一般贸易","44","广东省","3268","千克","0","?","1,454,902",
"202601","85177950","光通信设备的激光收发模块","309","荷兰","10","一般贸易","45","广西壮族自治区","1","千克","0","?","65",
"202601","85177950","光通信设备的激光收发模块","309","荷兰","10","一般贸易","51","四川省","772","千克","0","?","1,707,711",
"202601","85177950","光通信设备的激光收发模块","309","荷兰","10","一般贸易","61","陕西省","1","千克","0","?","1,110",
"202601","85177950","光通信设备的激光收发模块","309","荷兰","15","进料加工贸易","32","江苏省","1862","千克","0","?","1,024,875",
"202601","85177950","光通信设备的激光收发模块","309","荷兰","15","进料加工贸易","44","广东省","106","千克","0","?","403,711",
"202601","85177950","光通信设备的激光收发模块","309","荷兰","15","进料加工贸易","51","四川省","115","千克","0","?","218,138",
"202601","85177950","光通信设备的激光收发模块","309","荷兰","34","海关特殊监管区域物流货物","32","江苏省","227","千克","0","?","102,363",
"202601","85177950","光通信设备的激光收发模块","310","希腊","10","一般贸易","31","上海市","1","千克","0","?","261",
"202601","85177950","光通信设备的激光收发模块","310","希腊","10","一般贸易","32","江苏省","14","千克","0","?","6,300",
"202601","85177950","光通信设备的激光收发模块","310","希腊","10","一般贸易","44","广东省","90","千克","0","?","21,005",
"202601","85177950","光通信设备的激光收发模块","310","希腊","10","一般贸易","45","广西壮族自治区","0","千克","0","?","3",
"202601","85177950","光通信设备的激光收发模块","310","希腊","33","保税监管场所进出境货物","44","广东省","40","千克","0","?","2,250",
"202601","85177950","光通信设备的激光收发模块","311","葡萄牙","10","一般贸易","11","北京市","70","千克","0","?","82,684",
"202601","85177950","光通信设备的激光收发模块","311","葡萄牙","10","一般贸易","32","江苏省","6","千克","0","?","730",
"202601","85177950","光通信设备的激光收发模块","311","葡萄牙","10","一般贸易","33","浙江省","7","千克","0","?","4,045",
"202601","85177950","光通信设备的激光收发模块","311","葡萄牙","10","一般贸易","43","湖南省","0","千克","0","?","202",
"202601","85177950","光通信设备的激光收发模块","311","葡萄牙","10","一般贸易","44","广东省","1","千克","0","?","676",
"202601","85177950","光通信设备的激光收发模块","311","葡萄牙","10","一般贸易","51","四川省","1","千克","0","?","1,045",
"202601","85177950","光通信设备的激光收发模块","312","西班牙","10","一般贸易","31","上海市","6","千克","0","?","272",
"202601","85177950","光通信设备的激光收发模块","312","西班牙","10","一般贸易","32","江苏省","1","千克","0","?","47",
"202601","85177950","光通信设备的激光收发模块","312","西班牙","10","一般贸易","33","浙江省","28","千克","0","?","40,771",
"202601","85177950","光通信设备的激光收发模块","312","西班牙","10","一般贸易","35","福建省","2","千克","0","?","550",
"202601","85177950","光通信设备的激光收发模块","312","西班牙","10","一般贸易","44","广东省","143","千克","0","?","83,464",
"202601","85177950","光通信设备的激光收发模块","312","西班牙","10","一般贸易","50","重庆市","3","千克","0","?","35",
"202601","85177950","光通信设备的激光收发模块","312","西班牙","10","一般贸易","53","云南省","1","千克","0","?","1,270",
"202601","85177950","光通信设备的激光收发模块","312","西班牙","10","一般贸易","65","新疆维吾尔自治区","0","千克","0","?","18",
"202601","85177950","光通信设备的激光收发模块","312","西班牙","33","保税监管场所进出境货物","44","广东省","39","千克","0","?","28,671",
"202601","85177950","光通信设备的激光收发模块","312","西班牙","34","海关特殊监管区域物流货物","32","江苏省","3","千克","0","?","2,995",
"202601","85177950","光通信设备的激光收发模块","312","西班牙","34","海关特殊监管区域物流货物","35","福建省","25","千克","0","?","19,888",
"202601","85177950","光通信设备的激光收发模块","313","阿尔巴尼亚","10","一般贸易","44","广东省","29","千克","0","?","15,019",
"202601","85177950","光通信设备的激光收发模块","315","奥地利","10","一般贸易","31","上海市","8","千克","0","?","1,856",
"202601","85177950","光通信设备的激光收发模块","315","奥地利","10","一般贸易","33","浙江省","6","千克","0","?","12,150",
"202601","85177950","光通信设备的激光收发模块","315","奥地利","10","一般贸易","44","广东省","49","千克","0","?","59,365",
"202601","85177950","光通信设备的激光收发模块","315","奥地利","34","海关特殊监管区域物流货物","35","福建省","3","千克","0","?","2,602",
"202601","85177950","光通信设备的激光收发模块","316","保加利亚","10","一般贸易","31","上海市","10","千克","0","?","1,520",
"202601","85177950","光通信设备的激光收发模块","316","保加利亚","10","一般贸易","35","福建省","0","千克","0","?","313",
"202601","85177950","光通信设备的激光收发模块","316","保加利亚","10","一般贸易","44","广东省","22","千克","0","?","23,957",
"202601","85177950","光通信设备的激光收发模块","316","保加利亚","10","一般贸易","51","四川省","83","千克","0","?","14,275",
"202601","85177950","光通信设备的激光收发模块","318","芬兰","10","一般贸易","31","上海市","62","千克","0","?","60,358",
"202601","85177950","光通信设备的激光收发模块","318","芬兰","10","一般贸易","32","江苏省","0","千克","0","?","2",
"202601","85177950","光通信设备的激光收发模块","318","芬兰","10","一般贸易","42","湖北省","107","千克","0","?","41,812",
"202601","85177950","光通信设备的激光收发模块","318","芬兰","10","一般贸易","44","广东省","70","千克","0","?","83,574",
"202601","85177950","光通信设备的激光收发模块","318","芬兰","10","一般贸易","65","新疆维吾尔自治区","11","千克","0","?","1,509",
"202601","85177950","光通信设备的激光收发模块","318","芬兰","15","进料加工贸易","33","浙江省","9","千克","0","?","7,853",
"202601","85177950","光通信设备的激光收发模块","318","芬兰","34","海关特殊监管区域物流货物","32","江苏省","3","千克","0","?","1,408",
"202601","85177950","光通信设备的激光收发模块","321","匈牙利","10","一般贸易","32","江苏省","3","千克","0","?","704",
"202601","85177950","光通信设备的激光收发模块","321","匈牙利","10","一般贸易","33","浙江省","2","千克","0","?","1,144",
"202601","85177950","光通信设备的激光收发模块","321","匈牙利","10","一般贸易","41","河南省","3","千克","0","?","180",
"202601","85177950","光通信设备的激光收发模块","321","匈牙利","10","一般贸易","44","广东省","2175","千克","0","?","2,713,417",
"202601","85177950","光通信设备的激光收发模块","321","匈牙利","10","一般贸易","45","广西壮族自治区","1","千克","0","?","358",
"202601","85177950","光通信设备的激光收发模块","321","匈牙利","10","一般贸易","51","四川省","2","千克","0","?","940",
"202601","85177950","光通信设备的激光收发模块","321","匈牙利","33","保税监管场所进出境货物","44","广东省","15","千克","0","?","113,950",
"202601","85177950","光通信设备的激光收发模块","322","冰岛","10","一般贸易","44","广东省","11","千克","0","?","3,241",
"202601","85177950","光通信设备的激光收发模块","323","列支敦士登","10","一般贸易","44","广东省","2","千克","0","?","1,910",
"202601","85177950","光通信设备的激光收发模块","326","挪威","10","一般贸易","31","上海市","8","千克","0","?","48,571",
"202601","85177950","光通信设备的激光收发模块","326","挪威","10","一般贸易","32","江苏省","45","千克","0","?","50,560",
"202601","85177950","光通信设备的激光收发模块","326","挪威","10","一般贸易","33","浙江省","125","千克","0","?","171,529",
"202601","85177950","光通信设备的激光收发模块","326","挪威","10","一般贸易","42","湖北省","212","千克","0","?","352,367",
"202601","85177950","光通信设备的激光收发模块","326","挪威","10","一般贸易","44","广东省","274","千克","0","?","167,940",
"202601","85177950","光通信设备的激光收发模块","326","挪威","10","一般贸易","51","四川省","44","千克","0","?","154,741",
"202601","85177950","光通信设备的激光收发模块","327","波兰","10","一般贸易","31","上海市","73","千克","0","?","153,714",
"202601","85177950","光通信设备的激光收发模块","327","波兰","10","一般贸易","32","江苏省","20","千克","0","?","6,858",
"202601","85177950","光通信设备的激光收发模块","327","波兰","10","一般贸易","33","浙江省","97","千克","0","?","119,946",
"202601","85177950","光通信设备的激光收发模块","327","波兰","10","一般贸易","42","湖北省","123","千克","0","?","166,575",
"202601","85177950","光通信设备的激光收发模块","327","波兰","10","一般贸易","43","湖南省","2","千克","0","?","3,200",
"202601","85177950","光通信设备的激光收发模块","327","波兰","10","一般贸易","44","广东省","585","千克","0","?","212,032",
"202601","85177950","光通信设备的激光收发模块","327","波兰","10","一般贸易","51","四川省","96","千克","0","?","102,369",
"202601","85177950","光通信设备的激光收发模块","327","波兰","10","一般贸易","65","新疆维吾尔自治区","19","千克","0","?","873",
"202601","85177950","光通信设备的激光收发模块","327","波兰","15","进料加工贸易","32","江苏省","6","千克","0","?","75,276",
"202601","85177950","光通信设备的激光收发模块","327","波兰","33","保税监管场所进出境货物","44","广东省","24","千克","0","?","3,690",
"202601","85177950","光通信设备的激光收发模块","327","波兰","34","海关特殊监管区域物流货物","32","江苏省","4","千克","0","?","3,906",
"202601","85177950","光通信设备的激光收发模块","327","波兰","39","其他","44","广东省","72","千克","0","?","1,451",
"202601","85177950","光通信设备的激光收发模块","328","罗马尼亚","10","一般贸易","21","辽宁省","2","千克","0","?","761",
"202601","85177950","光通信设备的激光收发模块","328","罗马尼亚","10","一般贸易","33","浙江省","127","千克","0","?","41,003",
"202601","85177950","光通信设备的激光收发模块","328","罗马尼亚","10","一般贸易","41","河南省","286","千克","0","?","363,738",
"202601","85177950","光通信设备的激光收发模块","328","罗马尼亚","10","一般贸易","42","湖北省","10","千克","0","?","1,107",
"202601","85177950","光通信设备的激光收发模块","328","罗马尼亚","10","一般贸易","44","广东省","162","千克","0","?","39,813",
"202601","85177950","光通信设备的激光收发模块","328","罗马尼亚","10","一般贸易","51","四川省","6","千克","0","?","14,538",
"202601","85177950","光通信设备的激光收发模块","328","罗马尼亚","15","进料加工贸易","32","江苏省","4","千克","0","?","14,156",
"202601","85177950","光通信设备的激光收发模块","328","罗马尼亚","34","海关特殊监管区域物流货物","32","江苏省","1","千克","0","?","8,908",
"202601","85177950","光通信设备的激光收发模块","330","瑞典","10","一般贸易","31","上海市","0","千克","0","?","22",
"202601","85177950","光通信设备的激光收发模块","330","瑞典","10","一般贸易","32","江苏省","0","千克","0","?","637",
"202601","85177950","光通信设备的激光收发模块","330","瑞典","10","一般贸易","33","浙江省","13","千克","0","?","1,023",
"202601","85177950","光通信设备的激光收发模块","330","瑞典","10","一般贸易","42","湖北省","2111","千克","0","?","767,273",
"202601","85177950","光通信设备的激光收发模块","330","瑞典","10","一般贸易","44","广东省","508","千克","0","?","149,706",
"202601","85177950","光通信设备的激光收发模块","330","瑞典","10","一般贸易","51","四川省","869","千克","0","?","298,333",
"202601","85177950","光通信设备的激光收发模块","330","瑞典","15","进料加工贸易","32","江苏省","0","千克","0","?","252",
"202601","85177950","光通信设备的激光收发模块","330","瑞典","15","进料加工贸易","51","四川省","305","千克","0","?","110,397",
"202601","85177950","光通信设备的激光收发模块","331","瑞士","10","一般贸易","21","辽宁省","75","千克","0","?","159,807",
"202601","85177950","光通信设备的激光收发模块","331","瑞士","10","一般贸易","32","江苏省","0","千克","0","?","33",
"202601","85177950","光通信设备的激光收发模块","331","瑞士","10","一般贸易","33","浙江省","0","千克","0","?","33",
"202601","85177950","光通信设备的激光收发模块","331","瑞士","10","一般贸易","42","湖北省","275","千克","0","?","211,896",
"202601","85177950","光通信设备的激光收发模块","331","瑞士","10","一般贸易","44","广东省","170","千克","0","?","138,647",
"202601","85177950","光通信设备的激光收发模块","331","瑞士","10","一般贸易","65","新疆维吾尔自治区","0","千克","0","?","7",
"202601","85177950","光通信设备的激光收发模块","334","爱沙尼亚","10","一般贸易","32","江苏省","1","千克","0","?","246",
"202601","85177950","光通信设备的激光收发模块","334","爱沙尼亚","10","一般贸易","42","湖北省","3","千克","0","?","3,929",
"202601","85177950","光通信设备的激光收发模块","334","爱沙尼亚","10","一般贸易","44","广东省","0","千克","0","?","555",
"202601","85177950","光通信设备的激光收发模块","335","拉脱维亚","10","一般贸易","44","广东省","687","千克","0","?","304,117",
"202601","85177950","光通信设备的激光收发模块","335","拉脱维亚","10","一般贸易","51","四川省","14","千克","0","?","7,900",
"202601","85177950","光通信设备的激光收发模块","336","立陶宛","10","一般贸易","44","广东省","79","千克","0","?","37,950",
"202601","85177950","光通信设备的激光收发模块","336","立陶宛","10","一般贸易","65","新疆维吾尔自治区","0","千克","0","?","303",
"202601","85177950","光通信设备的激光收发模块","340","白俄罗斯","10","一般贸易","31","上海市","8","千克","0","?","6,654",
"202601","85177950","光通信设备的激光收发模块","340","白俄罗斯","10","一般贸易","44","广东省","2","千克","0","?","3,407",
"202601","85177950","光通信设备的激光收发模块","340","白俄罗斯","10","一般贸易","51","四川省","210","千克","0","?","6,400",
"202601","85177950","光通信设备的激光收发模块","340","白俄罗斯","34","海关特殊监管区域物流货物","11","北京市","6","千克","0","?","700",
"202601","85177950","光通信设备的激光收发模块","340","白俄罗斯","34","海关特殊监管区域物流货物","44","广东省","13","千克","0","?","1,500",
"202601","85177950","光通信设备的激光收发模块","343","摩尔多瓦","10","一般贸易","44","广东省","85","千克","0","?","25,338",
"202601","85177950","光通信设备的激光收发模块","344","俄罗斯","10","一般贸易","11","北京市","24","千克","0","?","28,104",
"202601","85177950","光通信设备的激光收发模块","344","俄罗斯","10","一般贸易","21","辽宁省","2","千克","0","?","1,219",
"202601","85177950","光通信设备的激光收发模块","344","俄罗斯","10","一般贸易","23","黑龙江省","8","千克","0","?","202",
"202601","85177950","光通信设备的激光收发模块","344","俄罗斯","10","一般贸易","31","上海市","1669","千克","0","?","739,801",
"202601","85177950","光通信设备的激光收发模块","344","俄罗斯","10","一般贸易","32","江苏省","382","千克","0","?","422,823",
"202601","85177950","光通信设备的激光收发模块","344","俄罗斯","10","一般贸易","33","浙江省","57","千克","0","?","38,967",
"202601","85177950","光通信设备的激光收发模块","344","俄罗斯","10","一般贸易","34","安徽省","2471","千克","0","?","580,675",
"202601","85177950","光通信设备的激光收发模块","344","俄罗斯","10","一般贸易","42","湖北省","723","千克","0","?","474,223",
"202601","85177950","光通信设备的激光收发模块","344","俄罗斯","10","一般贸易","44","广东省","1529","千克","0","?","1,394,834",
"202601","85177950","光通信设备的激光收发模块","344","俄罗斯","10","一般贸易","45","广西壮族自治区","1","千克","0","?","34",
"202601","85177950","光通信设备的激光收发模块","344","俄罗斯","10","一般贸易","46","海南省","8","千克","0","?","770",
"202601","85177950","光通信设备的激光收发模块","344","俄罗斯","10","一般贸易","51","四川省","47","千克","0","?","834",
"202601","85177950","光通信设备的激光收发模块","344","俄罗斯","10","一般贸易","53","云南省","29","千克","0","?","205",
"202601","85177950","光通信设备的激光收发模块","344","俄罗斯","33","保税监管场所进出境货物","44","广东省","49","千克","0","?","10,186",
"202601","85177950","光通信设备的激光收发模块","344","俄罗斯","34","海关特殊监管区域物流货物","31","上海市","0","千克","0","?","560",
"202601","85177950","光通信设备的激光收发模块","344","俄罗斯","34","海关特殊监管区域物流货物","41","河南省","19","千克","0","?","10,966",
"202601","85177950","光通信设备的激光收发模块","344","俄罗斯","34","海关特殊监管区域物流货物","42","湖北省","251","千克","0","?","654,444",
"202601","85177950","光通信设备的激光收发模块","344","俄罗斯","34","海关特殊监管区域物流货物","43","湖南省","11","千克","0","?","3,597",
"202601","85177950","光通信设备的激光收发模块","347","乌克兰","10","一般贸易","31","上海市","24","千克","0","?","17,291",
"202601","85177950","光通信设备的激光收发模块","347","乌克兰","10","一般贸易","35","福建省","3","千克","0","?","15,000",
"202601","85177950","光通信设备的激光收发模块","347","乌克兰","10","一般贸易","42","湖北省","284","千克","0","?","52,000",
"202601","85177950","光通信设备的激光收发模块","347","乌克兰","10","一般贸易","44","广东省","212","千克","0","?","373,163",
"202601","85177950","光通信设备的激光收发模块","350","斯洛文尼亚","10","一般贸易","31","上海市","39","千克","0","?","79,214",
"202601","85177950","光通信设备的激光收发模块","350","斯洛文尼亚","10","一般贸易","42","湖北省","1","千克","0","?","380",
"202601","85177950","光通信设备的激光收发模块","350","斯洛文尼亚","10","一般贸易","44","广东省","26","千克","0","?","8,818",
"202601","85177950","光通信设备的激光收发模块","350","斯洛文尼亚","33","保税监管场所进出境货物","44","广东省","30","千克","0","?","590",
"202601","85177950","光通信设备的激光收发模块","351","克罗地亚","10","一般贸易","33","浙江省","2","千克","0","?","972",
"202601","85177950","光通信设备的激光收发模块","351","克罗地亚","10","一般贸易","44","广东省","70","千克","0","?","56,324",
"202601","85177950","光通信设备的激光收发模块","351","克罗地亚","33","保税监管场所进出境货物","44","广东省","5","千克","0","?","866",
"202601","85177950","光通信设备的激光收发模块","352","捷克","10","一般贸易","31","上海市","4","千克","0","?","1,715",
"202601","85177950","光通信设备的激光收发模块","352","捷克","10","一般贸易","35","福建省","10","千克","0","?","801",
"202601","85177950","光通信设备的激光收发模块","352","捷克","10","一般贸易","42","湖北省","12","千克","0","?","7,787",
"202601","85177950","光通信设备的激光收发模块","352","捷克","10","一般贸易","44","广东省","1726","千克","0","?","413,653",
"202601","85177950","光通信设备的激光收发模块","352","捷克","10","一般贸易","51","四川省","76","千克","0","?","8,734",
"202601","85177950","光通信设备的激光收发模块","352","捷克","10","一般贸易","53","云南省","6","千克","0","?","200",
"202601","85177950","光通信设备的激光收发模块","352","捷克","10","一般贸易","65","新疆维吾尔自治区","0","千克","0","?","1",
"202601","85177950","光通信设备的激光收发模块","352","捷克","15","进料加工贸易","32","江苏省","46","千克","0","?","30,095",
"202601","85177950","光通信设备的激光收发模块","353","斯洛伐克","10","一般贸易","51","四川省","129","千克","0","?","417,719",
"202601","85177950","光通信设备的激光收发模块","355","波斯尼亚和黑塞哥维那","10","一般贸易","44","广东省","7","千克","0","?","2,617",
"202601","85177950","光通信设备的激光收发模块","358","塞尔维亚","10","一般贸易","33","浙江省","1","千克","0","?","586",
"202601","85177950","光通信设备的激光收发模块","358","塞尔维亚","10","一般贸易","37","山东省","5","千克","0","?","636",
"202601","85177950","光通信设备的激光收发模块","358","塞尔维亚","10","一般贸易","42","湖北省","2","千克","0","?","4,809",
"202601","85177950","光通信设备的激光收发模块","358","塞尔维亚","10","一般贸易","44","广东省","4","千克","0","?","5,168",
"202601","85177950","光通信设备的激光收发模块","358","塞尔维亚","10","一般贸易","65","新疆维吾尔自治区","2","千克","0","?","30",
"202601","85177950","光通信设备的激光收发模块","402","阿根廷","10","一般贸易","33","浙江省","2","千克","0","?","1,332",
"202601","85177950","光通信设备的激光收发模块","402","阿根廷","10","一般贸易","44","广东省","65","千克","0","?","82,758",
"202601","85177950","光通信设备的激光收发模块","402","阿根廷","10","一般贸易","50","重庆市","1","千克","0","?","226",
"202601","85177950","光通信设备的激光收发模块","402","阿根廷","33","保税监管场所进出境货物","44","广东省","3","千克","0","?","630",
"202601","85177950","光通信设备的激光收发模块","402","阿根廷","34","海关特殊监管区域物流货物","32","江苏省","0","千克","0","?","1,077",
"202601","85177950","光通信设备的激光收发模块","403","阿鲁巴","10","一般贸易","36","江西省","1","千克","0","?","82",
"202601","85177950","光通信设备的激光收发模块","403","阿鲁巴","34","海关特殊监管区域物流货物","32","江苏省","0","千克","0","?","58",
"202601","85177950","光通信设备的激光收发模块","408","玻利维亚
","10","一般贸易","44","广东省","0","千克","0","?","249",
"202601","85177950","光通信设备的激光收发模块","408","玻利维亚
","10","一般贸易","51","四川省","7","千克","0","?","3,928",
"202601","85177950","光通信设备的激光收发模块","410","巴西","10","一般贸易","11","北京市","18","千克","0","?","7,600",
"202601","85177950","光通信设备的激光收发模块","410","巴西","10","一般贸易","31","上海市","34","千克","0","?","59,663",
"202601","85177950","光通信设备的激光收发模块","410","巴西","10","一般贸易","32","江苏省","30","千克","0","?","232,798",
"202601","85177950","光通信设备的激光收发模块","410","巴西","10","一般贸易","33","浙江省","59","千克","0","?","38,531",
"202601","85177950","光通信设备的激光收发模块","410","巴西","10","一般贸易","34","安徽省","1","千克","0","?","300",
"202601","85177950","光通信设备的激光收发模块","410","巴西","10","一般贸易","35","福建省","0","千克","0","?","2,668",
"202601","85177950","光通信设备的激光收发模块","410","巴西","10","一般贸易","42","湖北省","263","千克","0","?","353,077",
"202601","85177950","光通信设备的激光收发模块","410","巴西","10","一般贸易","44","广东省","4565","千克","0","?","2,341,967",
"202601","85177950","光通信设备的激光收发模块","410","巴西","10","一般贸易","51","四川省","79","千克","0","?","30,769",
"202601","85177950","光通信设备的激光收发模块","410","巴西","10","一般贸易","52","贵州省","81","千克","0","?","30,665",
"202601","85177950","光通信设备的激光收发模块","410","巴西","15","进料加工贸易","44","广东省","0","千克","0","?","1,337",
"202601","85177950","光通信设备的激光收发模块","410","巴西","15","进料加工贸易","51","四川省","30","千克","0","?","76,300",
"202601","85177950","光通信设备的激光收发模块","410","巴西","33","保税监管场所进出境货物","44","广东省","172","千克","0","?","20,434",
"202601","85177950","光通信设备的激光收发模块","410","巴西","34","海关特殊监管区域物流货物","32","江苏省","723","千克","0","?","131,175",
"202601","85177950","光通信设备的激光收发模块","412","智利","10","一般贸易","32","江苏省","2","千克","0","?","283",
"202601","85177950","光通信设备的激光收发模块","412","智利","10","一般贸易","33","浙江省","3","千克","0","?","1,621",
"202601","85177950","光通信设备的激光收发模块","412","智利","10","一般贸易","42","湖北省","4","千克","0","?","11,367",
"202601","85177950","光通信设备的激光收发模块","412","智利","10","一般贸易","44","广东省","87","千克","0","?","125,322",
"202601","85177950","光通信设备的激光收发模块","412","智利","10","一般贸易","52","贵州省","6","千克","0","?","1,097",
"202601","85177950","光通信设备的激光收发模块","412","智利","33","保税监管场所进出境货物","44","广东省","3","千克","0","?","8,132",
"202601","85177950","光通信设备的激光收发模块","412","智利","34","海关特殊监管区域物流货物","32","江苏省","0","千克","0","?","600",
"202601","85177950","光通信设备的激光收发模块","413","哥伦比亚","10","一般贸易","33","浙江省","13","千克","0","?","36,780",
"202601","85177950","光通信设备的激光收发模块","413","哥伦比亚","10","一般贸易","41","河南省","175","千克","0","?","6,138",
"202601","85177950","光通信设备的激光收发模块","413","哥伦比亚","10","一般贸易","44","广东省","225","千克","0","?","103,548",
"202601","85177950","光通信设备的激光收发模块","413","哥伦比亚","10","一般贸易","65","新疆维吾尔自治区","1","千克","0","?","15",
"202601","85177950","光通信设备的激光收发模块","413","哥伦比亚","33","保税监管场所进出境货物","44","广东省","0","千克","0","?","44",
"202601","85177950","光通信设备的激光收发模块","413","哥伦比亚","34","海关特殊监管区域物流货物","32","江苏省","244","千克","0","?","45,503",
"202601","85177950","光通信设备的激光收发模块","413","哥伦比亚","34","海关特殊监管区域物流货物","35","福建省","9","千克","0","?","15,818",
"202601","85177950","光通信设备的激光收发模块","415","哥斯达黎加","10","一般贸易","44","广东省","2","千克","0","?","4,832",
"202601","85177950","光通信设备的激光收发模块","416","古巴","10","一般贸易","44","广东省","39","千克","0","?","30,858",
"202601","85177950","光通信设备的激光收发模块","417","库拉索
","10","一般贸易","44","广东省","2","千克","0","?","2,453",
"202601","85177950","光通信设备的激光收发模块","418","多米尼加
","10","一般贸易","33","浙江省","3","千克","0","?","251",
"202601","85177950","光通信设备的激光收发模块","418","多米尼加
","10","一般贸易","44","广东省","12","千克","0","?","6,072",
"202601","85177950","光通信设备的激光收发模块","419","厄瓜多尔","10","一般贸易","44","广东省","37","千克","0","?","20,357",
"202601","85177950","光通信设备的激光收发模块","419","厄瓜多尔","33","保税监管场所进出境货物","44","广东省","1","千克","0","?","1,612",
"202601","85177950","光通信设备的激光收发模块","423","危地马拉","10","一般贸易","35","福建省","0","千克","0","?","601",
"202601","85177950","光通信设备的激光收发模块","423","危地马拉","10","一般贸易","44","广东省","3","千克","0","?","902",
"202601","85177950","光通信设备的激光收发模块","423","危地马拉","33","保税监管场所进出境货物","44","广东省","4","千克","0","?","1,523",
"202601","85177950","光通信设备的激光收发模块","424","圭亚那","10","一般贸易","37","山东省","2","千克","0","?","520",
"202601","85177950","光通信设备的激光收发模块","425","海地","10","一般贸易","44","广东省","9","千克","0","?","1,895",
"202601","85177950","光通信设备的激光收发模块","426","洪都拉斯","10","一般贸易","31","上海市","9","千克","0","?","1,700",
"202601","85177950","光通信设备的激光收发模块","426","洪都拉斯","10","一般贸易","44","广东省","3","千克","0","?","4,583",
"202601","85177950","光通信设备的激光收发模块","427","牙买加","10","一般贸易","35","福建省","4","千克","0","?","5,000",
"202601","85177950","光通信设备的激光收发模块","429","墨西哥","10","一般贸易","31","上海市","148","千克","0","?","121,445",
"202601","85177950","光通信设备的激光收发模块","429","墨西哥","10","一般贸易","32","江苏省","90","千克","0","?","292,308",
"202601","85177950","光通信设备的激光收发模块","429","墨西哥","10","一般贸易","33","浙江省","28","千克","0","?","9,539",
"202601","85177950","光通信设备的激光收发模块","429","墨西哥","10","一般贸易","41","河南省","2","千克","0","?","1,754",
"202601","85177950","光通信设备的激光收发模块","429","墨西哥","10","一般贸易","42","湖北省","766","千克","0","?","986,645",
"202601","85177950","光通信设备的激光收发模块","429","墨西哥","10","一般贸易","44","广东省","4236","千克","0","?","12,064,592",
"202601","85177950","光通信设备的激光收发模块","429","墨西哥","10","一般贸易","50","重庆市","9","千克","0","?","25,560",
"202601","85177950","光通信设备的激光收发模块","429","墨西哥","10","一般贸易","51","四川省","403","千克","0","?","555,786",
"202601","85177950","光通信设备的激光收发模块","429","墨西哥","10","一般贸易","65","新疆维吾尔自治区","1","千克","0","?","40",
"202601","85177950","光通信设备的激光收发模块","429","墨西哥","15","进料加工贸易","32","江苏省","198","千克","0","?","110,619",
"202601","85177950","光通信设备的激光收发模块","429","墨西哥","15","进料加工贸易","44","广东省","0","千克","0","?","281",
"202601","85177950","光通信设备的激光收发模块","429","墨西哥","15","进料加工贸易","51","四川省","643","千克","0","?","1,475,220",
"202601","85177950","光通信设备的激光收发模块","429","墨西哥","33","保税监管场所进出境货物","44","广东省","3","千克","0","?","2,692",
"202601","85177950","光通信设备的激光收发模块","429","墨西哥","34","海关特殊监管区域物流货物","32","江苏省","0","千克","0","?","1,168",
"202601","85177950","光通信设备的激光收发模块","431","尼加拉瓜","10","一般贸易","33","浙江省","0","千克","0","?","88",
"202601","85177950","光通信设备的激光收发模块","431","尼加拉瓜","10","一般贸易","43","湖南省","18","千克","0","?","1,888",
"202601","85177950","光通信设备的激光收发模块","431","尼加拉瓜","22","对外承包工程出口货物","11","北京市","26","千克","0","?","72,400",
"202601","85177950","光通信设备的激光收发模块","431","尼加拉瓜","33","保税监管场所进出境货物","44","广东省","0","千克","0","?","2,067",
"202601","85177950","光通信设备的激光收发模块","432","巴拿马","10","一般贸易","44","广东省","380","千克","0","?","181,179",
"202601","85177950","光通信设备的激光收发模块","433","巴拉圭","10","一般贸易","44","广东省","28","千克","0","?","24,381",
"202601","85177950","光通信设备的激光收发模块","433","巴拉圭","34","海关特殊监管区域物流货物","32","江苏省","0","千克","0","?","28",
"202601","85177950","光通信设备的激光收发模块","434","秘鲁","10","一般贸易","33","浙江省","4","千克","0","?","5,453",
"202601","85177950","光通信设备的激光收发模块","434","秘鲁","10","一般贸易","42","湖北省","1","千克","0","?","1,385",
"202601","85177950","光通信设备的激光收发模块","434","秘鲁","10","一般贸易","44","广东省","491","千克","0","?","48,324",
"202601","85177950","光通信设备的激光收发模块","434","秘鲁","34","海关特殊监管区域物流货物","32","江苏省","0","千克","0","?","341",
"202601","85177950","光通信设备的激光收发模块","435","波多黎各","10","一般贸易","44","广东省","29","千克","0","?","1,566",
"202601","85177950","光通信设备的激光收发模块","440","萨尔瓦多","10","一般贸易","44","广东省","127","千克","0","?","36,657",
"202601","85177950","光通信设备的激光收发模块","442","特立尼达和多巴哥","10","一般贸易","44","广东省","3","千克","0","?","639",
"202601","85177950","光通信设备的激光收发模块","444","乌拉圭","10","一般贸易","11","北京市","368","千克","0","?","10,400",
"202601","85177950","光通信设备的激光收发模块","444","乌拉圭","10","一般贸易","33","浙江省","1","千克","0","?","2,845",
"202601","85177950","光通信设备的激光收发模块","444","乌拉圭","10","一般贸易","44","广东省","7","千克","0","?","4,094",
"202601","85177950","光通信设备的激光收发模块","444","乌拉圭","33","保税监管场所进出境货物","44","广东省","7","千克","0","?","2,196",
"202601","85177950","光通信设备的激光收发模块","445","委内瑞拉","10","一般贸易","33","浙江省","0","千克","0","?","907",
"202601","85177950","光通信设备的激光收发模块","445","委内瑞拉","10","一般贸易","42","湖北省","6","千克","0","?","1,306",
"202601","85177950","光通信设备的激光收发模块","445","委内瑞拉","10","一般贸易","44","广东省","16","千克","0","?","12,275",
"202601","85177950","光通信设备的激光收发模块","446","英属维尔京群岛","10","一般贸易","44","广东省","0","千克","0","?","243",
"202601","85177950","光通信设备的激光收发模块","449","博纳尔，圣俄斯塔休斯和萨巴
","10","一般贸易","44","广东省","0","千克","0","?","788",
"202601","85177950","光通信设备的激光收发模块","501","加拿大","10","一般贸易","31","上海市","9","千克","0","?","63,669",
"202601","85177950","光通信设备的激光收发模块","501","加拿大","10","一般贸易","32","江苏省","0","千克","0","?","1,300",
"202601","85177950","光通信设备的激光收发模块","501","加拿大","10","一般贸易","33","浙江省","9","千克","0","?","8,203",
"202601","85177950","光通信设备的激光收发模块","501","加拿大","10","一般贸易","42","湖北省","210","千克","0","?","233,665",
"202601","85177950","光通信设备的激光收发模块","501","加拿大","10","一般贸易","43","湖南省","25","千克","0","?","8,758",
"202601","85177950","光通信设备的激光收发模块","501","加拿大","10","一般贸易","44","广东省","1291","千克","0","?","996,401",
"202601","85177950","光通信设备的激光收发模块","501","加拿大","10","一般贸易","45","广西壮族自治区","0","千克","0","?","27",
"202601","85177950","光通信设备的激光收发模块","501","加拿大","10","一般贸易","51","四川省","14","千克","0","?","38,519",
"202601","85177950","光通信设备的激光收发模块","501","加拿大","15","进料加工贸易","32","江苏省","1","千克","0","?","720",
"202601","85177950","光通信设备的激光收发模块","501","加拿大","15","进料加工贸易","51","四川省","4","千克","0","?","17,555",
"202601","85177950","光通信设备的激光收发模块","501","加拿大","34","海关特殊监管区域物流货物","32","江苏省","1704","千克","0","?","234,326",
"202601","85177950","光通信设备的激光收发模块","501","加拿大","39","其他","33","浙江省","3","千克","0","?","43",
"202601","85177950","光通信设备的激光收发模块","502","美国","10","一般贸易","11","北京市","637","千克","0","?","941,235",
"202601","85177950","光通信设备的激光收发模块","502","美国","10","一般贸易","14","山西省","43","千克","0","?","1,924",
"202601","85177950","光通信设备的激光收发模块","502","美国","10","一般贸易","31","上海市","276","千克","0","?","817,018",
"202601","85177950","光通信设备的激光收发模块","502","美国","10","一般贸易","32","江苏省","692","千克","0","?","2,345,835",
"202601","85177950","光通信设备的激光收发模块","502","美国","10","一般贸易","33","浙江省","3507","千克","0","?","463,524",
"202601","85177950","光通信设备的激光收发模块","502","美国","10","一般贸易","35","福建省","1","千克","0","?","2,130",
"202601","85177950","光通信设备的激光收发模块","502","美国","10","一般贸易","37","山东省","7","千克","0","?","11,427",
"202601","85177950","光通信设备的激光收发模块","502","美国","10","一般贸易","42","湖北省","2853","千克","0","?","5,270,751",
"202601","85177950","光通信设备的激光收发模块","502","美国","10","一般贸易","44","广东省","14210","千克","0","?","10,261,740",
"202601","85177950","光通信设备的激光收发模块","502","美国","10","一般贸易","45","广西壮族自治区","48","千克","0","?","3,019",
"202601","85177950","光通信设备的激光收发模块","502","美国","10","一般贸易","50","重庆市","2","千克","0","?","10",
"202601","85177950","光通信设备的激光收发模块","502","美国","10","一般贸易","51","四川省","815","千克","0","?","2,196,105",
"202601","85177950","光通信设备的激光收发模块","502","美国","10","一般贸易","53","云南省","0","千克","0","?","9",
"202601","85177950","光通信设备的激光收发模块","502","美国","10","一般贸易","65","新疆维吾尔自治区","82","千克","0","?","2,709",
"202601","85177950","光通信设备的激光收发模块","502","美国","15","进料加工贸易","32","江苏省","4208","千克","0","?","6,526,895",
"202601","85177950","光通信设备的激光收发模块","502","美国","15","进料加工贸易","33","浙江省","6","千克","0","?","4,005",
"202601","85177950","光通信设备的激光收发模块","502","美国","15","进料加工贸易","44","广东省","10","千克","0","?","65,953",
"202601","85177950","光通信设备的激光收发模块","502","美国","15","进料加工贸易","51","四川省","319","千克","0","?","626,779",
"202601","85177950","光通信设备的激光收发模块","502","美国","33","保税监管场所进出境货物","11","北京市","0","千克","0","?","1,441",
"202601","85177950","光通信设备的激光收发模块","502","美国","33","保税监管场所进出境货物","32","江苏省","0","千克","0","?","409",
"202601","85177950","光通信设备的激光收发模块","502","美国","33","保税监管场所进出境货物","44","广东省","81","千克","0","?","48,180",
"202601","85177950","光通信设备的激光收发模块","502","美国","34","海关特殊监管区域物流货物","31","上海市","0","千克","0","?","269",
"202601","85177950","光通信设备的激光收发模块","502","美国","34","海关特殊监管区域物流货物","32","江苏省","45","千克","0","?","39,397",
"202601","85177950","光通信设备的激光收发模块","502","美国","34","海关特殊监管区域物流货物","44","广东省","3","千克","0","?","2,159",
"202601","85177950","光通信设备的激光收发模块","502","美国","39","其他","33","浙江省","3","千克","0","?","16",
"202601","85177950","光通信设备的激光收发模块","504","百慕大","10","一般贸易","44","广东省","0","千克","0","?","416",
"202601","85177950","光通信设备的激光收发模块","601","澳大利亚","10","一般贸易","31","上海市","0","千克","0","?","156",
"202601","85177950","光通信设备的激光收发模块","601","澳大利亚","10","一般贸易","33","浙江省","2","千克","0","?","8,290",
"202601","85177950","光通信设备的激光收发模块","601","澳大利亚","10","一般贸易","37","山东省","0","千克","0","?","94",
"202601","85177950","光通信设备的激光收发模块","601","澳大利亚","10","一般贸易","42","湖北省","42","千克","0","?","41,193",
"202601","85177950","光通信设备的激光收发模块","601","澳大利亚","10","一般贸易","43","湖南省","0","千克","0","?","3,840",
"202601","85177950","光通信设备的激光收发模块","601","澳大利亚","10","一般贸易","44","广东省","291","千克","0","?","344,999",
"202601","85177950","光通信设备的激光收发模块","601","澳大利亚","10","一般贸易","45","广西壮族自治区","0","千克","0","?","220",
"202601","85177950","光通信设备的激光收发模块","601","澳大利亚","10","一般贸易","51","四川省","28","千克","0","?","69,470",
"202601","85177950","光通信设备的激光收发模块","601","澳大利亚","10","一般贸易","65","新疆维吾尔自治区","0","千克","0","?","2",
"202601","85177950","光通信设备的激光收发模块","601","澳大利亚","15","进料加工贸易","32","江苏省","993","千克","0","?","127,017",
"202601","85177950","光通信设备的激光收发模块","601","澳大利亚","15","进料加工贸易","33","浙江省","771","千克","0","?","667,246",
"202601","85177950","光通信设备的激光收发模块","601","澳大利亚","15","进料加工贸易","35","福建省","1","千克","0","?","3,505",
"202601","85177950","光通信设备的激光收发模块","601","澳大利亚","15","进料加工贸易","44","广东省","5","千克","0","?","7,587",
"202601","85177950","光通信设备的激光收发模块","601","澳大利亚","33","保税监管场所进出境货物","32","江苏省","16","千克","0","?","60,813",
"202601","85177950","光通信设备的激光收发模块","601","澳大利亚","34","海关特殊监管区域物流货物","32","江苏省","159","千克","0","?","150,988",
"202601","85177950","光通信设备的激光收发模块","601","澳大利亚","34","海关特殊监管区域物流货物","42","湖北省","81","千克","0","?","85,686",
"202601","85177950","光通信设备的激光收发模块","602","库克群岛","10","一般贸易","44","广东省","1","千克","0","?","5,003",
"202601","85177950","光通信设备的激光收发模块","603","斐济","10","一般贸易","34","安徽省","2","千克","0","?","2,568",
"202601","85177950","光通信设备的激光收发模块","603","斐济","10","一般贸易","44","广东省","0","千克","0","?","6,379",
"202601","85177950","光通信设备的激光收发模块","607","新喀里多尼亚","10","一般贸易","33","浙江省","3","千克","0","?","158",
"202601","85177950","光通信设备的激光收发模块","607","新喀里多尼亚","10","一般贸易","44","广东省","0","千克","0","?","245",
"202601","85177950","光通信设备的激光收发模块","609","新西兰","10","一般贸易","42","湖北省","1","千克","0","?","2,628",
"202601","85177950","光通信设备的激光收发模块","609","新西兰","10","一般贸易","44","广东省","4","千克","0","?","13,750",
"202601","85177950","光通信设备的激光收发模块","609","新西兰","10","一般贸易","51","四川省","1","千克","0","?","150",
"202601","85177950","光通信设备的激光收发模块","609","新西兰","33","保税监管场所进出境货物","44","广东省","7","千克","0","?","557",
"202601","85177950","光通信设备的激光收发模块","609","新西兰","34","海关特殊监管区域物流货物","32","江苏省","25","千克","0","?","29,604",
"202601","85177950","光通信设备的激光收发模块","614","汤加","34","海关特殊监管区域物流货物","32","江苏省","2","千克","0","?","195",
"202601","85177950","光通信设备的激光收发模块","617","萨摩亚","10","一般贸易","44","广东省","2","千克","0","?","1,935",
"202602","85177950","光通信设备的激光收发模块","101","阿富汗","10","一般贸易","44","广东省","8","千克","0","?","3,473",
"202602","85177950","光通信设备的激光收发模块","102","巴林","10","一般贸易","31","上海市","4","千克","0","?","341",
"202602","85177950","光通信设备的激光收发模块","102","巴林","10","一般贸易","44","广东省","2","千克","0","?","917",
"202602","85177950","光通信设备的激光收发模块","103","孟加拉国","10","一般贸易","32","江苏省","16","千克","0","?","4,296",
"202602","85177950","光通信设备的激光收发模块","103","孟加拉国","10","一般贸易","33","浙江省","0","千克","0","?","352",
"202602","85177950","光通信设备的激光收发模块","103","孟加拉国","10","一般贸易","35","福建省","1","千克","0","?","896",
"202602","85177950","光通信设备的激光收发模块","103","孟加拉国","10","一般贸易","44","广东省","232","千克","0","?","85,882",
"202602","85177950","光通信设备的激光收发模块","103","孟加拉国","10","一般贸易","53","云南省","6","千克","0","?","1,444",
"202602","85177950","光通信设备的激光收发模块","104","不丹","10","一般贸易","44","广东省","3","千克","0","?","4,380",
"202602","85177950","光通信设备的激光收发模块","105","文莱","10","一般贸易","44","广东省","3","千克","0","?","1,764",
"202602","85177950","光通信设备的激光收发模块","105","文莱","10","一般贸易","65","新疆维吾尔自治区","5","千克","0","?","42",
"202602","85177950","光通信设备的激光收发模块","106","缅甸","10","一般贸易","33","浙江省","3","千克","0","?","2,998",
"202602","85177950","光通信设备的激光收发模块","106","缅甸","10","一般贸易","44","广东省","21","千克","0","?","27,120",
"202602","85177950","光通信设备的激光收发模块","106","缅甸","10","一般贸易","51","四川省","1","千克","0","?","1,287",
"202602","85177950","光通信设备的激光收发模块","107","柬埔寨","10","一般贸易","11","北京市","1","千克","0","?","603",
"202602","85177950","光通信设备的激光收发模块","107","柬埔寨","10","一般贸易","35","福建省","5","千克","0","?","9,421",
"202602","85177950","光通信设备的激光收发模块","107","柬埔寨","10","一般贸易","37","山东省","10","千克","0","?","385",
"202602","85177950","光通信设备的激光收发模块","107","柬埔寨","10","一般贸易","44","广东省","438","千克","0","?","36,383",
"202602","85177950","光通信设备的激光收发模块","108","塞浦路斯","10","一般贸易","44","广东省","1","千克","0","?","1,338",
"202602","85177950","光通信设备的激光收发模块","110","中国香港","10","一般贸易","11","北京市","2","千克","0","?","133",
"202602","85177950","光通信设备的激光收发模块","110","中国香港","10","一般贸易","31","上海市","137","千克","0","?","1,553,994",
"202602","85177950","光通信设备的激光收发模块","110","中国香港","10","一般贸易","32","江苏省","216","千克","0","?","245,667",
"202602","85177950","光通信设备的激光收发模块","110","中国香港","10","一般贸易","33","浙江省","311","千克","0","?","660,082",
"202602","85177950","光通信设备的激光收发模块","110","中国香港","10","一般贸易","34","安徽省","94","千克","0","?","18,834",
"202602","85177950","光通信设备的激光收发模块","110","中国香港","10","一般贸易","35","福建省","16","千克","0","?","34,075",
"202602","85177950","光通信设备的激光收发模块","110","中国香港","10","一般贸易","37","山东省","3","千克","0","?","608",
"202602","85177950","光通信设备的激光收发模块","110","中国香港","10","一般贸易","41","河南省","0","千克","0","?","341",
"202602","85177950","光通信设备的激光收发模块","110","中国香港","10","一般贸易","42","湖北省","1866","千克","0","?","2,710,450",
"202602","85177950","光通信设备的激光收发模块","110","中国香港","10","一般贸易","43","湖南省","138","千克","0","?","260,932",
"202602","85177950","光通信设备的激光收发模块","110","中国香港","10","一般贸易","44","广东省","2165","千克","0","?","2,394,494",
"202602","85177950","光通信设备的激光收发模块","110","中国香港","10","一般贸易","51","四川省","630","千克","0","?","1,605,398",
"202602","85177950","光通信设备的激光收发模块","110","中国香港","10","一般贸易","52","贵州省","6","千克","0","?","1,566",
"202602","85177950","光通信设备的激光收发模块","110","中国香港","15","进料加工贸易","32","江苏省","3305","千克","0","?","5,496,597",
"202602","85177950","光通信设备的激光收发模块","110","中国香港","15","进料加工贸易","33","浙江省","69","千克","0","?","85,384",
"202602","85177950","光通信设备的激光收发模块","110","中国香港","15","进料加工贸易","35","福建省","6","千克","0","?","10,566",
"202602","85177950","光通信设备的激光收发模块","110","中国香港","15","进料加工贸易","44","广东省","2","千克","0","?","3,637",
"202602","85177950","光通信设备的激光收发模块","110","中国香港","15","进料加工贸易","51","四川省","2","千克","0","?","10,110",
"202602","85177950","光通信设备的激光收发模块","110","中国香港","33","保税监管场所进出境货物","44","广东省","213","千克","0","?","11,968",
"202602","85177950","光通信设备的激光收发模块","110","中国香港","34","海关特殊监管区域物流货物","32","江苏省","15","千克","0","?","32,164",
"202602","85177950","光通信设备的激光收发模块","110","中国香港","34","海关特殊监管区域物流货物","44","广东省","1752","千克","0","?","1,605,981",
"202602","85177950","光通信设备的激光收发模块","111","印度","10","一般贸易","11","北京市","5","千克","0","?","12,400",
"202602","85177950","光通信设备的激光收发模块","111","印度","10","一般贸易","23","黑龙江省","56","千克","0","?","7,488",
"202602","85177950","光通信设备的激光收发模块","111","印度","10","一般贸易","31","上海市","155","千克","0","?","11,650",
"202602","85177950","光通信设备的激光收发模块","111","印度","10","一般贸易","32","江苏省","115","千克","0","?","69,820",
"202602","85177950","光通信设备的激光收发模块","111","印度","10","一般贸易","36","江西省","5","千克","0","?","9,225",
"202602","85177950","光通信设备的激光收发模块","111","印度","10","一般贸易","37","山东省","63","千克","0","?","8,816",
"202602","85177950","光通信设备的激光收发模块","111","印度","10","一般贸易","42","湖北省","946","千克","0","?","626,293",
"202602","85177950","光通信设备的激光收发模块","111","印度","10","一般贸易","44","广东省","13385","千克","0","?","983,192",
"202602","85177950","光通信设备的激光收发模块","111","印度","10","一般贸易","51","四川省","320","千克","0","?","195,751",
"202602","85177950","光通信设备的激光收发模块","111","印度","15","进料加工贸易","32","江苏省","93","千克","0","?","120,296",
"202602","85177950","光通信设备的激光收发模块","111","印度","15","进料加工贸易","44","广东省","12","千克","0","?","1,891",
"202602","85177950","光通信设备的激光收发模块","111","印度","15","进料加工贸易","51","四川省","19","千克","0","?","131,342",
"202602","85177950","光通信设备的激光收发模块","111","印度","33","保税监管场所进出境货物","44","广东省","1","千克","0","?","423",
"202602","85177950","光通信设备的激光收发模块","111","印度","34","海关特殊监管区域物流货物","32","江苏省","2352","千克","0","?","755,968",
"202602","85177950","光通信设备的激光收发模块","111","印度","39","其他","51","四川省","2","千克","0","?","13,680",
"202602","85177950","光通信设备的激光收发模块","112","印度尼西亚","10","一般贸易","11","北京市","1","千克","0","?","335",
"202602","85177950","光通信设备的激光收发模块","112","印度尼西亚","10","一般贸易","31","上海市","36","千克","0","?","11,017",
"202602","85177950","光通信设备的激光收发模块","112","印度尼西亚","10","一般贸易","32","江苏省","0","千克","0","?","94",
"202602","85177950","光通信设备的激光收发模块","112","印度尼西亚","10","一般贸易","33","浙江省","116","千克","0","?","39,097",
"202602","85177950","光通信设备的激光收发模块","112","印度尼西亚","10","一般贸易","35","福建省","32","千克","0","?","30,300",
"202602","85177950","光通信设备的激光收发模块","112","印度尼西亚","10","一般贸易","37","山东省","202","千克","0","?","330,089",
"202602","85177950","光通信设备的激光收发模块","112","印度尼西亚","10","一般贸易","42","湖北省","1049","千克","0","?","1,548,026",
"202602","85177950","光通信设备的激光收发模块","112","印度尼西亚","10","一般贸易","44","广东省","728","千克","0","?","1,108,833",
"202602","85177950","光通信设备的激光收发模块","112","印度尼西亚","10","一般贸易","45","广西壮族自治区","7","千克","0","?","801",
"202602","85177950","光通信设备的激光收发模块","112","印度尼西亚","10","一般贸易","52","贵州省","0","千克","0","?","109",
"202602","85177950","光通信设备的激光收发模块","112","印度尼西亚","10","一般贸易","65","新疆维吾尔自治区","2","千克","0","?","1,447",
"202602","85177950","光通信设备的激光收发模块","112","印度尼西亚","15","进料加工贸易","35","福建省","5","千克","0","?","4,462",
"202602","85177950","光通信设备的激光收发模块","112","印度尼西亚","15","进料加工贸易","44","广东省","0","千克","0","?","618",
"202602","85177950","光通信设备的激光收发模块","112","印度尼西亚","33","保税监管场所进出境货物","44","广东省","9","千克","0","?","3,005",
"202602","85177950","光通信设备的激光收发模块","112","印度尼西亚","34","海关特殊监管区域物流货物","32","江苏省","89","千克","0","?","406,716",
"202602","85177950","光通信设备的激光收发模块","112","印度尼西亚","34","海关特殊监管区域物流货物","44","广东省","431","千克","0","?","176,300",
"202602","85177950","光通信设备的激光收发模块","113","伊朗","10","一般贸易","44","广东省","40","千克","0","?","396",
"202602","85177950","光通信设备的激光收发模块","113","伊朗","10","一般贸易","46","海南省","152","千克","0","?","190",
"202602","85177950","光通信设备的激光收发模块","114","伊拉克","10","一般贸易","11","北京市","2","千克","0","?","2,143",
"202602","85177950","光通信设备的激光收发模块","114","伊拉克","10","一般贸易","44","广东省","81","千克","0","?","25,170",
"202602","85177950","光通信设备的激光收发模块","115","以色列","10","一般贸易","31","上海市","11","千克","0","?","64,666",
"202602","85177950","光通信设备的激光收发模块","115","以色列","10","一般贸易","32","江苏省","22","千克","0","?","93,564",
"202602","85177950","光通信设备的激光收发模块","115","以色列","10","一般贸易","33","浙江省","30","千克","0","?","3,133",
"202602","85177950","光通信设备的激光收发模块","115","以色列","10","一般贸易","42","湖北省","62","千克","0","?","262,269",
"202602","85177950","光通信设备的激光收发模块","115","以色列","10","一般贸易","44","广东省","252","千克","0","?","312,432",
"202602","85177950","光通信设备的激光收发模块","115","以色列","10","一般贸易","51","四川省","245","千克","0","?","625,069",
"202602","85177950","光通信设备的激光收发模块","115","以色列","15","进料加工贸易","32","江苏省","52","千克","0","?","110,145",
"202602","85177950","光通信设备的激光收发模块","115","以色列","34","海关特殊监管区域物流货物","32","江苏省","18","千克","0","?","306,481",
"202602","85177950","光通信设备的激光收发模块","116","日本","10","一般贸易","31","上海市","168","千克","0","?","307,584",
"202602","85177950","光通信设备的激光收发模块","116","日本","10","一般贸易","32","江苏省","1384","千克","0","?","2,507,965",
"202602","85177950","光通信设备的激光收发模块","116","日本","10","一般贸易","33","浙江省","24","千克","0","?","38,091",
"202602","85177950","光通信设备的激光收发模块","116","日本","10","一般贸易","34","安徽省","0","千克","0","?","8,301",
"202602","85177950","光通信设备的激光收发模块","116","日本","10","一般贸易","35","福建省","3","千克","0","?","2,882",
"202602","85177950","光通信设备的激光收发模块","116","日本","10","一般贸易","37","山东省","1","千克","0","?","3,200",
"202602","85177950","光通信设备的激光收发模块","116","日本","10","一般贸易","41","河南省","7","千克","0","?","77,221",
"202602","85177950","光通信设备的激光收发模块","116","日本","10","一般贸易","42","湖北省","2239","千克","0","?","4,164,789",
"202602","85177950","光通信设备的激光收发模块","116","日本","10","一般贸易","44","广东省","494","千克","0","?","561,581",
"202602","85177950","光通信设备的激光收发模块","116","日本","10","一般贸易","46","海南省","1","千克","0","?","72",
"202602","85177950","光通信设备的激光收发模块","116","日本","10","一般贸易","51","四川省","259","千克","0","?","327,692",
"202602","85177950","光通信设备的激光收发模块","116","日本","10","一般贸易","65","新疆维吾尔自治区","0","千克","0","?","37",
"202602","85177950","光通信设备的激光收发模块","116","日本","15","进料加工贸易","32","江苏省","197","千克","0","?","612,568",
"202602","85177950","光通信设备的激光收发模块","116","日本","15","进料加工贸易","35","福建省","48","千克","0","?","73,595",
"202602","85177950","光通信设备的激光收发模块","116","日本","15","进料加工贸易","44","广东省","0","千克","0","?","4,515",
"202602","85177950","光通信设备的激光收发模块","116","日本","15","进料加工贸易","51","四川省","123","千克","0","?","226,628",
"202602","85177950","光通信设备的激光收发模块","116","日本","34","海关特殊监管区域物流货物","32","江苏省","237","千克","0","?","496,746",
"202602","85177950","光通信设备的激光收发模块","117","约旦","10","一般贸易","35","福建省","2","千克","0","?","1,109",
"202602","85177950","光通信设备的激光收发模块","117","约旦","10","一般贸易","44","广东省","49","千克","0","?","10,159",
"202602","85177950","光通信设备的激光收发模块","117","约旦","10","一般贸易","65","新疆维吾尔自治区","0","千克","0","?","28",
"202602","85177950","光通信设备的激光收发模块","118","科威特","10","一般贸易","33","浙江省","0","千克","0","?","36",
"202602","85177950","光通信设备的激光收发模块","118","科威特","10","一般贸易","44","广东省","0","千克","0","?","9,831",
"202602","85177950","光通信设备的激光收发模块","119","老挝","10","一般贸易","22","吉林省","1","千克","0","?","431",
"202602","85177950","光通信设备的激光收发模块","119","老挝","10","一般贸易","35","福建省","25","千克","0","?","103",
"202602","85177950","光通信设备的激光收发模块","119","老挝","10","一般贸易","44","广东省","3","千克","0","?","1,663",
"202602","85177950","光通信设备的激光收发模块","120","黎巴嫩","10","一般贸易","44","广东省","5","千克","0","?","10,606",
"202602","85177950","光通信设备的激光收发模块","121","中国澳门","10","一般贸易","33","浙江省","10","千克","0","?","8,609",
"202602","85177950","光通信设备的激光收发模块","121","中国澳门","10","一般贸易","44","广东省","6","千克","0","?","5,950",
"202602","85177950","光通信设备的激光收发模块","122","马来西亚","10","一般贸易","31","上海市","491","千克","0","?","174,914",
"202602","85177950","光通信设备的激光收发模块","122","马来西亚","10","一般贸易","32","江苏省","716","千克","0","?","2,006,902",
"202602","85177950","光通信设备的激光收发模块","122","马来西亚","10","一般贸易","33","浙江省","557","千克","0","?","316,487",
"202602","85177950","光通信设备的激光收发模块","122","马来西亚","10","一般贸易","34","安徽省","2","千克","0","?","98",
"202602","85177950","光通信设备的激光收发模块","122","马来西亚","10","一般贸易","35","福建省","2","千克","0","?","5,561",
"202602","85177950","光通信设备的激光收发模块","122","马来西亚","10","一般贸易","37","山东省","2547","千克","0","?","2,881,475",
"202602","85177950","光通信设备的激光收发模块","122","马来西亚","10","一般贸易","41","河南省","28","千克","0","?","8,981",
"202602","85177950","光通信设备的激光收发模块","122","马来西亚","10","一般贸易","42","湖北省","11179","千克","0","?","16,792,636",
"202602","85177950","光通信设备的激光收发模块","122","马来西亚","10","一般贸易","43","湖南省","23","千克","0","?","26,553",
"202602","85177950","光通信设备的激光收发模块","122","马来西亚","10","一般贸易","44","广东省","3047","千克","0","?","4,133,438",
"202602","85177950","光通信设备的激光收发模块","122","马来西亚","10","一般贸易","45","广西壮族自治区","16","千克","0","?","1,311",
"202602","85177950","光通信设备的激光收发模块","122","马来西亚","10","一般贸易","51","四川省","121","千克","0","?","284,260",
"202602","85177950","光通信设备的激光收发模块","122","马来西亚","10","一般贸易","52","贵州省","0","千克","0","?","41",
"202602","85177950","光通信设备的激光收发模块","122","马来西亚","10","一般贸易","65","新疆维吾尔自治区","1","千克","0","?","313",
"202602","85177950","光通信设备的激光收发模块","122","马来西亚","15","进料加工贸易","32","江苏省","52498","千克","0","?","163,007,657",
"202602","85177950","光通信设备的激光收发模块","122","马来西亚","15","进料加工贸易","35","福建省","0","千克","0","?","639",
"202602","85177950","光通信设备的激光收发模块","122","马来西亚","15","进料加工贸易","44","广东省","1440","千克","0","?","1,911,575",
"202602","85177950","光通信设备的激光收发模块","122","马来西亚","33","保税监管场所进出境货物","44","广东省","5","千克","0","?","6,505",
"202602","85177950","光通信设备的激光收发模块","122","马来西亚","34","海关特殊监管区域物流货物","32","江苏省","28","千克","0","?","284,738",
"202602","85177950","光通信设备的激光收发模块","122","马来西亚","34","海关特殊监管区域物流货物","35","福建省","2","千克","0","?","6,832",
"202602","85177950","光通信设备的激光收发模块","122","马来西亚","34","海关特殊监管区域物流货物","44","广东省","463","千克","0","?","2,815,311",
"202602","85177950","光通信设备的激光收发模块","122","马来西亚","39","其他","42","湖北省","3","千克","0","?","6,007",
"202602","85177950","光通信设备的激光收发模块","123","马尔代夫","10","一般贸易","44","广东省","5","千克","0","?","1,572",
"202602","85177950","光通信设备的激光收发模块","124","蒙古","10","一般贸易","33","浙江省","1","千克","0","?","358",
"202602","85177950","光通信设备的激光收发模块","124","蒙古","10","一般贸易","44","广东省","42","千克","0","?","37,759",
"202602","85177950","光通信设备的激光收发模块","125","尼泊尔","10","一般贸易","31","上海市","9","千克","0","?","309",
"202602","85177950","光通信设备的激光收发模块","125","尼泊尔","10","一般贸易","44","广东省","0","千克","0","?","2,619",
"202602","85177950","光通信设备的激光收发模块","125","尼泊尔","10","一般贸易","46","海南省","9","千克","0","?","2,448",
"202602","85177950","光通信设备的激光收发模块","125","尼泊尔","10","一般贸易","65","新疆维吾尔自治区","0","千克","0","?","6",
"202602","85177950","光通信设备的激光收发模块","126","阿曼","10","一般贸易","33","浙江省","63","千克","0","?","3,547",
"202602","85177950","光通信设备的激光收发模块","126","阿曼","10","一般贸易","44","广东省","5","千克","0","?","3,715",
"202602","85177950","光通信设备的激光收发模块","127","巴基斯坦","10","一般贸易","12","天津市","2","千克","0","?","80,858",
"202602","85177950","光通信设备的激光收发模块","127","巴基斯坦","10","一般贸易","14","山西省","453","千克","0","?","1,902",
"202602","85177950","光通信设备的激光收发模块","127","巴基斯坦","10","一般贸易","33","浙江省","0","千克","0","?","84",
"202602","85177950","光通信设备的激光收发模块","127","巴基斯坦","10","一般贸易","44","广东省","193","千克","0","?","80,463",
"202602","85177950","光通信设备的激光收发模块","127","巴基斯坦","10","一般贸易","46","海南省","133","千克","0","?","1,610",
"202602","85177950","光通信设备的激光收发模块","127","巴基斯坦","34","海关特殊监管区域物流货物","32","江苏省","0","千克","0","?","54",
"202602","85177950","光通信设备的激光收发模块","128","巴勒斯坦","10","一般贸易","42","湖北省","20","千克","0","?","1,840",
"202602","85177950","光通信设备的激光收发模块","129","菲律宾","10","一般贸易","32","江苏省","0","千克","0","?","55",
"202602","85177950","光通信设备的激光收发模块","129","菲律宾","10","一般贸易","33","浙江省","8","千克","0","?","4,343",
"202602","85177950","光通信设备的激光收发模块","129","菲律宾","10","一般贸易","35","福建省","12","千克","0","?","18,136",
"202602","85177950","光通信设备的激光收发模块","129","菲律宾","10","一般贸易","42","湖北省","0","千克","0","?","47",
"202602","85177950","光通信设备的激光收发模块","129","菲律宾","10","一般贸易","44","广东省","443","千克","0","?","225,634",
"202602","85177950","光通信设备的激光收发模块","129","菲律宾","10","一般贸易","46","海南省","6","千克","0","?","2,723",
"202602","85177950","光通信设备的激光收发模块","129","菲律宾","10","一般贸易","65","新疆维吾尔自治区","3","千克","0","?","262",
"202602","85177950","光通信设备的激光收发模块","129","菲律宾","15","进料加工贸易","44","广东省","0","千克","0","?","32",
"202602","85177950","光通信设备的激光收发模块","129","菲律宾","34","海关特殊监管区域物流货物","32","江苏省","33","千克","0","?","11,190",
"202602","85177950","光通信设备的激光收发模块","129","菲律宾","39","其他","42","湖北省","1","千克","0","?","105",
"202602","85177950","光通信设备的激光收发模块","130","卡塔尔","10","一般贸易","31","上海市","6","千克","0","?","1,677",
"202602","85177950","光通信设备的激光收发模块","130","卡塔尔","10","一般贸易","33","浙江省","28","千克","0","?","9,304",
"202602","85177950","光通信设备的激光收发模块","130","卡塔尔","10","一般贸易","35","福建省","6","千克","0","?","4,904",
"202602","85177950","光通信设备的激光收发模块","130","卡塔尔","10","一般贸易","42","湖北省","0","千克","0","?","8",
"202602","85177950","光通信设备的激光收发模块","130","卡塔尔","10","一般贸易","44","广东省","10","千克","0","?","2,435",
"202602","85177950","光通信设备的激光收发模块","131","沙特阿拉伯","10","一般贸易","32","江苏省","1","千克","0","?","170",
"202602","85177950","光通信设备的激光收发模块","131","沙特阿拉伯","10","一般贸易","33","浙江省","25","千克","0","?","20,220",
"202602","85177950","光通信设备的激光收发模块","131","沙特阿拉伯","10","一般贸易","35","福建省","18","千克","0","?","9,992",
"202602","85177950","光通信设备的激光收发模块","131","沙特阿拉伯","10","一般贸易","41","河南省","29","千克","0","?","6,690",
"202602","85177950","光通信设备的激光收发模块","131","沙特阿拉伯","10","一般贸易","42","湖北省","334","千克","0","?","493,229",
"202602","85177950","光通信设备的激光收发模块","131","沙特阿拉伯","10","一般贸易","44","广东省","18","千克","0","?","44,601",
"202602","85177950","光通信设备的激光收发模块","131","沙特阿拉伯","10","一般贸易","46","海南省","556","千克","0","?","1,925",
"202602","85177950","光通信设备的激光收发模块","131","沙特阿拉伯","10","一般贸易","52","贵州省","40","千克","0","?","33,950",
"202602","85177950","光通信设备的激光收发模块","131","沙特阿拉伯","33","保税监管场所进出境货物","44","广东省","2","千克","0","?","512",
"202602","85177950","光通信设备的激光收发模块","131","沙特阿拉伯","34","海关特殊监管区域物流货物","32","江苏省","160","千克","0","?","50,076",
"202602","85177950","光通信设备的激光收发模块","132","新加坡","10","一般贸易","11","北京市","1","千克","0","?","144",
"202602","85177950","光通信设备的激光收发模块","132","新加坡","10","一般贸易","31","上海市","22","千克","0","?","26,113",
"202602","85177950","光通信设备的激光收发模块","132","新加坡","10","一般贸易","32","江苏省","61","千克","0","?","74,251",
"202602","85177950","光通信设备的激光收发模块","132","新加坡","10","一般贸易","33","浙江省","185","千克","0","?","317,368",
"202602","85177950","光通信设备的激光收发模块","132","新加坡","10","一般贸易","34","安徽省","0","千克","0","?","178",
"202602","85177950","光通信设备的激光收发模块","132","新加坡","10","一般贸易","35","福建省","10","千克","0","?","5,160",
"202602","85177950","光通信设备的激光收发模块","132","新加坡","10","一般贸易","37","山东省","11","千克","0","?","549",
"202602","85177950","光通信设备的激光收发模块","132","新加坡","10","一般贸易","42","湖北省","975","千克","0","?","1,115,645",
"202602","85177950","光通信设备的激光收发模块","132","新加坡","10","一般贸易","44","广东省","1311","千克","0","?","1,634,740",
"202602","85177950","光通信设备的激光收发模块","132","新加坡","10","一般贸易","46","海南省","40","千克","0","?","180",
"202602","85177950","光通信设备的激光收发模块","132","新加坡","10","一般贸易","51","四川省","533","千克","0","?","345,918",
"202602","85177950","光通信设备的激光收发模块","132","新加坡","10","一般贸易","52","贵州省","52","千克","0","?","19,205",
"202602","85177950","光通信设备的激光收发模块","132","新加坡","10","一般贸易","62","甘肃省","0","千克","0","?","191",
"202602","85177950","光通信设备的激光收发模块","132","新加坡","10","一般贸易","65","新疆维吾尔自治区","1467","千克","0","?","60,362",
"202602","85177950","光通信设备的激光收发模块","132","新加坡","15","进料加工贸易","32","江苏省","5774","千克","0","?","827,330",
"202602","85177950","光通信设备的激光收发模块","132","新加坡","15","进料加工贸易","33","浙江省","691","千克","0","?","431,179",
"202602","85177950","光通信设备的激光收发模块","132","新加坡","15","进料加工贸易","35","福建省","0","千克","0","?","991",
"202602","85177950","光通信设备的激光收发模块","132","新加坡","15","进料加工贸易","44","广东省","3","千克","0","?","6,203",
"202602","85177950","光通信设备的激光收发模块","132","新加坡","33","保税监管场所进出境货物","11","北京市","0","千克","0","?","4,170",
"202602","85177950","光通信设备的激光收发模块","132","新加坡","33","保税监管场所进出境货物","44","广东省","118","千克","0","?","8,965",
"202602","85177950","光通信设备的激光收发模块","132","新加坡","34","海关特殊监管区域物流货物","21","辽宁省","0","千克","0","?","607",
"202602","85177950","光通信设备的激光收发模块","132","新加坡","34","海关特殊监管区域物流货物","32","江苏省","154","千克","0","?","133,961",
"202602","85177950","光通信设备的激光收发模块","132","新加坡","34","海关特殊监管区域物流货物","44","广东省","236","千克","0","?","186,792",
"202602","85177950","光通信设备的激光收发模块","132","新加坡","39","其他","11","北京市","0","千克","0","?","122",
"202602","85177950","光通信设备的激光收发模块","132","新加坡","39","其他","44","广东省","0","千克","0","?","699",
"202602","85177950","光通信设备的激光收发模块","133","韩国","10","一般贸易","21","辽宁省","60","千克","0","?","42,923",
"202602","85177950","光通信设备的激光收发模块","133","韩国","10","一般贸易","31","上海市","246","千克","0","?","154,630",
"202602","85177950","光通信设备的激光收发模块","133","韩国","10","一般贸易","32","江苏省","9","千克","0","?","67,966",
"202602","85177950","光通信设备的激光收发模块","133","韩国","10","一般贸易","33","浙江省","8","千克","0","?","7,007",
"202602","85177950","光通信设备的激光收发模块","133","韩国","10","一般贸易","35","福建省","345","千克","0","?","29,085",
"202602","85177950","光通信设备的激光收发模块","133","韩国","10","一般贸易","37","山东省","195","千克","0","?","88,220",
"202602","85177950","光通信设备的激光收发模块","133","韩国","10","一般贸易","41","河南省","0","千克","0","?","680",
"202602","85177950","光通信设备的激光收发模块","133","韩国","10","一般贸易","42","湖北省","179","千克","0","?","187,995",
"202602","85177950","光通信设备的激光收发模块","133","韩国","10","一般贸易","44","广东省","2756","千克","0","?","3,746,990",
"202602","85177950","光通信设备的激光收发模块","133","韩国","10","一般贸易","51","四川省","938","千克","0","?","560,828",
"202602","85177950","光通信设备的激光收发模块","133","韩国","10","一般贸易","61","陕西省","1","千克","0","?","296",
"202602","85177950","光通信设备的激光收发模块","133","韩国","15","进料加工贸易","32","江苏省","4","千克","0","?","8,047",
"202602","85177950","光通信设备的激光收发模块","133","韩国","15","进料加工贸易","35","福建省","9","千克","0","?","20,401",
"202602","85177950","光通信设备的激光收发模块","133","韩国","15","进料加工贸易","44","广东省","2","千克","0","?","1,530",
"202602","85177950","光通信设备的激光收发模块","133","韩国","34","海关特殊监管区域物流货物","32","江苏省","70","千克","0","?","158,973",
"202602","85177950","光通信设备的激光收发模块","133","韩国","34","海关特殊监管区域物流货物","44","广东省","1","千克","0","?","322",
"202602","85177950","光通信设备的激光收发模块","133","韩国","39","其他","32","江苏省","2","千克","0","?","2,964",
"202602","85177950","光通信设备的激光收发模块","134","斯里兰卡","10","一般贸易","31","上海市","1","千克","0","?","107",
"202602","85177950","光通信设备的激光收发模块","134","斯里兰卡","10","一般贸易","32","江苏省","0","千克","0","?","109",
"202602","85177950","光通信设备的激光收发模块","134","斯里兰卡","10","一般贸易","33","浙江省","1","千克","0","?","541",
"202602","85177950","光通信设备的激光收发模块","134","斯里兰卡","10","一般贸易","42","湖北省","0","千克","0","?","103",
"202602","85177950","光通信设备的激光收发模块","134","斯里兰卡","10","一般贸易","44","广东省","42","千克","0","?","22,704",
"202602","85177950","光通信设备的激光收发模块","134","斯里兰卡","10","一般贸易","51","四川省","0","千克","0","?","1",
"202602","85177950","光通信设备的激光收发模块","134","斯里兰卡","10","一般贸易","65","新疆维吾尔自治区","8","千克","0","?","27",
"202602","85177950","光通信设备的激光收发模块","134","斯里兰卡","33","保税监管场所进出境货物","44","广东省","2","千克","0","?","992",
"202602","85177950","光通信设备的激光收发模块","134","斯里兰卡","34","海关特殊监管区域物流货物","32","江苏省","5","千克","0","?","1,067",
"202602","85177950","光通信设备的激光收发模块","136","泰国","10","一般贸易","11","北京市","1","千克","0","?","2,142",
"202602","85177950","光通信设备的激光收发模块","136","泰国","10","一般贸易","31","上海市","1081","千克","0","?","3,028,002",
"202602","85177950","光通信设备的激光收发模块","136","泰国","10","一般贸易","32","江苏省","626","千克","0","?","1,795,600",
"202602","85177950","光通信设备的激光收发模块","136","泰国","10","一般贸易","33","浙江省","47","千克","0","?","50,807",
"202602","85177950","光通信设备的激光收发模块","136","泰国","10","一般贸易","34","安徽省","2","千克","0","?","81",
"202602","85177950","光通信设备的激光收发模块","136","泰国","10","一般贸易","35","福建省","1","千克","0","?","554",
"202602","85177950","光通信设备的激光收发模块","136","泰国","10","一般贸易","37","山东省","205","千克","0","?","1,084,308",
"202602","85177950","光通信设备的激光收发模块","136","泰国","10","一般贸易","42","湖北省","2787","千克","0","?","1,155,176",
"202602","85177950","光通信设备的激光收发模块","136","泰国","10","一般贸易","44","广东省","1448","千克","0","?","1,505,959",
"202602","85177950","光通信设备的激光收发模块","136","泰国","10","一般贸易","50","重庆市","9","千克","0","?","3,440",
"202602","85177950","光通信设备的激光收发模块","136","泰国","10","一般贸易","51","四川省","5813","千克","0","?","20,483,924",
"202602","85177950","光通信设备的激光收发模块","136","泰国","10","一般贸易","52","贵州省","9","千克","0","?","2,264",
"202602","85177950","光通信设备的激光收发模块","136","泰国","10","一般贸易","65","新疆维吾尔自治区","2","千克","0","?","6",
"202602","85177950","光通信设备的激光收发模块","136","泰国","15","进料加工贸易","32","江苏省","281","千克","0","?","188,375",
"202602","85177950","光通信设备的激光收发模块","136","泰国","15","进料加工贸易","35","福建省","0","千克","0","?","1,294",
"202602","85177950","光通信设备的激光收发模块","136","泰国","15","进料加工贸易","44","广东省","1","千克","0","?","31,278",
"202602","85177950","光通信设备的激光收发模块","136","泰国","34","海关特殊监管区域物流货物","32","江苏省","12","千克","0","?","10,839",
"202602","85177950","光通信设备的激光收发模块","136","泰国","34","海关特殊监管区域物流货物","35","福建省","28","千克","0","?","12,658",
"202602","85177950","光通信设备的激光收发模块","136","泰国","34","海关特殊监管区域物流货物","44","广东省","0","千克","0","?","64",
"202602","85177950","光通信设备的激光收发模块","136","泰国","34","海关特殊监管区域物流货物","45","广西壮族自治区","0","千克","0","?","339",
"202602","85177950","光通信设备的激光收发模块","136","泰国","39","其他","32","江苏省","0","千克","0","?","295",
"202602","85177950","光通信设备的激光收发模块","137","土耳其","10","一般贸易","12","天津市","0","千克","0","?","405",
"202602","85177950","光通信设备的激光收发模块","137","土耳其","10","一般贸易","31","上海市","266","千克","0","?","14,046",
"202602","85177950","光通信设备的激光收发模块","137","土耳其","10","一般贸易","33","浙江省","44","千克","0","?","16,898",
"202602","85177950","光通信设备的激光收发模块","137","土耳其","10","一般贸易","35","福建省","69","千克","0","?","65,552",
"202602","85177950","光通信设备的激光收发模块","137","土耳其","10","一般贸易","41","河南省","1","千克","0","?","5,758",
"202602","85177950","光通信设备的激光收发模块","137","土耳其","10","一般贸易","44","广东省","3041","千克","0","?","2,501,398",
"202602","85177950","光通信设备的激光收发模块","137","土耳其","33","保税监管场所进出境货物","44","广东省","22","千克","0","?","3,606",
"202602","85177950","光通信设备的激光收发模块","138","阿联酋","10","一般贸易","31","上海市","3","千克","0","?","990",
"202602","85177950","光通信设备的激光收发模块","138","阿联酋","10","一般贸易","32","江苏省","15","千克","0","?","18,300",
"202602","85177950","光通信设备的激光收发模块","138","阿联酋","10","一般贸易","33","浙江省","25","千克","0","?","21,722",
"202602","85177950","光通信设备的激光收发模块","138","阿联酋","10","一般贸易","37","山东省","1","千克","0","?","40",
"202602","85177950","光通信设备的激光收发模块","138","阿联酋","10","一般贸易","42","湖北省","108","千克","0","?","47,919",
"202602","85177950","光通信设备的激光收发模块","138","阿联酋","10","一般贸易","44","广东省","2446","千克","0","?","1,683,281",
"202602","85177950","光通信设备的激光收发模块","138","阿联酋","10","一般贸易","51","四川省","247","千克","0","?","45,053",
"202602","85177950","光通信设备的激光收发模块","138","阿联酋","10","一般贸易","61","陕西省","1","千克","0","?","345",
"202602","85177950","光通信设备的激光收发模块","138","阿联酋","15","进料加工贸易","44","广东省","1","千克","0","?","856",
"202602","85177950","光通信设备的激光收发模块","138","阿联酋","33","保税监管场所进出境货物","44","广东省","30","千克","0","?","4,094",
"202602","85177950","光通信设备的激光收发模块","138","阿联酋","34","海关特殊监管区域物流货物","32","江苏省","54","千克","0","?","16,095",
"202602","85177950","光通信设备的激光收发模块","141","越南","10","一般贸易","31","上海市","91","千克","0","?","123,053",
"202602","85177950","光通信设备的激光收发模块","141","越南","10","一般贸易","32","江苏省","38","千克","0","?","73,769",
"202602","85177950","光通信设备的激光收发模块","141","越南","10","一般贸易","33","浙江省","652","千克","0","?","122,258",
"202602","85177950","光通信设备的激光收发模块","141","越南","10","一般贸易","34","安徽省","23","千克","0","?","4,806",
"202602","85177950","光通信设备的激光收发模块","141","越南","10","一般贸易","35","福建省","1","千克","0","?","1,320",
"202602","85177950","光通信设备的激光收发模块","141","越南","10","一般贸易","37","山东省","6","千克","0","?","2,768",
"202602","85177950","光通信设备的激光收发模块","141","越南","10","一般贸易","42","湖北省","1393","千克","0","?","146,362",
"202602","85177950","光通信设备的激光收发模块","141","越南","10","一般贸易","44","广东省","516","千克","0","?","507,208",
"202602","85177950","光通信设备的激光收发模块","141","越南","10","一般贸易","45","广西壮族自治区","0","千克","0","?","5",
"202602","85177950","光通信设备的激光收发模块","141","越南","15","进料加工贸易","32","江苏省","29","千克","0","?","285,786",
"202602","85177950","光通信设备的激光收发模块","141","越南","19","边境小额贸易","45","广西壮族自治区","4","千克","0","?","26",
"202602","85177950","光通信设备的激光收发模块","141","越南","33","保税监管场所进出境货物","44","广东省","109","千克","0","?","26,652",
"202602","85177950","光通信设备的激光收发模块","141","越南","34","海关特殊监管区域物流货物","32","江苏省","9","千克","0","?","16,003",
"202602","85177950","光通信设备的激光收发模块","141","越南","34","海关特殊监管区域物流货物","35","福建省","1","千克","0","?","371",
"202602","85177950","光通信设备的激光收发模块","141","越南","34","海关特殊监管区域物流货物","45","广西壮族自治区","190","千克","0","?","55,392",
"202602","85177950","光通信设备的激光收发模块","143","中国台湾","10","一般贸易","13","河北省","82","千克","0","?","13,471",
"202602","85177950","光通信设备的激光收发模块","143","中国台湾","10","一般贸易","31","上海市","98","千克","0","?","83,396",
"202602","85177950","光通信设备的激光收发模块","143","中国台湾","10","一般贸易","32","江苏省","15","千克","0","?","26,923",
"202602","85177950","光通信设备的激光收发模块","143","中国台湾","10","一般贸易","33","浙江省","2496","千克","0","?","5,915,841",
"202602","85177950","光通信设备的激光收发模块","143","中国台湾","10","一般贸易","34","安徽省","2","千克","0","?","1,500",
"202602","85177950","光通信设备的激光收发模块","143","中国台湾","10","一般贸易","35","福建省","0","千克","0","?","121",
"202602","85177950","光通信设备的激光收发模块","143","中国台湾","10","一般贸易","37","山东省","166","千克","0","?","48,492",
"202602","85177950","光通信设备的激光收发模块","143","中国台湾","10","一般贸易","42","湖北省","727","千克","0","?","966,012",
"202602","85177950","光通信设备的激光收发模块","143","中国台湾","10","一般贸易","43","湖南省","39","千克","0","?","22,515",
"202602","85177950","光通信设备的激光收发模块","143","中国台湾","10","一般贸易","44","广东省","2364","千克","0","?","5,035,064",
"202602","85177950","光通信设备的激光收发模块","143","中国台湾","10","一般贸易","51","四川省","21","千克","0","?","57,914",
"202602","85177950","光通信设备的激光收发模块","143","中国台湾","15","进料加工贸易","32","江苏省","21","千克","0","?","9,252",
"202602","85177950","光通信设备的激光收发模块","143","中国台湾","15","进料加工贸易","33","浙江省","4041","千克","0","?","6,032,251",
"202602","85177950","光通信设备的激光收发模块","143","中国台湾","15","进料加工贸易","35","福建省","1","千克","0","?","3,734",
"202602","85177950","光通信设备的激光收发模块","143","中国台湾","15","进料加工贸易","44","广东省","0","千克","0","?","253",
"202602","85177950","光通信设备的激光收发模块","143","中国台湾","15","进料加工贸易","51","四川省","17779","千克","0","?","35,787,006",
"202602","85177950","光通信设备的激光收发模块","143","中国台湾","33","保税监管场所进出境货物","44","广东省","0","千克","0","?","130",
"202602","85177950","光通信设备的激光收发模块","143","中国台湾","34","海关特殊监管区域物流货物","32","江苏省","1","千克","0","?","91",
"202602","85177950","光通信设备的激光收发模块","143","中国台湾","39","其他","32","江苏省","33","千克","0","?","24,000",
"202602","85177950","光通信设备的激光收发模块","145","哈萨克斯坦","10","一般贸易","31","上海市","89","千克","0","?","49,521",
"202602","85177950","光通信设备的激光收发模块","145","哈萨克斯坦","10","一般贸易","33","浙江省","12","千克","0","?","8,898",
"202602","85177950","光通信设备的激光收发模块","145","哈萨克斯坦","10","一般贸易","44","广东省","737","千克","0","?","337,171",
"202602","85177950","光通信设备的激光收发模块","145","哈萨克斯坦","10","一般贸易","46","海南省","4","千克","0","?","183",
"202602","85177950","光通信设备的激光收发模块","145","哈萨克斯坦","15","进料加工贸易","44","广东省","1","千克","0","?","2,403",
"202602","85177950","光通信设备的激光收发模块","145","哈萨克斯坦","22","对外承包工程出口货物","11","北京市","80","千克","0","?","8,804",
"202602","85177950","光通信设备的激光收发模块","146","吉尔吉斯斯坦","10","一般贸易","33","浙江省","18","千克","0","?","3,402",
"202602","85177950","光通信设备的激光收发模块","146","吉尔吉斯斯坦","10","一般贸易","44","广东省","6","千克","0","?","5,725",
"202602","85177950","光通信设备的激光收发模块","147","塔吉克斯坦","10","一般贸易","31","上海市","8","千克","0","?","5,016",
"202602","85177950","光通信设备的激光收发模块","147","塔吉克斯坦","10","一般贸易","33","浙江省","0","千克","0","?","56",
"202602","85177950","光通信设备的激光收发模块","147","塔吉克斯坦","10","一般贸易","44","广东省","0","千克","0","?","160",
"202602","85177950","光通信设备的激光收发模块","147","塔吉克斯坦","34","海关特殊监管区域物流货物","32","江苏省","3","千克","0","?","1,611",
"202602","85177950","光通信设备的激光收发模块","148","土库曼斯坦","10","一般贸易","33","浙江省","4","千克","0","?","938",
"202602","85177950","光通信设备的激光收发模块","148","土库曼斯坦","10","一般贸易","44","广东省","0","千克","0","?","44,274",
"202602","85177950","光通信设备的激光收发模块","149","乌兹别克斯坦","10","一般贸易","33","浙江省","5","千克","0","?","6,355",
"202602","85177950","光通信设备的激光收发模块","149","乌兹别克斯坦","10","一般贸易","42","湖北省","30","千克","0","?","13,172",
"202602","85177950","光通信设备的激光收发模块","149","乌兹别克斯坦","10","一般贸易","44","广东省","45","千克","0","?","34,488",
"202602","85177950","光通信设备的激光收发模块","149","乌兹别克斯坦","22","对外承包工程出口货物","11","北京市","6","千克","0","?","15,055",
"202602","85177950","光通信设备的激光收发模块","150","格鲁吉亚","10","一般贸易","31","上海市","23","千克","0","?","15,647",
"202602","85177950","光通信设备的激光收发模块","150","格鲁吉亚","10","一般贸易","44","广东省","0","千克","0","?","941",
"202602","85177950","光通信设备的激光收发模块","151","亚美尼亚","10","一般贸易","31","上海市","5","千克","0","?","2,116",
"202602","85177950","光通信设备的激光收发模块","151","亚美尼亚","10","一般贸易","33","浙江省","0","千克","0","?","205",
"202602","85177950","光通信设备的激光收发模块","151","亚美尼亚","10","一般贸易","44","广东省","9","千克","0","?","2,679",
"202602","85177950","光通信设备的激光收发模块","152","阿塞拜疆","10","一般贸易","44","广东省","19","千克","0","?","42,587",
"202602","85177950","光通信设备的激光收发模块","152","阿塞拜疆","15","进料加工贸易","44","广东省","1","千克","0","?","1,652",
"202602","85177950","光通信设备的激光收发模块","201","阿尔及利亚","10","一般贸易","11","北京市","1","千克","0","?","5,106",
"202602","85177950","光通信设备的激光收发模块","201","阿尔及利亚","10","一般贸易","44","广东省","1344","千克","0","?","1,157,275",
"202602","85177950","光通信设备的激光收发模块","202","安哥拉","10","一般贸易","32","江苏省","0","千克","0","?","846",
"202602","85177950","光通信设备的激光收发模块","202","安哥拉","10","一般贸易","44","广东省","3","千克","0","?","1,503",
"202602","85177950","光通信设备的激光收发模块","203","贝宁","10","一般贸易","44","广东省","43","千克","0","?","53,461",
"202602","85177950","光通信设备的激光收发模块","204","博茨瓦纳","10","一般贸易","44","广东省","160","千克","0","?","38,127",
"202602","85177950","光通信设备的激光收发模块","205","布隆迪","10","一般贸易","44","广东省","0","千克","0","?","56",
"202602","85177950","光通信设备的激光收发模块","206","喀麦隆","10","一般贸易","44","广东省","180","千克","0","?","18,198",
"202602","85177950","光通信设备的激光收发模块","209","中非","10","一般贸易","14","山西省","20","千克","0","?","1,062",
"202602","85177950","光通信设备的激光收发模块","211","乍得","10","一般贸易","44","广东省","8","千克","0","?","2,280",
"202602","85177950","光通信设备的激光收发模块","212","科摩罗","10","一般贸易","32","江苏省","3","千克","0","?","208",
"202602","85177950","光通信设备的激光收发模块","213","刚果共和国","10","一般贸易","44","广东省","12","千克","0","?","77,401",
"202602","85177950","光通信设备的激光收发模块","214","吉布提","10","一般贸易","34","安徽省","0","千克","0","?","367",
"202602","85177950","光通信设备的激光收发模块","214","吉布提","10","一般贸易","44","广东省","7","千克","0","?","6,224",
"202602","85177950","光通信设备的激光收发模块","215","埃及","10","一般贸易","33","浙江省","403","千克","0","?","6,416",
"202602","85177950","光通信设备的激光收发模块","215","埃及","10","一般贸易","44","广东省","262","千克","0","?","149,716",
"202602","85177950","光通信设备的激光收发模块","215","埃及","34","海关特殊监管区域物流货物","32","江苏省","16","千克","0","?","2,710",
"202602","85177950","光通信设备的激光收发模块","217","埃塞俄比亚","10","一般贸易","11","北京市","1","千克","0","?","679",
"202602","85177950","光通信设备的激光收发模块","217","埃塞俄比亚","10","一般贸易","44","广东省","15","千克","0","?","3,307",
"202602","85177950","光通信设备的激光收发模块","217","埃塞俄比亚","22","对外承包工程出口货物","37","山东省","0","千克","0","?","261",
"202602","85177950","光通信设备的激光收发模块","218","加蓬","10","一般贸易","44","广东省","2","千克","0","?","3,353",
"202602","85177950","光通信设备的激光收发模块","220","加纳","10","一般贸易","31","上海市","26","千克","0","?","126,732",
"202602","85177950","光通信设备的激光收发模块","220","加纳","10","一般贸易","44","广东省","115","千克","0","?","70,246",
"202602","85177950","光通信设备的激光收发模块","221","几内亚","10","一般贸易","33","浙江省","2","千克","0","?","78",
"202602","85177950","光通信设备的激光收发模块","221","几内亚","10","一般贸易","37","山东省","6","千克","0","?","1,141",
"202602","85177950","光通信设备的激光收发模块","221","几内亚","10","一般贸易","44","广东省","144","千克","0","?","87,781",
"202602","85177950","光通信设备的激光收发模块","221","几内亚","10","一般贸易","45","广西壮族自治区","6","千克","0","?","408",
"202602","85177950","光通信设备的激光收发模块","223","科特迪瓦","10","一般贸易","33","浙江省","1","千克","0","?","664",
"202602","85177950","光通信设备的激光收发模块","223","科特迪瓦","10","一般贸易","44","广东省","10","千克","0","?","16,169",
"202602","85177950","光通信设备的激光收发模块","224","肯尼亚","10","一般贸易","31","上海市","0","千克","0","?","237",
"202602","85177950","光通信设备的激光收发模块","224","肯尼亚","10","一般贸易","35","福建省","0","千克","0","?","792",
"202602","85177950","光通信设备的激光收发模块","224","肯尼亚","10","一般贸易","36","江西省","1","千克","0","?","74",
"202602","85177950","光通信设备的激光收发模块","224","肯尼亚","10","一般贸易","44","广东省","206","千克","0","?","66,380",
"202602","85177950","光通信设备的激光收发模块","225","利比里亚","10","一般贸易","44","广东省","1","千克","0","?","360",
"202602","85177950","光通信设备的激光收发模块","226","利比亚","10","一般贸易","44","广东省","44","千克","0","?","12,383",
"202602","85177950","光通信设备的激光收发模块","227","马达加斯加","10","一般贸易","44","广东省","5","千克","0","?","1,970",
"202602","85177950","光通信设备的激光收发模块","228","马拉维","10","一般贸易","31","上海市","5","千克","0","?","1,020",
"202602","85177950","光通信设备的激光收发模块","228","马拉维","10","一般贸易","44","广东省","69","千克","0","?","33,628",
"202602","85177950","光通信设备的激光收发模块","229","马里","10","一般贸易","44","广东省","0","千克","0","?","704",
"202602","85177950","光通信设备的激光收发模块","231","毛里求斯","10","一般贸易","33","浙江省","1","千克","0","?","366",
"202602","85177950","光通信设备的激光收发模块","231","毛里求斯","10","一般贸易","44","广东省","1","千克","0","?","1,452",
"202602","85177950","光通信设备的激光收发模块","232","摩洛哥","10","一般贸易","44","广东省","150","千克","0","?","77,448",
"202602","85177950","光通信设备的激光收发模块","232","摩洛哥","15","进料加工贸易","44","广东省","0","千克","0","?","1,124",
"202602","85177950","光通信设备的激光收发模块","232","摩洛哥","33","保税监管场所进出境货物","44","广东省","2","千克","0","?","1,672",
"202602","85177950","光通信设备的激光收发模块","233","莫桑比克","10","一般贸易","44","广东省","56","千克","0","?","5,867",
"202602","85177950","光通信设备的激光收发模块","236","尼日利亚","10","一般贸易","33","浙江省","2","千克","0","?","174",
"202602","85177950","光通信设备的激光收发模块","236","尼日利亚","10","一般贸易","44","广东省","97","千克","0","?","58,298",
"202602","85177950","光通信设备的激光收发模块","237","留尼汪","10","一般贸易","44","广东省","0","千克","0","?","179",
"202602","85177950","光通信设备的激光收发模块","238","卢旺达","10","一般贸易","32","江苏省","0","千克","0","?","105",
"202602","85177950","光通信设备的激光收发模块","238","卢旺达","10","一般贸易","44","广东省","1","千克","0","?","3,140",
"202602","85177950","光通信设备的激光收发模块","240","塞内加尔","10","一般贸易","44","广东省","47","千克","0","?","25,658",
"202602","85177950","光通信设备的激光收发模块","242","塞拉利昂","10","一般贸易","44","广东省","34","千克","0","?","20,000",
"202602","85177950","光通信设备的激光收发模块","244","南非","10","一般贸易","31","上海市","30","千克","0","?","4,574",
"202602","85177950","光通信设备的激光收发模块","244","南非","10","一般贸易","33","浙江省","2","千克","0","?","281",
"202602","85177950","光通信设备的激光收发模块","244","南非","10","一般贸易","41","河南省","3","千克","0","?","2,257",
"202602","85177950","光通信设备的激光收发模块","244","南非","10","一般贸易","42","湖北省","2","千克","0","?","563",
"202602","85177950","光通信设备的激光收发模块","244","南非","10","一般贸易","44","广东省","546","千克","0","?","229,220",
"202602","85177950","光通信设备的激光收发模块","244","南非","10","一般贸易","52","贵州省","46","千克","0","?","10,560",
"202602","85177950","光通信设备的激光收发模块","244","南非","15","进料加工贸易","44","广东省","0","千克","0","?","1,837",
"202602","85177950","光通信设备的激光收发模块","244","南非","33","保税监管场所进出境货物","44","广东省","27","千克","0","?","5,640",
"202602","85177950","光通信设备的激光收发模块","244","南非","34","海关特殊监管区域物流货物","32","江苏省","0","千克","0","?","76",
"202602","85177950","光通信设备的激光收发模块","247","坦桑尼亚","10","一般贸易","32","江苏省","2","千克","0","?","612",
"202602","85177950","光通信设备的激光收发模块","247","坦桑尼亚","10","一般贸易","33","浙江省","3","千克","0","?","1,492",
"202602","85177950","光通信设备的激光收发模块","247","坦桑尼亚","10","一般贸易","37","山东省","3","千克","0","?","94",
"202602","85177950","光通信设备的激光收发模块","247","坦桑尼亚","10","一般贸易","44","广东省","47","千克","0","?","18,161",
"202602","85177950","光通信设备的激光收发模块","249","突尼斯","10","一般贸易","32","江苏省","0","千克","0","?","64",
"202602","85177950","光通信设备的激光收发模块","249","突尼斯","10","一般贸易","44","广东省","60","千克","0","?","145,320",
"202602","85177950","光通信设备的激光收发模块","251","布基纳法索","10","一般贸易","44","广东省","15","千克","0","?","8,359",
"202602","85177950","光通信设备的激光收发模块","252","刚果民主共和国","10","一般贸易","31","上海市","681","千克","0","?","26,267",
"202602","85177950","光通信设备的激光收发模块","252","刚果民主共和国","10","一般贸易","36","江西省","6","千克","0","?","272",
"202602","85177950","光通信设备的激光收发模块","252","刚果民主共和国","10","一般贸易","44","广东省","150","千克","0","?","55,302",
"202602","85177950","光通信设备的激光收发模块","253","赞比亚","10","一般贸易","44","广东省","1","千克","0","?","3,050",
"202602","85177950","光通信设备的激光收发模块","254","津巴布韦","10","一般贸易","44","广东省","31","千克","0","?","71,911",
"202602","85177950","光通信设备的激光收发模块","258","厄立特里亚","10","一般贸易","33","浙江省","0","千克","0","?","16",
"202602","85177950","光通信设备的激光收发模块","301","比利时","10","一般贸易","31","上海市","45","千克","0","?","67,549",
"202602","85177950","光通信设备的激光收发模块","301","比利时","10","一般贸易","32","江苏省","83","千克","0","?","21,737",
"202602","85177950","光通信设备的激光收发模块","301","比利时","10","一般贸易","34","安徽省","307","千克","0","?","38,260",
"202602","85177950","光通信设备的激光收发模块","301","比利时","10","一般贸易","37","山东省","4","千克","0","?","342",
"202602","85177950","光通信设备的激光收发模块","301","比利时","10","一般贸易","42","湖北省","364","千克","0","?","354,641",
"202602","85177950","光通信设备的激光收发模块","301","比利时","10","一般贸易","44","广东省","106","千克","0","?","78,753",
"202602","85177950","光通信设备的激光收发模块","301","比利时","10","一般贸易","51","四川省","7","千克","0","?","18,752",
"202602","85177950","光通信设备的激光收发模块","301","比利时","15","进料加工贸易","32","江苏省","60","千克","0","?","55,195",
"202602","85177950","光通信设备的激光收发模块","302","丹麦","10","一般贸易","11","北京市","0","千克","0","?","40",
"202602","85177950","光通信设备的激光收发模块","302","丹麦","10","一般贸易","31","上海市","10","千克","0","?","14,988",
"202602","85177950","光通信设备的激光收发模块","302","丹麦","10","一般贸易","32","江苏省","1","千克","0","?","3,593",
"202602","85177950","光通信设备的激光收发模块","302","丹麦","10","一般贸易","34","安徽省","11","千克","0","?","1,435",
"202602","85177950","光通信设备的激光收发模块","302","丹麦","10","一般贸易","42","湖北省","8","千克","0","?","32,210",
"202602","85177950","光通信设备的激光收发模块","302","丹麦","10","一般贸易","44","广东省","58","千克","0","?","67,870",
"202602","85177950","光通信设备的激光收发模块","302","丹麦","10","一般贸易","51","四川省","181","千克","0","?","82,984",
"202602","85177950","光通信设备的激光收发模块","302","丹麦","15","进料加工贸易","32","江苏省","3","千克","0","?","16,966",
"202602","85177950","光通信设备的激光收发模块","302","丹麦","33","保税监管场所进出境货物","44","广东省","15","千克","0","?","1,540",
"202602","85177950","光通信设备的激光收发模块","302","丹麦","34","海关特殊监管区域物流货物","32","江苏省","0","千克","0","?","82",
"202602","85177950","光通信设备的激光收发模块","302","丹麦","39","其他","35","福建省","0","千克","0","?","185",
"202602","85177950","光通信设备的激光收发模块","303","英国","10","一般贸易","31","上海市","36","千克","0","?","56,292",
"202602","85177950","光通信设备的激光收发模块","303","英国","10","一般贸易","32","江苏省","57","千克","0","?","112,490",
"202602","85177950","光通信设备的激光收发模块","303","英国","10","一般贸易","34","安徽省","14","千克","0","?","3,008",
"202602","85177950","光通信设备的激光收发模块","303","英国","10","一般贸易","35","福建省","2","千克","0","?","5,102",
"202602","85177950","光通信设备的激光收发模块","303","英国","10","一般贸易","42","湖北省","506","千克","0","?","646,794",
"202602","85177950","光通信设备的激光收发模块","303","英国","10","一般贸易","44","广东省","1026","千克","0","?","726,687",
"202602","85177950","光通信设备的激光收发模块","303","英国","10","一般贸易","45","广西壮族自治区","8","千克","0","?","26",
"202602","85177950","光通信设备的激光收发模块","303","英国","10","一般贸易","46","海南省","6","千克","0","?","5,745",
"202602","85177950","光通信设备的激光收发模块","303","英国","10","一般贸易","51","四川省","107","千克","0","?","102,964",
"202602","85177950","光通信设备的激光收发模块","303","英国","10","一般贸易","61","陕西省","0","千克","0","?","295",
"202602","85177950","光通信设备的激光收发模块","303","英国","10","一般贸易","65","新疆维吾尔自治区","0","千克","0","?","3",
"202602","85177950","光通信设备的激光收发模块","303","英国","15","进料加工贸易","44","广东省","0","千克","0","?","1,036",
"202602","85177950","光通信设备的激光收发模块","303","英国","15","进料加工贸易","51","四川省","59","千克","0","?","238,213",
"202602","85177950","光通信设备的激光收发模块","303","英国","34","海关特殊监管区域物流货物","44","广东省","96","千克","0","?","53,346",
"202602","85177950","光通信设备的激光收发模块","303","英国","39","其他","32","江苏省","1","千克","0","?","6,525",
"202602","85177950","光通信设备的激光收发模块","304","德国","10","一般贸易","11","北京市","7","千克","0","?","3,330",
"202602","85177950","光通信设备的激光收发模块","304","德国","10","一般贸易","31","上海市","0","千克","0","?","954",
"202602","85177950","光通信设备的激光收发模块","304","德国","10","一般贸易","32","江苏省","39","千克","0","?","89,487",
"202602","85177950","光通信设备的激光收发模块","304","德国","10","一般贸易","33","浙江省","103","千克","0","?","183,927",
"202602","85177950","光通信设备的激光收发模块","304","德国","10","一般贸易","35","福建省","0","千克","0","?","136",
"202602","85177950","光通信设备的激光收发模块","304","德国","10","一般贸易","37","山东省","8","千克","0","?","21,064",
"202602","85177950","光通信设备的激光收发模块","304","德国","10","一般贸易","41","河南省","3","千克","0","?","6,066",
"202602","85177950","光通信设备的激光收发模块","304","德国","10","一般贸易","42","湖北省","695","千克","0","?","857,207",
"202602","85177950","光通信设备的激光收发模块","304","德国","10","一般贸易","43","湖南省","0","千克","0","?","1,300",
"202602","85177950","光通信设备的激光收发模块","304","德国","10","一般贸易","44","广东省","4306","千克","0","?","2,120,432",
"202602","85177950","光通信设备的激光收发模块","304","德国","10","一般贸易","45","广西壮族自治区","6","千克","0","?","930",
"202602","85177950","光通信设备的激光收发模块","304","德国","10","一般贸易","51","四川省","859","千克","0","?","462,418",
"202602","85177950","光通信设备的激光收发模块","304","德国","10","一般贸易","52","贵州省","1","千克","0","?","875",
"202602","85177950","光通信设备的激光收发模块","304","德国","10","一般贸易","65","新疆维吾尔自治区","32","千克","0","?","1,786",
"202602","85177950","光通信设备的激光收发模块","304","德国","15","进料加工贸易","32","江苏省","50","千克","0","?","414,688",
"202602","85177950","光通信设备的激光收发模块","304","德国","33","保税监管场所进出境货物","44","广东省","2","千克","0","?","325",
"202602","85177950","光通信设备的激光收发模块","304","德国","34","海关特殊监管区域物流货物","42","湖北省","811","千克","0","?","1,113,261",
"202602","85177950","光通信设备的激光收发模块","304","德国","34","海关特殊监管区域物流货物","44","广东省","99","千克","0","?","120,779",
"202602","85177950","光通信设备的激光收发模块","305","法国","10","一般贸易","31","上海市","4","千克","0","?","183",
"202602","85177950","光通信设备的激光收发模块","305","法国","10","一般贸易","32","江苏省","23","千克","0","?","19,511",
"202602","85177950","光通信设备的激光收发模块","305","法国","10","一般贸易","33","浙江省","7","千克","0","?","10,764",
"202602","85177950","光通信设备的激光收发模块","305","法国","10","一般贸易","35","福建省","83","千克","0","?","20,139",
"202602","85177950","光通信设备的激光收发模块","305","法国","10","一般贸易","42","湖北省","112","千克","0","?","83,324",
"202602","85177950","光通信设备的激光收发模块","305","法国","10","一般贸易","43","湖南省","5","千克","0","?","14,080",
"202602","85177950","光通信设备的激光收发模块","305","法国","10","一般贸易","44","广东省","273","千克","0","?","73,178",
"202602","85177950","光通信设备的激光收发模块","305","法国","10","一般贸易","45","广西壮族自治区","7","千克","0","?","656",
"202602","85177950","光通信设备的激光收发模块","305","法国","10","一般贸易","51","四川省","104","千克","0","?","93,166",
"202602","85177950","光通信设备的激光收发模块","305","法国","10","一般贸易","65","新疆维吾尔自治区","3","千克","0","?","325",
"202602","85177950","光通信设备的激光收发模块","305","法国","15","进料加工贸易","32","江苏省","2","千克","0","?","1,280",
"202602","85177950","光通信设备的激光收发模块","305","法国","15","进料加工贸易","51","四川省","0","千克","0","?","211",
"202602","85177950","光通信设备的激光收发模块","306","爱尔兰","10","一般贸易","21","辽宁省","0","千克","0","?","9,357",
"202602","85177950","光通信设备的激光收发模块","306","爱尔兰","10","一般贸易","32","江苏省","1880","千克","0","?","1,223,920",
"202602","85177950","光通信设备的激光收发模块","306","爱尔兰","10","一般贸易","33","浙江省","0","千克","0","?","1,022",
"202602","85177950","光通信设备的激光收发模块","306","爱尔兰","10","一般贸易","44","广东省","132","千克","0","?","267,266",
"202602","85177950","光通信设备的激光收发模块","306","爱尔兰","10","一般贸易","52","贵州省","10","千克","0","?","2,131",
"202602","85177950","光通信设备的激光收发模块","306","爱尔兰","10","一般贸易","65","新疆维吾尔自治区","0","千克","0","?","10",
"202602","85177950","光通信设备的激光收发模块","306","爱尔兰","15","进料加工贸易","32","江苏省","15741","千克","0","?","2,713,320",
"202602","85177950","光通信设备的激光收发模块","307","意大利","10","一般贸易","31","上海市","11","千克","0","?","2,371",
"202602","85177950","光通信设备的激光收发模块","307","意大利","10","一般贸易","32","江苏省","0","千克","0","?","174",
"202602","85177950","光通信设备的激光收发模块","307","意大利","10","一般贸易","33","浙江省","65","千克","0","?","21,331",
"202602","85177950","光通信设备的激光收发模块","307","意大利","10","一般贸易","35","福建省","0","千克","0","?","1,100",
"202602","85177950","光通信设备的激光收发模块","307","意大利","10","一般贸易","37","山东省","4","千克","0","?","322",
"202602","85177950","光通信设备的激光收发模块","307","意大利","10","一般贸易","42","湖北省","0","千克","0","?","429",
"202602","85177950","光通信设备的激光收发模块","307","意大利","10","一般贸易","44","广东省","298","千克","0","?","663,639",
"202602","85177950","光通信设备的激光收发模块","307","意大利","10","一般贸易","51","四川省","1","千克","0","?","273",
"202602","85177950","光通信设备的激光收发模块","307","意大利","10","一般贸易","65","新疆维吾尔自治区","0","千克","0","?","3",
"202602","85177950","光通信设备的激光收发模块","307","意大利","15","进料加工贸易","32","江苏省","1","千克","0","?","3,327",
"202602","85177950","光通信设备的激光收发模块","307","意大利","15","进料加工贸易","51","四川省","0","千克","0","?","6,729",
"202602","85177950","光通信设备的激光收发模块","307","意大利","33","保税监管场所进出境货物","35","福建省","8","千克","0","?","6,904",
"202602","85177950","光通信设备的激光收发模块","307","意大利","39","其他","44","广东省","0","千克","0","?","1,000",
"202602","85177950","光通信设备的激光收发模块","308","卢森堡","10","一般贸易","44","广东省","0","千克","0","?","700",
"202602","85177950","光通信设备的激光收发模块","309","荷兰","10","一般贸易","11","北京市","32","千克","0","?","6,747",
"202602","85177950","光通信设备的激光收发模块","309","荷兰","10","一般贸易","31","上海市","52","千克","0","?","73,880",
"202602","85177950","光通信设备的激光收发模块","309","荷兰","10","一般贸易","32","江苏省","313","千克","0","?","943,909",
"202602","85177950","光通信设备的激光收发模块","309","荷兰","10","一般贸易","33","浙江省","230","千克","0","?","405,394",
"202602","85177950","光通信设备的激光收发模块","309","荷兰","10","一般贸易","35","福建省","3","千克","0","?","2,502",
"202602","85177950","光通信设备的激光收发模块","309","荷兰","10","一般贸易","37","山东省","2","千克","0","?","200",
"202602","85177950","光通信设备的激光收发模块","309","荷兰","10","一般贸易","42","湖北省","4076","千克","0","?","2,973,533",
"202602","85177950","光通信设备的激光收发模块","309","荷兰","10","一般贸易","44","广东省","2027","千克","0","?","1,048,703",
"202602","85177950","光通信设备的激光收发模块","309","荷兰","10","一般贸易","51","四川省","872","千克","0","?","632,288",
"202602","85177950","光通信设备的激光收发模块","309","荷兰","10","一般贸易","52","贵州省","1","千克","0","?","50",
"202602","85177950","光通信设备的激光收发模块","309","荷兰","10","一般贸易","65","新疆维吾尔自治区","0","千克","0","?","96",
"202602","85177950","光通信设备的激光收发模块","309","荷兰","15","进料加工贸易","32","江苏省","240","千克","0","?","510,656",
"202602","85177950","光通信设备的激光收发模块","309","荷兰","15","进料加工贸易","44","广东省","40","千克","0","?","168,987",
"202602","85177950","光通信设备的激光收发模块","309","荷兰","15","进料加工贸易","51","四川省","103","千克","0","?","115,702",
"202602","85177950","光通信设备的激光收发模块","309","荷兰","34","海关特殊监管区域物流货物","11","北京市","0","千克","0","?","27,296",
"202602","85177950","光通信设备的激光收发模块","309","荷兰","34","海关特殊监管区域物流货物","32","江苏省","20","千克","0","?","42,189",
"202602","85177950","光通信设备的激光收发模块","310","希腊","10","一般贸易","32","江苏省","9","千克","0","?","4,500",
"202602","85177950","光通信设备的激光收发模块","310","希腊","10","一般贸易","44","广东省","168","千克","0","?","214,774",
"202602","85177950","光通信设备的激光收发模块","310","希腊","10","一般贸易","65","新疆维吾尔自治区","2","千克","0","?","142",
"202602","85177950","光通信设备的激光收发模块","310","希腊","33","保税监管场所进出境货物","44","广东省","32","千克","0","?","5,650",
"202602","85177950","光通信设备的激光收发模块","311","葡萄牙","10","一般贸易","14","山西省","1","千克","0","?","180",
"202602","85177950","光通信设备的激光收发模块","311","葡萄牙","10","一般贸易","33","浙江省","26","千克","0","?","30,547",
"202602","85177950","光通信设备的激光收发模块","311","葡萄牙","10","一般贸易","43","湖南省","0","千克","0","?","90",
"202602","85177950","光通信设备的激光收发模块","311","葡萄牙","10","一般贸易","44","广东省","85","千克","0","?","84,872",
"202602","85177950","光通信设备的激光收发模块","312","西班牙","10","一般贸易","33","浙江省","45","千克","0","?","81,036",
"202602","85177950","光通信设备的激光收发模块","312","西班牙","10","一般贸易","35","福建省","28","千克","0","?","26,550",
"202602","85177950","光通信设备的激光收发模块","312","西班牙","10","一般贸易","37","山东省","0","千克","0","?","12",
"202602","85177950","光通信设备的激光收发模块","312","西班牙","10","一般贸易","44","广东省","126","千克","0","?","41,854",
"202602","85177950","光通信设备的激光收发模块","312","西班牙","10","一般贸易","45","广西壮族自治区","0","千克","0","?","2,650",
"202602","85177950","光通信设备的激光收发模块","312","西班牙","10","一般贸易","51","四川省","2","千克","0","?","1,082",
"202602","85177950","光通信设备的激光收发模块","312","西班牙","10","一般贸易","65","新疆维吾尔自治区","0","千克","0","?","37",
"202602","85177950","光通信设备的激光收发模块","312","西班牙","34","海关特殊监管区域物流货物","32","江苏省","1","千克","0","?","820",
"202602","85177950","光通信设备的激光收发模块","315","奥地利","10","一般贸易","31","上海市","2","千克","0","?","745",
"202602","85177950","光通信设备的激光收发模块","315","奥地利","10","一般贸易","33","浙江省","0","千克","0","?","2,025",
"202602","85177950","光通信设备的激光收发模块","315","奥地利","10","一般贸易","44","广东省","22","千克","0","?","8,704",
"202602","85177950","光通信设备的激光收发模块","316","保加利亚","10","一般贸易","33","浙江省","3","千克","0","?","1,935",
"202602","85177950","光通信设备的激光收发模块","316","保加利亚","10","一般贸易","42","湖北省","11","千克","0","?","2,376",
"202602","85177950","光通信设备的激光收发模块","316","保加利亚","10","一般贸易","44","广东省","21","千克","0","?","10,915",
"202602","85177950","光通信设备的激光收发模块","316","保加利亚","10","一般贸易","51","四川省","14","千克","0","?","4,350",
"202602","85177950","光通信设备的激光收发模块","318","芬兰","10","一般贸易","31","上海市","57","千克","0","?","153,000",
"202602","85177950","光通信设备的激光收发模块","318","芬兰","10","一般贸易","42","湖北省","142","千克","0","?","83,722",
"202602","85177950","光通信设备的激光收发模块","318","芬兰","10","一般贸易","44","广东省","394","千克","0","?","590,440",
"202602","85177950","光通信设备的激光收发模块","318","芬兰","15","进料加工贸易","33","浙江省","12","千克","0","?","10,087",
"202602","85177950","光通信设备的激光收发模块","318","芬兰","34","海关特殊监管区域物流货物","32","江苏省","5","千克","0","?","12,372",
"202602","85177950","光通信设备的激光收发模块","321","匈牙利","10","一般贸易","32","江苏省","0","千克","0","?","30",
"202602","85177950","光通信设备的激光收发模块","321","匈牙利","10","一般贸易","33","浙江省","1","千克","0","?","129",
"202602","85177950","光通信设备的激光收发模块","321","匈牙利","10","一般贸易","34","安徽省","0","千克","0","?","15",
"202602","85177950","光通信设备的激光收发模块","321","匈牙利","10","一般贸易","42","湖北省","2","千克","0","?","1,122",
"202602","85177950","光通信设备的激光收发模块","321","匈牙利","10","一般贸易","44","广东省","2228","千克","0","?","3,151,096",
"202602","85177950","光通信设备的激光收发模块","321","匈牙利","10","一般贸易","51","四川省","9","千克","0","?","3,009",
"202602","85177950","光通信设备的激光收发模块","321","匈牙利","10","一般贸易","62","甘肃省","0","千克","0","?","20",
"202602","85177950","光通信设备的激光收发模块","321","匈牙利","10","一般贸易","65","新疆维吾尔自治区","1","千克","0","?","212",
"202602","85177950","光通信设备的激光收发模块","321","匈牙利","33","保税监管场所进出境货物","44","广东省","19","千克","0","?","23,351",
"202602","85177950","光通信设备的激光收发模块","322","冰岛","10","一般贸易","44","广东省","10","千克","0","?","4,438",
"202602","85177950","光通信设备的激光收发模块","326","挪威","10","一般贸易","31","上海市","12","千克","0","?","44,871",
"202602","85177950","光通信设备的激光收发模块","326","挪威","10","一般贸易","32","江苏省","4","千克","0","?","7,686",
"202602","85177950","光通信设备的激光收发模块","326","挪威","10","一般贸易","33","浙江省","27","千克","0","?","5,113",
"202602","85177950","光通信设备的激光收发模块","326","挪威","10","一般贸易","42","湖北省","215","千克","0","?","260,692",
"202602","85177950","光通信设备的激光收发模块","326","挪威","10","一般贸易","44","广东省","100","千克","0","?","76,905",
"202602","85177950","光通信设备的激光收发模块","326","挪威","10","一般贸易","51","四川省","66","千克","0","?","192,726",
"202602","85177950","光通信设备的激光收发模块","326","挪威","15","进料加工贸易","51","四川省","2","千克","0","?","5,200",
"202602","85177950","光通信设备的激光收发模块","327","波兰","10","一般贸易","11","北京市","1","千克","0","?","560",
"202602","85177950","光通信设备的激光收发模块","327","波兰","10","一般贸易","14","山西省","1","千克","0","?","57",
"202602","85177950","光通信设备的激光收发模块","327","波兰","10","一般贸易","31","上海市","20","千克","0","?","20,634",
"202602","85177950","光通信设备的激光收发模块","327","波兰","10","一般贸易","32","江苏省","46","千克","0","?","5,253",
"202602","85177950","光通信设备的激光收发模块","327","波兰","10","一般贸易","33","浙江省","10","千克","0","?","17,060",
"202602","85177950","光通信设备的激光收发模块","327","波兰","10","一般贸易","42","湖北省","189","千克","0","?","153,549",
"202602","85177950","光通信设备的激光收发模块","327","波兰","10","一般贸易","44","广东省","1531","千克","0","?","557,498",
"202602","85177950","光通信设备的激光收发模块","327","波兰","10","一般贸易","45","广西壮族自治区","1","千克","0","?","2,520",
"202602","85177950","光通信设备的激光收发模块","327","波兰","10","一般贸易","46","海南省","22","千克","0","?","1,275",
"202602","85177950","光通信设备的激光收发模块","327","波兰","10","一般贸易","51","四川省","86","千克","0","?","105,813",
"202602","85177950","光通信设备的激光收发模块","327","波兰","34","海关特殊监管区域物流货物","32","江苏省","0","千克","0","?","4,706",
"202602","85177950","光通信设备的激光收发模块","328","罗马尼亚","10","一般贸易","33","浙江省","48","千克","0","?","15,200",
"202602","85177950","光通信设备的激光收发模块","328","罗马尼亚","10","一般贸易","41","河南省","5","千克","0","?","1,085",
"202602","85177950","光通信设备的激光收发模块","328","罗马尼亚","10","一般贸易","44","广东省","69","千克","0","?","16,537",
"202602","85177950","光通信设备的激光收发模块","328","罗马尼亚","10","一般贸易","45","广西壮族自治区","2","千克","0","?","373",
"202602","85177950","光通信设备的激光收发模块","328","罗马尼亚","10","一般贸易","51","四川省","1","千克","0","?","2,788",
"202602","85177950","光通信设备的激光收发模块","330","瑞典","10","一般贸易","32","江苏省","1","千克","0","?","3,331",
"202602","85177950","光通信设备的激光收发模块","330","瑞典","10","一般贸易","33","浙江省","11","千克","0","?","1,273",
"202602","85177950","光通信设备的激光收发模块","330","瑞典","10","一般贸易","42","湖北省","1692","千克","0","?","537,300",
"202602","85177950","光通信设备的激光收发模块","330","瑞典","10","一般贸易","44","广东省","382","千克","0","?","131,901",
"202602","85177950","光通信设备的激光收发模块","330","瑞典","10","一般贸易","51","四川省","563","千克","0","?","173,868",
"202602","85177950","光通信设备的激光收发模块","330","瑞典","15","进料加工贸易","32","江苏省","2","千克","0","?","3,780",
"202602","85177950","光通信设备的激光收发模块","330","瑞典","15","进料加工贸易","51","四川省","103","千克","0","?","37,581",
"202602","85177950","光通信设备的激光收发模块","330","瑞典","34","海关特殊监管区域物流货物","32","江苏省","1","千克","0","?","1,584",
"202602","85177950","光通信设备的激光收发模块","331","瑞士","10","一般贸易","11","北京市","4","千克","0","?","639",
"202602","85177950","光通信设备的激光收发模块","331","瑞士","10","一般贸易","21","辽宁省","80","千克","0","?","190,473",
"202602","85177950","光通信设备的激光收发模块","331","瑞士","10","一般贸易","32","江苏省","2","千克","0","?","2,919",
"202602","85177950","光通信设备的激光收发模块","331","瑞士","10","一般贸易","33","浙江省","1","千克","0","?","532",
"202602","85177950","光通信设备的激光收发模块","331","瑞士","10","一般贸易","42","湖北省","423","千克","0","?","316,813",
"202602","85177950","光通信设备的激光收发模块","331","瑞士","10","一般贸易","44","广东省","93","千克","0","?","41,294",
"202602","85177950","光通信设备的激光收发模块","334","爱沙尼亚","10","一般贸易","42","湖北省","7","千克","0","?","6,987",
"202602","85177950","光通信设备的激光收发模块","334","爱沙尼亚","10","一般贸易","44","广东省","2","千克","0","?","4,445",
"202602","85177950","光通信设备的激光收发模块","334","爱沙尼亚","15","进料加工贸易","51","四川省","2","千克","0","?","6,715",
"202602","85177950","光通信设备的激光收发模块","335","拉脱维亚","10","一般贸易","32","江苏省","13","千克","0","?","1,572",
"202602","85177950","光通信设备的激光收发模块","335","拉脱维亚","10","一般贸易","42","湖北省","4","千克","0","?","1,127",
"202602","85177950","光通信设备的激光收发模块","335","拉脱维亚","10","一般贸易","44","广东省","860","千克","0","?","313,234",
"202602","85177950","光通信设备的激光收发模块","336","立陶宛","10","一般贸易","33","浙江省","1","千克","0","?","424",
"202602","85177950","光通信设备的激光收发模块","336","立陶宛","10","一般贸易","44","广东省","112","千克","0","?","14,429",
"202602","85177950","光通信设备的激光收发模块","340","白俄罗斯","10","一般贸易","42","湖北省","3","千克","0","?","5,268",
"202602","85177950","光通信设备的激光收发模块","340","白俄罗斯","10","一般贸易","44","广东省","0","千克","0","?","904",
"202602","85177950","光通信设备的激光收发模块","343","摩尔多瓦","10","一般贸易","44","广东省","74","千克","0","?","23,979",
"202602","85177950","光通信设备的激光收发模块","344","俄罗斯","10","一般贸易","11","北京市","16","千克","0","?","10,506",
"202602","85177950","光通信设备的激光收发模块","344","俄罗斯","10","一般贸易","14","山西省","12","千克","0","?","728",
"202602","85177950","光通信设备的激光收发模块","344","俄罗斯","10","一般贸易","21","辽宁省","1","千克","0","?","718",
"202602","85177950","光通信设备的激光收发模块","344","俄罗斯","10","一般贸易","23","黑龙江省","0","千克","0","?","12",
"202602","85177950","光通信设备的激光收发模块","344","俄罗斯","10","一般贸易","31","上海市","500","千克","0","?","297,681",
"202602","85177950","光通信设备的激光收发模块","344","俄罗斯","10","一般贸易","32","江苏省","138","千克","0","?","86,521",
"202602","85177950","光通信设备的激光收发模块","344","俄罗斯","10","一般贸易","34","安徽省","1163","千克","0","?","112,915",
"202602","85177950","光通信设备的激光收发模块","344","俄罗斯","10","一般贸易","42","湖北省","534","千克","0","?","225,170",
"202602","85177950","光通信设备的激光收发模块","344","俄罗斯","10","一般贸易","44","广东省","5624","千克","0","?","1,013,718",
"202602","85177950","光通信设备的激光收发模块","344","俄罗斯","10","一般贸易","46","海南省","716","千克","0","?","88,675",
"202602","85177950","光通信设备的激光收发模块","344","俄罗斯","10","一般贸易","51","四川省","150","千克","0","?","7,511",
"202602","85177950","光通信设备的激光收发模块","344","俄罗斯","10","一般贸易","53","云南省","3","千克","0","?","114",
"202602","85177950","光通信设备的激光收发模块","344","俄罗斯","10","一般贸易","61","陕西省","1","千克","0","?","7,397",
"202602","85177950","光通信设备的激光收发模块","344","俄罗斯","10","一般贸易","65","新疆维吾尔自治区","0","千克","0","?","29",
"202602","85177950","光通信设备的激光收发模块","344","俄罗斯","33","保税监管场所进出境货物","43","湖南省","113","千克","0","?","22,146",
"202602","85177950","光通信设备的激光收发模块","344","俄罗斯","34","海关特殊监管区域物流货物","31","上海市","107","千克","0","?","28,122",
"202602","85177950","光通信设备的激光收发模块","344","俄罗斯","34","海关特殊监管区域物流货物","41","河南省","16","千克","0","?","12,409",
"202602","85177950","光通信设备的激光收发模块","344","俄罗斯","34","海关特殊监管区域物流货物","42","湖北省","333","千克","0","?","570,122",
"202602","85177950","光通信设备的激光收发模块","344","俄罗斯","34","海关特殊监管区域物流货物","44","广东省","0","千克","0","?","141",
"202602","85177950","光通信设备的激光收发模块","347","乌克兰","10","一般贸易","31","上海市","46","千克","0","?","4,280",
"202602","85177950","光通信设备的激光收发模块","347","乌克兰","10","一般贸易","32","江苏省","37","千克","0","?","37,400",
"202602","85177950","光通信设备的激光收发模块","347","乌克兰","10","一般贸易","42","湖北省","284","千克","0","?","52,000",
"202602","85177950","光通信设备的激光收发模块","347","乌克兰","10","一般贸易","44","广东省","221","千克","0","?","120,009",
"202602","85177950","光通信设备的激光收发模块","350","斯洛文尼亚","10","一般贸易","35","福建省","0","千克","0","?","95",
"202602","85177950","光通信设备的激光收发模块","350","斯洛文尼亚","10","一般贸易","44","广东省","35","千克","0","?","31,014",
"202602","85177950","光通信设备的激光收发模块","350","斯洛文尼亚","33","保税监管场所进出境货物","44","广东省","1","千克","0","?","1,346",
"202602","85177950","光通信设备的激光收发模块","352","捷克","10","一般贸易","31","上海市","0","千克","0","?","25",
"202602","85177950","光通信设备的激光收发模块","352","捷克","10","一般贸易","42","湖北省","42","千克","0","?","54,057",
"202602","85177950","光通信设备的激光收发模块","352","捷克","10","一般贸易","44","广东省","1225","千克","0","?","339,880",
"202602","85177950","光通信设备的激光收发模块","352","捷克","10","一般贸易","65","新疆维吾尔自治区","0","千克","0","?","57",
"202602","85177950","光通信设备的激光收发模块","352","捷克","15","进料加工贸易","32","江苏省","3","千克","0","?","844",
"202602","85177950","光通信设备的激光收发模块","353","斯洛伐克","10","一般贸易","42","湖北省","1","千克","0","?","2,656",
"202602","85177950","光通信设备的激光收发模块","353","斯洛伐克","10","一般贸易","51","四川省","31","千克","0","?","130,669",
"202602","85177950","光通信设备的激光收发模块","354","北马其顿","10","一般贸易","44","广东省","27","千克","0","?","7,109",
"202602","85177950","光通信设备的激光收发模块","355","波斯尼亚和黑塞哥维那","10","一般贸易","44","广东省","59","千克","0","?","50,028",
"202602","85177950","光通信设备的激光收发模块","358","塞尔维亚","10","一般贸易","33","浙江省","2","千克","0","?","5,516",
"202602","85177950","光通信设备的激光收发模块","358","塞尔维亚","10","一般贸易","34","安徽省","0","千克","0","?","177",
"202602","85177950","光通信设备的激光收发模块","358","塞尔维亚","10","一般贸易","42","湖北省","2","千克","0","?","3,450",
"202602","85177950","光通信设备的激光收发模块","358","塞尔维亚","10","一般贸易","44","广东省","23","千克","0","?","7,117",
"202602","85177950","光通信设备的激光收发模块","358","塞尔维亚","10","一般贸易","62","甘肃省","0","千克","0","?","21",
"202602","85177950","光通信设备的激光收发模块","358","塞尔维亚","10","一般贸易","65","新疆维吾尔自治区","0","千克","0","?","25",
"202602","85177950","光通信设备的激光收发模块","402","阿根廷","10","一般贸易","35","福建省","0","千克","0","?","134",
"202602","85177950","光通信设备的激光收发模块","402","阿根廷","10","一般贸易","37","山东省","3","千克","0","?","559",
"202602","85177950","光通信设备的激光收发模块","402","阿根廷","10","一般贸易","44","广东省","371","千克","0","?","658,636",
"202602","85177950","光通信设备的激光收发模块","402","阿根廷","33","保税监管场所进出境货物","44","广东省","3","千克","0","?","1,163",
"202602","85177950","光通信设备的激光收发模块","404","巴哈马","10","一般贸易","11","北京市","101","千克","0","?","3,245",
"202602","85177950","光通信设备的激光收发模块","404","巴哈马","10","一般贸易","33","浙江省","0","千克","0","?","81",
"202602","85177950","光通信设备的激光收发模块","408","玻利维亚
","10","一般贸易","44","广东省","1","千克","0","?","1,048",
"202602","85177950","光通信设备的激光收发模块","410","巴西","10","一般贸易","31","上海市","5","千克","0","?","1,350",
"202602","85177950","光通信设备的激光收发模块","410","巴西","10","一般贸易","32","江苏省","68","千克","0","?","277,543",
"202602","85177950","光通信设备的激光收发模块","410","巴西","10","一般贸易","33","浙江省","7","千克","0","?","11,525",
"202602","85177950","光通信设备的激光收发模块","410","巴西","10","一般贸易","34","安徽省","50","千克","0","?","13,650",
"202602","85177950","光通信设备的激光收发模块","410","巴西","10","一般贸易","35","福建省","12","千克","0","?","8,652",
"202602","85177950","光通信设备的激光收发模块","410","巴西","10","一般贸易","37","山东省","34","千克","0","?","4,860",
"202602","85177950","光通信设备的激光收发模块","410","巴西","10","一般贸易","41","河南省","3","千克","0","?","2,055",
"202602","85177950","光通信设备的激光收发模块","410","巴西","10","一般贸易","42","湖北省","227","千克","0","?","571,817",
"202602","85177950","光通信设备的激光收发模块","410","巴西","10","一般贸易","44","广东省","2386","千克","0","?","1,429,842",
"202602","85177950","光通信设备的激光收发模块","410","巴西","10","一般贸易","45","广西壮族自治区","3","千克","0","?","97",
"202602","85177950","光通信设备的激光收发模块","410","巴西","10","一般贸易","51","四川省","54","千克","0","?","32,833",
"202602","85177950","光通信设备的激光收发模块","410","巴西","10","一般贸易","52","贵州省","7","千克","0","?","5,101",
"202602","85177950","光通信设备的激光收发模块","410","巴西","15","进料加工贸易","44","广东省","0","千克","0","?","7,246",
"202602","85177950","光通信设备的激光收发模块","410","巴西","15","进料加工贸易","51","四川省","228","千克","0","?","199,190",
"202602","85177950","光通信设备的激光收发模块","410","巴西","33","保税监管场所进出境货物","44","广东省","53","千克","0","?","10,547",
"202602","85177950","光通信设备的激光收发模块","410","巴西","34","海关特殊监管区域物流货物","32","江苏省","382","千克","0","?","62,973",
"202602","85177950","光通信设备的激光收发模块","410","巴西","34","海关特殊监管区域物流货物","35","福建省","3","千克","0","?","2,103",
"202602","85177950","光通信设备的激光收发模块","412","智利","10","一般贸易","11","北京市","1","千克","0","?","3,552",
"202602","85177950","光通信设备的激光收发模块","412","智利","10","一般贸易","32","江苏省","1","千克","0","?","42",
"202602","85177950","光通信设备的激光收发模块","412","智利","10","一般贸易","33","浙江省","3","千克","0","?","2,933",
"202602","85177950","光通信设备的激光收发模块","412","智利","10","一般贸易","42","湖北省","9","千克","0","?","32,363",
"202602","85177950","光通信设备的激光收发模块","412","智利","10","一般贸易","44","广东省","10","千克","0","?","14,917",
"202602","85177950","光通信设备的激光收发模块","412","智利","10","一般贸易","52","贵州省","45","千克","0","?","40,674",
"202602","85177950","光通信设备的激光收发模块","412","智利","33","保税监管场所进出境货物","44","广东省","62","千克","0","?","4,400",
"202602","85177950","光通信设备的激光收发模块","412","智利","34","海关特殊监管区域物流货物","32","江苏省","0","千克","0","?","1,105",
"202602","85177950","光通信设备的激光收发模块","413","哥伦比亚","10","一般贸易","33","浙江省","317","千克","0","?","12,532",
"202602","85177950","光通信设备的激光收发模块","413","哥伦比亚","10","一般贸易","35","福建省","1","千克","0","?","1,540",
"202602","85177950","光通信设备的激光收发模块","413","哥伦比亚","10","一般贸易","44","广东省","301","千克","0","?","116,417",
"202602","85177950","光通信设备的激光收发模块","413","哥伦比亚","10","一般贸易","51","四川省","7","千克","0","?","20",
"202602","85177950","光通信设备的激光收发模块","413","哥伦比亚","34","海关特殊监管区域物流货物","32","江苏省","60","千克","0","?","21,613",
"202602","85177950","光通信设备的激光收发模块","415","哥斯达黎加","10","一般贸易","44","广东省","22","千克","0","?","21,113",
"202602","85177950","光通信设备的激光收发模块","418","多米尼加
","10","一般贸易","44","广东省","0","千克","0","?","841",
"202602","85177950","光通信设备的激光收发模块","418","多米尼加
","33","保税监管场所进出境货物","44","广东省","1","千克","0","?","250",
"202602","85177950","光通信设备的激光收发模块","419","厄瓜多尔","10","一般贸易","33","浙江省","3","千克","0","?","470",
"202602","85177950","光通信设备的激光收发模块","419","厄瓜多尔","10","一般贸易","44","广东省","7","千克","0","?","31,578",
"202602","85177950","光通信设备的激光收发模块","423","危地马拉","10","一般贸易","33","浙江省","2","千克","0","?","778",
"202602","85177950","光通信设备的激光收发模块","423","危地马拉","10","一般贸易","44","广东省","4","千克","0","?","1,516",
"202602","85177950","光通信设备的激光收发模块","424","圭亚那","10","一般贸易","44","广东省","1","千克","0","?","9,841",
"202602","85177950","光通信设备的激光收发模块","426","洪都拉斯","10","一般贸易","33","浙江省","4","千克","0","?","2,584",
"202602","85177950","光通信设备的激光收发模块","426","洪都拉斯","10","一般贸易","44","广东省","15","千克","0","?","7,045",
"202602","85177950","光通信设备的激光收发模块","429","墨西哥","10","一般贸易","31","上海市","18","千克","0","?","346",
"202602","85177950","光通信设备的激光收发模块","429","墨西哥","10","一般贸易","32","江苏省","57","千克","0","?","302,555",
"202602","85177950","光通信设备的激光收发模块","429","墨西哥","10","一般贸易","33","浙江省","22","千克","0","?","23,544",
"202602","85177950","光通信设备的激光收发模块","429","墨西哥","10","一般贸易","41","河南省","0","千克","0","?","18",
"202602","85177950","光通信设备的激光收发模块","429","墨西哥","10","一般贸易","42","湖北省","1140","千克","0","?","1,612,123",
"202602","85177950","光通信设备的激光收发模块","429","墨西哥","10","一般贸易","44","广东省","6051","千克","0","?","20,963,514",
"202602","85177950","光通信设备的激光收发模块","429","墨西哥","10","一般贸易","50","重庆市","4","千克","0","?","14,650",
"202602","85177950","光通信设备的激光收发模块","429","墨西哥","10","一般贸易","51","四川省","392","千克","0","?","575,301",
"202602","85177950","光通信设备的激光收发模块","429","墨西哥","15","进料加工贸易","32","江苏省","145","千克","0","?","50,177",
"202602","85177950","光通信设备的激光收发模块","429","墨西哥","15","进料加工贸易","51","四川省","772","千克","0","?","1,286,411",
"202602","85177950","光通信设备的激光收发模块","429","墨西哥","34","海关特殊监管区域物流货物","32","江苏省","1","千克","0","?","2,517",
"202602","85177950","光通信设备的激光收发模块","429","墨西哥","34","海关特殊监管区域物流货物","35","福建省","11","千克","0","?","9,473",
"202602","85177950","光通信设备的激光收发模块","431","尼加拉瓜","10","一般贸易","33","浙江省","0","千克","0","?","9",
"202602","85177950","光通信设备的激光收发模块","431","尼加拉瓜","10","一般贸易","44","广东省","0","千克","0","?","2,478",
"202602","85177950","光通信设备的激光收发模块","432","巴拿马","10","一般贸易","33","浙江省","5","千克","0","?","1,053",
"202602","85177950","光通信设备的激光收发模块","432","巴拿马","10","一般贸易","35","福建省","0","千克","0","?","286",
"202602","85177950","光通信设备的激光收发模块","432","巴拿马","10","一般贸易","44","广东省","929","千克","0","?","823,381",
"202602","85177950","光通信设备的激光收发模块","433","巴拉圭","10","一般贸易","32","江苏省","4","千克","0","?","2,100",
"202602","85177950","光通信设备的激光收发模块","433","巴拉圭","10","一般贸易","33","浙江省","4","千克","0","?","4,378",
"202602","85177950","光通信设备的激光收发模块","433","巴拉圭","10","一般贸易","44","广东省","49","千克","0","?","9,139",
"202602","85177950","光通信设备的激光收发模块","434","秘鲁","10","一般贸易","32","江苏省","0","千克","0","?","300",
"202602","85177950","光通信设备的激光收发模块","434","秘鲁","10","一般贸易","33","浙江省","4","千克","0","?","5,864",
"202602","85177950","光通信设备的激光收发模块","434","秘鲁","10","一般贸易","42","湖北省","12","千克","0","?","10,172",
"202602","85177950","光通信设备的激光收发模块","434","秘鲁","10","一般贸易","44","广东省","910","千克","0","?","1,565,134",
"202602","85177950","光通信设备的激光收发模块","434","秘鲁","10","一般贸易","52","贵州省","4","千克","0","?","1,918",
"202602","85177950","光通信设备的激光收发模块","435","波多黎各","10","一般贸易","44","广东省","1","千克","0","?","138",
"202602","85177950","光通信设备的激光收发模块","437","圣卢西亚","10","一般贸易","44","广东省","7","千克","0","?","2,499",
"202602","85177950","光通信设备的激光收发模块","440","萨尔瓦多","10","一般贸易","44","广东省","18","千克","0","?","16,535",
"202602","85177950","光通信设备的激光收发模块","440","萨尔瓦多","34","海关特殊监管区域物流货物","32","江苏省","9","千克","0","?","1,641",
"202602","85177950","光通信设备的激光收发模块","442","特立尼达和多巴哥","10","一般贸易","33","浙江省","0","千克","0","?","58",
"202602","85177950","光通信设备的激光收发模块","442","特立尼达和多巴哥","10","一般贸易","44","广东省","0","千克","0","?","412",
"202602","85177950","光通信设备的激光收发模块","444","乌拉圭","10","一般贸易","33","浙江省","0","千克","0","?","858",
"202602","85177950","光通信设备的激光收发模块","444","乌拉圭","10","一般贸易","44","广东省","3","千克","0","?","1,761",
"202602","85177950","光通信设备的激光收发模块","444","乌拉圭","10","一般贸易","51","四川省","10","千克","0","?","4,085",
"202602","85177950","光通信设备的激光收发模块","444","乌拉圭","33","保税监管场所进出境货物","44","广东省","21","千克","0","?","1,446",
"202602","85177950","光通信设备的激光收发模块","445","委内瑞拉","10","一般贸易","33","浙江省","13","千克","0","?","14,657",
"202602","85177950","光通信设备的激光收发模块","445","委内瑞拉","10","一般贸易","44","广东省","2","千克","0","?","13,965",
"202602","85177950","光通信设备的激光收发模块","501","加拿大","10","一般贸易","11","北京市","30","千克","0","?","8,824",
"202602","85177950","光通信设备的激光收发模块","501","加拿大","10","一般贸易","31","上海市","6","千克","0","?","32,138",
"202602","85177950","光通信设备的激光收发模块","501","加拿大","10","一般贸易","32","江苏省","100","千克","0","?","394,441",
"202602","85177950","光通信设备的激光收发模块","501","加拿大","10","一般贸易","33","浙江省","30","千克","0","?","48,169",
"202602","85177950","光通信设备的激光收发模块","501","加拿大","10","一般贸易","37","山东省","4","千克","0","?","354",
"202602","85177950","光通信设备的激光收发模块","501","加拿大","10","一般贸易","42","湖北省","50","千克","0","?","157,593",
"202602","85177950","光通信设备的激光收发模块","501","加拿大","10","一般贸易","43","湖南省","22","千克","0","?","3,436",
"202602","85177950","光通信设备的激光收发模块","501","加拿大","10","一般贸易","44","广东省","663","千克","0","?","938,157",
"202602","85177950","光通信设备的激光收发模块","501","加拿大","10","一般贸易","45","广西壮族自治区","9","千克","0","?","916",
"202602","85177950","光通信设备的激光收发模块","501","加拿大","10","一般贸易","51","四川省","19","千克","0","?","64,134",
"202602","85177950","光通信设备的激光收发模块","501","加拿大","10","一般贸易","65","新疆维吾尔自治区","1","千克","0","?","19",
"202602","85177950","光通信设备的激光收发模块","501","加拿大","15","进料加工贸易","44","广东省","0","千克","0","?","281",
"202602","85177950","光通信设备的激光收发模块","501","加拿大","15","进料加工贸易","51","四川省","0","千克","0","?","2,441",
"202602","85177950","光通信设备的激光收发模块","501","加拿大","34","海关特殊监管区域物流货物","32","江苏省","2012","千克","0","?","301,202",
"202602","85177950","光通信设备的激光收发模块","502","美国","10","一般贸易","11","北京市","2","千克","0","?","1,190",
"202602","85177950","光通信设备的激光收发模块","502","美国","10","一般贸易","12","天津市","0","千克","0","?","1",
"202602","85177950","光通信设备的激光收发模块","502","美国","10","一般贸易","31","上海市","591","千克","0","?","749,608",
"202602","85177950","光通信设备的激光收发模块","502","美国","10","一般贸易","32","江苏省","442","千克","0","?","1,229,508",
"202602","85177950","光通信设备的激光收发模块","502","美国","10","一般贸易","33","浙江省","3557","千克","0","?","446,610",
"202602","85177950","光通信设备的激光收发模块","502","美国","10","一般贸易","34","安徽省","2","千克","0","?","3,802",
"202602","85177950","光通信设备的激光收发模块","502","美国","10","一般贸易","35","福建省","90","千克","0","?","372",
"202602","85177950","光通信设备的激光收发模块","502","美国","10","一般贸易","36","江西省","0","千克","0","?","3",
"202602","85177950","光通信设备的激光收发模块","502","美国","10","一般贸易","37","山东省","76","千克","0","?","27,918",
"202602","85177950","光通信设备的激光收发模块","502","美国","10","一般贸易","41","河南省","5","千克","0","?","27,000",
"202602","85177950","光通信设备的激光收发模块","502","美国","10","一般贸易","42","湖北省","2118","千克","0","?","5,339,918",
"202602","85177950","光通信设备的激光收发模块","502","美国","10","一般贸易","44","广东省","9317","千克","0","?","8,632,398",
"202602","85177950","光通信设备的激光收发模块","502","美国","10","一般贸易","45","广西壮族自治区","5","千克","0","?","8",
"202602","85177950","光通信设备的激光收发模块","502","美国","10","一般贸易","46","海南省","69","千克","0","?","4,383",
"202602","85177950","光通信设备的激光收发模块","502","美国","10","一般贸易","50","重庆市","160","千克","0","?","10,054",
"202602","85177950","光通信设备的激光收发模块","502","美国","10","一般贸易","51","四川省","504","千克","0","?","1,583,115",
"202602","85177950","光通信设备的激光收发模块","502","美国","10","一般贸易","65","新疆维吾尔自治区","1","千克","0","?","182",
"202602","85177950","光通信设备的激光收发模块","502","美国","15","进料加工贸易","32","江苏省","852","千克","0","?","1,613,973",
"202602","85177950","光通信设备的激光收发模块","502","美国","15","进料加工贸易","44","广东省","10","千克","0","?","33,559",
"202602","85177950","光通信设备的激光收发模块","502","美国","15","进料加工贸易","50","重庆市","0","千克","0","?","208",
"202602","85177950","光通信设备的激光收发模块","502","美国","15","进料加工贸易","51","四川省","206","千克","0","?","450,528",
"202602","85177950","光通信设备的激光收发模块","502","美国","33","保税监管场所进出境货物","11","北京市","0","千克","0","?","820",
"202602","85177950","光通信设备的激光收发模块","502","美国","33","保税监管场所进出境货物","44","广东省","0","千克","0","?","858",
"202602","85177950","光通信设备的激光收发模块","502","美国","34","海关特殊监管区域物流货物","32","江苏省","16","千克","0","?","89,783",
"202602","85177950","光通信设备的激光收发模块","502","美国","34","海关特殊监管区域物流货物","44","广东省","17","千克","0","?","10,966",
"202602","85177950","光通信设备的激光收发模块","502","美国","39","其他","32","江苏省","3","千克","0","?","7,222",
"202602","85177950","光通信设备的激光收发模块","502","美国","39","其他","33","浙江省","23","千克","0","?","172",
"202602","85177950","光通信设备的激光收发模块","601","澳大利亚","10","一般贸易","11","北京市","15","千克","0","?","2,025",
"202602","85177950","光通信设备的激光收发模块","601","澳大利亚","10","一般贸易","14","山西省","0","千克","0","?","123",
"202602","85177950","光通信设备的激光收发模块","601","澳大利亚","10","一般贸易","31","上海市","0","千克","0","?","62",
"202602","85177950","光通信设备的激光收发模块","601","澳大利亚","10","一般贸易","32","江苏省","0","千克","0","?","192",
"202602","85177950","光通信设备的激光收发模块","601","澳大利亚","10","一般贸易","33","浙江省","0","千克","0","?","96",
"202602","85177950","光通信设备的激光收发模块","601","澳大利亚","10","一般贸易","42","湖北省","29","千克","0","?","69,441",
"202602","85177950","光通信设备的激光收发模块","601","澳大利亚","10","一般贸易","44","广东省","202","千克","0","?","323,579",
"202602","85177950","光通信设备的激光收发模块","601","澳大利亚","10","一般贸易","51","四川省","6","千克","0","?","25,380",
"202602","85177950","光通信设备的激光收发模块","601","澳大利亚","10","一般贸易","65","新疆维吾尔自治区","3","千克","0","?","245",
"202602","85177950","光通信设备的激光收发模块","601","澳大利亚","15","进料加工贸易","32","江苏省","1273","千克","0","?","211,216",
"202602","85177950","光通信设备的激光收发模块","601","澳大利亚","15","进料加工贸易","33","浙江省","437","千克","0","?","325,274",
"202602","85177950","光通信设备的激光收发模块","601","澳大利亚","15","进料加工贸易","35","福建省","8","千克","0","?","3,185",
"202602","85177950","光通信设备的激光收发模块","601","澳大利亚","15","进料加工贸易","44","广东省","0","千克","0","?","1,214",
"202602","85177950","光通信设备的激光收发模块","601","澳大利亚","33","保税监管场所进出境货物","32","江苏省","114","千克","0","?","39,528",
"202602","85177950","光通信设备的激光收发模块","601","澳大利亚","33","保税监管场所进出境货物","44","广东省","2","千克","0","?","2,218",
"202602","85177950","光通信设备的激光收发模块","601","澳大利亚","34","海关特殊监管区域物流货物","32","江苏省","419","千克","0","?","323,858",
"202602","85177950","光通信设备的激光收发模块","601","澳大利亚","34","海关特殊监管区域物流货物","42","湖北省","50","千克","0","?","36,842",
"202602","85177950","光通信设备的激光收发模块","603","斐济","10","一般贸易","44","广东省","1","千克","0","?","1,339",
"202602","85177950","光通信设备的激光收发模块","607","新喀里多尼亚","10","一般贸易","44","广东省","1","千克","0","?","2,498",
"202602","85177950","光通信设备的激光收发模块","609","新西兰","10","一般贸易","33","浙江省","1","千克","0","?","650",
"202602","85177950","光通信设备的激光收发模块","609","新西兰","10","一般贸易","37","山东省","1","千克","0","?","95",
"202602","85177950","光通信设备的激光收发模块","609","新西兰","10","一般贸易","42","湖北省","1","千克","0","?","300",
"202602","85177950","光通信设备的激光收发模块","609","新西兰","10","一般贸易","44","广东省","3","千克","0","?","15,442",
"202602","85177950","光通信设备的激光收发模块","609","新西兰","10","一般贸易","65","新疆维吾尔自治区","0","千克","0","?","21",
"202602","85177950","光通信设备的激光收发模块","609","新西兰","34","海关特殊监管区域物流货物","32","江苏省","66","千克","0","?","24,688",
"202602","85177950","光通信设备的激光收发模块","611","巴布亚新几内亚","10","一般贸易","44","广东省","4","千克","0","?","710",
"202602","85177950","光通信设备的激光收发模块","631","北马里亚纳群岛
","10","一般贸易","44","广东省","0","千克","0","?","333",
"202603","85177950","光通信设备的激光收发模块","101","阿富汗","10","一般贸易","32","江苏省","0","千克","0","?","217",
"202603","85177950","光通信设备的激光收发模块","101","阿富汗","10","一般贸易","44","广东省","7","千克","0","?","7,056",
"202603","85177950","光通信设备的激光收发模块","102","巴林","10","一般贸易","35","福建省","11","千克","0","?","7,797",
"202603","85177950","光通信设备的激光收发模块","102","巴林","10","一般贸易","44","广东省","0","千克","0","?","738",
"202603","85177950","光通信设备的激光收发模块","103","孟加拉国","10","一般贸易","44","广东省","111","千克","0","?","58,861",
"202603","85177950","光通信设备的激光收发模块","103","孟加拉国","10","一般贸易","46","海南省","6","千克","0","?","722",
"202603","85177950","光通信设备的激光收发模块","104","不丹","10","一般贸易","44","广东省","8","千克","0","?","2,542",
"202603","85177950","光通信设备的激光收发模块","104","不丹","34","海关特殊监管区域物流货物","32","江苏省","3","千克","0","?","1,547",
"202603","85177950","光通信设备的激光收发模块","105","文莱","10","一般贸易","33","浙江省","1","千克","0","?","192",
"202603","85177950","光通信设备的激光收发模块","105","文莱","10","一般贸易","44","广东省","7","千克","0","?","36,600",
"202603","85177950","光通信设备的激光收发模块","106","缅甸","10","一般贸易","33","浙江省","0","千克","0","?","945",
"202603","85177950","光通信设备的激光收发模块","106","缅甸","10","一般贸易","35","福建省","2","千克","0","?","3,674",
"202603","85177950","光通信设备的激光收发模块","106","缅甸","10","一般贸易","44","广东省","20","千克","0","?","113,291",
"202603","85177950","光通信设备的激光收发模块","106","缅甸","10","一般贸易","53","云南省","18","千克","0","?","607",
"202603","85177950","光通信设备的激光收发模块","107","柬埔寨","10","一般贸易","13","河北省","12","千克","0","?","2,380",
"202603","85177950","光通信设备的激光收发模块","107","柬埔寨","10","一般贸易","32","江苏省","5","千克","0","?","2,392",
"202603","85177950","光通信设备的激光收发模块","107","柬埔寨","10","一般贸易","33","浙江省","11","千克","0","?","1,228",
"202603","85177950","光通信设备的激光收发模块","107","柬埔寨","10","一般贸易","35","福建省","0","千克","0","?","391",
"202603","85177950","光通信设备的激光收发模块","107","柬埔寨","10","一般贸易","41","河南省","0","千克","0","?","284",
"202603","85177950","光通信设备的激光收发模块","107","柬埔寨","10","一般贸易","44","广东省","27","千克","0","?","5,799",
"202603","85177950","光通信设备的激光收发模块","108","塞浦路斯","10","一般贸易","44","广东省","19","千克","0","?","6,469",
"202603","85177950","光通信设备的激光收发模块","110","中国香港","10","一般贸易","11","北京市","1","千克","0","?","52",
"202603","85177950","光通信设备的激光收发模块","110","中国香港","10","一般贸易","21","辽宁省","0","千克","0","?","48,366",
"202603","85177950","光通信设备的激光收发模块","110","中国香港","10","一般贸易","23","黑龙江省","0","千克","0","?","108",
"202603","85177950","光通信设备的激光收发模块","110","中国香港","10","一般贸易","31","上海市","189","千克","0","?","1,317,801",
"202603","85177950","光通信设备的激光收发模块","110","中国香港","10","一般贸易","32","江苏省","822","千克","0","?","1,483,917",
"202603","85177950","光通信设备的激光收发模块","110","中国香港","10","一般贸易","33","浙江省","346","千克","0","?","560,731",
"202603","85177950","光通信设备的激光收发模块","110","中国香港","10","一般贸易","34","安徽省","243","千克","0","?","35,077",
"202603","85177950","光通信设备的激光收发模块","110","中国香港","10","一般贸易","35","福建省","8","千克","0","?","17,957",
"202603","85177950","光通信设备的激光收发模块","110","中国香港","10","一般贸易","37","山东省","72","千克","0","?","134,340",
"202603","85177950","光通信设备的激光收发模块","110","中国香港","10","一般贸易","41","河南省","2","千克","0","?","1,075",
"202603","85177950","光通信设备的激光收发模块","110","中国香港","10","一般贸易","42","湖北省","1216","千克","0","?","647,874",
"202603","85177950","光通信设备的激光收发模块","110","中国香港","10","一般贸易","43","湖南省","222","千克","0","?","440,545",
"202603","85177950","光通信设备的激光收发模块","110","中国香港","10","一般贸易","44","广东省","2282","千克","0","?","2,698,822",
"202603","85177950","光通信设备的激光收发模块","110","中国香港","10","一般贸易","46","海南省","1","千克","0","?","1,313",
"202603","85177950","光通信设备的激光收发模块","110","中国香港","10","一般贸易","51","四川省","471","千克","0","?","430,553",
"202603","85177950","光通信设备的激光收发模块","110","中国香港","10","一般贸易","52","贵州省","10","千克","0","?","3,398",
"202603","85177950","光通信设备的激光收发模块","110","中国香港","15","进料加工贸易","32","江苏省","3326","千克","0","?","7,518,257",
"202603","85177950","光通信设备的激光收发模块","110","中国香港","15","进料加工贸易","33","浙江省","87","千克","0","?","94,057",
"202603","85177950","光通信设备的激光收发模块","110","中国香港","15","进料加工贸易","35","福建省","4","千克","0","?","7,844",
"202603","85177950","光通信设备的激光收发模块","110","中国香港","15","进料加工贸易","44","广东省","5","千克","0","?","7,718",
"202603","85177950","光通信设备的激光收发模块","110","中国香港","15","进料加工贸易","51","四川省","15","千克","0","?","133,036",
"202603","85177950","光通信设备的激光收发模块","110","中国香港","34","海关特殊监管区域物流货物","32","江苏省","6","千克","0","?","7,648",
"202603","85177950","光通信设备的激光收发模块","110","中国香港","34","海关特殊监管区域物流货物","42","湖北省","15","千克","0","?","66,000",
"202603","85177950","光通信设备的激光收发模块","110","中国香港","34","海关特殊监管区域物流货物","44","广东省","2920","千克","0","?","3,051,155",
"202603","85177950","光通信设备的激光收发模块","110","中国香港","39","其他","42","湖北省","66","千克","0","?","140,649",
"202603","85177950","光通信设备的激光收发模块","111","印度","10","一般贸易","31","上海市","479","千克","0","?","110,011",
"202603","85177950","光通信设备的激光收发模块","111","印度","10","一般贸易","32","江苏省","313","千克","0","?","188,302",
"202603","85177950","光通信设备的激光收发模块","111","印度","10","一般贸易","33","浙江省","21","千克","0","?","123",
"202603","85177950","光通信设备的激光收发模块","111","印度","10","一般贸易","37","山东省","150","千克","0","?","11,128",
"202603","85177950","光通信设备的激光收发模块","111","印度","10","一般贸易","42","湖北省","2322","千克","0","?","992,136",
"202603","85177950","光通信设备的激光收发模块","111","印度","10","一般贸易","44","广东省","3821","千克","0","?","1,015,331",
"202603","85177950","光通信设备的激光收发模块","111","印度","10","一般贸易","46","海南省","11","千克","0","?","1,046",
"202603","85177950","光通信设备的激光收发模块","111","印度","10","一般贸易","50","重庆市","1","千克","0","?","8,525",
"202603","85177950","光通信设备的激光收发模块","111","印度","10","一般贸易","51","四川省","502","千克","0","?","207,386",
"202603","85177950","光通信设备的激光收发模块","111","印度","10","一般贸易","61","陕西省","1","千克","0","?","604",
"202603","85177950","光通信设备的激光收发模块","111","印度","15","进料加工贸易","32","江苏省","8","千克","0","?","31,435",
"202603","85177950","光通信设备的激光收发模块","111","印度","15","进料加工贸易","44","广东省","20","千克","0","?","2,461",
"202603","85177950","光通信设备的激光收发模块","111","印度","15","进料加工贸易","51","四川省","16","千克","0","?","108,423",
"202603","85177950","光通信设备的激光收发模块","111","印度","33","保税监管场所进出境货物","44","广东省","23","千克","0","?","19,097",
"202603","85177950","光通信设备的激光收发模块","111","印度","34","海关特殊监管区域物流货物","32","江苏省","2617","千克","0","?","627,449",
"202603","85177950","光通信设备的激光收发模块","112","印度尼西亚","10","一般贸易","31","上海市","7","千克","0","?","3,528",
"202603","85177950","光通信设备的激光收发模块","112","印度尼西亚","10","一般贸易","32","江苏省","52","千克","0","?","127,118",
"202603","85177950","光通信设备的激光收发模块","112","印度尼西亚","10","一般贸易","33","浙江省","76","千克","0","?","67,364",
"202603","85177950","光通信设备的激光收发模块","112","印度尼西亚","10","一般贸易","35","福建省","46","千克","0","?","15,681",
"202603","85177950","光通信设备的激光收发模块","112","印度尼西亚","10","一般贸易","37","山东省","2","千克","0","?","178",
"202603","85177950","光通信设备的激光收发模块","112","印度尼西亚","10","一般贸易","41","河南省","0","千克","0","?","7",
"202603","85177950","光通信设备的激光收发模块","112","印度尼西亚","10","一般贸易","42","湖北省","19","千克","0","?","12,957",
"202603","85177950","光通信设备的激光收发模块","112","印度尼西亚","10","一般贸易","44","广东省","1241","千克","0","?","532,948",
"202603","85177950","光通信设备的激光收发模块","112","印度尼西亚","10","一般贸易","51","四川省","1","千克","0","?","16,254",
"202603","85177950","光通信设备的激光收发模块","112","印度尼西亚","10","一般贸易","52","贵州省","11","千克","0","?","2,669",
"202603","85177950","光通信设备的激光收发模块","112","印度尼西亚","15","进料加工贸易","35","福建省","1","千克","0","?","3,368",
"202603","85177950","光通信设备的激光收发模块","112","印度尼西亚","15","进料加工贸易","44","广东省","0","千克","0","?","259",
"202603","85177950","光通信设备的激光收发模块","112","印度尼西亚","33","保税监管场所进出境货物","44","广东省","2","千克","0","?","2,469",
"202603","85177950","光通信设备的激光收发模块","112","印度尼西亚","34","海关特殊监管区域物流货物","32","江苏省","178","千克","0","?","298,526",
"202603","85177950","光通信设备的激光收发模块","112","印度尼西亚","34","海关特殊监管区域物流货物","44","广东省","1639","千克","0","?","2,685,594",
"202603","85177950","光通信设备的激光收发模块","114","伊拉克","10","一般贸易","44","广东省","83","千克","0","?","30,192",
"202603","85177950","光通信设备的激光收发模块","115","以色列","10","一般贸易","31","上海市","0","千克","0","?","111",
"202603","85177950","光通信设备的激光收发模块","115","以色列","10","一般贸易","32","江苏省","5","千克","0","?","32,770",
"202603","85177950","光通信设备的激光收发模块","115","以色列","10","一般贸易","37","山东省","35","千克","0","?","8,753",
"202603","85177950","光通信设备的激光收发模块","115","以色列","10","一般贸易","42","湖北省","31","千克","0","?","77,514",
"202603","85177950","光通信设备的激光收发模块","115","以色列","10","一般贸易","44","广东省","621","千克","0","?","464,799",
"202603","85177950","光通信设备的激光收发模块","115","以色列","10","一般贸易","46","海南省","0","千克","0","?","26",
"202603","85177950","光通信设备的激光收发模块","115","以色列","10","一般贸易","51","四川省","44","千克","0","?","133,397",
"202603","85177950","光通信设备的激光收发模块","115","以色列","15","进料加工贸易","32","江苏省","118","千克","0","?","198,650",
"202603","85177950","光通信设备的激光收发模块","115","以色列","33","保税监管场所进出境货物","44","广东省","3","千克","0","?","543",
"202603","85177950","光通信设备的激光收发模块","116","日本","10","一般贸易","11","北京市","1","千克","0","?","344",
"202603","85177950","光通信设备的激光收发模块","116","日本","10","一般贸易","31","上海市","48","千克","0","?","277,698",
"202603","85177950","光通信设备的激光收发模块","116","日本","10","一般贸易","32","江苏省","1501","千克","0","?","1,701,504",
"202603","85177950","光通信设备的激光收发模块","116","日本","10","一般贸易","33","浙江省","51","千克","0","?","74,880",
"202603","85177950","光通信设备的激光收发模块","116","日本","10","一般贸易","34","安徽省","39","千克","0","?","151,637",
"202603","85177950","光通信设备的激光收发模块","116","日本","10","一般贸易","35","福建省","0","千克","0","?","851",
"202603","85177950","光通信设备的激光收发模块","116","日本","10","一般贸易","36","江西省","0","千克","0","?","25",
"202603","85177950","光通信设备的激光收发模块","116","日本","10","一般贸易","37","山东省","522","千克","0","?","1,172,395",
"202603","85177950","光通信设备的激光收发模块","116","日本","10","一般贸易","42","湖北省","479","千克","0","?","596,993",
"202603","85177950","光通信设备的激光收发模块","116","日本","10","一般贸易","44","广东省","493","千克","0","?","668,590",
"202603","85177950","光通信设备的激光收发模块","116","日本","10","一般贸易","46","海南省","8","千克","0","?","1,529",
"202603","85177950","光通信设备的激光收发模块","116","日本","10","一般贸易","50","重庆市","1","千克","0","?","198",
"202603","85177950","光通信设备的激光收发模块","116","日本","10","一般贸易","51","四川省","429","千克","0","?","370,675",
"202603","85177950","光通信设备的激光收发模块","116","日本","10","一般贸易","61","陕西省","0","千克","0","?","207",
"202603","85177950","光通信设备的激光收发模块","116","日本","10","一般贸易","65","新疆维吾尔自治区","1","千克","0","?","445",
"202603","85177950","光通信设备的激光收发模块","116","日本","15","进料加工贸易","32","江苏省","292","千克","0","?","1,510,770",
"202603","85177950","光通信设备的激光收发模块","116","日本","15","进料加工贸易","35","福建省","24","千克","0","?","76,362",
"202603","85177950","光通信设备的激光收发模块","116","日本","15","进料加工贸易","44","广东省","0","千克","0","?","289",
"202603","85177950","光通信设备的激光收发模块","116","日本","15","进料加工贸易","51","四川省","195","千克","0","?","418,294",
"202603","85177950","光通信设备的激光收发模块","116","日本","34","海关特殊监管区域物流货物","32","江苏省","322","千克","0","?","661,102",
"202603","85177950","光通信设备的激光收发模块","116","日本","34","海关特殊监管区域物流货物","42","湖北省","66","千克","0","?","135,126",
"202603","85177950","光通信设备的激光收发模块","117","约旦","10","一般贸易","33","浙江省","0","千克","0","?","5",
"202603","85177950","光通信设备的激光收发模块","117","约旦","10","一般贸易","44","广东省","0","千克","0","?","5,110",
"202603","85177950","光通信设备的激光收发模块","119","老挝","10","一般贸易","37","山东省","3","千克","0","?","3,662",
"202603","85177950","光通信设备的激光收发模块","119","老挝","10","一般贸易","42","湖北省","1","千克","0","?","1,275",
"202603","85177950","光通信设备的激光收发模块","119","老挝","10","一般贸易","44","广东省","39","千克","0","?","10,397",
"202603","85177950","光通信设备的激光收发模块","120","黎巴嫩","10","一般贸易","46","海南省","12","千克","0","?","509",
"202603","85177950","光通信设备的激光收发模块","121","中国澳门","10","一般贸易","33","浙江省","41","千克","0","?","72,686",
"202603","85177950","光通信设备的激光收发模块","121","中国澳门","10","一般贸易","42","湖北省","7","千克","0","?","4,066",
"202603","85177950","光通信设备的激光收发模块","121","中国澳门","10","一般贸易","44","广东省","14","千克","0","?","3,538",
"202603","85177950","光通信设备的激光收发模块","122","马来西亚","10","一般贸易","11","北京市","475","千克","0","?","558,033",
"202603","85177950","光通信设备的激光收发模块","122","马来西亚","10","一般贸易","31","上海市","372","千克","0","?","606,365",
"202603","85177950","光通信设备的激光收发模块","122","马来西亚","10","一般贸易","32","江苏省","195","千克","0","?","640,700",
"202603","85177950","光通信设备的激光收发模块","122","马来西亚","10","一般贸易","33","浙江省","215","千克","0","?","190,615",
"202603","85177950","光通信设备的激光收发模块","122","马来西亚","10","一般贸易","34","安徽省","0","千克","0","?","672",
"202603","85177950","光通信设备的激光收发模块","122","马来西亚","10","一般贸易","35","福建省","252","千克","0","?","341,754",
"202603","85177950","光通信设备的激光收发模块","122","马来西亚","10","一般贸易","37","山东省","1528","千克","0","?","1,897,237",
"202603","85177950","光通信设备的激光收发模块","122","马来西亚","10","一般贸易","41","河南省","121","千克","0","?","43,036",
"202603","85177950","光通信设备的激光收发模块","122","马来西亚","10","一般贸易","42","湖北省","14592","千克","0","?","26,758,301",
"202603","85177950","光通信设备的激光收发模块","122","马来西亚","10","一般贸易","43","湖南省","47","千克","0","?","28,770",
"202603","85177950","光通信设备的激光收发模块","122","马来西亚","10","一般贸易","44","广东省","5489","千克","0","?","5,247,925",
"202603","85177950","光通信设备的激光收发模块","122","马来西亚","10","一般贸易","45","广西壮族自治区","6","千克","0","?","520",
"202603","85177950","光通信设备的激光收发模块","122","马来西亚","10","一般贸易","51","四川省","215","千克","0","?","491,670",
"202603","85177950","光通信设备的激光收发模块","122","马来西亚","10","一般贸易","65","新疆维吾尔自治区","4","千克","0","?","1,027",
"202603","85177950","光通信设备的激光收发模块","122","马来西亚","15","进料加工贸易","32","江苏省","49083","千克","0","?","159,270,872",
"202603","85177950","光通信设备的激光收发模块","122","马来西亚","15","进料加工贸易","35","福建省","0","千克","0","?","768",
"202603","85177950","光通信设备的激光收发模块","122","马来西亚","15","进料加工贸易","44","广东省","1243","千克","0","?","1,537,790",
"202603","85177950","光通信设备的激光收发模块","122","马来西亚","33","保税监管场所进出境货物","44","广东省","36","千克","0","?","9,108",
"202603","85177950","光通信设备的激光收发模块","122","马来西亚","34","海关特殊监管区域物流货物","32","江苏省","9","千克","0","?","10,050",
"202603","85177950","光通信设备的激光收发模块","122","马来西亚","34","海关特殊监管区域物流货物","44","广东省","1691","千克","0","?","2,869,848",
"202603","85177950","光通信设备的激光收发模块","123","马尔代夫","10","一般贸易","33","浙江省","37","千克","0","?","2,438",
"202603","85177950","光通信设备的激光收发模块","123","马尔代夫","10","一般贸易","44","广东省","12","千克","0","?","4,230",
"202603","85177950","光通信设备的激光收发模块","124","蒙古","10","一般贸易","33","浙江省","0","千克","0","?","97",
"202603","85177950","光通信设备的激光收发模块","124","蒙古","10","一般贸易","44","广东省","5","千克","0","?","6,332",
"202603","85177950","光通信设备的激光收发模块","125","尼泊尔","10","一般贸易","33","浙江省","1","千克","0","?","781",
"202603","85177950","光通信设备的激光收发模块","125","尼泊尔","10","一般贸易","44","广东省","15","千克","0","?","5,868",
"202603","85177950","光通信设备的激光收发模块","126","阿曼","10","一般贸易","44","广东省","27","千克","0","?","27,703",
"202603","85177950","光通信设备的激光收发模块","127","巴基斯坦","10","一般贸易","33","浙江省","62","千克","0","?","29,631",
"202603","85177950","光通信设备的激光收发模块","127","巴基斯坦","10","一般贸易","35","福建省","3","千克","0","?","4,158",
"202603","85177950","光通信设备的激光收发模块","127","巴基斯坦","10","一般贸易","43","湖南省","3","千克","0","?","32",
"202603","85177950","光通信设备的激光收发模块","127","巴基斯坦","10","一般贸易","44","广东省","253","千克","0","?","418,074",
"202603","85177950","光通信设备的激光收发模块","127","巴基斯坦","33","保税监管场所进出境货物","44","广东省","10","千克","0","?","1,322",
"202603","85177950","光通信设备的激光收发模块","127","巴基斯坦","34","海关特殊监管区域物流货物","32","江苏省","10","千克","0","?","1,626",
"202603","85177950","光通信设备的激光收发模块","129","菲律宾","10","一般贸易","31","上海市","14","千克","0","?","7,008",
"202603","85177950","光通信设备的激光收发模块","129","菲律宾","10","一般贸易","33","浙江省","15","千克","0","?","18,439",
"202603","85177950","光通信设备的激光收发模块","129","菲律宾","10","一般贸易","35","福建省","149","千克","0","?","14,363",
"202603","85177950","光通信设备的激光收发模块","129","菲律宾","10","一般贸易","42","湖北省","2","千克","0","?","1,692",
"202603","85177950","光通信设备的激光收发模块","129","菲律宾","10","一般贸易","44","广东省","940","千克","0","?","386,028",
"202603","85177950","光通信设备的激光收发模块","129","菲律宾","15","进料加工贸易","44","广东省","0","千克","0","?","446",
"202603","85177950","光通信设备的激光收发模块","129","菲律宾","34","海关特殊监管区域物流货物","32","江苏省","66","千克","0","?","24,540",
"202603","85177950","光通信设备的激光收发模块","130","卡塔尔","10","一般贸易","32","江苏省","2","千克","0","?","554",
"202603","85177950","光通信设备的激光收发模块","130","卡塔尔","10","一般贸易","44","广东省","2","千克","0","?","17,164",
"202603","85177950","光通信设备的激光收发模块","131","沙特阿拉伯","10","一般贸易","33","浙江省","76","千克","0","?","59,176",
"202603","85177950","光通信设备的激光收发模块","131","沙特阿拉伯","10","一般贸易","35","福建省","20","千克","0","?","16,235",
"202603","85177950","光通信设备的激光收发模块","131","沙特阿拉伯","10","一般贸易","44","广东省","640","千克","0","?","1,254,263",
"202603","85177950","光通信设备的激光收发模块","131","沙特阿拉伯","10","一般贸易","51","四川省","6","千克","0","?","7,500",
"202603","85177950","光通信设备的激光收发模块","131","沙特阿拉伯","10","一般贸易","52","贵州省","3","千克","0","?","2,648",
"202603","85177950","光通信设备的激光收发模块","131","沙特阿拉伯","34","海关特殊监管区域物流货物","32","江苏省","211","千克","0","?","104,347",
"202603","85177950","光通信设备的激光收发模块","132","新加坡","10","一般贸易","11","北京市","69","千克","0","?","23,777",
"202603","85177950","光通信设备的激光收发模块","132","新加坡","10","一般贸易","15","内蒙古自治区","0","千克","0","?","454",
"202603","85177950","光通信设备的激光收发模块","132","新加坡","10","一般贸易","21","辽宁省","0","千克","0","?","3,170",
"202603","85177950","光通信设备的激光收发模块","132","新加坡","10","一般贸易","31","上海市","431","千克","0","?","460,660",
"202603","85177950","光通信设备的激光收发模块","132","新加坡","10","一般贸易","32","江苏省","188","千克","0","?","629,023",
"202603","85177950","光通信设备的激光收发模块","132","新加坡","10","一般贸易","33","浙江省","87","千克","0","?","326,324",
"202603","85177950","光通信设备的激光收发模块","132","新加坡","10","一般贸易","34","安徽省","0","千克","0","?","44",
"202603","85177950","光通信设备的激光收发模块","132","新加坡","10","一般贸易","35","福建省","37","千克","0","?","60,622",
"202603","85177950","光通信设备的激光收发模块","132","新加坡","10","一般贸易","37","山东省","52","千克","0","?","12,722",
"202603","85177950","光通信设备的激光收发模块","132","新加坡","10","一般贸易","42","湖北省","1337","千克","0","?","887,390",
"202603","85177950","光通信设备的激光收发模块","132","新加坡","10","一般贸易","44","广东省","2412","千克","0","?","1,162,824",
"202603","85177950","光通信设备的激光收发模块","132","新加坡","10","一般贸易","46","海南省","18","千克","0","?","1,283",
"202603","85177950","光通信设备的激光收发模块","132","新加坡","10","一般贸易","50","重庆市","0","千克","0","?","655",
"202603","85177950","光通信设备的激光收发模块","132","新加坡","10","一般贸易","51","四川省","245","千克","0","?","547,551",
"202603","85177950","光通信设备的激光收发模块","132","新加坡","10","一般贸易","52","贵州省","82","千克","0","?","59,619",
"202603","85177950","光通信设备的激光收发模块","132","新加坡","10","一般贸易","62","甘肃省","0","千克","0","?","13",
"202603","85177950","光通信设备的激光收发模块","132","新加坡","10","一般贸易","65","新疆维吾尔自治区","66","千克","0","?","7,611",
"202603","85177950","光通信设备的激光收发模块","132","新加坡","15","进料加工贸易","32","江苏省","919","千克","0","?","323,448",
"202603","85177950","光通信设备的激光收发模块","132","新加坡","15","进料加工贸易","33","浙江省","869","千克","0","?","554,678",
"202603","85177950","光通信设备的激光收发模块","132","新加坡","15","进料加工贸易","35","福建省","10","千克","0","?","13,369",
"202603","85177950","光通信设备的激光收发模块","132","新加坡","15","进料加工贸易","44","广东省","2","千克","0","?","5,757",
"202603","85177950","光通信设备的激光收发模块","132","新加坡","15","进料加工贸易","51","四川省","69","千克","0","?","47,301",
"202603","85177950","光通信设备的激光收发模块","132","新加坡","33","保税监管场所进出境货物","11","北京市","0","千克","0","?","2,749",
"202603","85177950","光通信设备的激光收发模块","132","新加坡","33","保税监管场所进出境货物","42","湖北省","0","千克","0","?","384",
"202603","85177950","光通信设备的激光收发模块","132","新加坡","33","保税监管场所进出境货物","44","广东省","10","千克","0","?","1,952",
"202603","85177950","光通信设备的激光收发模块","132","新加坡","34","海关特殊监管区域物流货物","32","江苏省","16","千克","0","?","21,978",
"202603","85177950","光通信设备的激光收发模块","132","新加坡","34","海关特殊监管区域物流货物","42","湖北省","615","千克","0","?","6,617,083",
"202603","85177950","光通信设备的激光收发模块","132","新加坡","34","海关特殊监管区域物流货物","44","广东省","50","千克","0","?","63,662",
"202603","85177950","光通信设备的激光收发模块","132","新加坡","39","其他","11","北京市","0","千克","0","?","118",
"202603","85177950","光通信设备的激光收发模块","133","韩国","10","一般贸易","11","北京市","4","千克","0","?","13,857",
"202603","85177950","光通信设备的激光收发模块","133","韩国","10","一般贸易","13","河北省","57","千克","0","?","15,241",
"202603","85177950","光通信设备的激光收发模块","133","韩国","10","一般贸易","21","辽宁省","165","千克","0","?","83,885",
"202603","85177950","光通信设备的激光收发模块","133","韩国","10","一般贸易","31","上海市","541","千克","0","?","780,013",
"202603","85177950","光通信设备的激光收发模块","133","韩国","10","一般贸易","32","江苏省","25","千克","0","?","19,332",
"202603","85177950","光通信设备的激光收发模块","133","韩国","10","一般贸易","33","浙江省","114","千克","0","?","37,202",
"202603","85177950","光通信设备的激光收发模块","133","韩国","10","一般贸易","37","山东省","94","千克","0","?","39,970",
"202603","85177950","光通信设备的激光收发模块","133","韩国","10","一般贸易","41","河南省","1","千克","0","?","2,184",
"202603","85177950","光通信设备的激光收发模块","133","韩国","10","一般贸易","42","湖北省","162","千克","0","?","194,348",
"202603","85177950","光通信设备的激光收发模块","133","韩国","10","一般贸易","44","广东省","1583","千克","0","?","1,613,773",
"202603","85177950","光通信设备的激光收发模块","133","韩国","10","一般贸易","46","海南省","3","千克","0","?","413",
"202603","85177950","光通信设备的激光收发模块","133","韩国","10","一般贸易","51","四川省","1163","千克","0","?","619,335",
"202603","85177950","光通信设备的激光收发模块","133","韩国","15","进料加工贸易","32","江苏省","60","千克","0","?","82,971",
"202603","85177950","光通信设备的激光收发模块","133","韩国","15","进料加工贸易","35","福建省","6","千克","0","?","16,122",
"202603","85177950","光通信设备的激光收发模块","133","韩国","15","进料加工贸易","44","广东省","0","千克","0","?","864",
"202603","85177950","光通信设备的激光收发模块","133","韩国","15","进料加工贸易","51","四川省","0","千克","0","?","13,671",
"202603","85177950","光通信设备的激光收发模块","133","韩国","33","保税监管场所进出境货物","44","广东省","0","千克","0","?","108",
"202603","85177950","光通信设备的激光收发模块","133","韩国","34","海关特殊监管区域物流货物","32","江苏省","110","千克","0","?","198,235",
"202603","85177950","光通信设备的激光收发模块","134","斯里兰卡","10","一般贸易","33","浙江省","0","千克","0","?","224",
"202603","85177950","光通信设备的激光收发模块","134","斯里兰卡","10","一般贸易","44","广东省","164","千克","0","?","53,479",
"202603","85177950","光通信设备的激光收发模块","134","斯里兰卡","10","一般贸易","65","新疆维吾尔自治区","11","千克","0","?","43",
"202603","85177950","光通信设备的激光收发模块","134","斯里兰卡","33","保税监管场所进出境货物","44","广东省","4","千克","0","?","1,409",
"202603","85177950","光通信设备的激光收发模块","134","斯里兰卡","34","海关特殊监管区域物流货物","32","江苏省","0","千克","0","?","119",
"202603","85177950","光通信设备的激光收发模块","134","斯里兰卡","34","海关特殊监管区域物流货物","35","福建省","3","千克","0","?","3,415",
"202603","85177950","光通信设备的激光收发模块","136","泰国","10","一般贸易","11","北京市","4","千克","0","?","951",
"202603","85177950","光通信设备的激光收发模块","136","泰国","10","一般贸易","31","上海市","4005","千克","0","?","10,372,261",
"202603","85177950","光通信设备的激光收发模块","136","泰国","10","一般贸易","32","江苏省","838","千克","0","?","748,126",
"202603","85177950","光通信设备的激光收发模块","136","泰国","10","一般贸易","33","浙江省","37","千克","0","?","57,349",
"202603","85177950","光通信设备的激光收发模块","136","泰国","10","一般贸易","34","安徽省","2","千克","0","?","708",
"202603","85177950","光通信设备的激光收发模块","136","泰国","10","一般贸易","35","福建省","69","千克","0","?","12,235",
"202603","85177950","光通信设备的激光收发模块","136","泰国","10","一般贸易","37","山东省","358","千克","0","?","1,562,554",
"202603","85177950","光通信设备的激光收发模块","136","泰国","10","一般贸易","42","湖北省","6851","千克","0","?","2,805,374",
"202603","85177950","光通信设备的激光收发模块","136","泰国","10","一般贸易","44","广东省","1288","千克","0","?","1,451,298",
"202603","85177950","光通信设备的激光收发模块","136","泰国","10","一般贸易","50","重庆市","29","千克","0","?","12,083",
"202603","85177950","光通信设备的激光收发模块","136","泰国","10","一般贸易","51","四川省","6743","千克","0","?","25,751,910",
"202603","85177950","光通信设备的激光收发模块","136","泰国","10","一般贸易","52","贵州省","0","千克","0","?","404",
"202603","85177950","光通信设备的激光收发模块","136","泰国","10","一般贸易","65","新疆维吾尔自治区","2","千克","0","?","638",
"202603","85177950","光通信设备的激光收发模块","136","泰国","15","进料加工贸易","32","江苏省","571","千克","0","?","351,849",
"202603","85177950","光通信设备的激光收发模块","136","泰国","15","进料加工贸易","35","福建省","0","千克","0","?","446",
"202603","85177950","光通信设备的激光收发模块","136","泰国","15","进料加工贸易","42","湖北省","0","千克","0","?","7,002",
"202603","85177950","光通信设备的激光收发模块","136","泰国","15","进料加工贸易","44","广东省","2","千克","0","?","24,636",
"202603","85177950","光通信设备的激光收发模块","136","泰国","15","进料加工贸易","51","四川省","2","千克","0","?","1,514",
"202603","85177950","光通信设备的激光收发模块","136","泰国","34","海关特殊监管区域物流货物","32","江苏省","45","千克","0","?","24,444",
"202603","85177950","光通信设备的激光收发模块","136","泰国","34","海关特殊监管区域物流货物","44","广东省","3588","千克","0","?","4,679,876",
"202603","85177950","光通信设备的激光收发模块","136","泰国","34","海关特殊监管区域物流货物","53","云南省","1","千克","0","?","4,125",
"202603","85177950","光通信设备的激光收发模块","136","泰国","39","其他","21","辽宁省","2","千克","0","?","36",
"202603","85177950","光通信设备的激光收发模块","136","泰国","39","其他","33","浙江省","8","千克","0","?","1,500",
"202603","85177950","光通信设备的激光收发模块","137","土耳其","10","一般贸易","31","上海市","75","千克","0","?","13,894",
"202603","85177950","光通信设备的激光收发模块","137","土耳其","10","一般贸易","33","浙江省","27","千克","0","?","8,974",
"202603","85177950","光通信设备的激光收发模块","137","土耳其","10","一般贸易","35","福建省","2","千克","0","?","590",
"202603","85177950","光通信设备的激光收发模块","137","土耳其","10","一般贸易","41","河南省","0","千克","0","?","580",
"202603","85177950","光通信设备的激光收发模块","137","土耳其","10","一般贸易","42","湖北省","11","千克","0","?","19,018",
"202603","85177950","光通信设备的激光收发模块","137","土耳其","10","一般贸易","44","广东省","1137","千克","0","?","836,556",
"202603","85177950","光通信设备的激光收发模块","137","土耳其","10","一般贸易","45","广西壮族自治区","30","千克","0","?","60",
"202603","85177950","光通信设备的激光收发模块","137","土耳其","10","一般贸易","46","海南省","81","千克","0","?","5,897",
"202603","85177950","光通信设备的激光收发模块","137","土耳其","10","一般贸易","51","四川省","21","千克","0","?","8,690",
"202603","85177950","光通信设备的激光收发模块","137","土耳其","33","保税监管场所进出境货物","44","广东省","59","千克","0","?","35,363",
"202603","85177950","光通信设备的激光收发模块","137","土耳其","34","海关特殊监管区域物流货物","32","江苏省","1","千克","0","?","140",
"202603","85177950","光通信设备的激光收发模块","138","阿联酋","10","一般贸易","31","上海市","3","千克","0","?","2,299",
"202603","85177950","光通信设备的激光收发模块","138","阿联酋","10","一般贸易","33","浙江省","12","千克","0","?","16,513",
"202603","85177950","光通信设备的激光收发模块","138","阿联酋","10","一般贸易","37","山东省","0","千克","0","?","57",
"202603","85177950","光通信设备的激光收发模块","138","阿联酋","10","一般贸易","41","河南省","0","千克","0","?","66",
"202603","85177950","光通信设备的激光收发模块","138","阿联酋","10","一般贸易","42","湖北省","64","千克","0","?","618,580",
"202603","85177950","光通信设备的激光收发模块","138","阿联酋","10","一般贸易","44","广东省","1449","千克","0","?","1,375,828",
"202603","85177950","光通信设备的激光收发模块","138","阿联酋","10","一般贸易","46","海南省","1","千克","0","?","50",
"202603","85177950","光通信设备的激光收发模块","138","阿联酋","10","一般贸易","51","四川省","1","千克","0","?","1,500",
"202603","85177950","光通信设备的激光收发模块","138","阿联酋","15","进料加工贸易","44","广东省","1","千克","0","?","21,533",
"202603","85177950","光通信设备的激光收发模块","138","阿联酋","34","海关特殊监管区域物流货物","32","江苏省","26","千克","0","?","8,861",
"202603","85177950","光通信设备的激光收发模块","141","越南","10","一般贸易","31","上海市","226","千克","0","?","138,082",
"202603","85177950","光通信设备的激光收发模块","141","越南","10","一般贸易","32","江苏省","90","千克","0","?","711,906",
"202603","85177950","光通信设备的激光收发模块","141","越南","10","一般贸易","33","浙江省","451","千克","0","?","92,019",
"202603","85177950","光通信设备的激光收发模块","141","越南","10","一般贸易","35","福建省","16","千克","0","?","13,258",
"202603","85177950","光通信设备的激光收发模块","141","越南","10","一般贸易","37","山东省","4","千克","0","?","1,793",
"202603","85177950","光通信设备的激光收发模块","141","越南","10","一般贸易","42","湖北省","32","千克","0","?","414",
"202603","85177950","光通信设备的激光收发模块","141","越南","10","一般贸易","44","广东省","548","千克","0","?","373,124",
"202603","85177950","光通信设备的激光收发模块","141","越南","10","一般贸易","45","广西壮族自治区","9","千克","0","?","9,010",
"202603","85177950","光通信设备的激光收发模块","141","越南","10","一般贸易","46","海南省","1","千克","0","?","400",
"202603","85177950","光通信设备的激光收发模块","141","越南","10","一般贸易","51","四川省","1","千克","0","?","5,800",
"202603","85177950","光通信设备的激光收发模块","141","越南","10","一般贸易","62","甘肃省","6","千克","0","?","570",
"202603","85177950","光通信设备的激光收发模块","141","越南","10","一般贸易","65","新疆维吾尔自治区","8","千克","0","?","100",
"202603","85177950","光通信设备的激光收发模块","141","越南","15","进料加工贸易","32","江苏省","67","千克","0","?","683,218",
"202603","85177950","光通信设备的激光收发模块","141","越南","15","进料加工贸易","51","四川省","64","千克","0","?","31,286",
"202603","85177950","光通信设备的激光收发模块","141","越南","33","保税监管场所进出境货物","44","广东省","66","千克","0","?","59,216",
"202603","85177950","光通信设备的激光收发模块","141","越南","34","海关特殊监管区域物流货物","32","江苏省","26","千克","0","?","32,169",
"202603","85177950","光通信设备的激光收发模块","141","越南","34","海关特殊监管区域物流货物","35","福建省","4","千克","0","?","3,540",
"202603","85177950","光通信设备的激光收发模块","141","越南","34","海关特殊监管区域物流货物","45","广西壮族自治区","0","千克","0","?","448",
"202603","85177950","光通信设备的激光收发模块","143","中国台湾","10","一般贸易","13","河北省","107","千克","0","?","21,186",
"202603","85177950","光通信设备的激光收发模块","143","中国台湾","10","一般贸易","21","辽宁省","0","千克","0","?","2,280",
"202603","85177950","光通信设备的激光收发模块","143","中国台湾","10","一般贸易","31","上海市","29","千克","0","?","47,181",
"202603","85177950","光通信设备的激光收发模块","143","中国台湾","10","一般贸易","32","江苏省","151","千克","0","?","214,160",
"202603","85177950","光通信设备的激光收发模块","143","中国台湾","10","一般贸易","33","浙江省","3860","千克","0","?","8,783,447",
"202603","85177950","光通信设备的激光收发模块","143","中国台湾","10","一般贸易","34","安徽省","95","千克","0","?","28,364",
"202603","85177950","光通信设备的激光收发模块","143","中国台湾","10","一般贸易","35","福建省","0","千克","0","?","800",
"202603","85177950","光通信设备的激光收发模块","143","中国台湾","10","一般贸易","37","山东省","674","千克","0","?","171,426",
"202603","85177950","光通信设备的激光收发模块","143","中国台湾","10","一般贸易","42","湖北省","1162","千克","0","?","2,745,284",
"202603","85177950","光通信设备的激光收发模块","143","中国台湾","10","一般贸易","43","湖南省","13","千克","0","?","27,198",
"202603","85177950","光通信设备的激光收发模块","143","中国台湾","10","一般贸易","44","广东省","3007","千克","0","?","3,760,982",
"202603","85177950","光通信设备的激光收发模块","143","中国台湾","10","一般贸易","51","四川省","74","千克","0","?","74,047",
"202603","85177950","光通信设备的激光收发模块","143","中国台湾","15","进料加工贸易","32","江苏省","92","千克","0","?","20,470",
"202603","85177950","光通信设备的激光收发模块","143","中国台湾","15","进料加工贸易","33","浙江省","5816","千克","0","?","7,737,691",
"202603","85177950","光通信设备的激光收发模块","143","中国台湾","15","进料加工贸易","35","福建省","28","千克","0","?","23,571",
"202603","85177950","光通信设备的激光收发模块","143","中国台湾","15","进料加工贸易","44","广东省","0","千克","0","?","409",
"202603","85177950","光通信设备的激光收发模块","143","中国台湾","15","进料加工贸易","51","四川省","30697","千克","0","?","45,425,859",
"202603","85177950","光通信设备的激光收发模块","143","中国台湾","33","保税监管场所进出境货物","11","北京市","0","千克","0","?","229",
"202603","85177950","光通信设备的激光收发模块","143","中国台湾","33","保税监管场所进出境货物","44","广东省","0","千克","0","?","648",
"202603","85177950","光通信设备的激光收发模块","143","中国台湾","34","海关特殊监管区域物流货物","32","江苏省","153","千克","0","?","25,141",
"202603","85177950","光通信设备的激光收发模块","143","中国台湾","34","海关特殊监管区域物流货物","35","福建省","3","千克","0","?","53,639",
"202603","85177950","光通信设备的激光收发模块","144","东帝汶","10","一般贸易","44","广东省","2","千克","0","?","7,696",
"202603","85177950","光通信设备的激光收发模块","145","哈萨克斯坦","10","一般贸易","21","辽宁省","3","千克","0","?","17,028",
"202603","85177950","光通信设备的激光收发模块","145","哈萨克斯坦","10","一般贸易","32","江苏省","4","千克","0","?","5,522",
"202603","85177950","光通信设备的激光收发模块","145","哈萨克斯坦","10","一般贸易","33","浙江省","2","千克","0","?","4,916",
"202603","85177950","光通信设备的激光收发模块","145","哈萨克斯坦","10","一般贸易","35","福建省","11","千克","0","?","6,806",
"202603","85177950","光通信设备的激光收发模块","145","哈萨克斯坦","10","一般贸易","42","湖北省","1","千克","0","?","16,280",
"202603","85177950","光通信设备的激光收发模块","145","哈萨克斯坦","10","一般贸易","44","广东省","225","千克","0","?","209,770",
"202603","85177950","光通信设备的激光收发模块","145","哈萨克斯坦","10","一般贸易","61","陕西省","14","千克","0","?","3,779",
"202603","85177950","光通信设备的激光收发模块","145","哈萨克斯坦","15","进料加工贸易","44","广东省","0","千克","0","?","344",
"202603","85177950","光通信设备的激光收发模块","145","哈萨克斯坦","33","保税监管场所进出境货物","43","湖南省","6","千克","0","?","1,430",
"202603","85177950","光通信设备的激光收发模块","145","哈萨克斯坦","34","海关特殊监管区域物流货物","44","广东省","78","千克","0","?","142,618",
"202603","85177950","光通信设备的激光收发模块","146","吉尔吉斯斯坦","10","一般贸易","33","浙江省","2","千克","0","?","720",
"202603","85177950","光通信设备的激光收发模块","146","吉尔吉斯斯坦","10","一般贸易","42","湖北省","3","千克","0","?","2,185",
"202603","85177950","光通信设备的激光收发模块","146","吉尔吉斯斯坦","10","一般贸易","44","广东省","21","千克","0","?","11,072",
"202603","85177950","光通信设备的激光收发模块","147","塔吉克斯坦","10","一般贸易","44","广东省","2","千克","0","?","1,616",
"202603","85177950","光通信设备的激光收发模块","147","塔吉克斯坦","34","海关特殊监管区域物流货物","32","江苏省","10","千克","0","?","2,365",
"202603","85177950","光通信设备的激光收发模块","148","土库曼斯坦","10","一般贸易","31","上海市","1","千克","0","?","154",
"202603","85177950","光通信设备的激光收发模块","148","土库曼斯坦","34","海关特殊监管区域物流货物","44","广东省","7","千克","0","?","10,972",
"202603","85177950","光通信设备的激光收发模块","149","乌兹别克斯坦","10","一般贸易","31","上海市","187","千克","0","?","9,412",
"202603","85177950","光通信设备的激光收发模块","149","乌兹别克斯坦","10","一般贸易","33","浙江省","7","千克","0","?","13,524",
"202603","85177950","光通信设备的激光收发模块","149","乌兹别克斯坦","10","一般贸易","37","山东省","0","千克","0","?","50",
"202603","85177950","光通信设备的激光收发模块","149","乌兹别克斯坦","10","一般贸易","42","湖北省","42","千克","0","?","7,534",
"202603","85177950","光通信设备的激光收发模块","149","乌兹别克斯坦","10","一般贸易","44","广东省","39","千克","0","?","97,462",
"202603","85177950","光通信设备的激光收发模块","149","乌兹别克斯坦","10","一般贸易","46","海南省","9","千克","0","?","16,312",
"202603","85177950","光通信设备的激光收发模块","149","乌兹别克斯坦","22","对外承包工程出口货物","11","北京市","10","千克","0","?","21,788",
"202603","85177950","光通信设备的激光收发模块","150","格鲁吉亚","10","一般贸易","31","上海市","8","千克","0","?","9,732",
"202603","85177950","光通信设备的激光收发模块","150","格鲁吉亚","10","一般贸易","33","浙江省","0","千克","0","?","159",
"202603","85177950","光通信设备的激光收发模块","150","格鲁吉亚","10","一般贸易","43","湖南省","50","千克","0","?","144",
"202603","85177950","光通信设备的激光收发模块","150","格鲁吉亚","10","一般贸易","44","广东省","6","千克","0","?","4,082",
"202603","85177950","光通信设备的激光收发模块","151","亚美尼亚","10","一般贸易","33","浙江省","1","千克","0","?","967",
"202603","85177950","光通信设备的激光收发模块","151","亚美尼亚","10","一般贸易","44","广东省","0","千克","0","?","34",
"202603","85177950","光通信设备的激光收发模块","152","阿塞拜疆","10","一般贸易","33","浙江省","14","千克","0","?","4,817",
"202603","85177950","光通信设备的激光收发模块","152","阿塞拜疆","10","一般贸易","44","广东省","25","千克","0","?","33,688",
"202603","85177950","光通信设备的激光收发模块","152","阿塞拜疆","10","一般贸易","51","四川省","20","千克","0","?","158",
"202603","85177950","光通信设备的激光收发模块","152","阿塞拜疆","15","进料加工贸易","44","广东省","1","千克","0","?","7,348",
"202603","85177950","光通信设备的激光收发模块","201","阿尔及利亚","10","一般贸易","31","上海市","16","千克","0","?","24,304",
"202603","85177950","光通信设备的激光收发模块","201","阿尔及利亚","10","一般贸易","44","广东省","328","千克","0","?","315,253",
"202603","85177950","光通信设备的激光收发模块","201","阿尔及利亚","39","其他","44","广东省","0","千克","0","?","103",
"202603","85177950","光通信设备的激光收发模块","202","安哥拉","10","一般贸易","44","广东省","29","千克","0","?","12,270",
"202603","85177950","光通信设备的激光收发模块","202","安哥拉","22","对外承包工程出口货物","11","北京市","2","千克","0","?","157",
"202603","85177950","光通信设备的激光收发模块","203","贝宁","10","一般贸易","44","广东省","5","千克","0","?","16,509",
"202603","85177950","光通信设备的激光收发模块","204","博茨瓦纳","10","一般贸易","44","广东省","27","千克","0","?","5,915",
"202603","85177950","光通信设备的激光收发模块","206","喀麦隆","10","一般贸易","33","浙江省","21","千克","0","?","10,556",
"202603","85177950","光通信设备的激光收发模块","206","喀麦隆","10","一般贸易","44","广东省","3","千克","0","?","847",
"202603","85177950","光通信设备的激光收发模块","213","刚果共和国","10","一般贸易","44","广东省","7","千克","0","?","38,325",
"202603","85177950","光通信设备的激光收发模块","215","埃及","10","一般贸易","33","浙江省","16","千克","0","?","29,971",
"202603","85177950","光通信设备的激光收发模块","215","埃及","10","一般贸易","44","广东省","286","千克","0","?","132,934",
"202603","85177950","光通信设备的激光收发模块","216","赤道几内亚","10","一般贸易","44","广东省","9","千克","0","?","2,412",
"202603","85177950","光通信设备的激光收发模块","217","埃塞俄比亚","10","一般贸易","12","天津市","4","千克","0","?","1,769",
"202603","85177950","光通信设备的激光收发模块","217","埃塞俄比亚","10","一般贸易","34","安徽省","2","千克","0","?","1,781",
"202603","85177950","光通信设备的激光收发模块","217","埃塞俄比亚","10","一般贸易","44","广东省","67","千克","0","?","52,219",
"202603","85177950","光通信设备的激光收发模块","218","加蓬","10","一般贸易","44","广东省","20","千克","0","?","4,300",
"202603","85177950","光通信设备的激光收发模块","220","加纳","10","一般贸易","44","广东省","39","千克","0","?","11,724",
"202603","85177950","光通信设备的激光收发模块","221","几内亚","10","一般贸易","37","山东省","1","千克","0","?","527",
"202603","85177950","光通信设备的激光收发模块","221","几内亚","10","一般贸易","44","广东省","121","千克","0","?","270,157",
"202603","85177950","光通信设备的激光收发模块","221","几内亚","22","对外承包工程出口货物","61","陕西省","5","千克","0","?","2,938",
"202603","85177950","光通信设备的激光收发模块","223","科特迪瓦","10","一般贸易","33","浙江省","1","千克","0","?","1,100",
"202603","85177950","光通信设备的激光收发模块","223","科特迪瓦","10","一般贸易","44","广东省","72","千克","0","?","31,319",
"202603","85177950","光通信设备的激光收发模块","224","肯尼亚","10","一般贸易","31","上海市","9","千克","0","?","1,010",
"202603","85177950","光通信设备的激光收发模块","224","肯尼亚","10","一般贸易","33","浙江省","0","千克","0","?","162",
"202603","85177950","光通信设备的激光收发模块","224","肯尼亚","10","一般贸易","44","广东省","19","千克","0","?","8,213",
"202603","85177950","光通信设备的激光收发模块","224","肯尼亚","34","海关特殊监管区域物流货物","32","江苏省","5","千克","0","?","820",
"202603","85177950","光通信设备的激光收发模块","225","利比里亚","10","一般贸易","44","广东省","3","千克","0","?","1,340",
"202603","85177950","光通信设备的激光收发模块","226","利比亚","10","一般贸易","44","广东省","1","千克","0","?","365",
"202603","85177950","光通信设备的激光收发模块","226","利比亚","34","海关特殊监管区域物流货物","35","福建省","2","千克","0","?","4,604",
"202603","85177950","光通信设备的激光收发模块","227","马达加斯加","10","一般贸易","44","广东省","0","千克","0","?","209",
"202603","85177950","光通信设备的激光收发模块","229","马里","10","一般贸易","44","广东省","2","千克","0","?","966",
"202603","85177950","光通信设备的激光收发模块","230","毛里塔尼亚","10","一般贸易","44","广东省","20","千克","0","?","6,210",
"202603","85177950","光通信设备的激光收发模块","231","毛里求斯","10","一般贸易","44","广东省","4","千克","0","?","7,356",
"202603","85177950","光通信设备的激光收发模块","232","摩洛哥","10","一般贸易","33","浙江省","8","千克","0","?","11,414",
"202603","85177950","光通信设备的激光收发模块","232","摩洛哥","10","一般贸易","37","山东省","0","千克","0","?","18",
"202603","85177950","光通信设备的激光收发模块","232","摩洛哥","10","一般贸易","44","广东省","536","千克","0","?","209,736",
"202603","85177950","光通信设备的激光收发模块","233","莫桑比克","10","一般贸易","44","广东省","4","千克","0","?","272",
"202603","85177950","光通信设备的激光收发模块","234","纳米比亚","10","一般贸易","44","广东省","4","千克","0","?","6,440",
"202603","85177950","光通信设备的激光收发模块","235","尼日尔","10","一般贸易","44","广东省","0","千克","0","?","56",
"202603","85177950","光通信设备的激光收发模块","236","尼日利亚","10","一般贸易","31","上海市","8","千克","0","?","293",
"202603","85177950","光通信设备的激光收发模块","236","尼日利亚","10","一般贸易","33","浙江省","1","千克","0","?","532",
"202603","85177950","光通信设备的激光收发模块","236","尼日利亚","10","一般贸易","44","广东省","166","千克","0","?","102,560",
"202603","85177950","光通信设备的激光收发模块","236","尼日利亚","10","一般贸易","51","四川省","31","千克","0","?","1,572",
"202603","85177950","光通信设备的激光收发模块","237","留尼汪","10","一般贸易","44","广东省","1","千克","0","?","1,063",
"202603","85177950","光通信设备的激光收发模块","238","卢旺达","10","一般贸易","33","浙江省","2","千克","0","?","1,074",
"202603","85177950","光通信设备的激光收发模块","238","卢旺达","10","一般贸易","44","广东省","1","千克","0","?","2,129",
"202603","85177950","光通信设备的激光收发模块","240","塞内加尔","10","一般贸易","44","广东省","55","千克","0","?","24,721",
"202603","85177950","光通信设备的激光收发模块","242","塞拉利昂","10","一般贸易","37","山东省","10","千克","0","?","380",
"202603","85177950","光通信设备的激光收发模块","243","索马里","10","一般贸易","44","广东省","9","千克","0","?","1,893",
"202603","85177950","光通信设备的激光收发模块","244","南非","10","一般贸易","31","上海市","4","千克","0","?","863",
"202603","85177950","光通信设备的激光收发模块","244","南非","10","一般贸易","33","浙江省","2","千克","0","?","2,178",
"202603","85177950","光通信设备的激光收发模块","244","南非","10","一般贸易","35","福建省","0","千克","0","?","88",
"202603","85177950","光通信设备的激光收发模块","244","南非","10","一般贸易","42","湖北省","6","千克","0","?","1,199",
"202603","85177950","光通信设备的激光收发模块","244","南非","10","一般贸易","44","广东省","311","千克","0","?","471,775",
"202603","85177950","光通信设备的激光收发模块","244","南非","10","一般贸易","52","贵州省","15","千克","0","?","3,840",
"202603","85177950","光通信设备的激光收发模块","244","南非","15","进料加工贸易","44","广东省","1","千克","0","?","7,348",
"202603","85177950","光通信设备的激光收发模块","244","南非","33","保税监管场所进出境货物","44","广东省","1","千克","0","?","515",
"202603","85177950","光通信设备的激光收发模块","244","南非","34","海关特殊监管区域物流货物","32","江苏省","402","千克","0","?","160,469",
"202603","85177950","光通信设备的激光收发模块","244","南非","34","海关特殊监管区域物流货物","35","福建省","0","千克","0","?","482",
"202603","85177950","光通信设备的激光收发模块","246","苏丹","10","一般贸易","44","广东省","43","千克","0","?","24,020",
"202603","85177950","光通信设备的激光收发模块","247","坦桑尼亚","10","一般贸易","32","江苏省","10","千克","0","?","3,879",
"202603","85177950","光通信设备的激光收发模块","247","坦桑尼亚","10","一般贸易","33","浙江省","3","千克","0","?","3,439",
"202603","85177950","光通信设备的激光收发模块","247","坦桑尼亚","10","一般贸易","44","广东省","38","千克","0","?","59,491",
"202603","85177950","光通信设备的激光收发模块","248","多哥","10","一般贸易","44","广东省","3","千克","0","?","18,840",
"202603","85177950","光通信设备的激光收发模块","249","突尼斯","10","一般贸易","32","江苏省","0","千克","0","?","578",
"202603","85177950","光通信设备的激光收发模块","249","突尼斯","10","一般贸易","33","浙江省","56","千克","0","?","16,916",
"202603","85177950","光通信设备的激光收发模块","249","突尼斯","10","一般贸易","44","广东省","1","千克","0","?","3,330",
"202603","85177950","光通信设备的激光收发模块","249","突尼斯","15","进料加工贸易","44","广东省","0","千克","0","?","7,261",
"202603","85177950","光通信设备的激光收发模块","249","突尼斯","33","保税监管场所进出境货物","44","广东省","7","千克","0","?","462",
"202603","85177950","光通信设备的激光收发模块","250","乌干达","10","一般贸易","44","广东省","68","千克","0","?","68,477",
"202603","85177950","光通信设备的激光收发模块","252","刚果民主共和国","10","一般贸易","11","北京市","2","千克","0","?","526",
"202603","85177950","光通信设备的激光收发模块","252","刚果民主共和国","10","一般贸易","44","广东省","269","千克","0","?","65,833",
"202603","85177950","光通信设备的激光收发模块","253","赞比亚","10","一般贸易","11","北京市","1","千克","0","?","149",
"202603","85177950","光通信设备的激光收发模块","253","赞比亚","10","一般贸易","44","广东省","116","千克","0","?","79,445",
"202603","85177950","光通信设备的激光收发模块","257","斯威士兰","10","一般贸易","44","广东省","15","千克","0","?","31,085",
"202603","85177950","光通信设备的激光收发模块","301","比利时","10","一般贸易","31","上海市","186","千克","0","?","339,312",
"202603","85177950","光通信设备的激光收发模块","301","比利时","10","一般贸易","32","江苏省","0","千克","0","?","735",
"202603","85177950","光通信设备的激光收发模块","301","比利时","10","一般贸易","33","浙江省","2","千克","0","?","266",
"202603","85177950","光通信设备的激光收发模块","301","比利时","10","一般贸易","34","安徽省","578","千克","0","?","74,643",
"202603","85177950","光通信设备的激光收发模块","301","比利时","10","一般贸易","37","山东省","4","千克","0","?","420",
"202603","85177950","光通信设备的激光收发模块","301","比利时","10","一般贸易","42","湖北省","123","千克","0","?","387,659",
"202603","85177950","光通信设备的激光收发模块","301","比利时","10","一般贸易","43","湖南省","0","千克","0","?","17",
"202603","85177950","光通信设备的激光收发模块","301","比利时","10","一般贸易","44","广东省","229","千克","0","?","177,885",
"202603","85177950","光通信设备的激光收发模块","301","比利时","10","一般贸易","51","四川省","9","千克","0","?","10,310",
"202603","85177950","光通信设备的激光收发模块","301","比利时","15","进料加工贸易","32","江苏省","26","千克","0","?","28,852",
"202603","85177950","光通信设备的激光收发模块","302","丹麦","10","一般贸易","31","上海市","71","千克","0","?","50,073",
"202603","85177950","光通信设备的激光收发模块","302","丹麦","10","一般贸易","32","江苏省","15","千克","0","?","33,083",
"202603","85177950","光通信设备的激光收发模块","302","丹麦","10","一般贸易","34","安徽省","33","千克","0","?","4,090",
"202603","85177950","光通信设备的激光收发模块","302","丹麦","10","一般贸易","42","湖北省","278","千克","0","?","92,156",
"202603","85177950","光通信设备的激光收发模块","302","丹麦","10","一般贸易","44","广东省","342","千克","0","?","212,854",
"202603","85177950","光通信设备的激光收发模块","302","丹麦","10","一般贸易","51","四川省","232","千克","0","?","130,957",
"202603","85177950","光通信设备的激光收发模块","302","丹麦","15","进料加工贸易","32","江苏省","9","千克","0","?","46,503",
"202603","85177950","光通信设备的激光收发模块","303","英国","10","一般贸易","31","上海市","194","千克","0","?","254,084",
"202603","85177950","光通信设备的激光收发模块","303","英国","10","一般贸易","32","江苏省","56","千克","0","?","143,976",
"202603","85177950","光通信设备的激光收发模块","303","英国","10","一般贸易","33","浙江省","1","千克","0","?","2,137",
"202603","85177950","光通信设备的激光收发模块","303","英国","10","一般贸易","37","山东省","7","千克","0","?","8,280",
"202603","85177950","光通信设备的激光收发模块","303","英国","10","一般贸易","42","湖北省","346","千克","0","?","535,761",
"202603","85177950","光通信设备的激光收发模块","303","英国","10","一般贸易","44","广东省","2109","千克","0","?","1,521,808",
"202603","85177950","光通信设备的激光收发模块","303","英国","10","一般贸易","51","四川省","345","千克","0","?","968,532",
"202603","85177950","光通信设备的激光收发模块","303","英国","10","一般贸易","65","新疆维吾尔自治区","0","千克","0","?","15",
"202603","85177950","光通信设备的激光收发模块","303","英国","15","进料加工贸易","32","江苏省","4","千克","0","?","1,546",
"202603","85177950","光通信设备的激光收发模块","303","英国","15","进料加工贸易","51","四川省","88","千克","0","?","282,299",
"202603","85177950","光通信设备的激光收发模块","303","英国","34","海关特殊监管区域物流货物","32","江苏省","52","千克","0","?","63,365",
"202603","85177950","光通信设备的激光收发模块","303","英国","34","海关特殊监管区域物流货物","44","广东省","13","千克","0","?","12,198",
"202603","85177950","光通信设备的激光收发模块","304","德国","10","一般贸易","11","北京市","14","千克","0","?","8,597",
"202603","85177950","光通信设备的激光收发模块","304","德国","10","一般贸易","12","天津市","0","千克","0","?","59",
"202603","85177950","光通信设备的激光收发模块","304","德国","10","一般贸易","31","上海市","8","千克","0","?","43,685",
"202603","85177950","光通信设备的激光收发模块","304","德国","10","一般贸易","32","江苏省","94","千克","0","?","193,291",
"202603","85177950","光通信设备的激光收发模块","304","德国","10","一般贸易","33","浙江省","87","千克","0","?","168,515",
"202603","85177950","光通信设备的激光收发模块","304","德国","10","一般贸易","34","安徽省","0","千克","0","?","25,375",
"202603","85177950","光通信设备的激光收发模块","304","德国","10","一般贸易","35","福建省","10","千克","0","?","2,192",
"202603","85177950","光通信设备的激光收发模块","304","德国","10","一般贸易","37","山东省","10","千克","0","?","61,624",
"202603","85177950","光通信设备的激光收发模块","304","德国","10","一般贸易","42","湖北省","1316","千克","0","?","1,247,667",
"202603","85177950","光通信设备的激光收发模块","304","德国","10","一般贸易","43","湖南省","0","千克","0","?","3,500",
"202603","85177950","光通信设备的激光收发模块","304","德国","10","一般贸易","44","广东省","4518","千克","0","?","2,225,307",
"202603","85177950","光通信设备的激光收发模块","304","德国","10","一般贸易","46","海南省","10","千克","0","?","1,036",
"202603","85177950","光通信设备的激光收发模块","304","德国","10","一般贸易","51","四川省","1175","千克","0","?","462,340",
"202603","85177950","光通信设备的激光收发模块","304","德国","10","一般贸易","52","贵州省","23","千克","0","?","5,679",
"202603","85177950","光通信设备的激光收发模块","304","德国","15","进料加工贸易","32","江苏省","113","千克","0","?","709,029",
"202603","85177950","光通信设备的激光收发模块","304","德国","33","保税监管场所进出境货物","44","广东省","9","千克","0","?","1,280",
"202603","85177950","光通信设备的激光收发模块","304","德国","34","海关特殊监管区域物流货物","32","江苏省","29","千克","0","?","42,279",
"202603","85177950","光通信设备的激光收发模块","304","德国","34","海关特殊监管区域物流货物","42","湖北省","1131","千克","0","?","1,460,763",
"202603","85177950","光通信设备的激光收发模块","304","德国","34","海关特殊监管区域物流货物","44","广东省","69","千克","0","?","84,547",
"202603","85177950","光通信设备的激光收发模块","305","法国","10","一般贸易","23","黑龙江省","151","千克","0","?","1,650",
"202603","85177950","光通信设备的激光收发模块","305","法国","10","一般贸易","31","上海市","3","千克","0","?","1,900",
"202603","85177950","光通信设备的激光收发模块","305","法国","10","一般贸易","32","江苏省","17","千克","0","?","10,513",
"202603","85177950","光通信设备的激光收发模块","305","法国","10","一般贸易","33","浙江省","1","千克","0","?","439",
"202603","85177950","光通信设备的激光收发模块","305","法国","10","一般贸易","42","湖北省","271","千克","0","?","229,110",
"202603","85177950","光通信设备的激光收发模块","305","法国","10","一般贸易","44","广东省","773","千克","0","?","313,925",
"202603","85177950","光通信设备的激光收发模块","305","法国","10","一般贸易","51","四川省","75","千克","0","?","159,732",
"202603","85177950","光通信设备的激光收发模块","305","法国","10","一般贸易","52","贵州省","0","千克","0","?","104",
"202603","85177950","光通信设备的激光收发模块","305","法国","15","进料加工贸易","32","江苏省","5","千克","0","?","55,371",
"202603","85177950","光通信设备的激光收发模块","305","法国","15","进料加工贸易","51","四川省","1","千克","0","?","16,320",
"202603","85177950","光通信设备的激光收发模块","306","爱尔兰","10","一般贸易","21","辽宁省","0","千克","0","?","9,979",
"202603","85177950","光通信设备的激光收发模块","306","爱尔兰","10","一般贸易","33","浙江省","0","千克","0","?","75",
"202603","85177950","光通信设备的激光收发模块","306","爱尔兰","10","一般贸易","35","福建省","10","千克","0","?","12,611",
"202603","85177950","光通信设备的激光收发模块","306","爱尔兰","10","一般贸易","44","广东省","284","千克","0","?","278,507",
"202603","85177950","光通信设备的激光收发模块","306","爱尔兰","10","一般贸易","46","海南省","12","千克","0","?","3,066",
"202603","85177950","光通信设备的激光收发模块","306","爱尔兰","10","一般贸易","51","四川省","2","千克","0","?","1,525",
"202603","85177950","光通信设备的激光收发模块","306","爱尔兰","10","一般贸易","52","贵州省","10","千克","0","?","2,909",
"202603","85177950","光通信设备的激光收发模块","306","爱尔兰","15","进料加工贸易","32","江苏省","107","千克","0","?","174,959",
"202603","85177950","光通信设备的激光收发模块","307","意大利","10","一般贸易","31","上海市","8","千克","0","?","280",
"202603","85177950","光通信设备的激光收发模块","307","意大利","10","一般贸易","32","江苏省","3","千克","0","?","5,201",
"202603","85177950","光通信设备的激光收发模块","307","意大利","10","一般贸易","33","浙江省","46","千克","0","?","19,947",
"202603","85177950","光通信设备的激光收发模块","307","意大利","10","一般贸易","35","福建省","4","千克","0","?","3,793",
"202603","85177950","光通信设备的激光收发模块","307","意大利","10","一般贸易","37","山东省","3","千克","0","?","299",
"202603","85177950","光通信设备的激光收发模块","307","意大利","10","一般贸易","41","河南省","0","千克","0","?","1,140",
"202603","85177950","光通信设备的激光收发模块","307","意大利","10","一般贸易","42","湖北省","9","千克","0","?","21,204",
"202603","85177950","光通信设备的激光收发模块","307","意大利","10","一般贸易","43","湖南省","0","千克","0","?","6",
"202603","85177950","光通信设备的激光收发模块","307","意大利","10","一般贸易","44","广东省","663","千克","0","?","439,171",
"202603","85177950","光通信设备的激光收发模块","307","意大利","10","一般贸易","46","海南省","1","千克","0","?","859",
"202603","85177950","光通信设备的激光收发模块","307","意大利","10","一般贸易","51","四川省","1","千克","0","?","2,000",
"202603","85177950","光通信设备的激光收发模块","307","意大利","15","进料加工贸易","32","江苏省","1","千克","0","?","14,739",
"202603","85177950","光通信设备的激光收发模块","307","意大利","15","进料加工贸易","51","四川省","0","千克","0","?","289",
"202603","85177950","光通信设备的激光收发模块","307","意大利","33","保税监管场所进出境货物","44","广东省","10","千克","0","?","158",
"202603","85177950","光通信设备的激光收发模块","308","卢森堡","10","一般贸易","31","上海市","1","千克","0","?","132",
"202603","85177950","光通信设备的激光收发模块","309","荷兰","10","一般贸易","31","上海市","123","千克","0","?","187,241",
"202603","85177950","光通信设备的激光收发模块","309","荷兰","10","一般贸易","32","江苏省","196","千克","0","?","536,109",
"202603","85177950","光通信设备的激光收发模块","309","荷兰","10","一般贸易","33","浙江省","435","千克","0","?","944,131",
"202603","85177950","光通信设备的激光收发模块","309","荷兰","10","一般贸易","35","福建省","4","千克","0","?","3,124",
"202603","85177950","光通信设备的激光收发模块","309","荷兰","10","一般贸易","37","山东省","80","千克","0","?","59,426",
"202603","85177950","光通信设备的激光收发模块","309","荷兰","10","一般贸易","42","湖北省","4770","千克","0","?","3,672,932",
"202603","85177950","光通信设备的激光收发模块","309","荷兰","10","一般贸易","44","广东省","2670","千克","0","?","1,742,913",
"202603","85177950","光通信设备的激光收发模块","309","荷兰","10","一般贸易","46","海南省","3","千克","0","?","200",
"202603","85177950","光通信设备的激光收发模块","309","荷兰","10","一般贸易","51","四川省","824","千克","0","?","789,359",
"202603","85177950","光通信设备的激光收发模块","309","荷兰","10","一般贸易","65","新疆维吾尔自治区","1","千克","0","?","877",
"202603","85177950","光通信设备的激光收发模块","309","荷兰","15","进料加工贸易","32","江苏省","362","千克","0","?","828,353",
"202603","85177950","光通信设备的激光收发模块","309","荷兰","15","进料加工贸易","44","广东省","8","千克","0","?","35,396",
"202603","85177950","光通信设备的激光收发模块","309","荷兰","15","进料加工贸易","51","四川省","247","千克","0","?","310,267",
"202603","85177950","光通信设备的激光收发模块","309","荷兰","33","保税监管场所进出境货物","44","广东省","14","千克","0","?","2,032",
"202603","85177950","光通信设备的激光收发模块","309","荷兰","34","海关特殊监管区域物流货物","32","江苏省","266","千克","0","?","151,557",
"202603","85177950","光通信设备的激光收发模块","310","希腊","10","一般贸易","33","浙江省","0","千克","0","?","168",
"202603","85177950","光通信设备的激光收发模块","310","希腊","10","一般贸易","44","广东省","43","千克","0","?","10,066",
"202603","85177950","光通信设备的激光收发模块","310","希腊","10","一般贸易","61","陕西省","6","千克","0","?","1,380",
"202603","85177950","光通信设备的激光收发模块","310","希腊","33","保税监管场所进出境货物","44","广东省","25","千克","0","?","7,005",
"202603","85177950","光通信设备的激光收发模块","311","葡萄牙","10","一般贸易","33","浙江省","57","千克","0","?","88,263",
"202603","85177950","光通信设备的激光收发模块","311","葡萄牙","10","一般贸易","43","湖南省","1","千克","0","?","768",
"202603","85177950","光通信设备的激光收发模块","311","葡萄牙","10","一般贸易","44","广东省","0","千克","0","?","820",
"202603","85177950","光通信设备的激光收发模块","311","葡萄牙","10","一般贸易","51","四川省","2","千克","0","?","890",
"202603","85177950","光通信设备的激光收发模块","311","葡萄牙","34","海关特殊监管区域物流货物","32","江苏省","3","千克","0","?","1,654",
"202603","85177950","光通信设备的激光收发模块","312","西班牙","10","一般贸易","32","江苏省","0","千克","0","?","34,001",
"202603","85177950","光通信设备的激光收发模块","312","西班牙","10","一般贸易","33","浙江省","45","千克","0","?","73,760",
"202603","85177950","光通信设备的激光收发模块","312","西班牙","10","一般贸易","34","安徽省","14","千克","0","?","1,733",
"202603","85177950","光通信设备的激光收发模块","312","西班牙","10","一般贸易","35","福建省","40","千克","0","?","5,779",
"202603","85177950","光通信设备的激光收发模块","312","西班牙","10","一般贸易","37","山东省","0","千克","0","?","5",
"202603","85177950","光通信设备的激光收发模块","312","西班牙","10","一般贸易","42","湖北省","0","千克","0","?","3,598",
"202603","85177950","光通信设备的激光收发模块","312","西班牙","10","一般贸易","44","广东省","120","千克","0","?","114,418",
"202603","85177950","光通信设备的激光收发模块","312","西班牙","10","一般贸易","46","海南省","17","千克","0","?","2,945",
"202603","85177950","光通信设备的激光收发模块","312","西班牙","33","保税监管场所进出境货物","44","广东省","19","千克","0","?","1,102",
"202603","85177950","光通信设备的激光收发模块","315","奥地利","10","一般贸易","31","上海市","13","千克","0","?","7,338",
"202603","85177950","光通信设备的激光收发模块","315","奥地利","10","一般贸易","33","浙江省","1","千克","0","?","437",
"202603","85177950","光通信设备的激光收发模块","315","奥地利","10","一般贸易","42","湖北省","2","千克","0","?","5,103",
"202603","85177950","光通信设备的激光收发模块","315","奥地利","10","一般贸易","44","广东省","39","千克","0","?","19,107",
"202603","85177950","光通信设备的激光收发模块","315","奥地利","33","保税监管场所进出境货物","44","广东省","1","千克","0","?","159",
"202603","85177950","光通信设备的激光收发模块","316","保加利亚","10","一般贸易","33","浙江省","0","千克","0","?","581",
"202603","85177950","光通信设备的激光收发模块","316","保加利亚","10","一般贸易","44","广东省","33","千克","0","?","18,932",
"202603","85177950","光通信设备的激光收发模块","318","芬兰","10","一般贸易","11","北京市","10","千克","0","?","370",
"202603","85177950","光通信设备的激光收发模块","318","芬兰","10","一般贸易","42","湖北省","143","千克","0","?","48,764",
"202603","85177950","光通信设备的激光收发模块","318","芬兰","10","一般贸易","44","广东省","170","千克","0","?","66,435",
"202603","85177950","光通信设备的激光收发模块","318","芬兰","15","进料加工贸易","32","江苏省","0","千克","0","?","77",
"202603","85177950","光通信设备的激光收发模块","318","芬兰","15","进料加工贸易","33","浙江省","5","千克","0","?","5,395",
"202603","85177950","光通信设备的激光收发模块","318","芬兰","15","进料加工贸易","51","四川省","6","千克","0","?","18,709",
"202603","85177950","光通信设备的激光收发模块","318","芬兰","34","海关特殊监管区域物流货物","32","江苏省","11","千克","0","?","5,959",
"202603","85177950","光通信设备的激光收发模块","321","匈牙利","10","一般贸易","33","浙江省","12","千克","0","?","3,828",
"202603","85177950","光通信设备的激光收发模块","321","匈牙利","10","一般贸易","34","安徽省","0","千克","0","?","376",
"202603","85177950","光通信设备的激光收发模块","321","匈牙利","10","一般贸易","37","山东省","1","千克","0","?","236",
"202603","85177950","光通信设备的激光收发模块","321","匈牙利","10","一般贸易","42","湖北省","7","千克","0","?","1,192",
"202603","85177950","光通信设备的激光收发模块","321","匈牙利","10","一般贸易","44","广东省","2510","千克","0","?","4,093,828",
"202603","85177950","光通信设备的激光收发模块","321","匈牙利","10","一般贸易","50","重庆市","6","千克","0","?","25,423",
"202603","85177950","光通信设备的激光收发模块","321","匈牙利","10","一般贸易","65","新疆维吾尔自治区","0","千克","0","?","11",
"202603","85177950","光通信设备的激光收发模块","321","匈牙利","33","保税监管场所进出境货物","44","广东省","31","千克","0","?","277,398",
"202603","85177950","光通信设备的激光收发模块","322","冰岛","10","一般贸易","44","广东省","1","千克","0","?","192",
"202603","85177950","光通信设备的激光收发模块","323","列支敦士登","10","一般贸易","44","广东省","6","千克","0","?","4,316",
"202603","85177950","光通信设备的激光收发模块","326","挪威","10","一般贸易","31","上海市","16","千克","0","?","27,584",
"202603","85177950","光通信设备的激光收发模块","326","挪威","10","一般贸易","32","江苏省","34","千克","0","?","58,197",
"202603","85177950","光通信设备的激光收发模块","326","挪威","10","一般贸易","33","浙江省","3","千克","0","?","7,028",
"202603","85177950","光通信设备的激光收发模块","326","挪威","10","一般贸易","42","湖北省","264","千克","0","?","250,850",
"202603","85177950","光通信设备的激光收发模块","326","挪威","10","一般贸易","44","广东省","534","千克","0","?","240,641",
"202603","85177950","光通信设备的激光收发模块","326","挪威","10","一般贸易","51","四川省","70","千克","0","?","158,850",
"202603","85177950","光通信设备的激光收发模块","326","挪威","15","进料加工贸易","32","江苏省","1","千克","0","?","5,313",
"202603","85177950","光通信设备的激光收发模块","326","挪威","15","进料加工贸易","51","四川省","6","千克","0","?","17,800",
"202603","85177950","光通信设备的激光收发模块","327","波兰","10","一般贸易","11","北京市","6","千克","0","?","2,248",
"202603","85177950","光通信设备的激光收发模块","327","波兰","10","一般贸易","31","上海市","40","千克","0","?","35,414",
"202603","85177950","光通信设备的激光收发模块","327","波兰","10","一般贸易","32","江苏省","1","千克","0","?","700",
"202603","85177950","光通信设备的激光收发模块","327","波兰","10","一般贸易","33","浙江省","197","千克","0","?","37,876",
"202603","85177950","光通信设备的激光收发模块","327","波兰","10","一般贸易","35","福建省","1","千克","0","?","4,452",
"202603","85177950","光通信设备的激光收发模块","327","波兰","10","一般贸易","42","湖北省","804","千克","0","?","387,170",
"202603","85177950","光通信设备的激光收发模块","327","波兰","10","一般贸易","44","广东省","640","千克","0","?","208,998",
"202603","85177950","光通信设备的激光收发模块","327","波兰","10","一般贸易","46","海南省","465","千克","0","?","61,043",
"202603","85177950","光通信设备的激光收发模块","327","波兰","10","一般贸易","51","四川省","65","千克","0","?","68,102",
"202603","85177950","光通信设备的激光收发模块","327","波兰","15","进料加工贸易","32","江苏省","0","千克","0","?","4,261",
"202603","85177950","光通信设备的激光收发模块","327","波兰","15","进料加工贸易","51","四川省","0","千克","0","?","1,068",
"202603","85177950","光通信设备的激光收发模块","327","波兰","33","保税监管场所进出境货物","44","广东省","15","千克","0","?","1,581",
"202603","85177950","光通信设备的激光收发模块","327","波兰","34","海关特殊监管区域物流货物","32","江苏省","0","千克","0","?","1,748",
"202603","85177950","光通信设备的激光收发模块","328","罗马尼亚","10","一般贸易","33","浙江省","10","千克","0","?","6,802",
"202603","85177950","光通信设备的激光收发模块","328","罗马尼亚","10","一般贸易","35","福建省","1","千克","0","?","231",
"202603","85177950","光通信设备的激光收发模块","328","罗马尼亚","10","一般贸易","37","山东省","0","千克","0","?","29",
"202603","85177950","光通信设备的激光收发模块","328","罗马尼亚","10","一般贸易","41","河南省","290","千克","0","?","366,150",
"202603","85177950","光通信设备的激光收发模块","328","罗马尼亚","10","一般贸易","42","湖北省","8","千克","0","?","1,266",
"202603","85177950","光通信设备的激光收发模块","328","罗马尼亚","10","一般贸易","44","广东省","197","千克","0","?","46,937",
"202603","85177950","光通信设备的激光收发模块","328","罗马尼亚","10","一般贸易","46","海南省","15","千克","0","?","1,692",
"202603","85177950","光通信设备的激光收发模块","328","罗马尼亚","10","一般贸易","51","四川省","10","千克","0","?","17,636",
"202603","85177950","光通信设备的激光收发模块","328","罗马尼亚","15","进料加工贸易","32","江苏省","0","千克","0","?","1,186",
"202603","85177950","光通信设备的激光收发模块","328","罗马尼亚","34","海关特殊监管区域物流货物","32","江苏省","0","千克","0","?","211",
"202603","85177950","光通信设备的激光收发模块","329","圣马力诺","10","一般贸易","42","湖北省","3","千克","0","?","1,990",
"202603","85177950","光通信设备的激光收发模块","330","瑞典","10","一般贸易","31","上海市","6","千克","0","?","4,650",
"202603","85177950","光通信设备的激光收发模块","330","瑞典","10","一般贸易","32","江苏省","5","千克","0","?","38,825",
"202603","85177950","光通信设备的激光收发模块","330","瑞典","10","一般贸易","33","浙江省","2","千克","0","?","999",
"202603","85177950","光通信设备的激光收发模块","330","瑞典","10","一般贸易","42","湖北省","2542","千克","0","?","828,548",
"202603","85177950","光通信设备的激光收发模块","330","瑞典","10","一般贸易","44","广东省","620","千克","0","?","185,445",
"202603","85177950","光通信设备的激光收发模块","330","瑞典","10","一般贸易","51","四川省","748","千克","0","?","345,141",
"202603","85177950","光通信设备的激光收发模块","330","瑞典","10","一般贸易","61","陕西省","1","千克","0","?","295",
"202603","85177950","光通信设备的激光收发模块","330","瑞典","15","进料加工贸易","32","江苏省","1","千克","0","?","2,998",
"202603","85177950","光通信设备的激光收发模块","330","瑞典","15","进料加工贸易","51","四川省","994","千克","0","?","227,929",
"202603","85177950","光通信设备的激光收发模块","330","瑞典","34","海关特殊监管区域物流货物","32","江苏省","30","千克","0","?","111,013",
"202603","85177950","光通信设备的激光收发模块","331","瑞士","10","一般贸易","21","辽宁省","84","千克","0","?","211,635",
"202603","85177950","光通信设备的激光收发模块","331","瑞士","10","一般贸易","31","上海市","214","千克","0","?","310,500",
"202603","85177950","光通信设备的激光收发模块","331","瑞士","10","一般贸易","33","浙江省","0","千克","0","?","193",
"202603","85177950","光通信设备的激光收发模块","331","瑞士","10","一般贸易","42","湖北省","416","千克","0","?","314,684",
"202603","85177950","光通信设备的激光收发模块","331","瑞士","10","一般贸易","44","广东省","69","千克","0","?","31,310",
"202603","85177950","光通信设备的激光收发模块","334","爱沙尼亚","10","一般贸易","32","江苏省","1","千克","0","?","245",
"202603","85177950","光通信设备的激光收发模块","334","爱沙尼亚","10","一般贸易","33","浙江省","21","千克","0","?","8,255",
"202603","85177950","光通信设备的激光收发模块","334","爱沙尼亚","10","一般贸易","42","湖北省","2","千克","0","?","4,413",
"202603","85177950","光通信设备的激光收发模块","334","爱沙尼亚","10","一般贸易","44","广东省","9","千克","0","?","4,348",
"202603","85177950","光通信设备的激光收发模块","334","爱沙尼亚","15","进料加工贸易","51","四川省","0","千克","0","?","1,785",
"202603","85177950","光通信设备的激光收发模块","335","拉脱维亚","10","一般贸易","42","湖北省","9","千克","0","?","15,691",
"202603","85177950","光通信设备的激光收发模块","335","拉脱维亚","10","一般贸易","44","广东省","991","千克","0","?","578,608",
"202603","85177950","光通信设备的激光收发模块","335","拉脱维亚","10","一般贸易","51","四川省","4","千克","0","?","2,522",
"202603","85177950","光通信设备的激光收发模块","336","立陶宛","10","一般贸易","37","山东省","7","千克","0","?","4,608",
"202603","85177950","光通信设备的激光收发模块","336","立陶宛","10","一般贸易","44","广东省","201","千克","0","?","23,621",
"202603","85177950","光通信设备的激光收发模块","336","立陶宛","10","一般贸易","46","海南省","7","千克","0","?","756",
"202603","85177950","光通信设备的激光收发模块","336","立陶宛","15","进料加工贸易","33","浙江省","5","千克","0","?","17,300",
"202603","85177950","光通信设备的激光收发模块","340","白俄罗斯","10","一般贸易","23","黑龙江省","1","千克","0","?","2,779",
"202603","85177950","光通信设备的激光收发模块","340","白俄罗斯","10","一般贸易","44","广东省","27","千克","0","?","31,073",
"202603","85177950","光通信设备的激光收发模块","340","白俄罗斯","34","海关特殊监管区域物流货物","11","北京市","9","千克","0","?","725",
"202603","85177950","光通信设备的激光收发模块","343","摩尔多瓦","10","一般贸易","32","江苏省","38","千克","0","?","7,415",
"202603","85177950","光通信设备的激光收发模块","343","摩尔多瓦","10","一般贸易","42","湖北省","3","千克","0","?","938",
"202603","85177950","光通信设备的激光收发模块","343","摩尔多瓦","10","一般贸易","44","广东省","10","千克","0","?","6,859",
"202603","85177950","光通信设备的激光收发模块","344","俄罗斯","10","一般贸易","11","北京市","29","千克","0","?","11,979",
"202603","85177950","光通信设备的激光收发模块","344","俄罗斯","10","一般贸易","22","吉林省","145","千克","0","?","17,509",
"202603","85177950","光通信设备的激光收发模块","344","俄罗斯","10","一般贸易","23","黑龙江省","6","千克","0","?","219",
"202603","85177950","光通信设备的激光收发模块","344","俄罗斯","10","一般贸易","31","上海市","607","千克","0","?","240,054",
"202603","85177950","光通信设备的激光收发模块","344","俄罗斯","10","一般贸易","32","江苏省","309","千克","0","?","572,134",
"202603","85177950","光通信设备的激光收发模块","344","俄罗斯","10","一般贸易","33","浙江省","16","千克","0","?","8,046",
"202603","85177950","光通信设备的激光收发模块","344","俄罗斯","10","一般贸易","34","安徽省","643","千克","0","?","80,363",
"202603","85177950","光通信设备的激光收发模块","344","俄罗斯","10","一般贸易","37","山东省","1","千克","0","?","95",
"202603","85177950","光通信设备的激光收发模块","344","俄罗斯","10","一般贸易","42","湖北省","979","千克","0","?","375,234",
"202603","85177950","光通信设备的激光收发模块","344","俄罗斯","10","一般贸易","44","广东省","2677","千克","0","?","2,362,048",
"202603","85177950","光通信设备的激光收发模块","344","俄罗斯","10","一般贸易","46","海南省","875","千克","0","?","582,610",
"202603","85177950","光通信设备的激光收发模块","344","俄罗斯","10","一般贸易","51","四川省","34","千克","0","?","18,880",
"202603","85177950","光通信设备的激光收发模块","344","俄罗斯","10","一般贸易","65","新疆维吾尔自治区","6","千克","0","?","2,719",
"202603","85177950","光通信设备的激光收发模块","344","俄罗斯","33","保税监管场所进出境货物","44","广东省","130","千克","0","?","27,290",
"202603","85177950","光通信设备的激光收发模块","344","俄罗斯","34","海关特殊监管区域物流货物","31","上海市","540","千克","0","?","72,501",
"202603","85177950","光通信设备的激光收发模块","344","俄罗斯","34","海关特殊监管区域物流货物","32","江苏省","8","千克","0","?","4,551",
"202603","85177950","光通信设备的激光收发模块","344","俄罗斯","34","海关特殊监管区域物流货物","42","湖北省","417","千克","0","?","520,273",
"202603","85177950","光通信设备的激光收发模块","344","俄罗斯","39","其他","37","山东省","0","千克","0","?","2",
"202603","85177950","光通信设备的激光收发模块","344","俄罗斯","39","其他","44","广东省","17","千克","0","?","17,870",
"202603","85177950","光通信设备的激光收发模块","347","乌克兰","10","一般贸易","31","上海市","14","千克","0","?","4,190",
"202603","85177950","光通信设备的激光收发模块","347","乌克兰","10","一般贸易","35","福建省","1","千克","0","?","924",
"202603","85177950","光通信设备的激光收发模块","347","乌克兰","10","一般贸易","44","广东省","225","千克","0","?","106,344",
"202603","85177950","光通信设备的激光收发模块","350","斯洛文尼亚","10","一般贸易","31","上海市","17","千克","0","?","33,378",
"202603","85177950","光通信设备的激光收发模块","350","斯洛文尼亚","10","一般贸易","44","广东省","71","千克","0","?","44,440",
"202603","85177950","光通信设备的激光收发模块","351","克罗地亚","10","一般贸易","44","广东省","0","千克","0","?","880",
"202603","85177950","光通信设备的激光收发模块","352","捷克","10","一般贸易","33","浙江省","0","千克","0","?","19",
"202603","85177950","光通信设备的激光收发模块","352","捷克","10","一般贸易","42","湖北省","73","千克","0","?","36,085",
"202603","85177950","光通信设备的激光收发模块","352","捷克","10","一般贸易","44","广东省","1950","千克","0","?","492,464",
"202603","85177950","光通信设备的激光收发模块","352","捷克","10","一般贸易","65","新疆维吾尔自治区","0","千克","0","?","1",
"202603","85177950","光通信设备的激光收发模块","352","捷克","15","进料加工贸易","32","江苏省","33","千克","0","?","23,454",
"202603","85177950","光通信设备的激光收发模块","353","斯洛伐克","10","一般贸易","42","湖北省","1","千克","0","?","2,555",
"202603","85177950","光通信设备的激光收发模块","353","斯洛伐克","10","一般贸易","44","广东省","0","千克","0","?","139",
"202603","85177950","光通信设备的激光收发模块","353","斯洛伐克","10","一般贸易","51","四川省","89","千克","0","?","201,107",
"202603","85177950","光通信设备的激光收发模块","354","北马其顿","10","一般贸易","37","山东省","1","千克","0","?","1,300",
"202603","85177950","光通信设备的激光收发模块","354","北马其顿","10","一般贸易","44","广东省","1","千克","0","?","456",
"202603","85177950","光通信设备的激光收发模块","355","波斯尼亚和黑塞哥维那","10","一般贸易","44","广东省","32","千克","0","?","42,919",
"202603","85177950","光通信设备的激光收发模块","358","塞尔维亚","10","一般贸易","31","上海市","1","千克","0","?","482",
"202603","85177950","光通信设备的激光收发模块","358","塞尔维亚","10","一般贸易","32","江苏省","6","千克","0","?","1,712",
"202603","85177950","光通信设备的激光收发模块","358","塞尔维亚","10","一般贸易","33","浙江省","3","千克","0","?","5,461",
"202603","85177950","光通信设备的激光收发模块","358","塞尔维亚","10","一般贸易","42","湖北省","24","千克","0","?","25,248",
"202603","85177950","光通信设备的激光收发模块","358","塞尔维亚","10","一般贸易","44","广东省","72","千克","0","?","23,300",
"202603","85177950","光通信设备的激光收发模块","358","塞尔维亚","10","一般贸易","46","海南省","21","千克","0","?","1,020",
"202603","85177950","光通信设备的激光收发模块","359","黑山","10","一般贸易","44","广东省","39","千克","0","?","21,307",
"202603","85177950","光通信设备的激光收发模块","402","阿根廷","10","一般贸易","31","上海市","0","千克","0","?","1,920",
"202603","85177950","光通信设备的激光收发模块","402","阿根廷","10","一般贸易","37","山东省","3","千克","0","?","675",
"202603","85177950","光通信设备的激光收发模块","402","阿根廷","10","一般贸易","44","广东省","326","千克","0","?","161,907",
"202603","85177950","光通信设备的激光收发模块","402","阿根廷","15","进料加工贸易","44","广东省","0","千克","0","?","507",
"202603","85177950","光通信设备的激光收发模块","402","阿根廷","33","保税监管场所进出境货物","44","广东省","23","千克","0","?","6,390",
"202603","85177950","光通信设备的激光收发模块","402","阿根廷","34","海关特殊监管区域物流货物","32","江苏省","25","千克","0","?","5,334",
"202603","85177950","光通信设备的激光收发模块","403","阿鲁巴","34","海关特殊监管区域物流货物","32","江苏省","3","千克","0","?","3,864",
"202603","85177950","光通信设备的激光收发模块","408","玻利维亚
","10","一般贸易","44","广东省","18","千克","0","?","19,193",
"202603","85177950","光通信设备的激光收发模块","410","巴西","10","一般贸易","31","上海市","84","千克","0","?","53,225",
"202603","85177950","光通信设备的激光收发模块","410","巴西","10","一般贸易","32","江苏省","26","千克","0","?","223,237",
"202603","85177950","光通信设备的激光收发模块","410","巴西","10","一般贸易","33","浙江省","16","千克","0","?","21,115",
"202603","85177950","光通信设备的激光收发模块","410","巴西","10","一般贸易","41","河南省","0","千克","0","?","297",
"202603","85177950","光通信设备的激光收发模块","410","巴西","10","一般贸易","42","湖北省","65","千克","0","?","207,562",
"202603","85177950","光通信设备的激光收发模块","410","巴西","10","一般贸易","44","广东省","4070","千克","0","?","2,021,354",
"202603","85177950","光通信设备的激光收发模块","410","巴西","10","一般贸易","46","海南省","6","千克","0","?","359",
"202603","85177950","光通信设备的激光收发模块","410","巴西","10","一般贸易","51","四川省","208","千克","0","?","62,462",
"202603","85177950","光通信设备的激光收发模块","410","巴西","10","一般贸易","52","贵州省","14","千克","0","?","7,603",
"202603","85177950","光通信设备的激光收发模块","410","巴西","15","进料加工贸易","32","江苏省","16","千克","0","?","12,835",
"202603","85177950","光通信设备的激光收发模块","410","巴西","15","进料加工贸易","44","广东省","0","千克","0","?","1,337",
"202603","85177950","光通信设备的激光收发模块","410","巴西","15","进料加工贸易","51","四川省","176","千克","0","?","73,452",
"202603","85177950","光通信设备的激光收发模块","410","巴西","33","保税监管场所进出境货物","44","广东省","138","千克","0","?","18,416",
"202603","85177950","光通信设备的激光收发模块","410","巴西","34","海关特殊监管区域物流货物","32","江苏省","884","千克","0","?","161,516",
"202603","85177950","光通信设备的激光收发模块","412","智利","10","一般贸易","33","浙江省","2","千克","0","?","1,310",
"202603","85177950","光通信设备的激光收发模块","412","智利","10","一般贸易","36","江西省","0","千克","0","?","933",
"202603","85177950","光通信设备的激光收发模块","412","智利","10","一般贸易","42","湖北省","6","千克","0","?","6,665",
"202603","85177950","光通信设备的激光收发模块","412","智利","10","一般贸易","44","广东省","269","千克","0","?","229,733",
"202603","85177950","光通信设备的激光收发模块","412","智利","10","一般贸易","65","新疆维吾尔自治区","2","千克","0","?","122",
"202603","85177950","光通信设备的激光收发模块","412","智利","34","海关特殊监管区域物流货物","32","江苏省","1","千克","0","?","3,553",
"202603","85177950","光通信设备的激光收发模块","412","智利","39","其他","42","湖北省","10","千克","0","?","3,849",
"202603","85177950","光通信设备的激光收发模块","413","哥伦比亚","10","一般贸易","33","浙江省","19","千克","0","?","54,144",
"202603","85177950","光通信设备的激光收发模块","413","哥伦比亚","10","一般贸易","35","福建省","24","千克","0","?","42,013",
"202603","85177950","光通信设备的激光收发模块","413","哥伦比亚","10","一般贸易","37","山东省","1","千克","0","?","177",
"202603","85177950","光通信设备的激光收发模块","413","哥伦比亚","10","一般贸易","42","湖北省","0","千克","0","?","1,892",
"202603","85177950","光通信设备的激光收发模块","413","哥伦比亚","10","一般贸易","44","广东省","260","千克","0","?","240,915",
"202603","85177950","光通信设备的激光收发模块","413","哥伦比亚","10","一般贸易","46","海南省","5","千克","0","?","1,200",
"202603","85177950","光通信设备的激光收发模块","413","哥伦比亚","34","海关特殊监管区域物流货物","32","江苏省","134","千克","0","?","31,791",
"202603","85177950","光通信设备的激光收发模块","413","哥伦比亚","34","海关特殊监管区域物流货物","35","福建省","5","千克","0","?","4,763",
"202603","85177950","光通信设备的激光收发模块","413","哥伦比亚","34","海关特殊监管区域物流货物","44","广东省","138","千克","0","?","1,673,455",
"202603","85177950","光通信设备的激光收发模块","415","哥斯达黎加","10","一般贸易","33","浙江省","0","千克","0","?","36",
"202603","85177950","光通信设备的激光收发模块","415","哥斯达黎加","10","一般贸易","44","广东省","9","千克","0","?","16,815",
"202603","85177950","光通信设备的激光收发模块","417","库拉索
","10","一般贸易","44","广东省","0","千克","0","?","48",
"202603","85177950","光通信设备的激光收发模块","418","多米尼加
","10","一般贸易","33","浙江省","0","千克","0","?","471",
"202603","85177950","光通信设备的激光收发模块","418","多米尼加
","10","一般贸易","44","广东省","7","千克","0","?","18,571",
"202603","85177950","光通信设备的激光收发模块","419","厄瓜多尔","10","一般贸易","33","浙江省","3","千克","0","?","8,722",
"202603","85177950","光通信设备的激光收发模块","419","厄瓜多尔","10","一般贸易","35","福建省","4","千克","0","?","6,820",
"202603","85177950","光通信设备的激光收发模块","419","厄瓜多尔","10","一般贸易","44","广东省","40","千克","0","?","21,335",
"202603","85177950","光通信设备的激光收发模块","419","厄瓜多尔","34","海关特殊监管区域物流货物","32","江苏省","0","千克","0","?","14",
"202603","85177950","光通信设备的激光收发模块","421","格林纳达","10","一般贸易","44","广东省","1","千克","0","?","382",
"202603","85177950","光通信设备的激光收发模块","423","危地马拉","10","一般贸易","33","浙江省","7","千克","0","?","5,326",
"202603","85177950","光通信设备的激光收发模块","423","危地马拉","10","一般贸易","42","湖北省","2","千克","0","?","390",
"202603","85177950","光通信设备的激光收发模块","423","危地马拉","10","一般贸易","44","广东省","17","千克","0","?","2,490",
"202603","85177950","光通信设备的激光收发模块","423","危地马拉","10","一般贸易","46","海南省","2","千克","0","?","800",
"202603","85177950","光通信设备的激光收发模块","424","圭亚那","10","一般贸易","44","广东省","0","千克","0","?","843",
"202603","85177950","光通信设备的激光收发模块","425","海地","10","一般贸易","44","广东省","23","千克","0","?","22,582",
"202603","85177950","光通信设备的激光收发模块","426","洪都拉斯","10","一般贸易","44","广东省","10","千克","0","?","2,969",
"202603","85177950","光通信设备的激光收发模块","426","洪都拉斯","10","一般贸易","51","四川省","0","千克","0","?","240",
"202603","85177950","光通信设备的激光收发模块","427","牙买加","10","一般贸易","44","广东省","14","千克","0","?","2,433",
"202603","85177950","光通信设备的激光收发模块","429","墨西哥","10","一般贸易","31","上海市","772","千克","0","?","1,509,576",
"202603","85177950","光通信设备的激光收发模块","429","墨西哥","10","一般贸易","32","江苏省","132","千克","0","?","1,317,488",
"202603","85177950","光通信设备的激光收发模块","429","墨西哥","10","一般贸易","33","浙江省","79","千克","0","?","30,016",
"202603","85177950","光通信设备的激光收发模块","429","墨西哥","10","一般贸易","41","河南省","0","千克","0","?","125",
"202603","85177950","光通信设备的激光收发模块","429","墨西哥","10","一般贸易","42","湖北省","2203","千克","0","?","3,987,874",
"202603","85177950","光通信设备的激光收发模块","429","墨西哥","10","一般贸易","44","广东省","9105","千克","0","?","32,991,477",
"202603","85177950","光通信设备的激光收发模块","429","墨西哥","10","一般贸易","50","重庆市","2","千克","0","?","8,520",
"202603","85177950","光通信设备的激光收发模块","429","墨西哥","10","一般贸易","51","四川省","417","千克","0","?","476,798",
"202603","85177950","光通信设备的激光收发模块","429","墨西哥","10","一般贸易","65","新疆维吾尔自治区","0","千克","0","?","7",
"202603","85177950","光通信设备的激光收发模块","429","墨西哥","15","进料加工贸易","32","江苏省","241","千克","0","?","98,790",
"202603","85177950","光通信设备的激光收发模块","429","墨西哥","15","进料加工贸易","44","广东省","0","千克","0","?","5,878",
"202603","85177950","光通信设备的激光收发模块","429","墨西哥","15","进料加工贸易","51","四川省","748","千克","0","?","1,672,560",
"202603","85177950","光通信设备的激光收发模块","429","墨西哥","33","保税监管场所进出境货物","44","广东省","4","千克","0","?","46,974",
"202603","85177950","光通信设备的激光收发模块","429","墨西哥","34","海关特殊监管区域物流货物","32","江苏省","50","千克","0","?","13,982",
"202603","85177950","光通信设备的激光收发模块","429","墨西哥","34","海关特殊监管区域物流货物","35","福建省","5","千克","0","?","4,657",
"202603","85177950","光通信设备的激光收发模块","431","尼加拉瓜","10","一般贸易","33","浙江省","7","千克","0","?","3,652",
"202603","85177950","光通信设备的激光收发模块","431","尼加拉瓜","10","一般贸易","44","广东省","0","千克","0","?","679",
"202603","85177950","光通信设备的激光收发模块","432","巴拿马","10","一般贸易","44","广东省","854","千克","0","?","675,967",
"202603","85177950","光通信设备的激光收发模块","433","巴拉圭","10","一般贸易","33","浙江省","1","千克","0","?","633",
"202603","85177950","光通信设备的激光收发模块","433","巴拉圭","10","一般贸易","44","广东省","34","千克","0","?","62,820",
"202603","85177950","光通信设备的激光收发模块","434","秘鲁","10","一般贸易","32","江苏省","40","千克","0","?","19,632",
"202603","85177950","光通信设备的激光收发模块","434","秘鲁","10","一般贸易","33","浙江省","0","千克","0","?","411",
"202603","85177950","光通信设备的激光收发模块","434","秘鲁","10","一般贸易","41","河南省","0","千克","0","?","193",
"202603","85177950","光通信设备的激光收发模块","434","秘鲁","10","一般贸易","42","湖北省","39","千克","0","?","39,207",
"202603","85177950","光通信设备的激光收发模块","434","秘鲁","10","一般贸易","44","广东省","324","千克","0","?","519,188",
"202603","85177950","光通信设备的激光收发模块","434","秘鲁","10","一般贸易","52","贵州省","1","千克","0","?","253",
"202603","85177950","光通信设备的激光收发模块","434","秘鲁","15","进料加工贸易","44","广东省","0","千克","0","?","263",
"202603","85177950","光通信设备的激光收发模块","434","秘鲁","33","保税监管场所进出境货物","33","浙江省","0","千克","0","?","36",
"202603","85177950","光通信设备的激光收发模块","435","波多黎各","10","一般贸易","31","上海市","1","千克","0","?","2,420",
"202603","85177950","光通信设备的激光收发模块","435","波多黎各","15","进料加工贸易","51","四川省","0","千克","0","?","17",
"202603","85177950","光通信设备的激光收发模块","435","波多黎各","34","海关特殊监管区域物流货物","32","江苏省","4","千克","0","?","972",
"202603","85177950","光通信设备的激光收发模块","437","圣卢西亚","10","一般贸易","44","广东省","0","千克","0","?","733",
"202603","85177950","光通信设备的激光收发模块","440","萨尔瓦多","10","一般贸易","42","湖北省","12","千克","0","?","123,819",
"202603","85177950","光通信设备的激光收发模块","440","萨尔瓦多","10","一般贸易","44","广东省","5","千克","0","?","5,416",
"202603","85177950","光通信设备的激光收发模块","442","特立尼达和多巴哥","10","一般贸易","44","广东省","0","千克","0","?","1,046",
"202603","85177950","光通信设备的激光收发模块","444","乌拉圭","10","一般贸易","31","上海市","0","千克","0","?","33",
"202603","85177950","光通信设备的激光收发模块","444","乌拉圭","10","一般贸易","44","广东省","49","千克","0","?","43,640",
"202603","85177950","光通信设备的激光收发模块","445","委内瑞拉","10","一般贸易","44","广东省","2","千克","0","?","18,461",
"202603","85177950","光通信设备的激光收发模块","501","加拿大","10","一般贸易","31","上海市","9","千克","0","?","87,940",
"202603","85177950","光通信设备的激光收发模块","501","加拿大","10","一般贸易","32","江苏省","0","千克","0","?","5,400",
"202603","85177950","光通信设备的激光收发模块","501","加拿大","10","一般贸易","33","浙江省","5","千克","0","?","18,084",
"202603","85177950","光通信设备的激光收发模块","501","加拿大","10","一般贸易","37","山东省","31","千克","0","?","212",
"202603","85177950","光通信设备的激光收发模块","501","加拿大","10","一般贸易","42","湖北省","365","千克","0","?","741,817",
"202603","85177950","光通信设备的激光收发模块","501","加拿大","10","一般贸易","43","湖南省","12","千克","0","?","2,625",
"202603","85177950","光通信设备的激光收发模块","501","加拿大","10","一般贸易","44","广东省","881","千克","0","?","1,442,312",
"202603","85177950","光通信设备的激光收发模块","501","加拿大","10","一般贸易","50","重庆市","1","千克","0","?","686",
"202603","85177950","光通信设备的激光收发模块","501","加拿大","10","一般贸易","51","四川省","15","千克","0","?","26,766",
"202603","85177950","光通信设备的激光收发模块","501","加拿大","10","一般贸易","65","新疆维吾尔自治区","0","千克","0","?","20",
"202603","85177950","光通信设备的激光收发模块","501","加拿大","15","进料加工贸易","51","四川省","0","千克","0","?","1,717",
"202603","85177950","光通信设备的激光收发模块","501","加拿大","34","海关特殊监管区域物流货物","32","江苏省","338","千克","0","?","75,740",
"202603","85177950","光通信设备的激光收发模块","501","加拿大","39","其他","46","海南省","4","千克","0","?","690",
"202603","85177950","光通信设备的激光收发模块","502","美国","10","一般贸易","11","北京市","179","千克","0","?","254,798",
"202603","85177950","光通信设备的激光收发模块","502","美国","10","一般贸易","22","吉林省","5","千克","0","?","3,181",
"202603","85177950","光通信设备的激光收发模块","502","美国","10","一般贸易","31","上海市","360","千克","0","?","1,002,289",
"202603","85177950","光通信设备的激光收发模块","502","美国","10","一般贸易","32","江苏省","1266","千克","0","?","3,270,378",
"202603","85177950","光通信设备的激光收发模块","502","美国","10","一般贸易","33","浙江省","1345","千克","0","?","1,872,090",
"202603","85177950","光通信设备的激光收发模块","502","美国","10","一般贸易","34","安徽省","4","千克","0","?","16,306",
"202603","85177950","光通信设备的激光收发模块","502","美国","10","一般贸易","35","福建省","1","千克","0","?","431",
"202603","85177950","光通信设备的激光收发模块","502","美国","10","一般贸易","36","江西省","0","千克","0","?","592",
"202603","85177950","光通信设备的激光收发模块","502","美国","10","一般贸易","37","山东省","65","千克","0","?","238,743",
"202603","85177950","光通信设备的激光收发模块","502","美国","10","一般贸易","42","湖北省","4068","千克","0","?","8,324,308",
"202603","85177950","光通信设备的激光收发模块","502","美国","10","一般贸易","44","广东省","10536","千克","0","?","8,947,061",
"202603","85177950","光通信设备的激光收发模块","502","美国","10","一般贸易","45","广西壮族自治区","0","千克","0","?","47",
"202603","85177950","光通信设备的激光收发模块","502","美国","10","一般贸易","46","海南省","48","千克","0","?","8,670",
"202603","85177950","光通信设备的激光收发模块","502","美国","10","一般贸易","51","四川省","1040","千克","0","?","2,359,092",
"202603","85177950","光通信设备的激光收发模块","502","美国","10","一般贸易","65","新疆维吾尔自治区","3","千克","0","?","507",
"202603","85177950","光通信设备的激光收发模块","502","美国","14","来料加工贸易","42","湖北省","28","千克","0","?","37,148",
"202603","85177950","光通信设备的激光收发模块","502","美国","15","进料加工贸易","32","江苏省","1770","千克","0","?","2,788,639",
"202603","85177950","光通信设备的激光收发模块","502","美国","15","进料加工贸易","33","浙江省","6","千克","0","?","4,005",
"202603","85177950","光通信设备的激光收发模块","502","美国","15","进料加工贸易","44","广东省","149","千克","0","?","203,720",
"202603","85177950","光通信设备的激光收发模块","502","美国","15","进料加工贸易","51","四川省","205","千克","0","?","596,211",
"202603","85177950","光通信设备的激光收发模块","502","美国","33","保税监管场所进出境货物","11","北京市","0","千克","0","?","2,446",
"202603","85177950","光通信设备的激光收发模块","502","美国","33","保税监管场所进出境货物","32","江苏省","0","千克","0","?","717",
"202603","85177950","光通信设备的激光收发模块","502","美国","33","保税监管场所进出境货物","42","湖北省","0","千克","0","?","1,675",
"202603","85177950","光通信设备的激光收发模块","502","美国","33","保税监管场所进出境货物","44","广东省","370","千克","0","?","81,117",
"202603","85177950","光通信设备的激光收发模块","502","美国","34","海关特殊监管区域物流货物","32","江苏省","175","千克","0","?","134,967",
"202603","85177950","光通信设备的激光收发模块","502","美国","34","海关特殊监管区域物流货物","44","广东省","14","千克","0","?","7,590",
"202603","85177950","光通信设备的激光收发模块","502","美国","39","其他","32","江苏省","0","千克","0","?","1,769",
"202603","85177950","光通信设备的激光收发模块","502","美国","39","其他","42","湖北省","0","千克","0","?","500",
"202603","85177950","光通信设备的激光收发模块","504","百慕大","10","一般贸易","44","广东省","0","千克","0","?","3,675",
"202603","85177950","光通信设备的激光收发模块","601","澳大利亚","10","一般贸易","31","上海市","0","千克","0","?","120",
"202603","85177950","光通信设备的激光收发模块","601","澳大利亚","10","一般贸易","33","浙江省","2","千克","0","?","4,879",
"202603","85177950","光通信设备的激光收发模块","601","澳大利亚","10","一般贸易","34","安徽省","0","千克","0","?","46",
"202603","85177950","光通信设备的激光收发模块","601","澳大利亚","10","一般贸易","37","山东省","5","千克","0","?","100",
"202603","85177950","光通信设备的激光收发模块","601","澳大利亚","10","一般贸易","42","湖北省","110","千克","0","?","61,067",
"202603","85177950","光通信设备的激光收发模块","601","澳大利亚","10","一般贸易","44","广东省","277","千克","0","?","339,243",
"202603","85177950","光通信设备的激光收发模块","601","澳大利亚","10","一般贸易","51","四川省","14","千克","0","?","62,220",
"202603","85177950","光通信设备的激光收发模块","601","澳大利亚","10","一般贸易","65","新疆维吾尔自治区","2","千克","0","?","203",
"202603","85177950","光通信设备的激光收发模块","601","澳大利亚","15","进料加工贸易","32","江苏省","1340","千克","0","?","141,768",
"202603","85177950","光通信设备的激光收发模块","601","澳大利亚","15","进料加工贸易","33","浙江省","16","千克","0","?","9,693",
"202603","85177950","光通信设备的激光收发模块","601","澳大利亚","15","进料加工贸易","35","福建省","1","千克","0","?","4,913",
"202603","85177950","光通信设备的激光收发模块","601","澳大利亚","15","进料加工贸易","44","广东省","1","千克","0","?","3,497",
"202603","85177950","光通信设备的激光收发模块","601","澳大利亚","34","海关特殊监管区域物流货物","32","江苏省","230","千克","0","?","149,188",
"202603","85177950","光通信设备的激光收发模块","601","澳大利亚","34","海关特殊监管区域物流货物","42","湖北省","66","千克","0","?","113,571",
"202603","85177950","光通信设备的激光收发模块","602","库克群岛","10","一般贸易","44","广东省","1","千克","0","?","248",
"202603","85177950","光通信设备的激光收发模块","603","斐济","10","一般贸易","44","广东省","0","千克","0","?","2,071",
"202603","85177950","光通信设备的激光收发模块","607","新喀里多尼亚","10","一般贸易","33","浙江省","0","千克","0","?","127",
"202603","85177950","光通信设备的激光收发模块","607","新喀里多尼亚","10","一般贸易","44","广东省","2","千克","0","?","5,418",
"202603","85177950","光通信设备的激光收发模块","609","新西兰","10","一般贸易","32","江苏省","3","千克","0","?","2,240",
"202603","85177950","光通信设备的激光收发模块","609","新西兰","10","一般贸易","33","浙江省","3","千克","0","?","6,851",
"202603","85177950","光通信设备的激光收发模块","609","新西兰","10","一般贸易","42","湖北省","2","千克","0","?","4,523",
"202603","85177950","光通信设备的激光收发模块","609","新西兰","10","一般贸易","44","广东省","11","千克","0","?","26,980",
"202603","85177950","光通信设备的激光收发模块","609","新西兰","10","一般贸易","51","四川省","9","千克","0","?","3,545",
"202603","85177950","光通信设备的激光收发模块","609","新西兰","10","一般贸易","65","新疆维吾尔自治区","0","千克","0","?","4",
"202603","85177950","光通信设备的激光收发模块","609","新西兰","15","进料加工贸易","35","福建省","2","千克","0","?","6,697",
"202603","85177950","光通信设备的激光收发模块","609","新西兰","15","进料加工贸易","44","广东省","0","千克","0","?","344",
"202603","85177950","光通信设备的激光收发模块","609","新西兰","33","保税监管场所进出境货物","44","广东省","27","千克","0","?","9,824",
"202603","85177950","光通信设备的激光收发模块","609","新西兰","34","海关特殊监管区域物流货物","32","江苏省","13","千克","0","?","3,288",
"202603","85177950","光通信设备的激光收发模块","611","巴布亚新几内亚","10","一般贸易","44","广东省","5","千克","0","?","1,733",
"202603","85177950","光通信设备的激光收发模块","613","所罗门群岛","10","一般贸易","44","广东省","3","千克","0","?","1,883",
"202603","85177950","光通信设备的激光收发模块","614","汤加","10","一般贸易","44","广东省","0","千克","0","?","223",
"202603","85177950","光通信设备的激光收发模块","620","密克罗尼西亚联邦","10","一般贸易","44","广东省","1","千克","0","?","796",
"202603","85177950","光通信设备的激光收发模块","622","帕劳","10","一般贸易","44","广东省","0","千克","0","?","331",
"202603","85177950","光通信设备的激光收发模块","622","帕劳","34","海关特殊监管区域物流货物","32","江苏省","5","千克","0","?","1,903",
"202603","85177950","光通信设备的激光收发模块","623","法属波利尼西亚","10","一般贸易","44","广东省","0","千克","0","?","76",
"202604","85177950","光通信设备的激光收发模块","101","阿富汗","10","一般贸易","44","广东省","23","千克","0","?","32,981",
"202604","85177950","光通信设备的激光收发模块","102","巴林","10","一般贸易","33","浙江省","0","千克","0","?","258",
"202604","85177950","光通信设备的激光收发模块","102","巴林","10","一般贸易","44","广东省","0","千克","0","?","309",
"202604","85177950","光通信设备的激光收发模块","103","孟加拉国","10","一般贸易","44","广东省","301","千克","0","?","211,852",
"202604","85177950","光通信设备的激光收发模块","103","孟加拉国","10","一般贸易","46","海南省","5","千克","0","?","1,806",
"202604","85177950","光通信设备的激光收发模块","103","孟加拉国","10","一般贸易","51","四川省","122","千克","0","?","1,081",
"202604","85177950","光通信设备的激光收发模块","103","孟加拉国","10","一般贸易","65","新疆维吾尔自治区","83","千克","0","?","506",
"202604","85177950","光通信设备的激光收发模块","104","不丹","34","海关特殊监管区域物流货物","32","江苏省","16","千克","0","?","4,011",
"202604","85177950","光通信设备的激光收发模块","105","文莱","10","一般贸易","44","广东省","3","千克","0","?","1,491",
"202604","85177950","光通信设备的激光收发模块","105","文莱","34","海关特殊监管区域物流货物","32","江苏省","0","千克","0","?","591",
"202604","85177950","光通信设备的激光收发模块","106","缅甸","10","一般贸易","35","福建省","54","千克","0","?","3,128",
"202604","85177950","光通信设备的激光收发模块","106","缅甸","10","一般贸易","44","广东省","42","千克","0","?","75,779",
"202604","85177950","光通信设备的激光收发模块","106","缅甸","19","边境小额贸易","53","云南省","27","千克","0","?","6,668",
"202604","85177950","光通信设备的激光收发模块","107","柬埔寨","10","一般贸易","33","浙江省","11","千克","0","?","5,348",
"202604","85177950","光通信设备的激光收发模块","107","柬埔寨","10","一般贸易","35","福建省","0","千克","0","?","1,150",
"202604","85177950","光通信设备的激光收发模块","107","柬埔寨","10","一般贸易","44","广东省","118","千克","0","?","41,683",
"202604","85177950","光通信设备的激光收发模块","108","塞浦路斯","10","一般贸易","44","广东省","19","千克","0","?","17,694",
"202604","85177950","光通信设备的激光收发模块","108","塞浦路斯","34","海关特殊监管区域物流货物","12","天津市","1","千克","0","?","3,263",
"202604","85177950","光通信设备的激光收发模块","110","中国香港","10","一般贸易","11","北京市","546","千克","0","?","457,957",
"202604","85177950","光通信设备的激光收发模块","110","中国香港","10","一般贸易","21","辽宁省","0","千克","0","?","60,037",
"202604","85177950","光通信设备的激光收发模块","110","中国香港","10","一般贸易","23","黑龙江省","230","千克","0","?","371",
"202604","85177950","光通信设备的激光收发模块","110","中国香港","10","一般贸易","31","上海市","327","千克","0","?","1,653,693",
"202604","85177950","光通信设备的激光收发模块","110","中国香港","10","一般贸易","32","江苏省","765","千克","0","?","630,521",
"202604","85177950","光通信设备的激光收发模块","110","中国香港","10","一般贸易","33","浙江省","324","千克","0","?","508,433",
"202604","85177950","光通信设备的激光收发模块","110","中国香港","10","一般贸易","34","安徽省","324","千克","0","?","114,098",
"202604","85177950","光通信设备的激光收发模块","110","中国香港","10","一般贸易","35","福建省","8","千克","0","?","2,112",
"202604","85177950","光通信设备的激光收发模块","110","中国香港","10","一般贸易","37","山东省","907","千克","0","?","1,691,288",
"202604","85177950","光通信设备的激光收发模块","110","中国香港","10","一般贸易","41","河南省","4","千克","0","?","1,768",
"202604","85177950","光通信设备的激光收发模块","110","中国香港","10","一般贸易","42","湖北省","1056","千克","0","?","603,323",
"202604","85177950","光通信设备的激光收发模块","110","中国香港","10","一般贸易","43","湖南省","221","千克","0","?","419,176",
"202604","85177950","光通信设备的激光收发模块","110","中国香港","10","一般贸易","44","广东省","4076","千克","0","?","8,517,360",
"202604","85177950","光通信设备的激光收发模块","110","中国香港","10","一般贸易","51","四川省","337","千克","0","?","271,067",
"202604","85177950","光通信设备的激光收发模块","110","中国香港","10","一般贸易","52","贵州省","32","千克","0","?","8,115",
"202604","85177950","光通信设备的激光收发模块","110","中国香港","15","进料加工贸易","32","江苏省","6993","千克","0","?","12,888,411",
"202604","85177950","光通信设备的激光收发模块","110","中国香港","15","进料加工贸易","33","浙江省","1","千克","0","?","612",
"202604","85177950","光通信设备的激光收发模块","110","中国香港","15","进料加工贸易","35","福建省","7","千克","0","?","15,063",
"202604","85177950","光通信设备的激光收发模块","110","中国香港","15","进料加工贸易","44","广东省","1","千克","0","?","415,171",
"202604","85177950","光通信设备的激光收发模块","110","中国香港","15","进料加工贸易","51","四川省","681","千克","0","?","1,174,992",
"202604","85177950","光通信设备的激光收发模块","110","中国香港","33","保税监管场所进出境货物","44","广东省","9","千克","0","?","990",
"202604","85177950","光通信设备的激光收发模块","110","中国香港","34","海关特殊监管区域物流货物","11","北京市","1","千克","0","?","6,541",
"202604","85177950","光通信设备的激光收发模块","110","中国香港","34","海关特殊监管区域物流货物","12","天津市","0","千克","0","?","27",
"202604","85177950","光通信设备的激光收发模块","110","中国香港","34","海关特殊监管区域物流货物","31","上海市","1417","千克","0","?","4,030,456",
"202604","85177950","光通信设备的激光收发模块","110","中国香港","34","海关特殊监管区域物流货物","32","江苏省","128","千克","0","?","303,541",
"202604","85177950","光通信设备的激光收发模块","110","中国香港","34","海关特殊监管区域物流货物","44","广东省","1705","千克","0","?","1,674,273",
"202604","85177950","光通信设备的激光收发模块","110","中国香港","39","其他","42","湖北省","47","千克","0","?","98,160",
"202604","85177950","光通信设备的激光收发模块","111","印度","10","一般贸易","11","北京市","1","千克","0","?","1,900",
"202604","85177950","光通信设备的激光收发模块","111","印度","10","一般贸易","13","河北省","13","千克","0","?","1,908",
"202604","85177950","光通信设备的激光收发模块","111","印度","10","一般贸易","21","辽宁省","0","千克","0","?","215",
"202604","85177950","光通信设备的激光收发模块","111","印度","10","一般贸易","23","黑龙江省","1","千克","0","?","100",
"202604","85177950","光通信设备的激光收发模块","111","印度","10","一般贸易","31","上海市","183","千克","0","?","174,134",
"202604","85177950","光通信设备的激光收发模块","111","印度","10","一般贸易","32","江苏省","167","千克","0","?","127,844",
"202604","85177950","光通信设备的激光收发模块","111","印度","10","一般贸易","35","福建省","0","千克","0","?","1",
"202604","85177950","光通信设备的激光收发模块","111","印度","10","一般贸易","37","山东省","30","千克","0","?","12,090",
"202604","85177950","光通信设备的激光收发模块","111","印度","10","一般贸易","42","湖北省","1344","千克","0","?","599,117",
"202604","85177950","光通信设备的激光收发模块","111","印度","10","一般贸易","44","广东省","5335","千克","0","?","1,528,033",
"202604","85177950","光通信设备的激光收发模块","111","印度","10","一般贸易","46","海南省","17","千克","0","?","1,980",
"202604","85177950","光通信设备的激光收发模块","111","印度","10","一般贸易","51","四川省","702","千克","0","?","406,447",
"202604","85177950","光通信设备的激光收发模块","111","印度","10","一般贸易","61","陕西省","6","千克","0","?","5,600",
"202604","85177950","光通信设备的激光收发模块","111","印度","15","进料加工贸易","32","江苏省","19","千克","0","?","49,178",
"202604","85177950","光通信设备的激光收发模块","111","印度","15","进料加工贸易","44","广东省","3","千克","0","?","1,181",
"202604","85177950","光通信设备的激光收发模块","111","印度","15","进料加工贸易","51","四川省","26","千克","0","?","166,664",
"202604","85177950","光通信设备的激光收发模块","111","印度","33","保税监管场所进出境货物","44","广东省","145","千克","0","?","154,590",
"202604","85177950","光通信设备的激光收发模块","111","印度","34","海关特殊监管区域物流货物","32","江苏省","1552","千克","0","?","429,546",
"202604","85177950","光通信设备的激光收发模块","111","印度","39","其他","33","浙江省","505","千克","0","?","3,171",
"202604","85177950","光通信设备的激光收发模块","112","印度尼西亚","10","一般贸易","11","北京市","15","千克","0","?","3,106",
"202604","85177950","光通信设备的激光收发模块","112","印度尼西亚","10","一般贸易","14","山西省","28","千克","0","?","759",
"202604","85177950","光通信设备的激光收发模块","112","印度尼西亚","10","一般贸易","31","上海市","31","千克","0","?","28,822",
"202604","85177950","光通信设备的激光收发模块","112","印度尼西亚","10","一般贸易","32","江苏省","65","千克","0","?","98,550",
"202604","85177950","光通信设备的激光收发模块","112","印度尼西亚","10","一般贸易","33","浙江省","44","千克","0","?","61,256",
"202604","85177950","光通信设备的激光收发模块","112","印度尼西亚","10","一般贸易","35","福建省","41","千克","0","?","30,813",
"202604","85177950","光通信设备的激光收发模块","112","印度尼西亚","10","一般贸易","36","江西省","0","千克","0","?","18",
"202604","85177950","光通信设备的激光收发模块","112","印度尼西亚","10","一般贸易","41","河南省","0","千克","0","?","1,987",
"202604","85177950","光通信设备的激光收发模块","112","印度尼西亚","10","一般贸易","42","湖北省","38","千克","0","?","23,531",
"202604","85177950","光通信设备的激光收发模块","112","印度尼西亚","10","一般贸易","44","广东省","940","千克","0","?","701,742",
"202604","85177950","光通信设备的激光收发模块","112","印度尼西亚","10","一般贸易","45","广西壮族自治区","27","千克","0","?","3,619",
"202604","85177950","光通信设备的激光收发模块","112","印度尼西亚","10","一般贸易","46","海南省","9","千克","0","?","2,260",
"202604","85177950","光通信设备的激光收发模块","112","印度尼西亚","10","一般贸易","52","贵州省","17","千克","0","?","3,768",
"202604","85177950","光通信设备的激光收发模块","112","印度尼西亚","15","进料加工贸易","32","江苏省","0","千克","0","?","7,159",
"202604","85177950","光通信设备的激光收发模块","112","印度尼西亚","15","进料加工贸易","35","福建省","0","千克","0","?","108",
"202604","85177950","光通信设备的激光收发模块","112","印度尼西亚","33","保税监管场所进出境货物","44","广东省","33","千克","0","?","24,707",
"202604","85177950","光通信设备的激光收发模块","112","印度尼西亚","34","海关特殊监管区域物流货物","32","江苏省","402","千克","0","?","95,508",
"202604","85177950","光通信设备的激光收发模块","112","印度尼西亚","34","海关特殊监管区域物流货物","44","广东省","680","千克","0","?","549,783",
"202604","85177950","光通信设备的激光收发模块","113","伊朗","10","一般贸易","65","新疆维吾尔自治区","59","千克","0","?","2,460",
"202604","85177950","光通信设备的激光收发模块","113","伊朗","34","海关特殊监管区域物流货物","11","北京市","19","千克","0","?","45,910",
"202604","85177950","光通信设备的激光收发模块","114","伊拉克","10","一般贸易","32","江苏省","51","千克","0","?","99,455",
"202604","85177950","光通信设备的激光收发模块","114","伊拉克","10","一般贸易","44","广东省","220","千克","0","?","122,717",
"202604","85177950","光通信设备的激光收发模块","115","以色列","10","一般贸易","31","上海市","0","千克","0","?","3,829",
"202604","85177950","光通信设备的激光收发模块","115","以色列","10","一般贸易","32","江苏省","34","千克","0","?","314,386",
"202604","85177950","光通信设备的激光收发模块","115","以色列","10","一般贸易","33","浙江省","2","千克","0","?","700",
"202604","85177950","光通信设备的激光收发模块","115","以色列","10","一般贸易","42","湖北省","101","千克","0","?","460,760",
"202604","85177950","光通信设备的激光收发模块","115","以色列","10","一般贸易","44","广东省","604","千克","0","?","725,328",
"202604","85177950","光通信设备的激光收发模块","115","以色列","10","一般贸易","51","四川省","214","千克","0","?","668,169",
"202604","85177950","光通信设备的激光收发模块","115","以色列","15","进料加工贸易","32","江苏省","85","千克","0","?","174,245",
"202604","85177950","光通信设备的激光收发模块","115","以色列","39","其他","33","浙江省","22","千克","0","?","168",
"202604","85177950","光通信设备的激光收发模块","115","以色列","39","其他","44","广东省","0","千克","0","?","2,259",
"202604","85177950","光通信设备的激光收发模块","116","日本","10","一般贸易","31","上海市","28","千克","0","?","81,121",
"202604","85177950","光通信设备的激光收发模块","116","日本","10","一般贸易","32","江苏省","1746","千克","0","?","1,339,584",
"202604","85177950","光通信设备的激光收发模块","116","日本","10","一般贸易","33","浙江省","89","千克","0","?","92,213",
"202604","85177950","光通信设备的激光收发模块","116","日本","10","一般贸易","34","安徽省","2","千克","0","?","8,599",
"202604","85177950","光通信设备的激光收发模块","116","日本","10","一般贸易","35","福建省","18","千克","0","?","21,325",
"202604","85177950","光通信设备的激光收发模块","116","日本","10","一般贸易","37","山东省","33","千克","0","?","63,223",
"202604","85177950","光通信设备的激光收发模块","116","日本","10","一般贸易","42","湖北省","423","千克","0","?","392,129",
"202604","85177950","光通信设备的激光收发模块","116","日本","10","一般贸易","44","广东省","764","千克","0","?","675,377",
"202604","85177950","光通信设备的激光收发模块","116","日本","10","一般贸易","46","海南省","440","千克","0","?","2,993",
"202604","85177950","光通信设备的激光收发模块","116","日本","10","一般贸易","51","四川省","157","千克","0","?","142,407",
"202604","85177950","光通信设备的激光收发模块","116","日本","15","进料加工贸易","32","江苏省","305","千克","0","?","895,967",
"202604","85177950","光通信设备的激光收发模块","116","日本","15","进料加工贸易","35","福建省","26","千克","0","?","83,062",
"202604","85177950","光通信设备的激光收发模块","116","日本","15","进料加工贸易","44","广东省","0","千克","0","?","243",
"202604","85177950","光通信设备的激光收发模块","116","日本","15","进料加工贸易","51","四川省","20","千克","0","?","96,451",
"202604","85177950","光通信设备的激光收发模块","116","日本","34","海关特殊监管区域物流货物","32","江苏省","460","千克","0","?","438,280",
"202604","85177950","光通信设备的激光收发模块","117","约旦","10","一般贸易","33","浙江省","0","千克","0","?","10",
"202604","85177950","光通信设备的激光收发模块","117","约旦","10","一般贸易","44","广东省","4","千克","0","?","3,617",
"202604","85177950","光通信设备的激光收发模块","117","约旦","33","保税监管场所进出境货物","44","广东省","30","千克","0","?","6,168",
"202604","85177950","光通信设备的激光收发模块","117","约旦","34","海关特殊监管区域物流货物","32","江苏省","4","千克","0","?","1,381",
"202604","85177950","光通信设备的激光收发模块","118","科威特","10","一般贸易","44","广东省","0","千克","0","?","710",
"202604","85177950","光通信设备的激光收发模块","119","老挝","10","一般贸易","42","湖北省","2","千克","0","?","867",
"202604","85177950","光通信设备的激光收发模块","119","老挝","10","一般贸易","44","广东省","0","千克","0","?","718",
"202604","85177950","光通信设备的激光收发模块","119","老挝","10","一般贸易","53","云南省","32","千克","0","?","664",
"202604","85177950","光通信设备的激光收发模块","120","黎巴嫩","10","一般贸易","33","浙江省","3","千克","0","?","1,655",
"202604","85177950","光通信设备的激光收发模块","120","黎巴嫩","10","一般贸易","44","广东省","42","千克","0","?","10,840",
"202604","85177950","光通信设备的激光收发模块","121","中国澳门","10","一般贸易","33","浙江省","33","千克","0","?","66,728",
"202604","85177950","光通信设备的激光收发模块","121","中国澳门","10","一般贸易","41","河南省","0","千克","0","?","12",
"202604","85177950","光通信设备的激光收发模块","121","中国澳门","10","一般贸易","44","广东省","40","千克","0","?","31,155",
"202604","85177950","光通信设备的激光收发模块","122","马来西亚","10","一般贸易","11","北京市","2273","千克","0","?","2,581,547",
"202604","85177950","光通信设备的激光收发模块","122","马来西亚","10","一般贸易","12","天津市","0","千克","0","?","60",
"202604","85177950","光通信设备的激光收发模块","122","马来西亚","10","一般贸易","31","上海市","1908","千克","0","?","1,139,562",
"202604","85177950","光通信设备的激光收发模块","122","马来西亚","10","一般贸易","32","江苏省","309","千克","0","?","688,292",
"202604","85177950","光通信设备的激光收发模块","122","马来西亚","10","一般贸易","33","浙江省","1127","千克","0","?","1,011,933",
"202604","85177950","光通信设备的激光收发模块","122","马来西亚","10","一般贸易","35","福建省","63","千克","0","?","20,069",
"202604","85177950","光通信设备的激光收发模块","122","马来西亚","10","一般贸易","36","江西省","2","千克","0","?","4,471",
"202604","85177950","光通信设备的激光收发模块","122","马来西亚","10","一般贸易","37","山东省","898","千克","0","?","1,720,647",
"202604","85177950","光通信设备的激光收发模块","122","马来西亚","10","一般贸易","41","河南省","1","千克","0","?","226",
"202604","85177950","光通信设备的激光收发模块","122","马来西亚","10","一般贸易","42","湖北省","13743","千克","0","?","19,743,788",
"202604","85177950","光通信设备的激光收发模块","122","马来西亚","10","一般贸易","43","湖南省","48","千克","0","?","29,700",
"202604","85177950","光通信设备的激光收发模块","122","马来西亚","10","一般贸易","44","广东省","3172","千克","0","?","2,968,845",
"202604","85177950","光通信设备的激光收发模块","122","马来西亚","10","一般贸易","46","海南省","165","千克","0","?","2,680",
"202604","85177950","光通信设备的激光收发模块","122","马来西亚","10","一般贸易","51","四川省","303","千克","0","?","387,502",
"202604","85177950","光通信设备的激光收发模块","122","马来西亚","10","一般贸易","62","甘肃省","47","千克","0","?","3,281",
"202604","85177950","光通信设备的激光收发模块","122","马来西亚","10","一般贸易","65","新疆维吾尔自治区","0","千克","0","?","69",
"202604","85177950","光通信设备的激光收发模块","122","马来西亚","15","进料加工贸易","32","江苏省","78459","千克","0","?","258,414,687",
"202604","85177950","光通信设备的激光收发模块","122","马来西亚","15","进料加工贸易","35","福建省","1","千克","0","?","2,085",
"202604","85177950","光通信设备的激光收发模块","122","马来西亚","15","进料加工贸易","44","广东省","1978","千克","0","?","2,090,570",
"202604","85177950","光通信设备的激光收发模块","122","马来西亚","15","进料加工贸易","51","四川省","1545","千克","0","?","2,129,261",
"202604","85177950","光通信设备的激光收发模块","122","马来西亚","33","保税监管场所进出境货物","44","广东省","0","千克","0","?","5",
"202604","85177950","光通信设备的激光收发模块","122","马来西亚","34","海关特殊监管区域物流货物","32","江苏省","141","千克","0","?","235,399",
"202604","85177950","光通信设备的激光收发模块","122","马来西亚","34","海关特殊监管区域物流货物","44","广东省","251","千克","0","?","1,176,682",
"202604","85177950","光通信设备的激光收发模块","123","马尔代夫","10","一般贸易","44","广东省","1","千克","0","?","455",
"202604","85177950","光通信设备的激光收发模块","124","蒙古","10","一般贸易","33","浙江省","4","千克","0","?","3,008",
"202604","85177950","光通信设备的激光收发模块","124","蒙古","10","一般贸易","36","江西省","6","千克","0","?","122",
"202604","85177950","光通信设备的激光收发模块","124","蒙古","10","一般贸易","44","广东省","153","千克","0","?","77,992",
"202604","85177950","光通信设备的激光收发模块","125","尼泊尔","10","一般贸易","35","福建省","15","千克","0","?","5,120",
"202604","85177950","光通信设备的激光收发模块","125","尼泊尔","10","一般贸易","44","广东省","2","千克","0","?","8,430",
"202604","85177950","光通信设备的激光收发模块","126","阿曼","10","一般贸易","33","浙江省","1","千克","0","?","316",
"202604","85177950","光通信设备的激光收发模块","126","阿曼","10","一般贸易","42","湖北省","1","千克","0","?","2,521",
"202604","85177950","光通信设备的激光收发模块","126","阿曼","10","一般贸易","44","广东省","144","千克","0","?","146,298",
"202604","85177950","光通信设备的激光收发模块","127","巴基斯坦","10","一般贸易","11","北京市","0","千克","0","?","914",
"202604","85177950","光通信设备的激光收发模块","127","巴基斯坦","10","一般贸易","12","天津市","1","千克","0","?","28,182",
"202604","85177950","光通信设备的激光收发模块","127","巴基斯坦","10","一般贸易","32","江苏省","13","千克","0","?","41,625",
"202604","85177950","光通信设备的激光收发模块","127","巴基斯坦","10","一般贸易","33","浙江省","27","千克","0","?","24,521",
"202604","85177950","光通信设备的激光收发模块","127","巴基斯坦","10","一般贸易","44","广东省","206","千克","0","?","205,453",
"202604","85177950","光通信设备的激光收发模块","127","巴基斯坦","10","一般贸易","46","海南省","1","千克","0","?","600",
"202604","85177950","光通信设备的激光收发模块","127","巴基斯坦","19","边境小额贸易","65","新疆维吾尔自治区","140","千克","0","?","2,590",
"202604","85177950","光通信设备的激光收发模块","127","巴基斯坦","34","海关特殊监管区域物流货物","32","江苏省","29","千克","0","?","3,523",
"202604","85177950","光通信设备的激光收发模块","129","菲律宾","10","一般贸易","31","上海市","1","千克","0","?","303,206",
"202604","85177950","光通信设备的激光收发模块","129","菲律宾","10","一般贸易","32","江苏省","4","千克","0","?","160",
"202604","85177950","光通信设备的激光收发模块","129","菲律宾","10","一般贸易","33","浙江省","16","千克","0","?","4,674",
"202604","85177950","光通信设备的激光收发模块","129","菲律宾","10","一般贸易","35","福建省","7","千克","0","?","11,750",
"202604","85177950","光通信设备的激光收发模块","129","菲律宾","10","一般贸易","41","河南省","0","千克","0","?","52",
"202604","85177950","光通信设备的激光收发模块","129","菲律宾","10","一般贸易","44","广东省","796","千克","0","?","233,506",
"202604","85177950","光通信设备的激光收发模块","129","菲律宾","15","进料加工贸易","32","江苏省","7","千克","0","?","2,850",
"202604","85177950","光通信设备的激光收发模块","129","菲律宾","33","保税监管场所进出境货物","44","广东省","1","千克","0","?","11,112",
"202604","85177950","光通信设备的激光收发模块","129","菲律宾","34","海关特殊监管区域物流货物","32","江苏省","319","千克","0","?","92,625",
"202604","85177950","光通信设备的激光收发模块","130","卡塔尔","10","一般贸易","33","浙江省","6","千克","0","?","8,187",
"202604","85177950","光通信设备的激光收发模块","130","卡塔尔","10","一般贸易","44","广东省","2","千克","0","?","24,176",
"202604","85177950","光通信设备的激光收发模块","131","沙特阿拉伯","10","一般贸易","33","浙江省","99","千克","0","?","86,302",
"202604","85177950","光通信设备的激光收发模块","131","沙特阿拉伯","10","一般贸易","35","福建省","15","千克","0","?","12,410",
"202604","85177950","光通信设备的激光收发模块","131","沙特阿拉伯","10","一般贸易","44","广东省","1160","千克","0","?","910,202",
"202604","85177950","光通信设备的激光收发模块","131","沙特阿拉伯","10","一般贸易","50","重庆市","54","千克","0","?","1,591",
"202604","85177950","光通信设备的激光收发模块","131","沙特阿拉伯","15","进料加工贸易","44","广东省","7","千克","0","?","30,344",
"202604","85177950","光通信设备的激光收发模块","131","沙特阿拉伯","34","海关特殊监管区域物流货物","32","江苏省","105","千克","0","?","29,449",
"202604","85177950","光通信设备的激光收发模块","132","新加坡","10","一般贸易","11","北京市","5","千克","0","?","2,584",
"202604","85177950","光通信设备的激光收发模块","132","新加坡","10","一般贸易","31","上海市","48","千克","0","?","41,286",
"202604","85177950","光通信设备的激光收发模块","132","新加坡","10","一般贸易","32","江苏省","115","千克","0","?","344,363",
"202604","85177950","光通信设备的激光收发模块","132","新加坡","10","一般贸易","33","浙江省","161","千克","0","?","588,157",
"202604","85177950","光通信设备的激光收发模块","132","新加坡","10","一般贸易","35","福建省","71","千克","0","?","11,712",
"202604","85177950","光通信设备的激光收发模块","132","新加坡","10","一般贸易","36","江西省","0","千克","0","?","42",
"202604","85177950","光通信设备的激光收发模块","132","新加坡","10","一般贸易","37","山东省","0","千克","0","?","22",
"202604","85177950","光通信设备的激光收发模块","132","新加坡","10","一般贸易","42","湖北省","958","千克","0","?","1,103,307",
"202604","85177950","光通信设备的激光收发模块","132","新加坡","10","一般贸易","44","广东省","2216","千克","0","?","1,945,965",
"202604","85177950","光通信设备的激光收发模块","132","新加坡","10","一般贸易","45","广西壮族自治区","7","千克","0","?","117",
"202604","85177950","光通信设备的激光收发模块","132","新加坡","10","一般贸易","46","海南省","2","千克","0","?","126",
"202604","85177950","光通信设备的激光收发模块","132","新加坡","10","一般贸易","51","四川省","411","千克","0","?","738,956",
"202604","85177950","光通信设备的激光收发模块","132","新加坡","10","一般贸易","52","贵州省","223","千克","0","?","149,486",
"202604","85177950","光通信设备的激光收发模块","132","新加坡","10","一般贸易","65","新疆维吾尔自治区","0","千克","0","?","112",
"202604","85177950","光通信设备的激光收发模块","132","新加坡","15","进料加工贸易","32","江苏省","363","千克","0","?","229,004",
"202604","85177950","光通信设备的激光收发模块","132","新加坡","15","进料加工贸易","33","浙江省","470","千克","0","?","292,646",
"202604","85177950","光通信设备的激光收发模块","132","新加坡","15","进料加工贸易","35","福建省","3","千克","0","?","6,549",
"202604","85177950","光通信设备的激光收发模块","132","新加坡","15","进料加工贸易","44","广东省","8","千克","0","?","17,403",
"202604","85177950","光通信设备的激光收发模块","132","新加坡","15","进料加工贸易","51","四川省","60","千克","0","?","30,015",
"202604","85177950","光通信设备的激光收发模块","132","新加坡","33","保税监管场所进出境货物","11","北京市","0","千克","0","?","1,604",
"202604","85177950","光通信设备的激光收发模块","132","新加坡","33","保税监管场所进出境货物","44","广东省","20","千克","0","?","53,334",
"202604","85177950","光通信设备的激光收发模块","132","新加坡","34","海关特殊监管区域物流货物","11","北京市","0","千克","0","?","3,136",
"202604","85177950","光通信设备的激光收发模块","132","新加坡","34","海关特殊监管区域物流货物","32","江苏省","52","千克","0","?","76,305",
"202604","85177950","光通信设备的激光收发模块","132","新加坡","34","海关特殊监管区域物流货物","42","湖北省","65","千克","0","?","63,585",
"202604","85177950","光通信设备的激光收发模块","132","新加坡","34","海关特殊监管区域物流货物","45","广西壮族自治区","10","千克","0","?","2,320",
"202604","85177950","光通信设备的激光收发模块","132","新加坡","39","其他","33","浙江省","164","千克","0","?","1,312",
"202604","85177950","光通信设备的激光收发模块","133","韩国","10","一般贸易","11","北京市","92","千克","0","?","23,081",
"202604","85177950","光通信设备的激光收发模块","133","韩国","10","一般贸易","12","天津市","0","千克","0","?","136",
"202604","85177950","光通信设备的激光收发模块","133","韩国","10","一般贸易","13","河北省","1","千克","0","?","259",
"202604","85177950","光通信设备的激光收发模块","133","韩国","10","一般贸易","21","辽宁省","44","千克","0","?","20,145",
"202604","85177950","光通信设备的激光收发模块","133","韩国","10","一般贸易","31","上海市","178","千克","0","?","201,853",
"202604","85177950","光通信设备的激光收发模块","133","韩国","10","一般贸易","32","江苏省","85","千克","0","?","38,987",
"202604","85177950","光通信设备的激光收发模块","133","韩国","10","一般贸易","33","浙江省","76","千克","0","?","59,548",
"202604","85177950","光通信设备的激光收发模块","133","韩国","10","一般贸易","35","福建省","4","千克","0","?","3,011",
"202604","85177950","光通信设备的激光收发模块","133","韩国","10","一般贸易","37","山东省","274","千克","0","?","173,456",
"202604","85177950","光通信设备的激光收发模块","133","韩国","10","一般贸易","41","河南省","25","千克","0","?","29,916",
"202604","85177950","光通信设备的激光收发模块","133","韩国","10","一般贸易","42","湖北省","343","千克","0","?","391,353",
"202604","85177950","光通信设备的激光收发模块","133","韩国","10","一般贸易","43","湖南省","8","千克","0","?","63,057",
"202604","85177950","光通信设备的激光收发模块","133","韩国","10","一般贸易","44","广东省","2097","千克","0","?","1,512,919",
"202604","85177950","光通信设备的激光收发模块","133","韩国","10","一般贸易","46","海南省","2","千克","0","?","504",
"202604","85177950","光通信设备的激光收发模块","133","韩国","10","一般贸易","51","四川省","1797","千克","0","?","1,318,240",
"202604","85177950","光通信设备的激光收发模块","133","韩国","10","一般贸易","61","陕西省","3","千克","0","?","444",
"202604","85177950","光通信设备的激光收发模块","133","韩国","15","进料加工贸易","32","江苏省","27","千克","0","?","58,028",
"202604","85177950","光通信设备的激光收发模块","133","韩国","15","进料加工贸易","35","福建省","8","千克","0","?","20,096",
"202604","85177950","光通信设备的激光收发模块","133","韩国","15","进料加工贸易","44","广东省","0","千克","0","?","199",
"202604","85177950","光通信设备的激光收发模块","133","韩国","15","进料加工贸易","51","四川省","4","千克","0","?","7,010",
"202604","85177950","光通信设备的激光收发模块","133","韩国","34","海关特殊监管区域物流货物","32","江苏省","74","千克","0","?","182,238",
"202604","85177950","光通信设备的激光收发模块","133","韩国","34","海关特殊监管区域物流货物","44","广东省","0","千克","0","?","76",
"202604","85177950","光通信设备的激光收发模块","133","韩国","39","其他","51","四川省","0","千克","0","?","432",
"202604","85177950","光通信设备的激光收发模块","134","斯里兰卡","10","一般贸易","33","浙江省","0","千克","0","?","129",
"202604","85177950","光通信设备的激光收发模块","134","斯里兰卡","10","一般贸易","44","广东省","53","千克","0","?","31,162",
"202604","85177950","光通信设备的激光收发模块","134","斯里兰卡","33","保税监管场所进出境货物","44","广东省","6","千克","0","?","465",
"202604","85177950","光通信设备的激光收发模块","134","斯里兰卡","34","海关特殊监管区域物流货物","32","江苏省","31","千克","0","?","6,353",
"202604","85177950","光通信设备的激光收发模块","136","泰国","10","一般贸易","11","北京市","2","千克","0","?","1,012",
"202604","85177950","光通信设备的激光收发模块","136","泰国","10","一般贸易","31","上海市","646","千克","0","?","1,825,647",
"202604","85177950","光通信设备的激光收发模块","136","泰国","10","一般贸易","32","江苏省","1360","千克","0","?","1,186,496",
"202604","85177950","光通信设备的激光收发模块","136","泰国","10","一般贸易","33","浙江省","56","千克","0","?","84,631",
"202604","85177950","光通信设备的激光收发模块","136","泰国","10","一般贸易","35","福建省","18","千克","0","?","167,385",
"202604","85177950","光通信设备的激光收发模块","136","泰国","10","一般贸易","37","山东省","521","千克","0","?","1,340,331",
"202604","85177950","光通信设备的激光收发模块","136","泰国","10","一般贸易","42","湖北省","2929","千克","0","?","1,738,244",
"202604","85177950","光通信设备的激光收发模块","136","泰国","10","一般贸易","44","广东省","1481","千克","0","?","1,307,588",
"202604","85177950","光通信设备的激光收发模块","136","泰国","10","一般贸易","50","重庆市","2","千克","0","?","882",
"202604","85177950","光通信设备的激光收发模块","136","泰国","10","一般贸易","51","四川省","5903","千克","0","?","21,017,781",
"202604","85177950","光通信设备的激光收发模块","136","泰国","10","一般贸易","52","贵州省","6","千克","0","?","1,109",
"202604","85177950","光通信设备的激光收发模块","136","泰国","10","一般贸易","62","甘肃省","13","千克","0","?","527",
"202604","85177950","光通信设备的激光收发模块","136","泰国","10","一般贸易","65","新疆维吾尔自治区","0","千克","0","?","56",
"202604","85177950","光通信设备的激光收发模块","136","泰国","15","进料加工贸易","32","江苏省","381","千克","0","?","206,427",
"202604","85177950","光通信设备的激光收发模块","136","泰国","15","进料加工贸易","33","浙江省","1","千克","0","?","1,395",
"202604","85177950","光通信设备的激光收发模块","136","泰国","15","进料加工贸易","35","福建省","0","千克","0","?","1,433",
"202604","85177950","光通信设备的激光收发模块","136","泰国","15","进料加工贸易","44","广东省","12","千克","0","?","21,278",
"202604","85177950","光通信设备的激光收发模块","136","泰国","15","进料加工贸易","51","四川省","2","千克","0","?","12,300",
"202604","85177950","光通信设备的激光收发模块","136","泰国","33","保税监管场所进出境货物","44","广东省","2","千克","0","?","150",
"202604","85177950","光通信设备的激光收发模块","136","泰国","34","海关特殊监管区域物流货物","32","江苏省","82","千克","0","?","41,205",
"202604","85177950","光通信设备的激光收发模块","136","泰国","34","海关特殊监管区域物流货物","35","福建省","4","千克","0","?","2,137",
"202604","85177950","光通信设备的激光收发模块","136","泰国","34","海关特殊监管区域物流货物","44","广东省","2322","千克","0","?","3,012,805",
"202604","85177950","光通信设备的激光收发模块","136","泰国","34","海关特殊监管区域物流货物","45","广西壮族自治区","105","千克","0","?","36,159",
"202604","85177950","光通信设备的激光收发模块","136","泰国","39","其他","32","江苏省","0","千克","0","?","803",
"202604","85177950","光通信设备的激光收发模块","137","土耳其","10","一般贸易","14","山西省","144","千克","0","?","4,098",
"202604","85177950","光通信设备的激光收发模块","137","土耳其","10","一般贸易","33","浙江省","27","千克","0","?","45,666",
"202604","85177950","光通信设备的激光收发模块","137","土耳其","10","一般贸易","35","福建省","74","千克","0","?","42,397",
"202604","85177950","光通信设备的激光收发模块","137","土耳其","10","一般贸易","41","河南省","43","千克","0","?","174,300",
"202604","85177950","光通信设备的激光收发模块","137","土耳其","10","一般贸易","43","湖南省","50","千克","0","?","67,500",
"202604","85177950","光通信设备的激光收发模块","137","土耳其","10","一般贸易","44","广东省","1285","千克","0","?","1,671,927",
"202604","85177950","光通信设备的激光收发模块","137","土耳其","10","一般贸易","46","海南省","30","千克","0","?","14,369",
"202604","85177950","光通信设备的激光收发模块","137","土耳其","10","一般贸易","61","陕西省","1","千克","0","?","174",
"202604","85177950","光通信设备的激光收发模块","137","土耳其","34","海关特殊监管区域物流货物","32","江苏省","5","千克","0","?","1,122",
"202604","85177950","光通信设备的激光收发模块","138","阿联酋","10","一般贸易","31","上海市","7","千克","0","?","4,967",
"202604","85177950","光通信设备的激光收发模块","138","阿联酋","10","一般贸易","33","浙江省","5","千克","0","?","1,398",
"202604","85177950","光通信设备的激光收发模块","138","阿联酋","10","一般贸易","35","福建省","13","千克","0","?","18,109",
"202604","85177950","光通信设备的激光收发模块","138","阿联酋","10","一般贸易","42","湖北省","822","千克","0","?","5,645,689",
"202604","85177950","光通信设备的激光收发模块","138","阿联酋","10","一般贸易","44","广东省","1145","千克","0","?","1,605,033",
"202604","85177950","光通信设备的激光收发模块","138","阿联酋","10","一般贸易","45","广西壮族自治区","0","千克","0","?","1,288",
"202604","85177950","光通信设备的激光收发模块","138","阿联酋","10","一般贸易","46","海南省","32","千克","0","?","11,000",
"202604","85177950","光通信设备的激光收发模块","138","阿联酋","10","一般贸易","51","四川省","2","千克","0","?","3,480",
"202604","85177950","光通信设备的激光收发模块","138","阿联酋","15","进料加工贸易","44","广东省","0","千克","0","?","10,237",
"202604","85177950","光通信设备的激光收发模块","138","阿联酋","34","海关特殊监管区域物流货物","32","江苏省","318","千克","0","?","201,960",
"202604","85177950","光通信设备的激光收发模块","138","阿联酋","34","海关特殊监管区域物流货物","33","浙江省","6","千克","0","?","1,345",
"202604","85177950","光通信设备的激光收发模块","141","越南","10","一般贸易","12","天津市","0","千克","0","?","5,670",
"202604","85177950","光通信设备的激光收发模块","141","越南","10","一般贸易","23","黑龙江省","4","千克","0","?","7,042",
"202604","85177950","光通信设备的激光收发模块","141","越南","10","一般贸易","31","上海市","133","千克","0","?","69,211",
"202604","85177950","光通信设备的激光收发模块","141","越南","10","一般贸易","32","江苏省","273","千克","0","?","255,771",
"202604","85177950","光通信设备的激光收发模块","141","越南","10","一般贸易","33","浙江省","724","千克","0","?","173,657",
"202604","85177950","光通信设备的激光收发模块","141","越南","10","一般贸易","35","福建省","9","千克","0","?","8,657",
"202604","85177950","光通信设备的激光收发模块","141","越南","10","一般贸易","37","山东省","130","千克","0","?","13,369",
"202604","85177950","光通信设备的激光收发模块","141","越南","10","一般贸易","42","湖北省","1063","千克","0","?","124,062",
"202604","85177950","光通信设备的激光收发模块","141","越南","10","一般贸易","44","广东省","1144","千克","0","?","602,724",
"202604","85177950","光通信设备的激光收发模块","141","越南","10","一般贸易","46","海南省","1","千克","0","?","476",
"202604","85177950","光通信设备的激光收发模块","141","越南","15","进料加工贸易","32","江苏省","466","千克","0","?","4,052,465",
"202604","85177950","光通信设备的激光收发模块","141","越南","15","进料加工贸易","51","四川省","158","千克","0","?","53,537",
"202604","85177950","光通信设备的激光收发模块","141","越南","33","保税监管场所进出境货物","44","广东省","534","千克","0","?","124,107",
"202604","85177950","光通信设备的激光收发模块","141","越南","34","海关特殊监管区域物流货物","32","江苏省","138","千克","0","?","29,602",
"202604","85177950","光通信设备的激光收发模块","141","越南","34","海关特殊监管区域物流货物","35","福建省","19","千克","0","?","2,663",
"202604","85177950","光通信设备的激光收发模块","141","越南","34","海关特殊监管区域物流货物","45","广西壮族自治区","56","千克","0","?","35,514",
"202604","85177950","光通信设备的激光收发模块","141","越南","39","其他","44","广东省","3550","千克","0","?","25,987",
"202604","85177950","光通信设备的激光收发模块","143","中国台湾","10","一般贸易","11","北京市","13","千克","0","?","6,941",
"202604","85177950","光通信设备的激光收发模块","143","中国台湾","10","一般贸易","13","河北省","254","千克","0","?","48,818",
"202604","85177950","光通信设备的激光收发模块","143","中国台湾","10","一般贸易","21","辽宁省","0","千克","0","?","2,360",
"202604","85177950","光通信设备的激光收发模块","143","中国台湾","10","一般贸易","31","上海市","40","千克","0","?","41,820",
"202604","85177950","光通信设备的激光收发模块","143","中国台湾","10","一般贸易","32","江苏省","58","千克","0","?","62,341",
"202604","85177950","光通信设备的激光收发模块","143","中国台湾","10","一般贸易","33","浙江省","3163","千克","0","?","8,014,095",
"202604","85177950","光通信设备的激光收发模块","143","中国台湾","10","一般贸易","34","安徽省","62","千克","0","?","14,880",
"202604","85177950","光通信设备的激光收发模块","143","中国台湾","10","一般贸易","35","福建省","0","千克","0","?","916",
"202604","85177950","光通信设备的激光收发模块","143","中国台湾","10","一般贸易","37","山东省","440","千克","0","?","222,133",
"202604","85177950","光通信设备的激光收发模块","143","中国台湾","10","一般贸易","42","湖北省","910","千克","0","?","2,447,216",
"202604","85177950","光通信设备的激光收发模块","143","中国台湾","10","一般贸易","43","湖南省","63","千克","0","?","31,725",
"202604","85177950","光通信设备的激光收发模块","143","中国台湾","10","一般贸易","44","广东省","3364","千克","0","?","2,173,979",
"202604","85177950","光通信设备的激光收发模块","143","中国台湾","10","一般贸易","51","四川省","89","千克","0","?","124,009",
"202604","85177950","光通信设备的激光收发模块","143","中国台湾","15","进料加工贸易","32","江苏省","384","千克","0","?","93,282",
"202604","85177950","光通信设备的激光收发模块","143","中国台湾","15","进料加工贸易","33","浙江省","8569","千克","0","?","12,470,302",
"202604","85177950","光通信设备的激光收发模块","143","中国台湾","15","进料加工贸易","35","福建省","26","千克","0","?","21,177",
"202604","85177950","光通信设备的激光收发模块","143","中国台湾","15","进料加工贸易","44","广东省","6","千克","0","?","8,259",
"202604","85177950","光通信设备的激光收发模块","143","中国台湾","15","进料加工贸易","51","四川省","32352","千克","0","?","53,890,643",
"202604","85177950","光通信设备的激光收发模块","143","中国台湾","34","海关特殊监管区域物流货物","32","江苏省","21","千克","0","?","1,558",
"202604","85177950","光通信设备的激光收发模块","144","东帝汶","10","一般贸易","44","广东省","0","千克","0","?","285",
"202604","85177950","光通信设备的激光收发模块","145","哈萨克斯坦","10","一般贸易","31","上海市","21","千克","0","?","10,459",
"202604","85177950","光通信设备的激光收发模块","145","哈萨克斯坦","10","一般贸易","33","浙江省","34","千克","0","?","15,080",
"202604","85177950","光通信设备的激光收发模块","145","哈萨克斯坦","10","一般贸易","37","山东省","2","千克","0","?","815",
"202604","85177950","光通信设备的激光收发模块","145","哈萨克斯坦","10","一般贸易","42","湖北省","33","千克","0","?","17,211",
"202604","85177950","光通信设备的激光收发模块","145","哈萨克斯坦","10","一般贸易","44","广东省","191","千克","0","?","92,418",
"202604","85177950","光通信设备的激光收发模块","145","哈萨克斯坦","10","一般贸易","46","海南省","1","千克","0","?","6",
"202604","85177950","光通信设备的激光收发模块","145","哈萨克斯坦","22","对外承包工程出口货物","11","北京市","80","千克","0","?","1,319",
"202604","85177950","光通信设备的激光收发模块","145","哈萨克斯坦","34","海关特殊监管区域物流货物","44","广东省","1","千克","0","?","2,768",
"202604","85177950","光通信设备的激光收发模块","146","吉尔吉斯斯坦","10","一般贸易","32","江苏省","29","千克","0","?","13,707",
"202604","85177950","光通信设备的激光收发模块","146","吉尔吉斯斯坦","10","一般贸易","42","湖北省","7","千克","0","?","912",
"202604","85177950","光通信设备的激光收发模块","146","吉尔吉斯斯坦","10","一般贸易","44","广东省","22","千克","0","?","17,345",
"202604","85177950","光通信设备的激光收发模块","147","塔吉克斯坦","10","一般贸易","44","广东省","4","千克","0","?","2,069",
"202604","85177950","光通信设备的激光收发模块","147","塔吉克斯坦","10","一般贸易","65","新疆维吾尔自治区","35","千克","0","?","44,648",
"202604","85177950","光通信设备的激光收发模块","148","土库曼斯坦","10","一般贸易","44","广东省","2","千克","0","?","1,342",
"202604","85177950","光通信设备的激光收发模块","149","乌兹别克斯坦","10","一般贸易","33","浙江省","0","千克","0","?","380",
"202604","85177950","光通信设备的激光收发模块","149","乌兹别克斯坦","10","一般贸易","44","广东省","161","千克","0","?","138,526",
"202604","85177950","光通信设备的激光收发模块","149","乌兹别克斯坦","34","海关特殊监管区域物流货物","65","新疆维吾尔自治区","50","千克","0","?","26,608",
"202604","85177950","光通信设备的激光收发模块","150","格鲁吉亚","10","一般贸易","31","上海市","1","千克","0","?","7,760",
"202604","85177950","光通信设备的激光收发模块","150","格鲁吉亚","10","一般贸易","33","浙江省","0","千克","0","?","20",
"202604","85177950","光通信设备的激光收发模块","150","格鲁吉亚","10","一般贸易","44","广东省","2","千克","0","?","13,670",
"202604","85177950","光通信设备的激光收发模块","151","亚美尼亚","10","一般贸易","31","上海市","9","千克","0","?","1,750",
"202604","85177950","光通信设备的激光收发模块","151","亚美尼亚","10","一般贸易","33","浙江省","652","千克","0","?","127,038",
"202604","85177950","光通信设备的激光收发模块","151","亚美尼亚","10","一般贸易","44","广东省","1","千克","0","?","799",
"202604","85177950","光通信设备的激光收发模块","152","阿塞拜疆","10","一般贸易","33","浙江省","0","千克","0","?","51",
"202604","85177950","光通信设备的激光收发模块","152","阿塞拜疆","10","一般贸易","42","湖北省","15","千克","0","?","10,580",
"202604","85177950","光通信设备的激光收发模块","152","阿塞拜疆","10","一般贸易","44","广东省","44","千克","0","?","27,062",
"202604","85177950","光通信设备的激光收发模块","201","阿尔及利亚","10","一般贸易","33","浙江省","2","千克","0","?","560",
"202604","85177950","光通信设备的激光收发模块","201","阿尔及利亚","10","一般贸易","42","湖北省","10","千克","0","?","1,356",
"202604","85177950","光通信设备的激光收发模块","201","阿尔及利亚","10","一般贸易","44","广东省","187","千克","0","?","88,554",
"202604","85177950","光通信设备的激光收发模块","202","安哥拉","10","一般贸易","33","浙江省","4","千克","0","?","3,520",
"202604","85177950","光通信设备的激光收发模块","202","安哥拉","10","一般贸易","44","广东省","33","千克","0","?","19,223",
"202604","85177950","光通信设备的激光收发模块","203","贝宁","10","一般贸易","44","广东省","30","千克","0","?","11,584",
"202604","85177950","光通信设备的激光收发模块","204","博茨瓦纳","10","一般贸易","33","浙江省","5","千克","0","?","5,634",
"202604","85177950","光通信设备的激光收发模块","204","博茨瓦纳","10","一般贸易","44","广东省","0","千克","0","?","258",
"202604","85177950","光通信设备的激光收发模块","206","喀麦隆","10","一般贸易","44","广东省","25","千克","0","?","7,128",
"202604","85177950","光通信设备的激光收发模块","208","佛得角","10","一般贸易","44","广东省","38","千克","0","?","15,757",
"202604","85177950","光通信设备的激光收发模块","211","乍得","10","一般贸易","11","北京市","4","千克","0","?","1,240",
"202604","85177950","光通信设备的激光收发模块","211","乍得","10","一般贸易","44","广东省","1","千克","0","?","753",
"202604","85177950","光通信设备的激光收发模块","213","刚果共和国","10","一般贸易","44","广东省","8","千克","0","?","72",
"202604","85177950","光通信设备的激光收发模块","215","埃及","10","一般贸易","11","北京市","1","千克","0","?","1,115",
"202604","85177950","光通信设备的激光收发模块","215","埃及","10","一般贸易","33","浙江省","1","千克","0","?","351",
"202604","85177950","光通信设备的激光收发模块","215","埃及","10","一般贸易","43","湖南省","3","千克","0","?","393",
"202604","85177950","光通信设备的激光收发模块","215","埃及","10","一般贸易","44","广东省","204","千克","0","?","646,021",
"202604","85177950","光通信设备的激光收发模块","215","埃及","10","一般贸易","51","四川省","1","千克","0","?","2,760",
"202604","85177950","光通信设备的激光收发模块","215","埃及","34","海关特殊监管区域物流货物","31","上海市","5","千克","0","?","2,595",
"202604","85177950","光通信设备的激光收发模块","216","赤道几内亚","10","一般贸易","33","浙江省","6","千克","0","?","6,209",
"202604","85177950","光通信设备的激光收发模块","217","埃塞俄比亚","10","一般贸易","11","北京市","44","千克","0","?","179,990",
"202604","85177950","光通信设备的激光收发模块","217","埃塞俄比亚","10","一般贸易","12","天津市","8","千克","0","?","5,372",
"202604","85177950","光通信设备的激光收发模块","217","埃塞俄比亚","10","一般贸易","44","广东省","2","千克","0","?","451",
"202604","85177950","光通信设备的激光收发模块","218","加蓬","10","一般贸易","44","广东省","11","千克","0","?","1,597",
"202604","85177950","光通信设备的激光收发模块","219","冈比亚","10","一般贸易","31","上海市","20","千克","0","?","228",
"202604","85177950","光通信设备的激光收发模块","220","加纳","10","一般贸易","44","广东省","134","千克","0","?","53,147",
"202604","85177950","光通信设备的激光收发模块","221","几内亚","10","一般贸易","37","山东省","11","千克","0","?","7,709",
"202604","85177950","光通信设备的激光收发模块","222","几内亚比绍","10","一般贸易","44","广东省","1","千克","0","?","144",
"202604","85177950","光通信设备的激光收发模块","223","科特迪瓦","10","一般贸易","33","浙江省","1","千克","0","?","586",
"202604","85177950","光通信设备的激光收发模块","223","科特迪瓦","10","一般贸易","44","广东省","7","千克","0","?","10,997",
"202604","85177950","光通信设备的激光收发模块","224","肯尼亚","10","一般贸易","31","上海市","2","千克","0","?","1,600",
"202604","85177950","光通信设备的激光收发模块","224","肯尼亚","10","一般贸易","33","浙江省","1","千克","0","?","907",
"202604","85177950","光通信设备的激光收发模块","224","肯尼亚","10","一般贸易","35","福建省","1","千克","0","?","593",
"202604","85177950","光通信设备的激光收发模块","224","肯尼亚","10","一般贸易","44","广东省","452","千克","0","?","184,619",
"202604","85177950","光通信设备的激光收发模块","224","肯尼亚","34","海关特殊监管区域物流货物","32","江苏省","116","千克","0","?","24,417",
"202604","85177950","光通信设备的激光收发模块","226","利比亚","10","一般贸易","33","浙江省","1","千克","0","?","1,033",
"202604","85177950","光通信设备的激光收发模块","226","利比亚","10","一般贸易","44","广东省","2","千克","0","?","871",
"202604","85177950","光通信设备的激光收发模块","226","利比亚","39","其他","44","广东省","0","千克","0","?","53",
"202604","85177950","光通信设备的激光收发模块","227","马达加斯加","10","一般贸易","15","内蒙古自治区","20","千克","0","?","1,412",
"202604","85177950","光通信设备的激光收发模块","227","马达加斯加","10","一般贸易","44","广东省","8","千克","0","?","1,804",
"202604","85177950","光通信设备的激光收发模块","228","马拉维","10","一般贸易","44","广东省","0","千克","0","?","518",
"202604","85177950","光通信设备的激光收发模块","229","马里","10","一般贸易","44","广东省","167","千克","0","?","321,197",
"202604","85177950","光通信设备的激光收发模块","230","毛里塔尼亚","10","一般贸易","44","广东省","257","千克","0","?","69,890",
"202604","85177950","光通信设备的激光收发模块","231","毛里求斯","10","一般贸易","42","湖北省","4","千克","0","?","1,237",
"202604","85177950","光通信设备的激光收发模块","231","毛里求斯","10","一般贸易","44","广东省","2","千克","0","?","2,325",
"202604","85177950","光通信设备的激光收发模块","231","毛里求斯","22","对外承包工程出口货物","52","贵州省","3","千克","0","?","1,393",
"202604","85177950","光通信设备的激光收发模块","232","摩洛哥","10","一般贸易","33","浙江省","4","千克","0","?","4,923",
"202604","85177950","光通信设备的激光收发模块","232","摩洛哥","10","一般贸易","42","湖北省","11","千克","0","?","1,671",
"202604","85177950","光通信设备的激光收发模块","232","摩洛哥","10","一般贸易","44","广东省","167","千克","0","?","35,087",
"202604","85177950","光通信设备的激光收发模块","233","莫桑比克","10","一般贸易","37","山东省","4","千克","0","?","6,701",
"202604","85177950","光通信设备的激光收发模块","233","莫桑比克","10","一般贸易","44","广东省","2","千克","0","?","991",
"202604","85177950","光通信设备的激光收发模块","235","尼日尔","10","一般贸易","36","江西省","0","千克","0","?","198",
"202604","85177950","光通信设备的激光收发模块","236","尼日利亚","10","一般贸易","33","浙江省","3","千克","0","?","3,130",
"202604","85177950","光通信设备的激光收发模块","236","尼日利亚","10","一般贸易","44","广东省","123","千克","0","?","41,353",
"202604","85177950","光通信设备的激光收发模块","237","留尼汪","10","一般贸易","44","广东省","1","千克","0","?","719",
"202604","85177950","光通信设备的激光收发模块","238","卢旺达","10","一般贸易","33","浙江省","5","千克","0","?","2,033",
"202604","85177950","光通信设备的激光收发模块","238","卢旺达","10","一般贸易","44","广东省","0","千克","0","?","124",
"202604","85177950","光通信设备的激光收发模块","240","塞内加尔","10","一般贸易","44","广东省","198","千克","0","?","164,890",
"202604","85177950","光通信设备的激光收发模块","241","塞舌尔","10","一般贸易","44","广东省","6","千克","0","?","1,595",
"202604","85177950","光通信设备的激光收发模块","242","塞拉利昂","10","一般贸易","44","广东省","15","千克","0","?","11,136",
"202604","85177950","光通信设备的激光收发模块","243","索马里","10","一般贸易","44","广东省","8","千克","0","?","1,670",
"202604","85177950","光通信设备的激光收发模块","244","南非","10","一般贸易","31","上海市","6","千克","0","?","4,400",
"202604","85177950","光通信设备的激光收发模块","244","南非","10","一般贸易","33","浙江省","6","千克","0","?","8,743",
"202604","85177950","光通信设备的激光收发模块","244","南非","10","一般贸易","35","福建省","0","千克","0","?","86",
"202604","85177950","光通信设备的激光收发模块","244","南非","10","一般贸易","42","湖北省","13","千克","0","?","2,068",
"202604","85177950","光通信设备的激光收发模块","244","南非","10","一般贸易","44","广东省","524","千克","0","?","132,018",
"202604","85177950","光通信设备的激光收发模块","244","南非","10","一般贸易","46","海南省","19","千克","0","?","3,130",
"202604","85177950","光通信设备的激光收发模块","244","南非","15","进料加工贸易","44","广东省","4","千克","0","?","2,070",
"202604","85177950","光通信设备的激光收发模块","244","南非","33","保税监管场所进出境货物","44","广东省","18","千克","0","?","2,723",
"202604","85177950","光通信设备的激光收发模块","244","南非","34","海关特殊监管区域物流货物","32","江苏省","4","千克","0","?","750",
"202604","85177950","光通信设备的激光收发模块","247","坦桑尼亚","10","一般贸易","33","浙江省","1","千克","0","?","2,388",
"202604","85177950","光通信设备的激光收发模块","247","坦桑尼亚","10","一般贸易","44","广东省","283","千克","0","?","115,044",
"202604","85177950","光通信设备的激光收发模块","249","突尼斯","10","一般贸易","32","江苏省","2","千克","0","?","3,209",
"202604","85177950","光通信设备的激光收发模块","249","突尼斯","10","一般贸易","44","广东省","18","千克","0","?","30,699",
"202604","85177950","光通信设备的激光收发模块","250","乌干达","10","一般贸易","33","浙江省","1","千克","0","?","2,182",
"202604","85177950","光通信设备的激光收发模块","250","乌干达","10","一般贸易","44","广东省","26","千克","0","?","38,527",
"202604","85177950","光通信设备的激光收发模块","251","布基纳法索","10","一般贸易","44","广东省","37","千克","0","?","12,999",
"202604","85177950","光通信设备的激光收发模块","252","刚果民主共和国","10","一般贸易","33","浙江省","2","千克","0","?","840",
"202604","85177950","光通信设备的激光收发模块","252","刚果民主共和国","10","一般贸易","44","广东省","275","千克","0","?","133,154",
"202604","85177950","光通信设备的激光收发模块","253","赞比亚","10","一般贸易","32","江苏省","4","千克","0","?","242",
"202604","85177950","光通信设备的激光收发模块","253","赞比亚","10","一般贸易","33","浙江省","1","千克","0","?","224",
"202604","85177950","光通信设备的激光收发模块","253","赞比亚","10","一般贸易","44","广东省","45","千克","0","?","12,670",
"202604","85177950","光通信设备的激光收发模块","254","津巴布韦","10","一般贸易","44","广东省","61","千克","0","?","12,381",
"202604","85177950","光通信设备的激光收发模块","257","斯威士兰","10","一般贸易","44","广东省","0","千克","0","?","499",
"202604","85177950","光通信设备的激光收发模块","259","马约特","10","一般贸易","44","广东省","0","千克","0","?","140",
"202604","85177950","光通信设备的激光收发模块","260","南苏丹","10","一般贸易","44","广东省","0","千克","0","?","268",
"202604","85177950","光通信设备的激光收发模块","301","比利时","10","一般贸易","31","上海市","93","千克","0","?","191,889",
"202604","85177950","光通信设备的激光收发模块","301","比利时","10","一般贸易","32","江苏省","6","千克","0","?","20,008",
"202604","85177950","光通信设备的激光收发模块","301","比利时","10","一般贸易","33","浙江省","0","千克","0","?","75",
"202604","85177950","光通信设备的激光收发模块","301","比利时","10","一般贸易","34","安徽省","409","千克","0","?","50,840",
"202604","85177950","光通信设备的激光收发模块","301","比利时","10","一般贸易","42","湖北省","388","千克","0","?","479,922",
"202604","85177950","光通信设备的激光收发模块","301","比利时","10","一般贸易","44","广东省","336","千克","0","?","263,660",
"202604","85177950","光通信设备的激光收发模块","301","比利时","10","一般贸易","45","广西壮族自治区","4","千克","0","?","218",
"202604","85177950","光通信设备的激光收发模块","301","比利时","10","一般贸易","51","四川省","5","千克","0","?","13,668",
"202604","85177950","光通信设备的激光收发模块","301","比利时","15","进料加工贸易","32","江苏省","157","千克","0","?","77,147",
"202604","85177950","光通信设备的激光收发模块","302","丹麦","10","一般贸易","31","上海市","40","千克","0","?","54,041",
"202604","85177950","光通信设备的激光收发模块","302","丹麦","10","一般贸易","32","江苏省","1","千克","0","?","14,706",
"202604","85177950","光通信设备的激光收发模块","302","丹麦","10","一般贸易","33","浙江省","0","千克","0","?","275",
"202604","85177950","光通信设备的激光收发模块","302","丹麦","10","一般贸易","34","安徽省","12","千克","0","?","1,935",
"202604","85177950","光通信设备的激光收发模块","302","丹麦","10","一般贸易","42","湖北省","4","千克","0","?","43,380",
"202604","85177950","光通信设备的激光收发模块","302","丹麦","10","一般贸易","44","广东省","147","千克","0","?","73,526",
"202604","85177950","光通信设备的激光收发模块","302","丹麦","10","一般贸易","46","海南省","1","千克","0","?","875",
"202604","85177950","光通信设备的激光收发模块","302","丹麦","10","一般贸易","51","四川省","160","千克","0","?","93,366",
"202604","85177950","光通信设备的激光收发模块","303","英国","10","一般贸易","31","上海市","121","千克","0","?","144,979",
"202604","85177950","光通信设备的激光收发模块","303","英国","10","一般贸易","32","江苏省","36","千克","0","?","105,313",
"202604","85177950","光通信设备的激光收发模块","303","英国","10","一般贸易","33","浙江省","17","千克","0","?","65,318",
"202604","85177950","光通信设备的激光收发模块","303","英国","10","一般贸易","34","安徽省","58","千克","0","?","6,000",
"202604","85177950","光通信设备的激光收发模块","303","英国","10","一般贸易","37","山东省","11","千克","0","?","11,055",
"202604","85177950","光通信设备的激光收发模块","303","英国","10","一般贸易","42","湖北省","328","千克","0","?","292,195",
"202604","85177950","光通信设备的激光收发模块","303","英国","10","一般贸易","44","广东省","1960","千克","0","?","1,970,178",
"202604","85177950","光通信设备的激光收发模块","303","英国","10","一般贸易","50","重庆市","4","千克","0","?","1,200",
"202604","85177950","光通信设备的激光收发模块","303","英国","10","一般贸易","51","四川省","675","千克","0","?","2,153,313",
"202604","85177950","光通信设备的激光收发模块","303","英国","10","一般贸易","65","新疆维吾尔自治区","2","千克","0","?","183",
"202604","85177950","光通信设备的激光收发模块","303","英国","15","进料加工贸易","32","江苏省","5","千克","0","?","1,850",
"202604","85177950","光通信设备的激光收发模块","303","英国","15","进料加工贸易","51","四川省","62","千克","0","?","250,344",
"202604","85177950","光通信设备的激光收发模块","303","英国","33","保税监管场所进出境货物","35","福建省","2","千克","0","?","750",
"202604","85177950","光通信设备的激光收发模块","303","英国","33","保税监管场所进出境货物","44","广东省","23","千克","0","?","1,800",
"202604","85177950","光通信设备的激光收发模块","303","英国","34","海关特殊监管区域物流货物","32","江苏省","1","千克","0","?","5,946",
"202604","85177950","光通信设备的激光收发模块","303","英国","34","海关特殊监管区域物流货物","35","福建省","12","千克","0","?","4,009",
"202604","85177950","光通信设备的激光收发模块","303","英国","34","海关特殊监管区域物流货物","44","广东省","8","千克","0","?","11,686",
"202604","85177950","光通信设备的激光收发模块","304","德国","10","一般贸易","31","上海市","191","千克","0","?","79,786",
"202604","85177950","光通信设备的激光收发模块","304","德国","10","一般贸易","32","江苏省","166","千克","0","?","460,951",
"202604","85177950","光通信设备的激光收发模块","304","德国","10","一般贸易","33","浙江省","144","千克","0","?","268,288",
"202604","85177950","光通信设备的激光收发模块","304","德国","10","一般贸易","35","福建省","0","千克","0","?","101",
"202604","85177950","光通信设备的激光收发模块","304","德国","10","一般贸易","37","山东省","1","千克","0","?","379",
"202604","85177950","光通信设备的激光收发模块","304","德国","10","一般贸易","42","湖北省","1289","千克","0","?","1,068,876",
"202604","85177950","光通信设备的激光收发模块","304","德国","10","一般贸易","44","广东省","5830","千克","0","?","2,407,037",
"202604","85177950","光通信设备的激光收发模块","304","德国","10","一般贸易","46","海南省","9","千克","0","?","1,514",
"202604","85177950","光通信设备的激光收发模块","304","德国","10","一般贸易","51","四川省","2386","千克","0","?","1,104,180",
"202604","85177950","光通信设备的激光收发模块","304","德国","10","一般贸易","52","贵州省","1","千克","0","?","64",
"202604","85177950","光通信设备的激光收发模块","304","德国","10","一般贸易","61","陕西省","1","千克","0","?","1,800",
"202604","85177950","光通信设备的激光收发模块","304","德国","15","进料加工贸易","32","江苏省","98","千克","0","?","713,053",
"202604","85177950","光通信设备的激光收发模块","304","德国","33","保税监管场所进出境货物","44","广东省","1","千克","0","?","590",
"202604","85177950","光通信设备的激光收发模块","304","德国","34","海关特殊监管区域物流货物","42","湖北省","1288","千克","0","?","1,830,300",
"202604","85177950","光通信设备的激光收发模块","304","德国","34","海关特殊监管区域物流货物","44","广东省","153","千克","0","?","169,487",
"202604","85177950","光通信设备的激光收发模块","305","法国","10","一般贸易","11","北京市","325","千克","0","?","114,687",
"202604","85177950","光通信设备的激光收发模块","305","法国","10","一般贸易","31","上海市","19","千克","0","?","3,320",
"202604","85177950","光通信设备的激光收发模块","305","法国","10","一般贸易","32","江苏省","15","千克","0","?","25,275",
"202604","85177950","光通信设备的激光收发模块","305","法国","10","一般贸易","33","浙江省","19","千克","0","?","27,967",
"202604","85177950","光通信设备的激光收发模块","305","法国","10","一般贸易","35","福建省","5","千克","0","?","6,790",
"202604","85177950","光通信设备的激光收发模块","305","法国","10","一般贸易","41","河南省","80","千克","0","?","32,055",
"202604","85177950","光通信设备的激光收发模块","305","法国","10","一般贸易","42","湖北省","349","千克","0","?","323,987",
"202604","85177950","光通信设备的激光收发模块","305","法国","10","一般贸易","43","湖南省","27","千克","0","?","51,530",
"202604","85177950","光通信设备的激光收发模块","305","法国","10","一般贸易","44","广东省","1388","千克","0","?","454,709",
"202604","85177950","光通信设备的激光收发模块","305","法国","10","一般贸易","51","四川省","91","千克","0","?","81,081",
"202604","85177950","光通信设备的激光收发模块","305","法国","15","进料加工贸易","51","四川省","4","千克","0","?","13,160",
"202604","85177950","光通信设备的激光收发模块","305","法国","33","保税监管场所进出境货物","35","福建省","1","千克","0","?","1,014",
"202604","85177950","光通信设备的激光收发模块","306","爱尔兰","10","一般贸易","21","辽宁省","0","千克","0","?","27,151",
"202604","85177950","光通信设备的激光收发模块","306","爱尔兰","10","一般贸易","32","江苏省","425","千克","0","?","366,595",
"202604","85177950","光通信设备的激光收发模块","306","爱尔兰","10","一般贸易","33","浙江省","4","千克","0","?","8,500",
"202604","85177950","光通信设备的激光收发模块","306","爱尔兰","10","一般贸易","44","广东省","87","千克","0","?","171,810",
"202604","85177950","光通信设备的激光收发模块","306","爱尔兰","10","一般贸易","52","贵州省","51","千克","0","?","16,757",
"202604","85177950","光通信设备的激光收发模块","306","爱尔兰","15","进料加工贸易","32","江苏省","760","千克","0","?","216,105",
"202604","85177950","光通信设备的激光收发模块","307","意大利","10","一般贸易","31","上海市","1","千克","0","?","1,402",
"202604","85177950","光通信设备的激光收发模块","307","意大利","10","一般贸易","32","江苏省","6","千克","0","?","7,515",
"202604","85177950","光通信设备的激光收发模块","307","意大利","10","一般贸易","33","浙江省","23","千克","0","?","5,449",
"202604","85177950","光通信设备的激光收发模块","307","意大利","10","一般贸易","35","福建省","1","千克","0","?","1,714",
"202604","85177950","光通信设备的激光收发模块","307","意大利","10","一般贸易","41","河南省","0","千克","0","?","215",
"202604","85177950","光通信设备的激光收发模块","307","意大利","10","一般贸易","42","湖北省","0","千克","0","?","3,925",
"202604","85177950","光通信设备的激光收发模块","307","意大利","10","一般贸易","44","广东省","270","千克","0","?","203,593",
"202604","85177950","光通信设备的激光收发模块","307","意大利","10","一般贸易","46","海南省","2","千克","0","?","665",
"202604","85177950","光通信设备的激光收发模块","307","意大利","10","一般贸易","61","陕西省","1","千克","0","?","413",
"202604","85177950","光通信设备的激光收发模块","307","意大利","15","进料加工贸易","51","四川省","0","千克","0","?","285",
"202604","85177950","光通信设备的激光收发模块","307","意大利","33","保税监管场所进出境货物","44","广东省","11","千克","0","?","418",
"202604","85177950","光通信设备的激光收发模块","307","意大利","34","海关特殊监管区域物流货物","35","福建省","4","千克","0","?","3,829",
"202604","85177950","光通信设备的激光收发模块","308","卢森堡","34","海关特殊监管区域物流货物","32","江苏省","2","千克","0","?","9,448",
"202604","85177950","光通信设备的激光收发模块","309","荷兰","10","一般贸易","31","上海市","234","千克","0","?","311,487",
"202604","85177950","光通信设备的激光收发模块","309","荷兰","10","一般贸易","32","江苏省","44","千克","0","?","17,089",
"202604","85177950","光通信设备的激光收发模块","309","荷兰","10","一般贸易","33","浙江省","366","千克","0","?","479,463",
"202604","85177950","光通信设备的激光收发模块","309","荷兰","10","一般贸易","35","福建省","5","千克","0","?","5,140",
"202604","85177950","光通信设备的激光收发模块","309","荷兰","10","一般贸易","37","山东省","0","千克","0","?","15",
"202604","85177950","光通信设备的激光收发模块","309","荷兰","10","一般贸易","42","湖北省","3585","千克","0","?","2,820,679",
"202604","85177950","光通信设备的激光收发模块","309","荷兰","10","一般贸易","43","湖南省","1","千克","0","?","50",
"202604","85177950","光通信设备的激光收发模块","309","荷兰","10","一般贸易","44","广东省","3795","千克","0","?","1,625,667",
"202604","85177950","光通信设备的激光收发模块","309","荷兰","10","一般贸易","51","四川省","1397","千克","0","?","1,782,520",
"202604","85177950","光通信设备的激光收发模块","309","荷兰","10","一般贸易","65","新疆维吾尔自治区","0","千克","0","?","23",
"202604","85177950","光通信设备的激光收发模块","309","荷兰","15","进料加工贸易","32","江苏省","286","千克","0","?","608,402",
"202604","85177950","光通信设备的激光收发模块","309","荷兰","15","进料加工贸易","51","四川省","154","千克","0","?","99,001",
"202604","85177950","光通信设备的激光收发模块","309","荷兰","34","海关特殊监管区域物流货物","11","北京市","0","千克","0","?","932",
"202604","85177950","光通信设备的激光收发模块","309","荷兰","34","海关特殊监管区域物流货物","31","上海市","17","千克","0","?","20,291",
"202604","85177950","光通信设备的激光收发模块","309","荷兰","34","海关特殊监管区域物流货物","32","江苏省","190","千克","0","?","153,021",
"202604","85177950","光通信设备的激光收发模块","310","希腊","10","一般贸易","32","江苏省","12","千克","0","?","4,950",
"202604","85177950","光通信设备的激光收发模块","310","希腊","10","一般贸易","44","广东省","32","千克","0","?","11,351",
"202604","85177950","光通信设备的激光收发模块","310","希腊","39","其他","11","北京市","22","千克","0","?","2,104",
"202604","85177950","光通信设备的激光收发模块","311","葡萄牙","10","一般贸易","33","浙江省","75","千克","0","?","102,281",
"202604","85177950","光通信设备的激光收发模块","311","葡萄牙","10","一般贸易","43","湖南省","2","千克","0","?","630",
"202604","85177950","光通信设备的激光收发模块","311","葡萄牙","10","一般贸易","44","广东省","352","千克","0","?","374,249",
"202604","85177950","光通信设备的激光收发模块","312","西班牙","10","一般贸易","31","上海市","2","千克","0","?","525",
"202604","85177950","光通信设备的激光收发模块","312","西班牙","10","一般贸易","32","江苏省","0","千克","0","?","600",
"202604","85177950","光通信设备的激光收发模块","312","西班牙","10","一般贸易","33","浙江省","42","千克","0","?","65,024",
"202604","85177950","光通信设备的激光收发模块","312","西班牙","10","一般贸易","34","安徽省","2","千克","0","?","490",
"202604","85177950","光通信设备的激光收发模块","312","西班牙","10","一般贸易","35","福建省","21","千克","0","?","18,496",
"202604","85177950","光通信设备的激光收发模块","312","西班牙","10","一般贸易","41","河南省","20","千克","0","?","14,080",
"202604","85177950","光通信设备的激光收发模块","312","西班牙","10","一般贸易","42","湖北省","5","千克","0","?","4,883",
"202604","85177950","光通信设备的激光收发模块","312","西班牙","10","一般贸易","44","广东省","229","千克","0","?","87,522",
"202604","85177950","光通信设备的激光收发模块","312","西班牙","10","一般贸易","46","海南省","0","千克","0","?","48",
"202604","85177950","光通信设备的激光收发模块","312","西班牙","10","一般贸易","50","重庆市","0","千克","0","?","231",
"202604","85177950","光通信设备的激光收发模块","312","西班牙","10","一般贸易","61","陕西省","6","千克","0","?","3,944",
"202604","85177950","光通信设备的激光收发模块","312","西班牙","33","保税监管场所进出境货物","44","广东省","16","千克","0","?","414",
"202604","85177950","光通信设备的激光收发模块","313","阿尔巴尼亚","10","一般贸易","31","上海市","0","千克","0","?","135",
"202604","85177950","光通信设备的激光收发模块","313","阿尔巴尼亚","10","一般贸易","44","广东省","0","千克","0","?","600",
"202604","85177950","光通信设备的激光收发模块","315","奥地利","10","一般贸易","31","上海市","5","千克","0","?","5,120",
"202604","85177950","光通信设备的激光收发模块","315","奥地利","10","一般贸易","33","浙江省","2","千克","0","?","5,585",
"202604","85177950","光通信设备的激光收发模块","315","奥地利","10","一般贸易","42","湖北省","7","千克","0","?","1,490",
"202604","85177950","光通信设备的激光收发模块","315","奥地利","10","一般贸易","44","广东省","36","千克","0","?","15,451",
"202604","85177950","光通信设备的激光收发模块","316","保加利亚","10","一般贸易","31","上海市","4","千克","0","?","2,710",
"202604","85177950","光通信设备的激光收发模块","316","保加利亚","10","一般贸易","33","浙江省","16","千克","0","?","16,875",
"202604","85177950","光通信设备的激光收发模块","316","保加利亚","10","一般贸易","35","福建省","0","千克","0","?","1,077",
"202604","85177950","光通信设备的激光收发模块","316","保加利亚","10","一般贸易","42","湖北省","6","千克","0","?","6,719",
"202604","85177950","光通信设备的激光收发模块","316","保加利亚","10","一般贸易","44","广东省","51","千克","0","?","30,054",
"202604","85177950","光通信设备的激光收发模块","316","保加利亚","10","一般贸易","51","四川省","60","千克","0","?","12,656",
"202604","85177950","光通信设备的激光收发模块","318","芬兰","10","一般贸易","33","浙江省","1","千克","0","?","1,026",
"202604","85177950","光通信设备的激光收发模块","318","芬兰","10","一般贸易","35","福建省","0","千克","0","?","11",
"202604","85177950","光通信设备的激光收发模块","318","芬兰","10","一般贸易","42","湖北省","84","千克","0","?","29,835",
"202604","85177950","光通信设备的激光收发模块","318","芬兰","10","一般贸易","44","广东省","107","千克","0","?","51,991",
"202604","85177950","光通信设备的激光收发模块","318","芬兰","15","进料加工贸易","33","浙江省","5","千克","0","?","5,164",
"202604","85177950","光通信设备的激光收发模块","321","匈牙利","10","一般贸易","32","江苏省","1","千克","0","?","2,589",
"202604","85177950","光通信设备的激光收发模块","321","匈牙利","10","一般贸易","33","浙江省","9","千克","0","?","2,439",
"202604","85177950","光通信设备的激光收发模块","321","匈牙利","10","一般贸易","37","山东省","2","千克","0","?","134",
"202604","85177950","光通信设备的激光收发模块","321","匈牙利","10","一般贸易","41","河南省","2","千克","0","?","985",
"202604","85177950","光通信设备的激光收发模块","321","匈牙利","10","一般贸易","44","广东省","1875","千克","0","?","2,741,223",
"202604","85177950","光通信设备的激光收发模块","321","匈牙利","33","保税监管场所进出境货物","44","广东省","4","千克","0","?","9,762",
"202604","85177950","光通信设备的激光收发模块","323","列支敦士登","10","一般贸易","42","湖北省","11","千克","0","?","8,674",
"202604","85177950","光通信设备的激光收发模块","323","列支敦士登","10","一般贸易","44","广东省","1","千克","0","?","2,715",
"202604","85177950","光通信设备的激光收发模块","324","马耳他","10","一般贸易","44","广东省","2","千克","0","?","138",
"202604","85177950","光通信设备的激光收发模块","324","马耳他","33","保税监管场所进出境货物","44","广东省","1","千克","0","?","546",
"202604","85177950","光通信设备的激光收发模块","326","挪威","10","一般贸易","33","浙江省","12","千克","0","?","30,909",
"202604","85177950","光通信设备的激光收发模块","326","挪威","10","一般贸易","37","山东省","8","千克","0","?","238,726",
"202604","85177950","光通信设备的激光收发模块","326","挪威","10","一般贸易","42","湖北省","66","千克","0","?","41,373",
"202604","85177950","光通信设备的激光收发模块","326","挪威","10","一般贸易","44","广东省","299","千克","0","?","109,125",
"202604","85177950","光通信设备的激光收发模块","326","挪威","10","一般贸易","51","四川省","2","千克","0","?","4,240",
"202604","85177950","光通信设备的激光收发模块","327","波兰","10","一般贸易","11","北京市","2","千克","0","?","1,450",
"202604","85177950","光通信设备的激光收发模块","327","波兰","10","一般贸易","31","上海市","3","千克","0","?","36,195",
"202604","85177950","光通信设备的激光收发模块","327","波兰","10","一般贸易","32","江苏省","2","千克","0","?","8,500",
"202604","85177950","光通信设备的激光收发模块","327","波兰","10","一般贸易","33","浙江省","22","千克","0","?","30,731",
"202604","85177950","光通信设备的激光收发模块","327","波兰","10","一般贸易","42","湖北省","673","千克","0","?","312,067",
"202604","85177950","光通信设备的激光收发模块","327","波兰","10","一般贸易","44","广东省","1108","千克","0","?","684,812",
"202604","85177950","光通信设备的激光收发模块","327","波兰","10","一般贸易","46","海南省","986","千克","0","?","104,479",
"202604","85177950","光通信设备的激光收发模块","327","波兰","10","一般贸易","50","重庆市","2","千克","0","?","195",
"202604","85177950","光通信设备的激光收发模块","327","波兰","10","一般贸易","51","四川省","67","千克","0","?","56,627",
"202604","85177950","光通信设备的激光收发模块","327","波兰","10","一般贸易","61","陕西省","0","千克","0","?","372",
"202604","85177950","光通信设备的激光收发模块","327","波兰","34","海关特殊监管区域物流货物","32","江苏省","1","千克","0","?","6,007",
"202604","85177950","光通信设备的激光收发模块","328","罗马尼亚","10","一般贸易","33","浙江省","185","千克","0","?","63,485",
"202604","85177950","光通信设备的激光收发模块","328","罗马尼亚","10","一般贸易","41","河南省","136","千克","0","?","169,470",
"202604","85177950","光通信设备的激光收发模块","328","罗马尼亚","10","一般贸易","42","湖北省","14","千克","0","?","1,301",
"202604","85177950","光通信设备的激光收发模块","328","罗马尼亚","10","一般贸易","44","广东省","243","千克","0","?","74,499",
"202604","85177950","光通信设备的激光收发模块","328","罗马尼亚","10","一般贸易","46","海南省","20","千克","0","?","1,278",
"202604","85177950","光通信设备的激光收发模块","328","罗马尼亚","10","一般贸易","50","重庆市","20","千克","0","?","1,959",
"202604","85177950","光通信设备的激光收发模块","328","罗马尼亚","10","一般贸易","51","四川省","21","千克","0","?","36,720",
"202604","85177950","光通信设备的激光收发模块","328","罗马尼亚","15","进料加工贸易","32","江苏省","2","千克","0","?","13,056",
"202604","85177950","光通信设备的激光收发模块","330","瑞典","10","一般贸易","31","上海市","6","千克","0","?","6,830",
"202604","85177950","光通信设备的激光收发模块","330","瑞典","10","一般贸易","32","江苏省","1","千克","0","?","1,922",
"202604","85177950","光通信设备的激光收发模块","330","瑞典","10","一般贸易","33","浙江省","42","千克","0","?","8,902",
"202604","85177950","光通信设备的激光收发模块","330","瑞典","10","一般贸易","42","湖北省","1401","千克","0","?","784,308",
"202604","85177950","光通信设备的激光收发模块","330","瑞典","10","一般贸易","44","广东省","517","千克","0","?","188,115",
"202604","85177950","光通信设备的激光收发模块","330","瑞典","10","一般贸易","46","海南省","1","千克","0","?","70",
"202604","85177950","光通信设备的激光收发模块","330","瑞典","10","一般贸易","51","四川省","1359","千克","0","?","643,180",
"202604","85177950","光通信设备的激光收发模块","330","瑞典","15","进料加工贸易","32","江苏省","2","千克","0","?","20,442",
"202604","85177950","光通信设备的激光收发模块","330","瑞典","15","进料加工贸易","51","四川省","564","千克","0","?","140,976",
"202604","85177950","光通信设备的激光收发模块","331","瑞士","10","一般贸易","21","辽宁省","75","千克","0","?","158,289",
"202604","85177950","光通信设备的激光收发模块","331","瑞士","10","一般贸易","31","上海市","0","千克","0","?","185",
"202604","85177950","光通信设备的激光收发模块","331","瑞士","10","一般贸易","33","浙江省","2","千克","0","?","2,217",
"202604","85177950","光通信设备的激光收发模块","331","瑞士","10","一般贸易","42","湖北省","5","千克","0","?","2,803",
"202604","85177950","光通信设备的激光收发模块","331","瑞士","10","一般贸易","44","广东省","86","千克","0","?","48,676",
"202604","85177950","光通信设备的激光收发模块","334","爱沙尼亚","10","一般贸易","33","浙江省","7","千克","0","?","3,203",
"202604","85177950","光通信设备的激光收发模块","334","爱沙尼亚","10","一般贸易","43","湖南省","17","千克","0","?","27,469",
"202604","85177950","光通信设备的激光收发模块","334","爱沙尼亚","10","一般贸易","44","广东省","2","千克","0","?","1,251",
"202604","85177950","光通信设备的激光收发模块","335","拉脱维亚","10","一般贸易","42","湖北省","2","千克","0","?","3,750",
"202604","85177950","光通信设备的激光收发模块","335","拉脱维亚","10","一般贸易","44","广东省","1185","千克","0","?","658,517",
"202604","85177950","光通信设备的激光收发模块","335","拉脱维亚","10","一般贸易","51","四川省","12","千克","0","?","5,300",
"202604","85177950","光通信设备的激光收发模块","336","立陶宛","10","一般贸易","44","广东省","174","千克","0","?","56,127",
"202604","85177950","光通信设备的激光收发模块","336","立陶宛","10","一般贸易","46","海南省","84","千克","0","?","6,678",
"202604","85177950","光通信设备的激光收发模块","340","白俄罗斯","10","一般贸易","22","吉林省","25","千克","0","?","2,474",
"202604","85177950","光通信设备的激光收发模块","340","白俄罗斯","10","一般贸易","42","湖北省","34","千克","0","?","4,084",
"202604","85177950","光通信设备的激光收发模块","340","白俄罗斯","10","一般贸易","44","广东省","5","千克","0","?","2,470",
"202604","85177950","光通信设备的激光收发模块","340","白俄罗斯","10","一般贸易","46","海南省","96","千克","0","?","8,523",
"202604","85177950","光通信设备的激光收发模块","343","摩尔多瓦","10","一般贸易","32","江苏省","4","千克","0","?","638",
"202604","85177950","光通信设备的激光收发模块","343","摩尔多瓦","10","一般贸易","33","浙江省","0","千克","0","?","274",
"202604","85177950","光通信设备的激光收发模块","343","摩尔多瓦","10","一般贸易","44","广东省","181","千克","0","?","253,016",
"202604","85177950","光通信设备的激光收发模块","344","俄罗斯","10","一般贸易","11","北京市","2","千克","0","?","3,613",
"202604","85177950","光通信设备的激光收发模块","344","俄罗斯","10","一般贸易","13","河北省","3","千克","0","?","7,980",
"202604","85177950","光通信设备的激光收发模块","344","俄罗斯","10","一般贸易","21","辽宁省","2","千克","0","?","2,186",
"202604","85177950","光通信设备的激光收发模块","344","俄罗斯","10","一般贸易","23","黑龙江省","6","千克","0","?","231",
"202604","85177950","光通信设备的激光收发模块","344","俄罗斯","10","一般贸易","31","上海市","486","千克","0","?","419,244",
"202604","85177950","光通信设备的激光收发模块","344","俄罗斯","10","一般贸易","32","江苏省","683","千克","0","?","965,354",
"202604","85177950","光通信设备的激光收发模块","344","俄罗斯","10","一般贸易","33","浙江省","70","千克","0","?","15,345",
"202604","85177950","光通信设备的激光收发模块","344","俄罗斯","10","一般贸易","34","安徽省","691","千克","0","?","106,614",
"202604","85177950","光通信设备的激光收发模块","344","俄罗斯","10","一般贸易","35","福建省","0","千克","0","?","375",
"202604","85177950","光通信设备的激光收发模块","344","俄罗斯","10","一般贸易","36","江西省","2","千克","0","?","514",
"202604","85177950","光通信设备的激光收发模块","344","俄罗斯","10","一般贸易","37","山东省","0","千克","0","?","17",
"202604","85177950","光通信设备的激光收发模块","344","俄罗斯","10","一般贸易","42","湖北省","1701","千克","0","?","887,600",
"202604","85177950","光通信设备的激光收发模块","344","俄罗斯","10","一般贸易","44","广东省","5375","千克","0","?","1,822,230",
"202604","85177950","光通信设备的激光收发模块","344","俄罗斯","10","一般贸易","46","海南省","1887","千克","0","?","109,464",
"202604","85177950","光通信设备的激光收发模块","344","俄罗斯","10","一般贸易","51","四川省","44","千克","0","?","10,839",
"202604","85177950","光通信设备的激光收发模块","344","俄罗斯","10","一般贸易","65","新疆维吾尔自治区","1","千克","0","?","41",
"202604","85177950","光通信设备的激光收发模块","344","俄罗斯","33","保税监管场所进出境货物","44","广东省","3","千克","0","?","460",
"202604","85177950","光通信设备的激光收发模块","344","俄罗斯","34","海关特殊监管区域物流货物","23","黑龙江省","9","千克","0","?","19,974",
"202604","85177950","光通信设备的激光收发模块","344","俄罗斯","34","海关特殊监管区域物流货物","32","江苏省","43","千克","0","?","15,619",
"202604","85177950","光通信设备的激光收发模块","344","俄罗斯","34","海关特殊监管区域物流货物","42","湖北省","617","千克","0","?","1,209,467",
"202604","85177950","光通信设备的激光收发模块","344","俄罗斯","34","海关特殊监管区域物流货物","51","四川省","108","千克","0","?","23,357",
"202604","85177950","光通信设备的激光收发模块","344","俄罗斯","39","其他","33","浙江省","13","千克","0","?","1,824",
"202604","85177950","光通信设备的激光收发模块","344","俄罗斯","39","其他","37","山东省","1","千克","0","?","6",
"202604","85177950","光通信设备的激光收发模块","347","乌克兰","10","一般贸易","31","上海市","8","千克","0","?","6,482",
"202604","85177950","光通信设备的激光收发模块","347","乌克兰","10","一般贸易","35","福建省","1","千克","0","?","1,397",
"202604","85177950","光通信设备的激光收发模块","347","乌克兰","10","一般贸易","42","湖北省","568","千克","0","?","102,000",
"202604","85177950","光通信设备的激光收发模块","347","乌克兰","10","一般贸易","44","广东省","169","千克","0","?","116,141",
"202604","85177950","光通信设备的激光收发模块","347","乌克兰","10","一般贸易","46","海南省","3","千克","0","?","961",
"202604","85177950","光通信设备的激光收发模块","350","斯洛文尼亚","10","一般贸易","31","上海市","45","千克","0","?","89,869",
"202604","85177950","光通信设备的激光收发模块","350","斯洛文尼亚","10","一般贸易","44","广东省","43","千克","0","?","34,411",
"202604","85177950","光通信设备的激光收发模块","351","克罗地亚","10","一般贸易","42","湖北省","19","千克","0","?","3,105",
"202604","85177950","光通信设备的激光收发模块","351","克罗地亚","10","一般贸易","44","广东省","33","千克","0","?","12,836",
"202604","85177950","光通信设备的激光收发模块","352","捷克","10","一般贸易","33","浙江省","0","千克","0","?","55",
"202604","85177950","光通信设备的激光收发模块","352","捷克","10","一般贸易","42","湖北省","121","千克","0","?","58,136",
"202604","85177950","光通信设备的激光收发模块","352","捷克","10","一般贸易","44","广东省","644","千克","0","?","173,497",
"202604","85177950","光通信设备的激光收发模块","352","捷克","10","一般贸易","46","海南省","12","千克","0","?","1,380",
"202604","85177950","光通信设备的激光收发模块","352","捷克","10","一般贸易","50","重庆市","1","千克","0","?","100",
"202604","85177950","光通信设备的激光收发模块","352","捷克","10","一般贸易","65","新疆维吾尔自治区","0","千克","0","?","1",
"202604","85177950","光通信设备的激光收发模块","352","捷克","15","进料加工贸易","32","江苏省","82","千克","0","?","55,934",
"202604","85177950","光通信设备的激光收发模块","352","捷克","33","保税监管场所进出境货物","44","广东省","22","千克","0","?","1,032",
"202604","85177950","光通信设备的激光收发模块","353","斯洛伐克","10","一般贸易","44","广东省","0","千克","0","?","1,130",
"202604","85177950","光通信设备的激光收发模块","353","斯洛伐克","10","一般贸易","51","四川省","79","千克","0","?","157,072",
"202604","85177950","光通信设备的激光收发模块","355","波斯尼亚和黑塞哥维那","10","一般贸易","44","广东省","26","千克","0","?","12,819",
"202604","85177950","光通信设备的激光收发模块","358","塞尔维亚","10","一般贸易","32","江苏省","120","千克","0","?","1,296",
"202604","85177950","光通信设备的激光收发模块","358","塞尔维亚","10","一般贸易","33","浙江省","6","千克","0","?","4,018",
"202604","85177950","光通信设备的激光收发模块","358","塞尔维亚","10","一般贸易","35","福建省","6","千克","0","?","3,048",
"202604","85177950","光通信设备的激光收发模块","358","塞尔维亚","10","一般贸易","44","广东省","22","千克","0","?","9,150",
"202604","85177950","光通信设备的激光收发模块","359","黑山","10","一般贸易","44","广东省","7","千克","0","?","1,948",
"202604","85177950","光通信设备的激光收发模块","402","阿根廷","10","一般贸易","33","浙江省","2","千克","0","?","1,406",
"202604","85177950","光通信设备的激光收发模块","402","阿根廷","10","一般贸易","44","广东省","546","千克","0","?","348,105",
"202604","85177950","光通信设备的激光收发模块","402","阿根廷","33","保税监管场所进出境货物","44","广东省","12","千克","0","?","3,883",
"202604","85177950","光通信设备的激光收发模块","402","阿根廷","34","海关特殊监管区域物流货物","32","江苏省","17","千克","0","?","2,705",
"202604","85177950","光通信设备的激光收发模块","404","巴哈马","10","一般贸易","44","广东省","1","千克","0","?","96",
"202604","85177950","光通信设备的激光收发模块","404","巴哈马","34","海关特殊监管区域物流货物","32","江苏省","10","千克","0","?","13,903",
"202604","85177950","光通信设备的激光收发模块","408","玻利维亚
","10","一般贸易","44","广东省","18","千克","0","?","9,668",
"202604","85177950","光通信设备的激光收发模块","410","巴西","10","一般贸易","31","上海市","79","千克","0","?","45,215",
"202604","85177950","光通信设备的激光收发模块","410","巴西","10","一般贸易","32","江苏省","50","千克","0","?","336,383",
"202604","85177950","光通信设备的激光收发模块","410","巴西","10","一般贸易","33","浙江省","63","千克","0","?","6,709",
"202604","85177950","光通信设备的激光收发模块","410","巴西","10","一般贸易","34","安徽省","53","千克","0","?","13,665",
"202604","85177950","光通信设备的激光收发模块","410","巴西","10","一般贸易","35","福建省","4","千克","0","?","4,466",
"202604","85177950","光通信设备的激光收发模块","410","巴西","10","一般贸易","36","江西省","0","千克","0","?","431",
"202604","85177950","光通信设备的激光收发模块","410","巴西","10","一般贸易","41","河南省","0","千克","0","?","1,212",
"202604","85177950","光通信设备的激光收发模块","410","巴西","10","一般贸易","42","湖北省","379","千克","0","?","521,643",
"202604","85177950","光通信设备的激光收发模块","410","巴西","10","一般贸易","44","广东省","3665","千克","0","?","1,949,664",
"202604","85177950","光通信设备的激光收发模块","410","巴西","10","一般贸易","46","海南省","3","千克","0","?","100",
"202604","85177950","光通信设备的激光收发模块","410","巴西","10","一般贸易","50","重庆市","48","千克","0","?","3,756",
"202604","85177950","光通信设备的激光收发模块","410","巴西","10","一般贸易","51","四川省","37","千克","0","?","22,038",
"202604","85177950","光通信设备的激光收发模块","410","巴西","10","一般贸易","52","贵州省","20","千克","0","?","8,010",
"202604","85177950","光通信设备的激光收发模块","410","巴西","15","进料加工贸易","51","四川省","15","千克","0","?","65,686",
"202604","85177950","光通信设备的激光收发模块","410","巴西","33","保税监管场所进出境货物","44","广东省","293","千克","0","?","35,660",
"202604","85177950","光通信设备的激光收发模块","410","巴西","34","海关特殊监管区域物流货物","32","江苏省","809","千克","0","?","148,463",
"202604","85177950","光通信设备的激光收发模块","412","智利","10","一般贸易","32","江苏省","1","千克","0","?","193",
"202604","85177950","光通信设备的激光收发模块","412","智利","10","一般贸易","33","浙江省","6","千克","0","?","7,010",
"202604","85177950","光通信设备的激光收发模块","412","智利","10","一般贸易","35","福建省","5","千克","0","?","730",
"202604","85177950","光通信设备的激光收发模块","412","智利","10","一般贸易","42","湖北省","0","千克","0","?","1,885",
"202604","85177950","光通信设备的激光收发模块","412","智利","10","一般贸易","44","广东省","51","千克","0","?","18,147",
"202604","85177950","光通信设备的激光收发模块","412","智利","10","一般贸易","46","海南省","3","千克","0","?","546",
"202604","85177950","光通信设备的激光收发模块","412","智利","10","一般贸易","52","贵州省","7","千克","0","?","1,879",
"202604","85177950","光通信设备的激光收发模块","412","智利","34","海关特殊监管区域物流货物","32","江苏省","0","千克","0","?","343",
"202604","85177950","光通信设备的激光收发模块","413","哥伦比亚","10","一般贸易","33","浙江省","13","千克","0","?","80,464",
"202604","85177950","光通信设备的激光收发模块","413","哥伦比亚","10","一般贸易","35","福建省","0","千克","0","?","550",
"202604","85177950","光通信设备的激光收发模块","413","哥伦比亚","10","一般贸易","44","广东省","131","千克","0","?","88,335",
"202604","85177950","光通信设备的激光收发模块","413","哥伦比亚","10","一般贸易","51","四川省","2","千克","0","?","3,000",
"202604","85177950","光通信设备的激光收发模块","413","哥伦比亚","33","保税监管场所进出境货物","44","广东省","367","千克","0","?","1,101",
"202604","85177950","光通信设备的激光收发模块","413","哥伦比亚","34","海关特殊监管区域物流货物","32","江苏省","179","千克","0","?","46,058",
"202604","85177950","光通信设备的激光收发模块","413","哥伦比亚","34","海关特殊监管区域物流货物","35","福建省","4","千克","0","?","2,574",
"202604","85177950","光通信设备的激光收发模块","415","哥斯达黎加","10","一般贸易","31","上海市","34","千克","0","?","140,308",
"202604","85177950","光通信设备的激光收发模块","415","哥斯达黎加","10","一般贸易","44","广东省","4","千克","0","?","3,218",
"202604","85177950","光通信设备的激光收发模块","415","哥斯达黎加","10","一般贸易","46","海南省","10","千克","0","?","1,504",
"202604","85177950","光通信设备的激光收发模块","418","多米尼加
","10","一般贸易","33","浙江省","5","千克","0","?","1,359",
"202604","85177950","光通信设备的激光收发模块","418","多米尼加
","10","一般贸易","42","湖北省","9","千克","0","?","9,801",
"202604","85177950","光通信设备的激光收发模块","418","多米尼加
","10","一般贸易","44","广东省","28","千克","0","?","33,549",
"202604","85177950","光通信设备的激光收发模块","418","多米尼加
","10","一般贸易","46","海南省","2","千克","0","?","12,790",
"202604","85177950","光通信设备的激光收发模块","419","厄瓜多尔","10","一般贸易","31","上海市","4","千克","0","?","1,812",
"202604","85177950","光通信设备的激光收发模块","419","厄瓜多尔","10","一般贸易","32","江苏省","544","千克","0","?","11,933",
"202604","85177950","光通信设备的激光收发模块","419","厄瓜多尔","10","一般贸易","33","浙江省","1","千克","0","?","514",
"202604","85177950","光通信设备的激光收发模块","419","厄瓜多尔","10","一般贸易","41","河南省","4","千克","0","?","164",
"202604","85177950","光通信设备的激光收发模块","419","厄瓜多尔","10","一般贸易","42","湖北省","21","千克","0","?","306,222",
"202604","85177950","光通信设备的激光收发模块","419","厄瓜多尔","10","一般贸易","44","广东省","56","千克","0","?","54,232",
"202604","85177950","光通信设备的激光收发模块","419","厄瓜多尔","10","一般贸易","46","海南省","2","千克","0","?","86",
"202604","85177950","光通信设备的激光收发模块","419","厄瓜多尔","33","保税监管场所进出境货物","44","广东省","14","千克","0","?","4,989",
"202604","85177950","光通信设备的激光收发模块","419","厄瓜多尔","39","其他","42","湖北省","22","千克","0","?","3,332",
"202604","85177950","光通信设备的激光收发模块","423","危地马拉","10","一般贸易","35","福建省","0","千克","0","?","245",
"202604","85177950","光通信设备的激光收发模块","423","危地马拉","10","一般贸易","41","河南省","813","千克","0","?","28,800",
"202604","85177950","光通信设备的激光收发模块","423","危地马拉","10","一般贸易","44","广东省","42","千克","0","?","25,830",
"202604","85177950","光通信设备的激光收发模块","423","危地马拉","10","一般贸易","61","陕西省","1","千克","0","?","690",
"202604","85177950","光通信设备的激光收发模块","424","圭亚那","10","一般贸易","44","广东省","2","千克","0","?","10,553",
"202604","85177950","光通信设备的激光收发模块","425","海地","10","一般贸易","44","广东省","4","千克","0","?","905",
"202604","85177950","光通信设备的激光收发模块","426","洪都拉斯","10","一般贸易","33","浙江省","15","千克","0","?","12,282",
"202604","85177950","光通信设备的激光收发模块","426","洪都拉斯","10","一般贸易","44","广东省","5","千克","0","?","12,378",
"202604","85177950","光通信设备的激光收发模块","426","洪都拉斯","33","保税监管场所进出境货物","44","广东省","0","千克","0","?","30",
"202604","85177950","光通信设备的激光收发模块","429","墨西哥","10","一般贸易","31","上海市","1058","千克","0","?","2,482,347",
"202604","85177950","光通信设备的激光收发模块","429","墨西哥","10","一般贸易","32","江苏省","240","千克","0","?","1,599,648",
"202604","85177950","光通信设备的激光收发模块","429","墨西哥","10","一般贸易","33","浙江省","8","千克","0","?","13,426",
"202604","85177950","光通信设备的激光收发模块","429","墨西哥","10","一般贸易","35","福建省","0","千克","0","?","618",
"202604","85177950","光通信设备的激光收发模块","429","墨西哥","10","一般贸易","42","湖北省","683","千克","0","?","767,657",
"202604","85177950","光通信设备的激光收发模块","429","墨西哥","10","一般贸易","44","广东省","8666","千克","0","?","33,906,795",
"202604","85177950","光通信设备的激光收发模块","429","墨西哥","10","一般贸易","50","重庆市","5","千克","0","?","29,820",
"202604","85177950","光通信设备的激光收发模块","429","墨西哥","10","一般贸易","51","四川省","477","千克","0","?","346,559",
"202604","85177950","光通信设备的激光收发模块","429","墨西哥","15","进料加工贸易","32","江苏省","380","千克","0","?","171,722",
"202604","85177950","光通信设备的激光收发模块","429","墨西哥","15","进料加工贸易","51","四川省","1171","千克","0","?","2,298,273",
"202604","85177950","光通信设备的激光收发模块","429","墨西哥","33","保税监管场所进出境货物","44","广东省","10","千克","0","?","28,460",
"202604","85177950","光通信设备的激光收发模块","429","墨西哥","34","海关特殊监管区域物流货物","32","江苏省","123","千克","0","?","109,728",
"202604","85177950","光通信设备的激光收发模块","429","墨西哥","34","海关特殊监管区域物流货物","35","福建省","10","千克","0","?","19,030",
"202604","85177950","光通信设备的激光收发模块","432","巴拿马","10","一般贸易","31","上海市","2","千克","0","?","194",
"202604","85177950","光通信设备的激光收发模块","432","巴拿马","10","一般贸易","33","浙江省","1","千克","0","?","191",
"202604","85177950","光通信设备的激光收发模块","432","巴拿马","10","一般贸易","44","广东省","718","千克","0","?","850,580",
"202604","85177950","光通信设备的激光收发模块","433","巴拉圭","10","一般贸易","44","广东省","339","千克","0","?","127,733",
"202604","85177950","光通信设备的激光收发模块","434","秘鲁","10","一般贸易","35","福建省","1","千克","0","?","2,261",
"202604","85177950","光通信设备的激光收发模块","434","秘鲁","10","一般贸易","42","湖北省","9","千克","0","?","8,349",
"202604","85177950","光通信设备的激光收发模块","434","秘鲁","10","一般贸易","43","湖南省","77","千克","0","?","1,200",
"202604","85177950","光通信设备的激光收发模块","434","秘鲁","10","一般贸易","44","广东省","260","千克","0","?","277,859",
"202604","85177950","光通信设备的激光收发模块","434","秘鲁","33","保税监管场所进出境货物","44","广东省","1","千克","0","?","487",
"202604","85177950","光通信设备的激光收发模块","434","秘鲁","34","海关特殊监管区域物流货物","32","江苏省","4","千克","0","?","480",
"202604","85177950","光通信设备的激光收发模块","435","波多黎各","10","一般贸易","31","上海市","9","千克","0","?","5,451",
"202604","85177950","光通信设备的激光收发模块","435","波多黎各","10","一般贸易","42","湖北省","2","千克","0","?","1,003",
"202604","85177950","光通信设备的激光收发模块","439","圣文森特和格林纳丁斯
","10","一般贸易","44","广东省","1","千克","0","?","485",
"202604","85177950","光通信设备的激光收发模块","440","萨尔瓦多","10","一般贸易","33","浙江省","0","千克","0","?","23",
"202604","85177950","光通信设备的激光收发模块","440","萨尔瓦多","10","一般贸易","44","广东省","18","千克","0","?","18,590",
"202604","85177950","光通信设备的激光收发模块","440","萨尔瓦多","34","海关特殊监管区域物流货物","32","江苏省","8","千克","0","?","1,562",
"202604","85177950","光通信设备的激光收发模块","442","特立尼达和多巴哥","10","一般贸易","44","广东省","0","千克","0","?","1,788",
"202604","85177950","光通信设备的激光收发模块","444","乌拉圭","10","一般贸易","44","广东省","1","千克","0","?","2,382",
"202604","85177950","光通信设备的激光收发模块","444","乌拉圭","33","保税监管场所进出境货物","44","广东省","10","千克","0","?","1,286",
"202604","85177950","光通信设备的激光收发模块","444","乌拉圭","34","海关特殊监管区域物流货物","32","江苏省","0","千克","0","?","45",
"202604","85177950","光通信设备的激光收发模块","445","委内瑞拉","10","一般贸易","35","福建省","10","千克","0","?","4,128",
"202604","85177950","光通信设备的激光收发模块","445","委内瑞拉","10","一般贸易","44","广东省","162","千克","0","?","309,959",
"202604","85177950","光通信设备的激光收发模块","501","加拿大","10","一般贸易","31","上海市","4","千克","0","?","10,755",
"202604","85177950","光通信设备的激光收发模块","501","加拿大","10","一般贸易","32","江苏省","9","千克","0","?","18,253",
"202604","85177950","光通信设备的激光收发模块","501","加拿大","10","一般贸易","33","浙江省","91","千克","0","?","33,128",
"202604","85177950","光通信设备的激光收发模块","501","加拿大","10","一般贸易","37","山东省","0","千克","0","?","5",
"202604","85177950","光通信设备的激光收发模块","501","加拿大","10","一般贸易","42","湖北省","270","千克","0","?","705,032",
"202604","85177950","光通信设备的激光收发模块","501","加拿大","10","一般贸易","43","湖南省","14","千克","0","?","10,466",
"202604","85177950","光通信设备的激光收发模块","501","加拿大","10","一般贸易","44","广东省","845","千克","0","?","998,654",
"202604","85177950","光通信设备的激光收发模块","501","加拿大","10","一般贸易","46","海南省","6","千克","0","?","8",
"202604","85177950","光通信设备的激光收发模块","501","加拿大","10","一般贸易","50","重庆市","0","千克","0","?","1,531",
"202604","85177950","光通信设备的激光收发模块","501","加拿大","10","一般贸易","51","四川省","33","千克","0","?","67,411",
"202604","85177950","光通信设备的激光收发模块","501","加拿大","10","一般贸易","65","新疆维吾尔自治区","20","千克","0","?","92",
"202604","85177950","光通信设备的激光收发模块","501","加拿大","15","进料加工贸易","32","江苏省","4","千克","0","?","44,561",
"202604","85177950","光通信设备的激光收发模块","501","加拿大","15","进料加工贸易","51","四川省","4","千克","0","?","22,800",
"202604","85177950","光通信设备的激光收发模块","501","加拿大","34","海关特殊监管区域物流货物","32","江苏省","1276","千克","0","?","191,893",
"202604","85177950","光通信设备的激光收发模块","502","美国","10","一般贸易","11","北京市","1","千克","0","?","369",
"202604","85177950","光通信设备的激光收发模块","502","美国","10","一般贸易","31","上海市","531","千克","0","?","694,482",
"202604","85177950","光通信设备的激光收发模块","502","美国","10","一般贸易","32","江苏省","2563","千克","0","?","3,201,642",
"202604","85177950","光通信设备的激光收发模块","502","美国","10","一般贸易","33","浙江省","1753","千克","0","?","1,719,421",
"202604","85177950","光通信设备的激光收发模块","502","美国","10","一般贸易","34","安徽省","0","千克","0","?","1,785",
"202604","85177950","光通信设备的激光收发模块","502","美国","10","一般贸易","35","福建省","0","千克","0","?","709",
"202604","85177950","光通信设备的激光收发模块","502","美国","10","一般贸易","36","江西省","7","千克","0","?","18,292",
"202604","85177950","光通信设备的激光收发模块","502","美国","10","一般贸易","37","山东省","48","千克","0","?","175,211",
"202604","85177950","光通信设备的激光收发模块","502","美国","10","一般贸易","42","湖北省","5226","千克","0","?","7,746,115",
"202604","85177950","光通信设备的激光收发模块","502","美国","10","一般贸易","44","广东省","14638","千克","0","?","13,130,188",
"202604","85177950","光通信设备的激光收发模块","502","美国","10","一般贸易","45","广西壮族自治区","0","千克","0","?","19",
"202604","85177950","光通信设备的激光收发模块","502","美国","10","一般贸易","46","海南省","91","千克","0","?","2,859",
"202604","85177950","光通信设备的激光收发模块","502","美国","10","一般贸易","51","四川省","1400","千克","0","?","2,186,229",
"202604","85177950","光通信设备的激光收发模块","502","美国","10","一般贸易","65","新疆维吾尔自治区","3","千克","0","?","302",
"202604","85177950","光通信设备的激光收发模块","502","美国","15","进料加工贸易","32","江苏省","1874","千克","0","?","4,455,971",
"202604","85177950","光通信设备的激光收发模块","502","美国","15","进料加工贸易","33","浙江省","1","千克","0","?","2,060",
"202604","85177950","光通信设备的激光收发模块","502","美国","15","进料加工贸易","44","广东省","131","千克","0","?","174,906",
"202604","85177950","光通信设备的激光收发模块","502","美国","15","进料加工贸易","51","四川省","1338","千克","0","?","4,454,038",
"202604","85177950","光通信设备的激光收发模块","502","美国","33","保税监管场所进出境货物","44","广东省","1050","千克","0","?","189,853",
"202604","85177950","光通信设备的激光收发模块","502","美国","34","海关特殊监管区域物流货物","31","上海市","511","千克","0","?","1,484,000",
"202604","85177950","光通信设备的激光收发模块","502","美国","34","海关特殊监管区域物流货物","32","江苏省","84","千克","0","?","32,751",
"202604","85177950","光通信设备的激光收发模块","502","美国","34","海关特殊监管区域物流货物","44","广东省","16","千克","0","?","10,300",
"202604","85177950","光通信设备的激光收发模块","502","美国","39","其他","32","江苏省","0","千克","0","?","1,551",
"202604","85177950","光通信设备的激光收发模块","502","美国","39","其他","33","浙江省","0","千克","0","?","86",
"202604","85177950","光通信设备的激光收发模块","504","百慕大","10","一般贸易","44","广东省","0","千克","0","?","161",
"202604","85177950","光通信设备的激光收发模块","601","澳大利亚","10","一般贸易","31","上海市","1","千克","0","?","462",
"202604","85177950","光通信设备的激光收发模块","601","澳大利亚","10","一般贸易","32","江苏省","0","千克","0","?","19,400",
"202604","85177950","光通信设备的激光收发模块","601","澳大利亚","10","一般贸易","33","浙江省","12","千克","0","?","13,431",
"202604","85177950","光通信设备的激光收发模块","601","澳大利亚","10","一般贸易","35","福建省","0","千克","0","?","28",
"202604","85177950","光通信设备的激光收发模块","601","澳大利亚","10","一般贸易","36","江西省","0","千克","0","?","37",
"202604","85177950","光通信设备的激光收发模块","601","澳大利亚","10","一般贸易","37","山东省","0","千克","0","?","101",
"202604","85177950","光通信设备的激光收发模块","601","澳大利亚","10","一般贸易","42","湖北省","116","千克","0","?","159,038",
"202604","85177950","光通信设备的激光收发模块","601","澳大利亚","10","一般贸易","44","广东省","321","千克","0","?","488,537",
"202604","85177950","光通信设备的激光收发模块","601","澳大利亚","10","一般贸易","45","广西壮族自治区","4","千克","0","?","309",
"202604","85177950","光通信设备的激光收发模块","601","澳大利亚","10","一般贸易","46","海南省","14","千克","0","?","8,385",
"202604","85177950","光通信设备的激光收发模块","601","澳大利亚","10","一般贸易","51","四川省","30","千克","0","?","111,200",
"202604","85177950","光通信设备的激光收发模块","601","澳大利亚","10","一般贸易","61","陕西省","2","千克","0","?","1,397",
"202604","85177950","光通信设备的激光收发模块","601","澳大利亚","15","进料加工贸易","33","浙江省","250","千克","0","?","162,534",
"202604","85177950","光通信设备的激光收发模块","601","澳大利亚","15","进料加工贸易","35","福建省","4","千克","0","?","8,245",
"202604","85177950","光通信设备的激光收发模块","601","澳大利亚","15","进料加工贸易","44","广东省","0","千克","0","?","630",
"202604","85177950","光通信设备的激光收发模块","601","澳大利亚","33","保税监管场所进出境货物","32","江苏省","35","千克","0","?","12,563",
"202604","85177950","光通信设备的激光收发模块","601","澳大利亚","33","保税监管场所进出境货物","44","广东省","1","千克","0","?","218",
"202604","85177950","光通信设备的激光收发模块","601","澳大利亚","34","海关特殊监管区域物流货物","32","江苏省","380","千克","0","?","249,817",
"202604","85177950","光通信设备的激光收发模块","603","斐济","10","一般贸易","44","广东省","0","千克","0","?","3,072",
"202604","85177950","光通信设备的激光收发模块","607","新喀里多尼亚","10","一般贸易","44","广东省","0","千克","0","?","89",
"202604","85177950","光通信设备的激光收发模块","609","新西兰","10","一般贸易","33","浙江省","1","千克","0","?","337",
"202604","85177950","光通信设备的激光收发模块","609","新西兰","10","一般贸易","44","广东省","10","千克","0","?","36,163",
"202604","85177950","光通信设备的激光收发模块","609","新西兰","15","进料加工贸易","44","广东省","0","千克","0","?","31",
"202604","85177950","光通信设备的激光收发模块","609","新西兰","33","保税监管场所进出境货物","44","广东省","29","千克","0","?","252",
"202604","85177950","光通信设备的激光收发模块","609","新西兰","34","海关特殊监管区域物流货物","32","江苏省","72","千克","0","?","18,530",
"202604","85177950","光通信设备的激光收发模块","611","巴布亚新几内亚","10","一般贸易","35","福建省","2","千克","0","?","1,950",
"202604","85177950","光通信设备的激光收发模块","611","巴布亚新几内亚","10","一般贸易","44","广东省","2","千克","0","?","1,002",
"202604","85177950","光通信设备的激光收发模块","611","巴布亚新几内亚","34","海关特殊监管区域物流货物","32","江苏省","10","千克","0","?","1,301",
"202604","85177950","光通信设备的激光收发模块","613","所罗门群岛","10","一般贸易","11","北京市","4","千克","0","?","223",
"202604","85177950","光通信设备的激光收发模块","622","帕劳","34","海关特殊监管区域物流货物","32","江苏省","12","千克","0","?","3,678",
"202604","85177950","光通信设备的激光收发模块","629","关岛
","34","海关特殊监管区域物流货物","32","江苏省","2","千克","0","?","669",
"202605","85177950","光通信设备的激光收发模块","101","阿富汗","10","一般贸易","44","广东省","1","千克","0","?","830",
"202605","85177950","光通信设备的激光收发模块","102","巴林","10","一般贸易","33","浙江省","2","千克","0","?","1,289",
"202605","85177950","光通信设备的激光收发模块","102","巴林","10","一般贸易","44","广东省","0","千克","0","?","4,814",
"202605","85177950","光通信设备的激光收发模块","103","孟加拉国","10","一般贸易","31","上海市","196","千克","0","?","16,522",
"202605","85177950","光通信设备的激光收发模块","103","孟加拉国","10","一般贸易","32","江苏省","23","千克","0","?","38,391",
"202605","85177950","光通信设备的激光收发模块","103","孟加拉国","10","一般贸易","35","福建省","0","千克","0","?","678",
"202605","85177950","光通信设备的激光收发模块","103","孟加拉国","10","一般贸易","42","湖北省","7","千克","0","?","7,702",
"202605","85177950","光通信设备的激光收发模块","103","孟加拉国","10","一般贸易","44","广东省","69","千克","0","?","41,439",
"202605","85177950","光通信设备的激光收发模块","104","不丹","10","一般贸易","33","浙江省","0","千克","0","?","69",
"202605","85177950","光通信设备的激光收发模块","104","不丹","10","一般贸易","44","广东省","0","千克","0","?","799",
"202605","85177950","光通信设备的激光收发模块","104","不丹","34","海关特殊监管区域物流货物","32","江苏省","6","千克","0","?","2,829",
"202605","85177950","光通信设备的激光收发模块","106","缅甸","10","一般贸易","35","福建省","3","千克","0","?","2,747",
"202605","85177950","光通信设备的激光收发模块","106","缅甸","10","一般贸易","44","广东省","19","千克","0","?","28,774",
"202605","85177950","光通信设备的激光收发模块","106","缅甸","10","一般贸易","46","海南省","43","千克","0","?","223",
"202605","85177950","光通信设备的激光收发模块","107","柬埔寨","10","一般贸易","44","广东省","479","千克","0","?","758,789",
"202605","85177950","光通信设备的激光收发模块","108","塞浦路斯","10","一般贸易","31","上海市","0","千克","0","?","62",
"202605","85177950","光通信设备的激光收发模块","108","塞浦路斯","10","一般贸易","33","浙江省","0","千克","0","?","35",
"202605","85177950","光通信设备的激光收发模块","108","塞浦路斯","10","一般贸易","44","广东省","3","千克","0","?","220",
"202605","85177950","光通信设备的激光收发模块","110","中国香港","10","一般贸易","11","北京市","317","千克","0","?","117,374",
"202605","85177950","光通信设备的激光收发模块","110","中国香港","10","一般贸易","21","辽宁省","0","千克","0","?","262,292",
"202605","85177950","光通信设备的激光收发模块","110","中国香港","10","一般贸易","31","上海市","294","千克","0","?","2,808,629",
"202605","85177950","光通信设备的激光收发模块","110","中国香港","10","一般贸易","32","江苏省","278","千克","0","?","533,134",
"202605","85177950","光通信设备的激光收发模块","110","中国香港","10","一般贸易","33","浙江省","1080","千克","0","?","1,327,402",
"202605","85177950","光通信设备的激光收发模块","110","中国香港","10","一般贸易","34","安徽省","585","千克","0","?","310,140",
"202605","85177950","光通信设备的激光收发模块","110","中国香港","10","一般贸易","35","福建省","14","千克","0","?","9,092",
"202605","85177950","光通信设备的激光收发模块","110","中国香港","10","一般贸易","36","江西省","0","千克","0","?","9",
"202605","85177950","光通信设备的激光收发模块","110","中国香港","10","一般贸易","37","山东省","17","千克","0","?","4,270",
"202605","85177950","光通信设备的激光收发模块","110","中国香港","10","一般贸易","41","河南省","2","千克","0","?","1,258",
"202605","85177950","光通信设备的激光收发模块","110","中国香港","10","一般贸易","42","湖北省","1944","千克","0","?","2,350,135",
"202605","85177950","光通信设备的激光收发模块","110","中国香港","10","一般贸易","43","湖南省","102","千克","0","?","201,169",
"202605","85177950","光通信设备的激光收发模块","110","中国香港","10","一般贸易","44","广东省","5378","千克","0","?","14,646,034",
"202605","85177950","光通信设备的激光收发模块","110","中国香港","10","一般贸易","46","海南省","12","千克","0","?","8,741",
"202605","85177950","光通信设备的激光收发模块","110","中国香港","10","一般贸易","51","四川省","277","千克","0","?","208,449",
"202605","85177950","光通信设备的激光收发模块","110","中国香港","10","一般贸易","52","贵州省","67","千克","0","?","27,933",
"202605","85177950","光通信设备的激光收发模块","110","中国香港","10","一般贸易","62","甘肃省","4","千克","0","?","355",
"202605","85177950","光通信设备的激光收发模块","110","中国香港","15","进料加工贸易","32","江苏省","8809","千克","0","?","15,770,442",
"202605","85177950","光通信设备的激光收发模块","110","中国香港","15","进料加工贸易","35","福建省","33","千克","0","?","143,209",
"202605","85177950","光通信设备的激光收发模块","110","中国香港","15","进料加工贸易","44","广东省","1","千克","0","?","1,020",
"202605","85177950","光通信设备的激光收发模块","110","中国香港","15","进料加工贸易","51","四川省","31","千克","0","?","158,833",
"202605","85177950","光通信设备的激光收发模块","110","中国香港","33","保税监管场所进出境货物","44","广东省","10","千克","0","?","150,423",
"202605","85177950","光通信设备的激光收发模块","110","中国香港","34","海关特殊监管区域物流货物","44","广东省","2067","千克","0","?","1,537,207",
"202605","85177950","光通信设备的激光收发模块","111","印度","10","一般贸易","31","上海市","26","千克","0","?","12,874",
"202605","85177950","光通信设备的激光收发模块","111","印度","10","一般贸易","32","江苏省","125","千克","0","?","60,490",
"202605","85177950","光通信设备的激光收发模块","111","印度","10","一般贸易","33","浙江省","0","千克","0","?","150",
"202605","85177950","光通信设备的激光收发模块","111","印度","10","一般贸易","36","江西省","0","千克","0","?","18",
"202605","85177950","光通信设备的激光收发模块","111","印度","10","一般贸易","37","山东省","244","千克","0","?","89,640",
"202605","85177950","光通信设备的激光收发模块","111","印度","10","一般贸易","42","湖北省","794","千克","0","?","439,927",
"202605","85177950","光通信设备的激光收发模块","111","印度","10","一般贸易","44","广东省","5067","千克","0","?","1,363,956",
"202605","85177950","光通信设备的激光收发模块","111","印度","10","一般贸易","46","海南省","26","千克","0","?","19,344",
"202605","85177950","光通信设备的激光收发模块","111","印度","10","一般贸易","50","重庆市","6","千克","0","?","13,158",
"202605","85177950","光通信设备的激光收发模块","111","印度","10","一般贸易","51","四川省","23","千克","0","?","22,574",
"202605","85177950","光通信设备的激光收发模块","111","印度","10","一般贸易","61","陕西省","6","千克","0","?","3,490",
"202605","85177950","光通信设备的激光收发模块","111","印度","15","进料加工贸易","32","江苏省","11","千克","0","?","21,674",
"202605","85177950","光通信设备的激光收发模块","111","印度","15","进料加工贸易","44","广东省","3","千克","0","?","4,159",
"202605","85177950","光通信设备的激光收发模块","111","印度","15","进料加工贸易","51","四川省","5","千克","0","?","44,343",
"202605","85177950","光通信设备的激光收发模块","111","印度","33","保税监管场所进出境货物","44","广东省","92","千克","0","?","24,101",
"202605","85177950","光通信设备的激光收发模块","111","印度","34","海关特殊监管区域物流货物","32","江苏省","3924","千克","0","?","1,063,836",
"202605","85177950","光通信设备的激光收发模块","112","印度尼西亚","10","一般贸易","31","上海市","46","千克","0","?","25,380",
"202605","85177950","光通信设备的激光收发模块","112","印度尼西亚","10","一般贸易","32","江苏省","13","千克","0","?","22,880",
"202605","85177950","光通信设备的激光收发模块","112","印度尼西亚","10","一般贸易","33","浙江省","18","千克","0","?","14,754",
"202605","85177950","光通信设备的激光收发模块","112","印度尼西亚","10","一般贸易","35","福建省","18","千克","0","?","23,902",
"202605","85177950","光通信设备的激光收发模块","112","印度尼西亚","10","一般贸易","41","河南省","0","千克","0","?","120",
"202605","85177950","光通信设备的激光收发模块","112","印度尼西亚","10","一般贸易","42","湖北省","321","千克","0","?","3,587,654",
"202605","85177950","光通信设备的激光收发模块","112","印度尼西亚","10","一般贸易","44","广东省","1636","千克","0","?","1,086,833",
"202605","85177950","光通信设备的激光收发模块","112","印度尼西亚","10","一般贸易","46","海南省","6","千克","0","?","930",
"202605","85177950","光通信设备的激光收发模块","112","印度尼西亚","10","一般贸易","51","四川省","5","千克","0","?","11,900",
"202605","85177950","光通信设备的激光收发模块","112","印度尼西亚","10","一般贸易","52","贵州省","21","千克","0","?","7,812",
"202605","85177950","光通信设备的激光收发模块","112","印度尼西亚","15","进料加工贸易","35","福建省","1","千克","0","?","1,825",
"202605","85177950","光通信设备的激光收发模块","112","印度尼西亚","15","进料加工贸易","44","广东省","0","千克","0","?","266",
"202605","85177950","光通信设备的激光收发模块","112","印度尼西亚","34","海关特殊监管区域物流货物","32","江苏省","797","千克","0","?","186,254",
"202605","85177950","光通信设备的激光收发模块","112","印度尼西亚","34","海关特殊监管区域物流货物","44","广东省","1671","千克","0","?","3,263,575",
"202605","85177950","光通信设备的激光收发模块","112","印度尼西亚","39","其他","42","湖北省","2","千克","0","?","77",
"202605","85177950","光通信设备的激光收发模块","113","伊朗","10","一般贸易","13","河北省","11","千克","0","?","385",
"202605","85177950","光通信设备的激光收发模块","114","伊拉克","10","一般贸易","31","上海市","50","千克","0","?","8,107",
"202605","85177950","光通信设备的激光收发模块","114","伊拉克","10","一般贸易","32","江苏省","2","千克","0","?","24,300",
"202605","85177950","光通信设备的激光收发模块","114","伊拉克","10","一般贸易","33","浙江省","1","千克","0","?","3,296",
"202605","85177950","光通信设备的激光收发模块","114","伊拉克","10","一般贸易","44","广东省","63","千克","0","?","40,423",
"202605","85177950","光通信设备的激光收发模块","115","以色列","10","一般贸易","31","上海市","0","千克","0","?","6,932",
"202605","85177950","光通信设备的激光收发模块","115","以色列","10","一般贸易","32","江苏省","18","千克","0","?","126,143",
"202605","85177950","光通信设备的激光收发模块","115","以色列","10","一般贸易","33","浙江省","10","千克","0","?","16,915",
"202605","85177950","光通信设备的激光收发模块","115","以色列","10","一般贸易","42","湖北省","45","千克","0","?","98,995",
"202605","85177950","光通信设备的激光收发模块","115","以色列","10","一般贸易","44","广东省","324","千克","0","?","645,984",
"202605","85177950","光通信设备的激光收发模块","115","以色列","10","一般贸易","46","海南省","219","千克","0","?","11,332",
"202605","85177950","光通信设备的激光收发模块","115","以色列","10","一般贸易","51","四川省","187","千克","0","?","671,983",
"202605","85177950","光通信设备的激光收发模块","115","以色列","15","进料加工贸易","32","江苏省","478","千克","0","?","677,613",
"202605","85177950","光通信设备的激光收发模块","116","日本","10","一般贸易","11","北京市","115","千克","0","?","39,840",
"202605","85177950","光通信设备的激光收发模块","116","日本","10","一般贸易","31","上海市","51","千克","0","?","169,202",
"202605","85177950","光通信设备的激光收发模块","116","日本","10","一般贸易","32","江苏省","1800","千克","0","?","1,269,667",
"202605","85177950","光通信设备的激光收发模块","116","日本","10","一般贸易","33","浙江省","23","千克","0","?","21,215",
"202605","85177950","光通信设备的激光收发模块","116","日本","10","一般贸易","34","安徽省","0","千克","0","?","869",
"202605","85177950","光通信设备的激光收发模块","116","日本","10","一般贸易","35","福建省","2","千克","0","?","13,265",
"202605","85177950","光通信设备的激光收发模块","116","日本","10","一般贸易","37","山东省","1249","千克","0","?","2,283,451",
"202605","85177950","光通信设备的激光收发模块","116","日本","10","一般贸易","42","湖北省","894","千克","0","?","1,165,226",
"202605","85177950","光通信设备的激光收发模块","116","日本","10","一般贸易","44","广东省","599","千克","0","?","393,883",
"202605","85177950","光通信设备的激光收发模块","116","日本","10","一般贸易","46","海南省","3","千克","0","?","3,640",
"202605","85177950","光通信设备的激光收发模块","116","日本","10","一般贸易","50","重庆市","0","千克","0","?","1,627",
"202605","85177950","光通信设备的激光收发模块","116","日本","10","一般贸易","51","四川省","260","千克","0","?","259,809",
"202605","85177950","光通信设备的激光收发模块","116","日本","15","进料加工贸易","32","江苏省","395","千克","0","?","1,013,531",
"202605","85177950","光通信设备的激光收发模块","116","日本","15","进料加工贸易","35","福建省","20","千克","0","?","44,595",
"202605","85177950","光通信设备的激光收发模块","116","日本","15","进料加工贸易","44","广东省","1","千克","0","?","2,866",
"202605","85177950","光通信设备的激光收发模块","116","日本","15","进料加工贸易","51","四川省","119","千克","0","?","302,355",
"202605","85177950","光通信设备的激光收发模块","116","日本","33","保税监管场所进出境货物","11","北京市","0","千克","0","?","25",
"202605","85177950","光通信设备的激光收发模块","116","日本","34","海关特殊监管区域物流货物","32","江苏省","361","千克","0","?","291,293",
"202605","85177950","光通信设备的激光收发模块","116","日本","34","海关特殊监管区域物流货物","42","湖北省","95","千克","0","?","120,826",
"202605","85177950","光通信设备的激光收发模块","117","约旦","10","一般贸易","33","浙江省","1","千克","0","?","352",
"202605","85177950","光通信设备的激光收发模块","117","约旦","10","一般贸易","44","广东省","1","千克","0","?","6,156",
"202605","85177950","光通信设备的激光收发模块","117","约旦","34","海关特殊监管区域物流货物","32","江苏省","12","千克","0","?","3,386",
"202605","85177950","光通信设备的激光收发模块","118","科威特","10","一般贸易","33","浙江省","0","千克","0","?","99",
"202605","85177950","光通信设备的激光收发模块","118","科威特","10","一般贸易","35","福建省","2","千克","0","?","2,960",
"202605","85177950","光通信设备的激光收发模块","118","科威特","10","一般贸易","44","广东省","7","千克","0","?","11,086",
"202605","85177950","光通信设备的激光收发模块","119","老挝","10","一般贸易","33","浙江省","0","千克","0","?","154",
"202605","85177950","光通信设备的激光收发模块","119","老挝","10","一般贸易","41","河南省","0","千克","0","?","146",
"202605","85177950","光通信设备的激光收发模块","119","老挝","10","一般贸易","44","广东省","11","千克","0","?","5,282",
"202605","85177950","光通信设备的激光收发模块","120","黎巴嫩","10","一般贸易","33","浙江省","3","千克","0","?","5,632",
"202605","85177950","光通信设备的激光收发模块","120","黎巴嫩","10","一般贸易","44","广东省","0","千克","0","?","500",
"202605","85177950","光通信设备的激光收发模块","121","中国澳门","10","一般贸易","11","北京市","7","千克","0","?","6,928",
"202605","85177950","光通信设备的激光收发模块","121","中国澳门","10","一般贸易","33","浙江省","8","千克","0","?","8,482",
"202605","85177950","光通信设备的激光收发模块","121","中国澳门","10","一般贸易","35","福建省","0","千克","0","?","1,517",
"202605","85177950","光通信设备的激光收发模块","121","中国澳门","10","一般贸易","44","广东省","6","千克","0","?","5,945",
"202605","85177950","光通信设备的激光收发模块","122","马来西亚","10","一般贸易","11","北京市","6","千克","0","?","10,913",
"202605","85177950","光通信设备的激光收发模块","122","马来西亚","10","一般贸易","31","上海市","1882","千克","0","?","1,065,970",
"202605","85177950","光通信设备的激光收发模块","122","马来西亚","10","一般贸易","32","江苏省","216","千克","0","?","509,111",
"202605","85177950","光通信设备的激光收发模块","122","马来西亚","10","一般贸易","33","浙江省","1233","千克","0","?","1,129,519",
"202605","85177950","光通信设备的激光收发模块","122","马来西亚","10","一般贸易","35","福建省","64","千克","0","?","39,653",
"202605","85177950","光通信设备的激光收发模块","122","马来西亚","10","一般贸易","37","山东省","478","千克","0","?","310,070",
"202605","85177950","光通信设备的激光收发模块","122","马来西亚","10","一般贸易","42","湖北省","11887","千克","0","?","14,287,876",
"202605","85177950","光通信设备的激光收发模块","122","马来西亚","10","一般贸易","43","湖南省","68","千克","0","?","45,100",
"202605","85177950","光通信设备的激光收发模块","122","马来西亚","10","一般贸易","44","广东省","5758","千克","0","?","6,642,100",
"202605","85177950","光通信设备的激光收发模块","122","马来西亚","10","一般贸易","51","四川省","627","千克","0","?","1,211,174",
"202605","85177950","光通信设备的激光收发模块","122","马来西亚","10","一般贸易","62","甘肃省","4","千克","0","?","795",
"202605","85177950","光通信设备的激光收发模块","122","马来西亚","15","进料加工贸易","32","江苏省","74733","千克","0","?","222,473,181",
"202605","85177950","光通信设备的激光收发模块","122","马来西亚","15","进料加工贸易","35","福建省","0","千克","0","?","1,234",
"202605","85177950","光通信设备的激光收发模块","122","马来西亚","15","进料加工贸易","44","广东省","1292","千克","0","?","1,574,802",
"202605","85177950","光通信设备的激光收发模块","122","马来西亚","15","进料加工贸易","51","四川省","0","千克","0","?","297",
"202605","85177950","光通信设备的激光收发模块","122","马来西亚","33","保税监管场所进出境货物","44","广东省","26","千克","0","?","43,394",
"202605","85177950","光通信设备的激光收发模块","122","马来西亚","34","海关特殊监管区域物流货物","32","江苏省","34","千克","0","?","56,240",
"202605","85177950","光通信设备的激光收发模块","122","马来西亚","34","海关特殊监管区域物流货物","35","福建省","159","千克","0","?","227,927",
"202605","85177950","光通信设备的激光收发模块","122","马来西亚","34","海关特殊监管区域物流货物","44","广东省","5091","千克","0","?","9,375,150",
"202605","85177950","光通信设备的激光收发模块","122","马来西亚","39","其他","37","山东省","19","千克","0","?","228",
"202605","85177950","光通信设备的激光收发模块","123","马尔代夫","10","一般贸易","33","浙江省","1","千克","0","?","87",
"202605","85177950","光通信设备的激光收发模块","123","马尔代夫","10","一般贸易","44","广东省","1","千克","0","?","1,327",
"202605","85177950","光通信设备的激光收发模块","124","蒙古","10","一般贸易","33","浙江省","6","千克","0","?","3,424",
"202605","85177950","光通信设备的激光收发模块","124","蒙古","10","一般贸易","36","江西省","1","千克","0","?","46",
"202605","85177950","光通信设备的激光收发模块","124","蒙古","10","一般贸易","44","广东省","127","千克","0","?","95,808",
"202605","85177950","光通信设备的激光收发模块","125","尼泊尔","10","一般贸易","31","上海市","22","千克","0","?","2,736",
"202605","85177950","光通信设备的激光收发模块","125","尼泊尔","10","一般贸易","33","浙江省","60","千克","0","?","2,800",
"202605","85177950","光通信设备的激光收发模块","125","尼泊尔","10","一般贸易","42","湖北省","10","千克","0","?","1,273",
"202605","85177950","光通信设备的激光收发模块","125","尼泊尔","10","一般贸易","44","广东省","12","千克","0","?","5,983",
"202605","85177950","光通信设备的激光收发模块","126","阿曼","10","一般贸易","35","福建省","12","千克","0","?","11,463",
"202605","85177950","光通信设备的激光收发模块","126","阿曼","10","一般贸易","44","广东省","107","千克","0","?","46,562",
"202605","85177950","光通信设备的激光收发模块","127","巴基斯坦","10","一般贸易","12","天津市","14","千克","0","?","110,563",
"202605","85177950","光通信设备的激光收发模块","127","巴基斯坦","10","一般贸易","33","浙江省","17","千克","0","?","18,635",
"202605","85177950","光通信设备的激光收发模块","127","巴基斯坦","10","一般贸易","35","福建省","2","千克","0","?","880",
"202605","85177950","光通信设备的激光收发模块","127","巴基斯坦","10","一般贸易","41","河南省","0","千克","0","?","300",
"202605","85177950","光通信设备的激光收发模块","127","巴基斯坦","10","一般贸易","44","广东省","481","千克","0","?","994,585",
"202605","85177950","光通信设备的激光收发模块","129","菲律宾","10","一般贸易","31","上海市","11","千克","0","?","61,842",
"202605","85177950","光通信设备的激光收发模块","129","菲律宾","10","一般贸易","32","江苏省","0","千克","0","?","1",
"202605","85177950","光通信设备的激光收发模块","129","菲律宾","10","一般贸易","33","浙江省","37","千克","0","?","55,413",
"202605","85177950","光通信设备的激光收发模块","129","菲律宾","10","一般贸易","35","福建省","8","千克","0","?","14,434",
"202605","85177950","光通信设备的激光收发模块","129","菲律宾","10","一般贸易","37","山东省","0","千克","0","?","9",
"202605","85177950","光通信设备的激光收发模块","129","菲律宾","10","一般贸易","42","湖北省","0","千克","0","?","776",
"202605","85177950","光通信设备的激光收发模块","129","菲律宾","10","一般贸易","44","广东省","683","千克","0","?","477,288",
"202605","85177950","光通信设备的激光收发模块","129","菲律宾","10","一般贸易","46","海南省","25","千克","0","?","1,208",
"202605","85177950","光通信设备的激光收发模块","129","菲律宾","15","进料加工贸易","44","广东省","0","千克","0","?","100",
"202605","85177950","光通信设备的激光收发模块","129","菲律宾","34","海关特殊监管区域物流货物","32","江苏省","320","千克","0","?","94,353",
"202605","85177950","光通信设备的激光收发模块","130","卡塔尔","10","一般贸易","33","浙江省","4","千克","0","?","4,276",
"202605","85177950","光通信设备的激光收发模块","130","卡塔尔","10","一般贸易","35","福建省","3","千克","0","?","1,980",
"202605","85177950","光通信设备的激光收发模块","130","卡塔尔","10","一般贸易","44","广东省","4","千克","0","?","9,245",
"202605","85177950","光通信设备的激光收发模块","131","沙特阿拉伯","10","一般贸易","11","北京市","12","千克","0","?","3,751",
"202605","85177950","光通信设备的激光收发模块","131","沙特阿拉伯","10","一般贸易","33","浙江省","15","千克","0","?","9,363",
"202605","85177950","光通信设备的激光收发模块","131","沙特阿拉伯","10","一般贸易","35","福建省","17","千克","0","?","11,342",
"202605","85177950","光通信设备的激光收发模块","131","沙特阿拉伯","10","一般贸易","37","山东省","0","千克","0","?","26",
"202605","85177950","光通信设备的激光收发模块","131","沙特阿拉伯","10","一般贸易","42","湖北省","8","千克","0","?","9,708",
"202605","85177950","光通信设备的激光收发模块","131","沙特阿拉伯","10","一般贸易","43","湖南省","0","千克","0","?","430",
"202605","85177950","光通信设备的激光收发模块","131","沙特阿拉伯","10","一般贸易","44","广东省","234","千克","0","?","213,677",
"202605","85177950","光通信设备的激光收发模块","131","沙特阿拉伯","10","一般贸易","51","四川省","15","千克","0","?","18,000",
"202605","85177950","光通信设备的激光收发模块","131","沙特阿拉伯","10","一般贸易","52","贵州省","10","千克","0","?","7,614",
"202605","85177950","光通信设备的激光收发模块","131","沙特阿拉伯","34","海关特殊监管区域物流货物","32","江苏省","233","千克","0","?","144,872",
"202605","85177950","光通信设备的激光收发模块","131","沙特阿拉伯","34","海关特殊监管区域物流货物","35","福建省","7","千克","0","?","7,790",
"202605","85177950","光通信设备的激光收发模块","132","新加坡","10","一般贸易","11","北京市","1","千克","0","?","1,132",
"202605","85177950","光通信设备的激光收发模块","132","新加坡","10","一般贸易","21","辽宁省","0","千克","0","?","3,170",
"202605","85177950","光通信设备的激光收发模块","132","新加坡","10","一般贸易","31","上海市","35","千克","0","?","116,123",
"202605","85177950","光通信设备的激光收发模块","132","新加坡","10","一般贸易","32","江苏省","106","千克","0","?","291,650",
"202605","85177950","光通信设备的激光收发模块","132","新加坡","10","一般贸易","33","浙江省","288","千克","0","?","756,679",
"202605","85177950","光通信设备的激光收发模块","132","新加坡","10","一般贸易","35","福建省","11","千克","0","?","13,156",
"202605","85177950","光通信设备的激光收发模块","132","新加坡","10","一般贸易","37","山东省","116","千克","0","?","15,711",
"202605","85177950","光通信设备的激光收发模块","132","新加坡","10","一般贸易","42","湖北省","1185","千克","0","?","1,284,810",
"202605","85177950","光通信设备的激光收发模块","132","新加坡","10","一般贸易","44","广东省","1937","千克","0","?","1,108,322",
"202605","85177950","光通信设备的激光收发模块","132","新加坡","10","一般贸易","46","海南省","74","千克","0","?","5,520",
"202605","85177950","光通信设备的激光收发模块","132","新加坡","10","一般贸易","50","重庆市","3","千克","0","?","1,270",
"202605","85177950","光通信设备的激光收发模块","132","新加坡","10","一般贸易","51","四川省","243","千克","0","?","350,741",
"202605","85177950","光通信设备的激光收发模块","132","新加坡","10","一般贸易","52","贵州省","87","千克","0","?","29,297",
"202605","85177950","光通信设备的激光收发模块","132","新加坡","15","进料加工贸易","32","江苏省","836","千克","0","?","312,155",
"202605","85177950","光通信设备的激光收发模块","132","新加坡","15","进料加工贸易","33","浙江省","377","千克","0","?","322,038",
"202605","85177950","光通信设备的激光收发模块","132","新加坡","15","进料加工贸易","35","福建省","5","千克","0","?","7,433",
"202605","85177950","光通信设备的激光收发模块","132","新加坡","15","进料加工贸易","44","广东省","4","千克","0","?","8,611",
"202605","85177950","光通信设备的激光收发模块","132","新加坡","33","保税监管场所进出境货物","44","广东省","63","千克","0","?","6,460",
"202605","85177950","光通信设备的激光收发模块","132","新加坡","34","海关特殊监管区域物流货物","32","江苏省","702","千克","0","?","412,939",
"202605","85177950","光通信设备的激光收发模块","132","新加坡","34","海关特殊监管区域物流货物","42","湖北省","56","千克","0","?","103,205",
"202605","85177950","光通信设备的激光收发模块","132","新加坡","39","其他","11","北京市","2","千克","0","?","863",
"202605","85177950","光通信设备的激光收发模块","133","韩国","10","一般贸易","11","北京市","36","千克","0","?","12,131",
"202605","85177950","光通信设备的激光收发模块","133","韩国","10","一般贸易","12","天津市","0","千克","0","?","568",
"202605","85177950","光通信设备的激光收发模块","133","韩国","10","一般贸易","21","辽宁省","137","千克","0","?","34,209",
"202605","85177950","光通信设备的激光收发模块","133","韩国","10","一般贸易","31","上海市","295","千克","0","?","148,828",
"202605","85177950","光通信设备的激光收发模块","133","韩国","10","一般贸易","32","江苏省","27","千克","0","?","25,748",
"202605","85177950","光通信设备的激光收发模块","133","韩国","10","一般贸易","33","浙江省","268","千克","0","?","111,337",
"202605","85177950","光通信设备的激光收发模块","133","韩国","10","一般贸易","37","山东省","221","千克","0","?","180,119",
"202605","85177950","光通信设备的激光收发模块","133","韩国","10","一般贸易","41","河南省","2","千克","0","?","1,776",
"202605","85177950","光通信设备的激光收发模块","133","韩国","10","一般贸易","42","湖北省","506","千克","0","?","873,043",
"202605","85177950","光通信设备的激光收发模块","133","韩国","10","一般贸易","43","湖南省","2","千克","0","?","8,224",
"202605","85177950","光通信设备的激光收发模块","133","韩国","10","一般贸易","44","广东省","1646","千克","0","?","1,577,470",
"202605","85177950","光通信设备的激光收发模块","133","韩国","10","一般贸易","51","四川省","1873","千克","0","?","1,137,845",
"202605","85177950","光通信设备的激光收发模块","133","韩国","15","进料加工贸易","32","江苏省","15","千克","0","?","124,592",
"202605","85177950","光通信设备的激光收发模块","133","韩国","15","进料加工贸易","35","福建省","18","千克","0","?","57,353",
"202605","85177950","光通信设备的激光收发模块","133","韩国","15","进料加工贸易","44","广东省","6","千克","0","?","9,364",
"202605","85177950","光通信设备的激光收发模块","133","韩国","15","进料加工贸易","51","四川省","4","千克","0","?","9,366",
"202605","85177950","光通信设备的激光收发模块","133","韩国","34","海关特殊监管区域物流货物","32","江苏省","250","千克","0","?","537,424",
"202605","85177950","光通信设备的激光收发模块","134","斯里兰卡","10","一般贸易","33","浙江省","2","千克","0","?","495",
"202605","85177950","光通信设备的激光收发模块","134","斯里兰卡","10","一般贸易","37","山东省","0","千克","0","?","31",
"202605","85177950","光通信设备的激光收发模块","134","斯里兰卡","10","一般贸易","44","广东省","118","千克","0","?","17,139",
"202605","85177950","光通信设备的激光收发模块","134","斯里兰卡","34","海关特殊监管区域物流货物","32","江苏省","21","千克","0","?","5,046",
"202605","85177950","光通信设备的激光收发模块","136","泰国","10","一般贸易","11","北京市","492","千克","0","?","25,977",
"202605","85177950","光通信设备的激光收发模块","136","泰国","10","一般贸易","12","天津市","13","千克","0","?","13,961",
"202605","85177950","光通信设备的激光收发模块","136","泰国","10","一般贸易","13","河北省","2","千克","0","?","4,590",
"202605","85177950","光通信设备的激光收发模块","136","泰国","10","一般贸易","31","上海市","13248","千克","0","?","33,718,701",
"202605","85177950","光通信设备的激光收发模块","136","泰国","10","一般贸易","32","江苏省","786","千克","0","?","836,881",
"202605","85177950","光通信设备的激光收发模块","136","泰国","10","一般贸易","33","浙江省","80","千克","0","?","50,321",
"202605","85177950","光通信设备的激光收发模块","136","泰国","10","一般贸易","35","福建省","30","千克","0","?","121,288",
"202605","85177950","光通信设备的激光收发模块","136","泰国","10","一般贸易","37","山东省","438","千克","0","?","2,027,524",
"202605","85177950","光通信设备的激光收发模块","136","泰国","10","一般贸易","42","湖北省","4811","千克","0","?","6,331,284",
"202605","85177950","光通信设备的激光收发模块","136","泰国","10","一般贸易","44","广东省","1527","千克","0","?","1,027,436",
"202605","85177950","光通信设备的激光收发模块","136","泰国","10","一般贸易","50","重庆市","4","千克","0","?","1,544",
"202605","85177950","光通信设备的激光收发模块","136","泰国","10","一般贸易","51","四川省","9035","千克","0","?","37,217,213",
"202605","85177950","光通信设备的激光收发模块","136","泰国","15","进料加工贸易","32","江苏省","653","千克","0","?","267,664",
"202605","85177950","光通信设备的激光收发模块","136","泰国","15","进料加工贸易","35","福建省","0","千克","0","?","34",
"202605","85177950","光通信设备的激光收发模块","136","泰国","15","进料加工贸易","44","广东省","14","千克","0","?","18,773",
"202605","85177950","光通信设备的激光收发模块","136","泰国","33","保税监管场所进出境货物","44","广东省","0","千克","0","?","44",
"202605","85177950","光通信设备的激光收发模块","136","泰国","34","海关特殊监管区域物流货物","32","江苏省","38","千克","0","?","16,521",
"202605","85177950","光通信设备的激光收发模块","136","泰国","34","海关特殊监管区域物流货物","44","广东省","1039","千克","0","?","1,812,441",
"202605","85177950","光通信设备的激光收发模块","137","土耳其","10","一般贸易","31","上海市","820","千克","0","?","34,021",
"202605","85177950","光通信设备的激光收发模块","137","土耳其","10","一般贸易","32","江苏省","3","千克","0","?","2,400",
"202605","85177950","光通信设备的激光收发模块","137","土耳其","10","一般贸易","33","浙江省","70","千克","0","?","42,280",
"202605","85177950","光通信设备的激光收发模块","137","土耳其","10","一般贸易","35","福建省","31","千克","0","?","31,450",
"202605","85177950","光通信设备的激光收发模块","137","土耳其","10","一般贸易","41","河南省","0","千克","0","?","172",
"202605","85177950","光通信设备的激光收发模块","137","土耳其","10","一般贸易","44","广东省","1191","千克","0","?","898,896",
"202605","85177950","光通信设备的激光收发模块","137","土耳其","10","一般贸易","46","海南省","10","千克","0","?","26,631",
"202605","85177950","光通信设备的激光收发模块","137","土耳其","10","一般贸易","51","四川省","3","千克","0","?","1,431",
"202605","85177950","光通信设备的激光收发模块","137","土耳其","33","保税监管场所进出境货物","44","广东省","3","千克","0","?","38",
"202605","85177950","光通信设备的激光收发模块","138","阿联酋","10","一般贸易","31","上海市","94","千克","0","?","320,175",
"202605","85177950","光通信设备的激光收发模块","138","阿联酋","10","一般贸易","33","浙江省","197","千克","0","?","31,605",
"202605","85177950","光通信设备的激光收发模块","138","阿联酋","10","一般贸易","35","福建省","8","千克","0","?","8,554",
"202605","85177950","光通信设备的激光收发模块","138","阿联酋","10","一般贸易","37","山东省","15","千克","0","?","1,480",
"202605","85177950","光通信设备的激光收发模块","138","阿联酋","10","一般贸易","42","湖北省","280","千克","0","?","24,939",
"202605","85177950","光通信设备的激光收发模块","138","阿联酋","10","一般贸易","44","广东省","1325","千克","0","?","1,338,478",
"202605","85177950","光通信设备的激光收发模块","138","阿联酋","10","一般贸易","52","贵州省","0","千克","0","?","70",
"202605","85177950","光通信设备的激光收发模块","138","阿联酋","15","进料加工贸易","44","广东省","2","千克","0","?","35,667",
"202605","85177950","光通信设备的激光收发模块","138","阿联酋","34","海关特殊监管区域物流货物","32","江苏省","22","千克","0","?","13,946",
"202605","85177950","光通信设备的激光收发模块","139","也门","10","一般贸易","44","广东省","1","千克","0","?","1,611",
"202605","85177950","光通信设备的激光收发模块","141","越南","10","一般贸易","11","北京市","20","千克","0","?","17,696",
"202605","85177950","光通信设备的激光收发模块","141","越南","10","一般贸易","13","河北省","1","千克","0","?","240",
"202605","85177950","光通信设备的激光收发模块","141","越南","10","一般贸易","23","黑龙江省","0","千克","0","?","1,659",
"202605","85177950","光通信设备的激光收发模块","141","越南","10","一般贸易","31","上海市","1031","千克","0","?","395,181",
"202605","85177950","光通信设备的激光收发模块","141","越南","10","一般贸易","32","江苏省","62","千克","0","?","129,527",
"202605","85177950","光通信设备的激光收发模块","141","越南","10","一般贸易","33","浙江省","166","千克","0","?","40,503",
"202605","85177950","光通信设备的激光收发模块","141","越南","10","一般贸易","35","福建省","0","千克","0","?","330",
"202605","85177950","光通信设备的激光收发模块","141","越南","10","一般贸易","37","山东省","3","千克","0","?","866",
"202605","85177950","光通信设备的激光收发模块","141","越南","10","一般贸易","42","湖北省","0","千克","0","?","61",
"202605","85177950","光通信设备的激光收发模块","141","越南","10","一般贸易","44","广东省","1371","千克","0","?","785,628",
"202605","85177950","光通信设备的激光收发模块","141","越南","10","一般贸易","46","海南省","22","千克","0","?","9,243",
"202605","85177950","光通信设备的激光收发模块","141","越南","15","进料加工贸易","32","江苏省","372","千克","0","?","4,165,889",
"202605","85177950","光通信设备的激光收发模块","141","越南","15","进料加工贸易","51","四川省","111","千克","0","?","35,704",
"202605","85177950","光通信设备的激光收发模块","141","越南","33","保税监管场所进出境货物","44","广东省","37","千克","0","?","6,268",
"202605","85177950","光通信设备的激光收发模块","141","越南","34","海关特殊监管区域物流货物","32","江苏省","898","千克","0","?","351,638",
"202605","85177950","光通信设备的激光收发模块","141","越南","34","海关特殊监管区域物流货物","35","福建省","10","千克","0","?","9,779",
"202605","85177950","光通信设备的激光收发模块","141","越南","34","海关特殊监管区域物流货物","45","广西壮族自治区","299","千克","0","?","112,075",
"202605","85177950","光通信设备的激光收发模块","143","中国台湾","10","一般贸易","11","北京市","8","千克","0","?","2,599",
"202605","85177950","光通信设备的激光收发模块","143","中国台湾","10","一般贸易","13","河北省","144","千克","0","?","45,774",
"202605","85177950","光通信设备的激光收发模块","143","中国台湾","10","一般贸易","21","辽宁省","0","千克","0","?","380",
"202605","85177950","光通信设备的激光收发模块","143","中国台湾","10","一般贸易","31","上海市","50","千克","0","?","103,122",
"202605","85177950","光通信设备的激光收发模块","143","中国台湾","10","一般贸易","32","江苏省","73","千克","0","?","87,815",
"202605","85177950","光通信设备的激光收发模块","143","中国台湾","10","一般贸易","33","浙江省","2044","千克","0","?","4,838,706",
"202605","85177950","光通信设备的激光收发模块","143","中国台湾","10","一般贸易","34","安徽省","56","千克","0","?","142,824",
"202605","85177950","光通信设备的激光收发模块","143","中国台湾","10","一般贸易","35","福建省","0","千克","0","?","36",
"202605","85177950","光通信设备的激光收发模块","143","中国台湾","10","一般贸易","37","山东省","171","千克","0","?","158,319",
"202605","85177950","光通信设备的激光收发模块","143","中国台湾","10","一般贸易","42","湖北省","2486","千克","0","?","7,591,921",
"202605","85177950","光通信设备的激光收发模块","143","中国台湾","10","一般贸易","43","湖南省","45","千克","0","?","21,745",
"202605","85177950","光通信设备的激光收发模块","143","中国台湾","10","一般贸易","44","广东省","3757","千克","0","?","6,773,268",
"202605","85177950","光通信设备的激光收发模块","143","中国台湾","10","一般贸易","51","四川省","146","千克","0","?","394,757",
"202605","85177950","光通信设备的激光收发模块","143","中国台湾","15","进料加工贸易","32","江苏省","57","千克","0","?","17,437",
"202605","85177950","光通信设备的激光收发模块","143","中国台湾","15","进料加工贸易","33","浙江省","9234","千克","0","?","14,292,222",
"202605","85177950","光通信设备的激光收发模块","143","中国台湾","15","进料加工贸易","35","福建省","9","千克","0","?","13,773",
"202605","85177950","光通信设备的激光收发模块","143","中国台湾","15","进料加工贸易","44","广东省","6","千克","0","?","10,442",
"202605","85177950","光通信设备的激光收发模块","143","中国台湾","15","进料加工贸易","51","四川省","37685","千克","0","?","66,190,343",
"202605","85177950","光通信设备的激光收发模块","143","中国台湾","33","保税监管场所进出境货物","44","广东省","0","千克","0","?","152",
"202605","85177950","光通信设备的激光收发模块","143","中国台湾","34","海关特殊监管区域物流货物","32","江苏省","73","千克","0","?","15,841",
"202605","85177950","光通信设备的激光收发模块","143","中国台湾","39","其他","33","浙江省","0","千克","0","?","94",
"202605","85177950","光通信设备的激光收发模块","143","中国台湾","39","其他","44","广东省","2","千克","0","?","12,988",
"202605","85177950","光通信设备的激光收发模块","145","哈萨克斯坦","10","一般贸易","31","上海市","13","千克","0","?","6,350",
"202605","85177950","光通信设备的激光收发模块","145","哈萨克斯坦","10","一般贸易","33","浙江省","31","千克","0","?","31,576",
"202605","85177950","光通信设备的激光收发模块","145","哈萨克斯坦","10","一般贸易","44","广东省","58","千克","0","?","33,574",
"202605","85177950","光通信设备的激光收发模块","145","哈萨克斯坦","10","一般贸易","46","海南省","0","千克","0","?","36",
"202605","85177950","光通信设备的激光收发模块","145","哈萨克斯坦","10","一般贸易","61","陕西省","44","千克","0","?","28,824",
"202605","85177950","光通信设备的激光收发模块","145","哈萨克斯坦","34","海关特殊监管区域物流货物","65","新疆维吾尔自治区","254","千克","0","?","181,678",
"202605","85177950","光通信设备的激光收发模块","146","吉尔吉斯斯坦","10","一般贸易","44","广东省","65","千克","0","?","35,554",
"202605","85177950","光通信设备的激光收发模块","146","吉尔吉斯斯坦","22","对外承包工程出口货物","31","上海市","18","千克","0","?","66",
"202605","85177950","光通信设备的激光收发模块","147","塔吉克斯坦","10","一般贸易","44","广东省","0","千克","0","?","166",
"202605","85177950","光通信设备的激光收发模块","148","土库曼斯坦","22","对外承包工程出口货物","11","北京市","0","千克","0","?","921",
"202605","85177950","光通信设备的激光收发模块","149","乌兹别克斯坦","10","一般贸易","31","上海市","29","千克","0","?","14,973",
"202605","85177950","光通信设备的激光收发模块","149","乌兹别克斯坦","10","一般贸易","33","浙江省","5","千克","0","?","15,831",
"202605","85177950","光通信设备的激光收发模块","149","乌兹别克斯坦","10","一般贸易","42","湖北省","24","千克","0","?","8,369",
"202605","85177950","光通信设备的激光收发模块","149","乌兹别克斯坦","10","一般贸易","44","广东省","58","千克","0","?","201,050",
"202605","85177950","光通信设备的激光收发模块","149","乌兹别克斯坦","10","一般贸易","51","四川省","14","千克","0","?","3,843",
"202605","85177950","光通信设备的激光收发模块","149","乌兹别克斯坦","34","海关特殊监管区域物流货物","65","新疆维吾尔自治区","71","千克","0","?","50,117",
"202605","85177950","光通信设备的激光收发模块","150","格鲁吉亚","10","一般贸易","31","上海市","1","千克","0","?","496",
"202605","85177950","光通信设备的激光收发模块","150","格鲁吉亚","10","一般贸易","44","广东省","7","千克","0","?","9,900",
"202605","85177950","光通信设备的激光收发模块","151","亚美尼亚","10","一般贸易","33","浙江省","379","千克","0","?","67,245",
"202605","85177950","光通信设备的激光收发模块","151","亚美尼亚","10","一般贸易","44","广东省","6","千克","0","?","58,013",
"202605","85177950","光通信设备的激光收发模块","152","阿塞拜疆","10","一般贸易","33","浙江省","4","千克","0","?","530",
"202605","85177950","光通信设备的激光收发模块","152","阿塞拜疆","10","一般贸易","44","广东省","176","千克","0","?","56,126",
"202605","85177950","光通信设备的激光收发模块","152","阿塞拜疆","34","海关特殊监管区域物流货物","61","陕西省","1","千克","0","?","369",
"202605","85177950","光通信设备的激光收发模块","201","阿尔及利亚","10","一般贸易","41","河南省","0","千克","0","?","370",
"202605","85177950","光通信设备的激光收发模块","201","阿尔及利亚","10","一般贸易","43","湖南省","0","千克","0","?","12",
"202605","85177950","光通信设备的激光收发模块","201","阿尔及利亚","10","一般贸易","44","广东省","879","千克","0","?","1,684,783",
"202605","85177950","光通信设备的激光收发模块","202","安哥拉","10","一般贸易","33","浙江省","2","千克","0","?","1,770",
"202605","85177950","光通信设备的激光收发模块","202","安哥拉","10","一般贸易","43","湖南省","1","千克","0","?","436",
"202605","85177950","光通信设备的激光收发模块","202","安哥拉","10","一般贸易","44","广东省","43","千克","0","?","600,102",
"202605","85177950","光通信设备的激光收发模块","203","贝宁","10","一般贸易","44","广东省","36","千克","0","?","372,615",
"202605","85177950","光通信设备的激光收发模块","204","博茨瓦纳","10","一般贸易","44","广东省","9","千克","0","?","4,737",
"202605","85177950","光通信设备的激光收发模块","204","博茨瓦纳","34","海关特殊监管区域物流货物","32","江苏省","0","千克","0","?","91",
"202605","85177950","光通信设备的激光收发模块","206","喀麦隆","10","一般贸易","44","广东省","108","千克","0","?","184,777",
"202605","85177950","光通信设备的激光收发模块","211","乍得","10","一般贸易","36","江西省","15","千克","0","?","1,120",
"202605","85177950","光通信设备的激光收发模块","211","乍得","10","一般贸易","44","广东省","71","千克","0","?","126,573",
"202605","85177950","光通信设备的激光收发模块","213","刚果共和国","10","一般贸易","44","广东省","3","千克","0","?","1,557",
"202605","85177950","光通信设备的激光收发模块","215","埃及","10","一般贸易","33","浙江省","27","千克","0","?","6,432",
"202605","85177950","光通信设备的激光收发模块","215","埃及","10","一般贸易","35","福建省","4","千克","0","?","11,008",
"202605","85177950","光通信设备的激光收发模块","215","埃及","10","一般贸易","43","湖南省","55","千克","0","?","347",
"202605","85177950","光通信设备的激光收发模块","215","埃及","10","一般贸易","44","广东省","468","千克","0","?","175,142",
"202605","85177950","光通信设备的激光收发模块","217","埃塞俄比亚","10","一般贸易","43","湖南省","0","千克","0","?","144",
"202605","85177950","光通信设备的激光收发模块","217","埃塞俄比亚","10","一般贸易","44","广东省","75","千克","0","?","13,422",
"202605","85177950","光通信设备的激光收发模块","217","埃塞俄比亚","34","海关特殊监管区域物流货物","32","江苏省","95","千克","0","?","13,900",
"202605","85177950","光通信设备的激光收发模块","218","加蓬","10","一般贸易","44","广东省","25","千克","0","?","37,801",
"202605","85177950","光通信设备的激光收发模块","220","加纳","10","一般贸易","33","浙江省","1","千克","0","?","651",
"202605","85177950","光通信设备的激光收发模块","220","加纳","10","一般贸易","43","湖南省","12","千克","0","?","400",
"202605","85177950","光通信设备的激光收发模块","220","加纳","10","一般贸易","44","广东省","117","千克","0","?","35,576",
"202605","85177950","光通信设备的激光收发模块","221","几内亚","10","一般贸易","37","山东省","4","千克","0","?","6,665",
"202605","85177950","光通信设备的激光收发模块","221","几内亚","10","一般贸易","42","湖北省","8","千克","0","?","1,665",
"202605","85177950","光通信设备的激光收发模块","221","几内亚","10","一般贸易","44","广东省","12","千克","0","?","24,413",
"202605","85177950","光通信设备的激光收发模块","223","科特迪瓦","10","一般贸易","44","广东省","49","千克","0","?","35,291",
"202605","85177950","光通信设备的激光收发模块","224","肯尼亚","10","一般贸易","31","上海市","4","千克","0","?","7,159",
"202605","85177950","光通信设备的激光收发模块","224","肯尼亚","10","一般贸易","33","浙江省","0","千克","0","?","141",
"202605","85177950","光通信设备的激光收发模块","224","肯尼亚","10","一般贸易","42","湖北省","7","千克","0","?","14,300",
"202605","85177950","光通信设备的激光收发模块","224","肯尼亚","10","一般贸易","43","湖南省","3","千克","0","?","265",
"202605","85177950","光通信设备的激光收发模块","224","肯尼亚","10","一般贸易","44","广东省","65","千克","0","?","31,014",
"202605","85177950","光通信设备的激光收发模块","224","肯尼亚","34","海关特殊监管区域物流货物","32","江苏省","39","千克","0","?","5,766",
"202605","85177950","光通信设备的激光收发模块","225","利比里亚","10","一般贸易","44","广东省","7","千克","0","?","4,340",
"202605","85177950","光通信设备的激光收发模块","226","利比亚","10","一般贸易","31","上海市","2","千克","0","?","1,016",
"202605","85177950","光通信设备的激光收发模块","226","利比亚","10","一般贸易","44","广东省","5","千克","0","?","25,787",
"202605","85177950","光通信设备的激光收发模块","227","马达加斯加","10","一般贸易","44","广东省","1","千克","0","?","1,336",
"202605","85177950","光通信设备的激光收发模块","228","马拉维","10","一般贸易","44","广东省","5","千克","0","?","681",
"202605","85177950","光通信设备的激光收发模块","229","马里","10","一般贸易","44","广东省","1","千克","0","?","1,877",
"202605","85177950","光通信设备的激光收发模块","230","毛里塔尼亚","10","一般贸易","44","广东省","66","千克","0","?","20,602",
"202605","85177950","光通信设备的激光收发模块","231","毛里求斯","10","一般贸易","44","广东省","9","千克","0","?","3,020",
"202605","85177950","光通信设备的激光收发模块","232","摩洛哥","10","一般贸易","35","福建省","2","千克","0","?","2,550",
"202605","85177950","光通信设备的激光收发模块","232","摩洛哥","10","一般贸易","43","湖南省","11","千克","0","?","701",
"202605","85177950","光通信设备的激光收发模块","232","摩洛哥","10","一般贸易","44","广东省","143","千克","0","?","100,290",
"202605","85177950","光通信设备的激光收发模块","232","摩洛哥","15","进料加工贸易","44","广东省","0","千克","0","?","541",
"202605","85177950","光通信设备的激光收发模块","233","莫桑比克","10","一般贸易","44","广东省","17","千克","0","?","5,668",
"202605","85177950","光通信设备的激光收发模块","235","尼日尔","10","一般贸易","44","广东省","24","千克","0","?","3,315",
"202605","85177950","光通信设备的激光收发模块","236","尼日利亚","10","一般贸易","33","浙江省","2","千克","0","?","1,564",
"202605","85177950","光通信设备的激光收发模块","236","尼日利亚","10","一般贸易","43","湖南省","3","千克","0","?","47",
"202605","85177950","光通信设备的激光收发模块","236","尼日利亚","10","一般贸易","44","广东省","181","千克","0","?","101,341",
"202605","85177950","光通信设备的激光收发模块","237","留尼汪","10","一般贸易","44","广东省","5","千克","0","?","5,453",
"202605","85177950","光通信设备的激光收发模块","238","卢旺达","10","一般贸易","33","浙江省","2","千克","0","?","990",
"202605","85177950","光通信设备的激光收发模块","240","塞内加尔","10","一般贸易","44","广东省","38","千克","0","?","13,443",
"202605","85177950","光通信设备的激光收发模块","240","塞内加尔","34","海关特殊监管区域物流货物","32","江苏省","49","千克","0","?","14,299",
"202605","85177950","光通信设备的激光收发模块","241","塞舌尔","10","一般贸易","33","浙江省","2","千克","0","?","770",
"202605","85177950","光通信设备的激光收发模块","241","塞舌尔","10","一般贸易","44","广东省","5","千克","0","?","844",
"202605","85177950","光通信设备的激光收发模块","242","塞拉利昂","10","一般贸易","44","广东省","5","千克","0","?","2,415",
"202605","85177950","光通信设备的激光收发模块","243","索马里","10","一般贸易","44","广东省","1","千克","0","?","1,852",
"202605","85177950","光通信设备的激光收发模块","244","南非","10","一般贸易","31","上海市","3","千克","0","?","1,596",
"202605","85177950","光通信设备的激光收发模块","244","南非","10","一般贸易","33","浙江省","8","千克","0","?","5,537",
"202605","85177950","光通信设备的激光收发模块","244","南非","10","一般贸易","36","江西省","0","千克","0","?","9",
"202605","85177950","光通信设备的激光收发模块","244","南非","10","一般贸易","43","湖南省","6","千克","0","?","444",
"202605","85177950","光通信设备的激光收发模块","244","南非","10","一般贸易","44","广东省","749","千克","0","?","529,082",
"202605","85177950","光通信设备的激光收发模块","244","南非","10","一般贸易","52","贵州省","12","千克","0","?","2,910",
"202605","85177950","光通信设备的激光收发模块","244","南非","34","海关特殊监管区域物流货物","32","江苏省","307","千克","0","?","49,777",
"202605","85177950","光通信设备的激光收发模块","246","苏丹","10","一般贸易","44","广东省","69","千克","0","?","123,284",
"202605","85177950","光通信设备的激光收发模块","247","坦桑尼亚","10","一般贸易","32","江苏省","2","千克","0","?","5,094",
"202605","85177950","光通信设备的激光收发模块","247","坦桑尼亚","10","一般贸易","33","浙江省","1","千克","0","?","1,216",
"202605","85177950","光通信设备的激光收发模块","247","坦桑尼亚","10","一般贸易","43","湖南省","2","千克","0","?","92",
"202605","85177950","光通信设备的激光收发模块","247","坦桑尼亚","10","一般贸易","44","广东省","44","千克","0","?","20,917",
"202605","85177950","光通信设备的激光收发模块","247","坦桑尼亚","34","海关特殊监管区域物流货物","32","江苏省","2","千克","0","?","462",
"202605","85177950","光通信设备的激光收发模块","248","多哥","10","一般贸易","44","广东省","0","千克","0","?","2,508",
"202605","85177950","光通信设备的激光收发模块","249","突尼斯","10","一般贸易","33","浙江省","6","千克","0","?","2,008",
"202605","85177950","光通信设备的激光收发模块","249","突尼斯","10","一般贸易","43","湖南省","4","千克","0","?","154",
"202605","85177950","光通信设备的激光收发模块","249","突尼斯","10","一般贸易","44","广东省","6","千克","0","?","2,293",
"202605","85177950","光通信设备的激光收发模块","249","突尼斯","33","保税监管场所进出境货物","44","广东省","41","千克","0","?","2,760",
"202605","85177950","光通信设备的激光收发模块","250","乌干达","10","一般贸易","44","广东省","79","千克","0","?","27,003",
"202605","85177950","光通信设备的激光收发模块","251","布基纳法索","10","一般贸易","33","浙江省","1","千克","0","?","450",
"202605","85177950","光通信设备的激光收发模块","251","布基纳法索","10","一般贸易","44","广东省","74","千克","0","?","58,511",
"202605","85177950","光通信设备的激光收发模块","252","刚果民主共和国","10","一般贸易","35","福建省","2","千克","0","?","1,106",
"202605","85177950","光通信设备的激光收发模块","252","刚果民主共和国","10","一般贸易","44","广东省","116","千克","0","?","38,542",
"202605","85177950","光通信设备的激光收发模块","253","赞比亚","10","一般贸易","44","广东省","53","千克","0","?","10,343",
"202605","85177950","光通信设备的激光收发模块","254","津巴布韦","10","一般贸易","44","广东省","91","千克","0","?","165,556",
"202605","85177950","光通信设备的激光收发模块","255","莱索托","10","一般贸易","44","广东省","3","千克","0","?","1,175",
"202605","85177950","光通信设备的激光收发模块","257","斯威士兰","10","一般贸易","44","广东省","18","千克","0","?","4,932",
"202605","85177950","光通信设备的激光收发模块","258","厄立特里亚","10","一般贸易","44","广东省","0","千克","0","?","1,155",
"202605","85177950","光通信设备的激光收发模块","260","南苏丹","10","一般贸易","44","广东省","34","千克","0","?","7,392",
"202605","85177950","光通信设备的激光收发模块","301","比利时","10","一般贸易","31","上海市","23","千克","0","?","40,400",
"202605","85177950","光通信设备的激光收发模块","301","比利时","10","一般贸易","32","江苏省","89","千克","0","?","16,353",
"202605","85177950","光通信设备的激光收发模块","301","比利时","10","一般贸易","33","浙江省","3","千克","0","?","430",
"202605","85177950","光通信设备的激光收发模块","301","比利时","10","一般贸易","34","安徽省","215","千克","0","?","26,996",
"202605","85177950","光通信设备的激光收发模块","301","比利时","10","一般贸易","37","山东省","3","千克","0","?","372",
"202605","85177950","光通信设备的激光收发模块","301","比利时","10","一般贸易","42","湖北省","121","千克","0","?","234,022",
"202605","85177950","光通信设备的激光收发模块","301","比利时","10","一般贸易","44","广东省","344","千克","0","?","261,372",
"202605","85177950","光通信设备的激光收发模块","301","比利时","10","一般贸易","51","四川省","8","千克","0","?","2,636",
"202605","85177950","光通信设备的激光收发模块","301","比利时","15","进料加工贸易","32","江苏省","93","千克","0","?","40,031",
"202605","85177950","光通信设备的激光收发模块","301","比利时","15","进料加工贸易","51","四川省","0","千克","0","?","88",
"202605","85177950","光通信设备的激光收发模块","302","丹麦","10","一般贸易","31","上海市","14","千克","0","?","10,186",
"202605","85177950","光通信设备的激光收发模块","302","丹麦","10","一般贸易","32","江苏省","8","千克","0","?","29,478",
"202605","85177950","光通信设备的激光收发模块","302","丹麦","10","一般贸易","34","安徽省","106","千克","0","?","36,132",
"202605","85177950","光通信设备的激光收发模块","302","丹麦","10","一般贸易","42","湖北省","1","千克","0","?","45,680",
"202605","85177950","光通信设备的激光收发模块","302","丹麦","10","一般贸易","44","广东省","297","千克","0","?","128,263",
"202605","85177950","光通信设备的激光收发模块","302","丹麦","10","一般贸易","51","四川省","228","千克","0","?","155,298",
"202605","85177950","光通信设备的激光收发模块","302","丹麦","15","进料加工贸易","32","江苏省","0","千克","0","?","133",
"202605","85177950","光通信设备的激光收发模块","303","英国","10","一般贸易","31","上海市","58","千克","0","?","162,463",
"202605","85177950","光通信设备的激光收发模块","303","英国","10","一般贸易","32","江苏省","124","千克","0","?","275,398",
"202605","85177950","光通信设备的激光收发模块","303","英国","10","一般贸易","33","浙江省","7","千克","0","?","1,845",
"202605","85177950","光通信设备的激光收发模块","303","英国","10","一般贸易","35","福建省","14","千克","0","?","4,884",
"202605","85177950","光通信设备的激光收发模块","303","英国","10","一般贸易","37","山东省","1","千克","0","?","94",
"202605","85177950","光通信设备的激光收发模块","303","英国","10","一般贸易","42","湖北省","352","千克","0","?","499,447",
"202605","85177950","光通信设备的激光收发模块","303","英国","10","一般贸易","43","湖南省","0","千克","0","?","15",
"202605","85177950","光通信设备的激光收发模块","303","英国","10","一般贸易","44","广东省","1846","千克","0","?","1,029,568",
"202605","85177950","光通信设备的激光收发模块","303","英国","10","一般贸易","50","重庆市","23","千克","0","?","2,000",
"202605","85177950","光通信设备的激光收发模块","303","英国","10","一般贸易","51","四川省","103","千克","0","?","134,755",
"202605","85177950","光通信设备的激光收发模块","303","英国","15","进料加工贸易","32","江苏省","8","千克","0","?","4,601",
"202605","85177950","光通信设备的激光收发模块","303","英国","15","进料加工贸易","51","四川省","32","千克","0","?","77,040",
"202605","85177950","光通信设备的激光收发模块","303","英国","34","海关特殊监管区域物流货物","44","广东省","39","千克","0","?","33,083",
"202605","85177950","光通信设备的激光收发模块","304","德国","10","一般贸易","23","黑龙江省","3","千克","0","?","120",
"202605","85177950","光通信设备的激光收发模块","304","德国","10","一般贸易","31","上海市","158","千克","0","?","130,054",
"202605","85177950","光通信设备的激光收发模块","304","德国","10","一般贸易","32","江苏省","95","千克","0","?","202,039",
"202605","85177950","光通信设备的激光收发模块","304","德国","10","一般贸易","33","浙江省","204","千克","0","?","322,836",
"202605","85177950","光通信设备的激光收发模块","304","德国","10","一般贸易","34","安徽省","0","千克","0","?","650",
"202605","85177950","光通信设备的激光收发模块","304","德国","10","一般贸易","35","福建省","0","千克","0","?","1",
"202605","85177950","光通信设备的激光收发模块","304","德国","10","一般贸易","37","山东省","5","千克","0","?","3,372",
"202605","85177950","光通信设备的激光收发模块","304","德国","10","一般贸易","41","河南省","2","千克","0","?","3,025",
"202605","85177950","光通信设备的激光收发模块","304","德国","10","一般贸易","42","湖北省","1920","千克","0","?","1,301,228",
"202605","85177950","光通信设备的激光收发模块","304","德国","10","一般贸易","44","广东省","4511","千克","0","?","2,529,202",
"202605","85177950","光通信设备的激光收发模块","304","德国","10","一般贸易","46","海南省","185","千克","0","?","32,704",
"202605","85177950","光通信设备的激光收发模块","304","德国","10","一般贸易","51","四川省","2173","千克","0","?","745,513",
"202605","85177950","光通信设备的激光收发模块","304","德国","10","一般贸易","52","贵州省","1","千克","0","?","149",
"202605","85177950","光通信设备的激光收发模块","304","德国","10","一般贸易","61","陕西省","0","千克","0","?","177",
"202605","85177950","光通信设备的激光收发模块","304","德国","15","进料加工贸易","32","江苏省","94","千克","0","?","817,853",
"202605","85177950","光通信设备的激光收发模块","304","德国","15","进料加工贸易","51","四川省","10","千克","0","?","18,240",
"202605","85177950","光通信设备的激光收发模块","304","德国","33","保税监管场所进出境货物","44","广东省","3","千克","0","?","350",
"202605","85177950","光通信设备的激光收发模块","304","德国","34","海关特殊监管区域物流货物","42","湖北省","923","千克","0","?","959,575",
"202605","85177950","光通信设备的激光收发模块","304","德国","34","海关特殊监管区域物流货物","44","广东省","153","千克","0","?","190,783",
"202605","85177950","光通信设备的激光收发模块","305","法国","10","一般贸易","11","北京市","304","千克","0","?","83,382",
"202605","85177950","光通信设备的激光收发模块","305","法国","10","一般贸易","23","黑龙江省","9","千克","0","?","1,520",
"202605","85177950","光通信设备的激光收发模块","305","法国","10","一般贸易","31","上海市","8","千克","0","?","350",
"202605","85177950","光通信设备的激光收发模块","305","法国","10","一般贸易","32","江苏省","11","千克","0","?","24,458",
"202605","85177950","光通信设备的激光收发模块","305","法国","10","一般贸易","33","浙江省","19","千克","0","?","15,587",
"202605","85177950","光通信设备的激光收发模块","305","法国","10","一般贸易","37","山东省","67","千克","0","?","44,773",
"202605","85177950","光通信设备的激光收发模块","305","法国","10","一般贸易","41","河南省","20","千克","0","?","5,720",
"202605","85177950","光通信设备的激光收发模块","305","法国","10","一般贸易","42","湖北省","256","千克","0","?","300,959",
"202605","85177950","光通信设备的激光收发模块","305","法国","10","一般贸易","44","广东省","1041","千克","0","?","423,919",
"202605","85177950","光通信设备的激光收发模块","305","法国","10","一般贸易","46","海南省","39","千克","0","?","353",
"202605","85177950","光通信设备的激光收发模块","305","法国","10","一般贸易","50","重庆市","0","千克","0","?","20",
"202605","85177950","光通信设备的激光收发模块","305","法国","10","一般贸易","51","四川省","41","千克","0","?","8,170",
"202605","85177950","光通信设备的激光收发模块","305","法国","15","进料加工贸易","32","江苏省","5","千克","0","?","16,059",
"202605","85177950","光通信设备的激光收发模块","305","法国","15","进料加工贸易","51","四川省","0","千克","0","?","1,529",
"202605","85177950","光通信设备的激光收发模块","306","爱尔兰","10","一般贸易","21","辽宁省","0","千克","0","?","17,766",
"202605","85177950","光通信设备的激光收发模块","306","爱尔兰","10","一般贸易","33","浙江省","0","千克","0","?","1,860",
"202605","85177950","光通信设备的激光收发模块","306","爱尔兰","10","一般贸易","44","广东省","93","千克","0","?","115,915",
"202605","85177950","光通信设备的激光收发模块","306","爱尔兰","10","一般贸易","51","四川省","69","千克","0","?","390,000",
"202605","85177950","光通信设备的激光收发模块","306","爱尔兰","10","一般贸易","52","贵州省","0","千克","0","?","46",
"202605","85177950","光通信设备的激光收发模块","306","爱尔兰","15","进料加工贸易","32","江苏省","807","千克","0","?","283,503",
"202605","85177950","光通信设备的激光收发模块","307","意大利","10","一般贸易","31","上海市","1","千克","0","?","1,973",
"202605","85177950","光通信设备的激光收发模块","307","意大利","10","一般贸易","32","江苏省","33","千克","0","?","35,935",
"202605","85177950","光通信设备的激光收发模块","307","意大利","10","一般贸易","33","浙江省","44","千克","0","?","12,858",
"202605","85177950","光通信设备的激光收发模块","307","意大利","10","一般贸易","35","福建省","2","千克","0","?","2,514",
"202605","85177950","光通信设备的激光收发模块","307","意大利","10","一般贸易","42","湖北省","1","千克","0","?","14,742",
"202605","85177950","光通信设备的激光收发模块","307","意大利","10","一般贸易","44","广东省","353","千克","0","?","183,298",
"202605","85177950","光通信设备的激光收发模块","307","意大利","10","一般贸易","46","海南省","14","千克","0","?","17,340",
"202605","85177950","光通信设备的激光收发模块","307","意大利","10","一般贸易","51","四川省","6","千克","0","?","11,081",
"202605","85177950","光通信设备的激光收发模块","307","意大利","15","进料加工贸易","51","四川省","0","千克","0","?","251",
"202605","85177950","光通信设备的激光收发模块","307","意大利","33","保税监管场所进出境货物","44","广东省","9","千克","0","?","630",
"202605","85177950","光通信设备的激光收发模块","308","卢森堡","10","一般贸易","44","广东省","1","千克","0","?","1,760",
"202605","85177950","光通信设备的激光收发模块","309","荷兰","10","一般贸易","11","北京市","20","千克","0","?","6,813",
"202605","85177950","光通信设备的激光收发模块","309","荷兰","10","一般贸易","31","上海市","154","千克","0","?","165,197",
"202605","85177950","光通信设备的激光收发模块","309","荷兰","10","一般贸易","32","江苏省","16","千克","0","?","35,520",
"202605","85177950","光通信设备的激光收发模块","309","荷兰","10","一般贸易","33","浙江省","467","千克","0","?","640,610",
"202605","85177950","光通信设备的激光收发模块","309","荷兰","10","一般贸易","35","福建省","1","千克","0","?","1,471",
"202605","85177950","光通信设备的激光收发模块","309","荷兰","10","一般贸易","42","湖北省","3175","千克","0","?","2,495,962",
"202605","85177950","光通信设备的激光收发模块","309","荷兰","10","一般贸易","44","广东省","3730","千克","0","?","2,128,407",
"202605","85177950","光通信设备的激光收发模块","309","荷兰","10","一般贸易","51","四川省","1198","千克","0","?","1,108,120",
"202605","85177950","光通信设备的激光收发模块","309","荷兰","10","一般贸易","61","陕西省","1","千克","0","?","611",
"202605","85177950","光通信设备的激光收发模块","309","荷兰","15","进料加工贸易","32","江苏省","682","千克","0","?","1,032,936",
"202605","85177950","光通信设备的激光收发模块","309","荷兰","15","进料加工贸易","51","四川省","72","千克","0","?","214,397",
"202605","85177950","光通信设备的激光收发模块","309","荷兰","34","海关特殊监管区域物流货物","32","江苏省","171","千克","0","?","110,674",
"202605","85177950","光通信设备的激光收发模块","310","希腊","10","一般贸易","31","上海市","2","千克","0","?","1,696",
"202605","85177950","光通信设备的激光收发模块","310","希腊","10","一般贸易","33","浙江省","1","千克","0","?","437",
"202605","85177950","光通信设备的激光收发模块","310","希腊","10","一般贸易","37","山东省","0","千克","0","?","34",
"202605","85177950","光通信设备的激光收发模块","310","希腊","10","一般贸易","44","广东省","138","千克","0","?","53,222",
"202605","85177950","光通信设备的激光收发模块","310","希腊","33","保税监管场所进出境货物","44","广东省","4","千克","0","?","960",
"202605","85177950","光通信设备的激光收发模块","311","葡萄牙","10","一般贸易","32","江苏省","0","千克","0","?","362",
"202605","85177950","光通信设备的激光收发模块","311","葡萄牙","10","一般贸易","33","浙江省","36","千克","0","?","43,450",
"202605","85177950","光通信设备的激光收发模块","311","葡萄牙","10","一般贸易","34","安徽省","1","千克","0","?","111",
"202605","85177950","光通信设备的激光收发模块","311","葡萄牙","10","一般贸易","43","湖南省","0","千克","0","?","618",
"202605","85177950","光通信设备的激光收发模块","311","葡萄牙","10","一般贸易","44","广东省","8","千克","0","?","41,756",
"202605","85177950","光通信设备的激光收发模块","312","西班牙","10","一般贸易","23","黑龙江省","0","千克","0","?","1,000",
"202605","85177950","光通信设备的激光收发模块","312","西班牙","10","一般贸易","31","上海市","4","千克","0","?","1,312",
"202605","85177950","光通信设备的激光收发模块","312","西班牙","10","一般贸易","32","江苏省","1","千克","0","?","5",
"202605","85177950","光通信设备的激光收发模块","312","西班牙","10","一般贸易","33","浙江省","139","千克","0","?","191,306",
"202605","85177950","光通信设备的激光收发模块","312","西班牙","10","一般贸易","35","福建省","35","千克","0","?","41,940",
"202605","85177950","光通信设备的激光收发模块","312","西班牙","10","一般贸易","37","山东省","0","千克","0","?","19",
"202605","85177950","光通信设备的激光收发模块","312","西班牙","10","一般贸易","41","河南省","0","千克","0","?","335",
"202605","85177950","光通信设备的激光收发模块","312","西班牙","10","一般贸易","42","湖北省","5","千克","0","?","695",
"202605","85177950","光通信设备的激光收发模块","312","西班牙","10","一般贸易","44","广东省","377","千克","0","?","168,836",
"202605","85177950","光通信设备的激光收发模块","312","西班牙","10","一般贸易","46","海南省","1","千克","0","?","2,841",
"202605","85177950","光通信设备的激光收发模块","312","西班牙","33","保税监管场所进出境货物","44","广东省","5","千克","0","?","964",
"202605","85177950","光通信设备的激光收发模块","313","阿尔巴尼亚","10","一般贸易","31","上海市","0","千克","0","?","82",
"202605","85177950","光通信设备的激光收发模块","313","阿尔巴尼亚","10","一般贸易","44","广东省","5","千克","0","?","21,581",
"202605","85177950","光通信设备的激光收发模块","315","奥地利","10","一般贸易","31","上海市","9","千克","0","?","5,125",
"202605","85177950","光通信设备的激光收发模块","315","奥地利","10","一般贸易","33","浙江省","0","千克","0","?","581",
"202605","85177950","光通信设备的激光收发模块","315","奥地利","10","一般贸易","35","福建省","3","千克","0","?","3,244",
"202605","85177950","光通信设备的激光收发模块","315","奥地利","10","一般贸易","42","湖北省","10","千克","0","?","3,020",
"202605","85177950","光通信设备的激光收发模块","315","奥地利","10","一般贸易","44","广东省","62","千克","0","?","61,298",
"202605","85177950","光通信设备的激光收发模块","316","保加利亚","10","一般贸易","33","浙江省","18","千克","0","?","10,633",
"202605","85177950","光通信设备的激光收发模块","316","保加利亚","10","一般贸易","35","福建省","0","千克","0","?","2,629",
"202605","85177950","光通信设备的激光收发模块","316","保加利亚","10","一般贸易","44","广东省","23","千克","0","?","17,752",
"202605","85177950","光通信设备的激光收发模块","316","保加利亚","10","一般贸易","61","陕西省","4","千克","0","?","3,400",
"202605","85177950","光通信设备的激光收发模块","318","芬兰","10","一般贸易","33","浙江省","1","千克","0","?","14",
"202605","85177950","光通信设备的激光收发模块","318","芬兰","10","一般贸易","42","湖北省","90","千克","0","?","25,902",
"202605","85177950","光通信设备的激光收发模块","318","芬兰","10","一般贸易","44","广东省","152","千克","0","?","112,694",
"202605","85177950","光通信设备的激光收发模块","318","芬兰","15","进料加工贸易","33","浙江省","7","千克","0","?","6,259",
"202605","85177950","光通信设备的激光收发模块","318","芬兰","15","进料加工贸易","51","四川省","1","千克","0","?","5,400",
"202605","85177950","光通信设备的激光收发模块","321","匈牙利","10","一般贸易","33","浙江省","19","千克","0","?","3,601",
"202605","85177950","光通信设备的激光收发模块","321","匈牙利","10","一般贸易","44","广东省","2792","千克","0","?","3,621,533",
"202605","85177950","光通信设备的激光收发模块","321","匈牙利","10","一般贸易","50","重庆市","3","千克","0","?","18,593",
"202605","85177950","光通信设备的激光收发模块","321","匈牙利","10","一般贸易","51","四川省","16","千克","0","?","7,024",
"202605","85177950","光通信设备的激光收发模块","321","匈牙利","33","保税监管场所进出境货物","44","广东省","2","千克","0","?","20,413",
"202605","85177950","光通信设备的激光收发模块","322","冰岛","10","一般贸易","35","福建省","1","千克","0","?","1,771",
"202605","85177950","光通信设备的激光收发模块","323","列支敦士登","10","一般贸易","42","湖北省","1","千克","0","?","2,842",
"202605","85177950","光通信设备的激光收发模块","323","列支敦士登","10","一般贸易","44","广东省","0","千克","0","?","846",
"202605","85177950","光通信设备的激光收发模块","324","马耳他","10","一般贸易","44","广东省","0","千克","0","?","18",
"202605","85177950","光通信设备的激光收发模块","325","摩纳哥","10","一般贸易","44","广东省","0","千克","0","?","160",
"202605","85177950","光通信设备的激光收发模块","326","挪威","10","一般贸易","31","上海市","0","千克","0","?","60",
"202605","85177950","光通信设备的激光收发模块","326","挪威","10","一般贸易","33","浙江省","6","千克","0","?","16,308",
"202605","85177950","光通信设备的激光收发模块","326","挪威","10","一般贸易","35","福建省","0","千克","0","?","594",
"202605","85177950","光通信设备的激光收发模块","326","挪威","10","一般贸易","42","湖北省","99","千克","0","?","60,991",
"202605","85177950","光通信设备的激光收发模块","326","挪威","10","一般贸易","44","广东省","327","千克","0","?","131,881",
"202605","85177950","光通信设备的激光收发模块","326","挪威","10","一般贸易","51","四川省","1","千克","0","?","490",
"202605","85177950","光通信设备的激光收发模块","326","挪威","15","进料加工贸易","32","江苏省","1","千克","0","?","7,066",
"202605","85177950","光通信设备的激光收发模块","327","波兰","10","一般贸易","11","北京市","17","千克","0","?","2,490",
"202605","85177950","光通信设备的激光收发模块","327","波兰","10","一般贸易","31","上海市","41","千克","0","?","47,415",
"202605","85177950","光通信设备的激光收发模块","327","波兰","10","一般贸易","32","江苏省","6","千克","0","?","18,740",
"202605","85177950","光通信设备的激光收发模块","327","波兰","10","一般贸易","33","浙江省","46","千克","0","?","72,834",
"202605","85177950","光通信设备的激光收发模块","327","波兰","10","一般贸易","37","山东省","0","千克","0","?","40",
"202605","85177950","光通信设备的激光收发模块","327","波兰","10","一般贸易","42","湖北省","905","千克","0","?","298,943",
"202605","85177950","光通信设备的激光收发模块","327","波兰","10","一般贸易","44","广东省","702","千克","0","?","218,136",
"202605","85177950","光通信设备的激光收发模块","327","波兰","10","一般贸易","46","海南省","303","千克","0","?","73,875",
"202605","85177950","光通信设备的激光收发模块","327","波兰","10","一般贸易","51","四川省","88","千克","0","?","51,440",
"202605","85177950","光通信设备的激光收发模块","327","波兰","15","进料加工贸易","51","四川省","0","千克","0","?","153",
"202605","85177950","光通信设备的激光收发模块","327","波兰","33","保税监管场所进出境货物","44","广东省","281","千克","0","?","56,218",
"202605","85177950","光通信设备的激光收发模块","328","罗马尼亚","10","一般贸易","32","江苏省","6","千克","0","?","2,300",
"202605","85177950","光通信设备的激光收发模块","328","罗马尼亚","10","一般贸易","33","浙江省","1","千克","0","?","643",
"202605","85177950","光通信设备的激光收发模块","328","罗马尼亚","10","一般贸易","41","河南省","19","千克","0","?","18,620",
"202605","85177950","光通信设备的激光收发模块","328","罗马尼亚","10","一般贸易","44","广东省","101","千克","0","?","23,396",
"202605","85177950","光通信设备的激光收发模块","328","罗马尼亚","10","一般贸易","46","海南省","27","千克","0","?","4,808",
"202605","85177950","光通信设备的激光收发模块","328","罗马尼亚","10","一般贸易","51","四川省","15","千克","0","?","30,581",
"202605","85177950","光通信设备的激光收发模块","330","瑞典","10","一般贸易","31","上海市","0","千克","0","?","700",
"202605","85177950","光通信设备的激光收发模块","330","瑞典","10","一般贸易","32","江苏省","2","千克","0","?","3,241",
"202605","85177950","光通信设备的激光收发模块","330","瑞典","10","一般贸易","33","浙江省","8","千克","0","?","1,904",
"202605","85177950","光通信设备的激光收发模块","330","瑞典","10","一般贸易","42","湖北省","2377","千克","0","?","840,791",
"202605","85177950","光通信设备的激光收发模块","330","瑞典","10","一般贸易","44","广东省","625","千克","0","?","192,355",
"202605","85177950","光通信设备的激光收发模块","330","瑞典","10","一般贸易","50","重庆市","2","千克","0","?","400",
"202605","85177950","光通信设备的激光收发模块","330","瑞典","10","一般贸易","51","四川省","1125","千克","0","?","641,808",
"202605","85177950","光通信设备的激光收发模块","330","瑞典","10","一般贸易","61","陕西省","2","千克","0","?","944",
"202605","85177950","光通信设备的激光收发模块","330","瑞典","15","进料加工贸易","32","江苏省","1","千克","0","?","1,508",
"202605","85177950","光通信设备的激光收发模块","330","瑞典","15","进料加工贸易","51","四川省","836","千克","0","?","203,753",
"202605","85177950","光通信设备的激光收发模块","330","瑞典","34","海关特殊监管区域物流货物","32","江苏省","6","千克","0","?","27,682",
"202605","85177950","光通信设备的激光收发模块","331","瑞士","10","一般贸易","21","辽宁省","73","千克","0","?","157,204",
"202605","85177950","光通信设备的激光收发模块","331","瑞士","10","一般贸易","42","湖北省","1","千克","0","?","980",
"202605","85177950","光通信设备的激光收发模块","331","瑞士","10","一般贸易","44","广东省","115","千克","0","?","52,396",
"202605","85177950","光通信设备的激光收发模块","334","爱沙尼亚","10","一般贸易","33","浙江省","0","千克","0","?","202",
"202605","85177950","光通信设备的激光收发模块","334","爱沙尼亚","10","一般贸易","42","湖北省","3","千克","0","?","5,490",
"202605","85177950","光通信设备的激光收发模块","334","爱沙尼亚","10","一般贸易","44","广东省","0","千克","0","?","418",
"202605","85177950","光通信设备的激光收发模块","335","拉脱维亚","10","一般贸易","36","江西省","0","千克","0","?","9",
"202605","85177950","光通信设备的激光收发模块","335","拉脱维亚","10","一般贸易","42","湖北省","2","千克","0","?","1,180",
"202605","85177950","光通信设备的激光收发模块","335","拉脱维亚","10","一般贸易","44","广东省","943","千克","0","?","375,190",
"202605","85177950","光通信设备的激光收发模块","335","拉脱维亚","10","一般贸易","51","四川省","12","千克","0","?","5,940",
"202605","85177950","光通信设备的激光收发模块","335","拉脱维亚","33","保税监管场所进出境货物","44","广东省","46","千克","0","?","1,330",
"202605","85177950","光通信设备的激光收发模块","336","立陶宛","10","一般贸易","44","广东省","47","千克","0","?","5,534",
"202605","85177950","光通信设备的激光收发模块","340","白俄罗斯","10","一般贸易","31","上海市","69","千克","0","?","8,142",
"202605","85177950","光通信设备的激光收发模块","340","白俄罗斯","10","一般贸易","37","山东省","4","千克","0","?","1,837",
"202605","85177950","光通信设备的激光收发模块","340","白俄罗斯","10","一般贸易","44","广东省","15","千克","0","?","4,105",
"202605","85177950","光通信设备的激光收发模块","340","白俄罗斯","10","一般贸易","46","海南省","46","千克","0","?","5,705",
"202605","85177950","光通信设备的激光收发模块","343","摩尔多瓦","10","一般贸易","32","江苏省","24","千克","0","?","2,676",
"202605","85177950","光通信设备的激光收发模块","343","摩尔多瓦","10","一般贸易","44","广东省","21","千克","0","?","9,965",
"202605","85177950","光通信设备的激光收发模块","344","俄罗斯","10","一般贸易","11","北京市","3","千克","0","?","4,539",
"202605","85177950","光通信设备的激光收发模块","344","俄罗斯","10","一般贸易","21","辽宁省","0","千克","0","?","234",
"202605","85177950","光通信设备的激光收发模块","344","俄罗斯","10","一般贸易","22","吉林省","130","千克","0","?","2,631",
"202605","85177950","光通信设备的激光收发模块","344","俄罗斯","10","一般贸易","23","黑龙江省","14","千克","0","?","13,685",
"202605","85177950","光通信设备的激光收发模块","344","俄罗斯","10","一般贸易","31","上海市","1127","千克","0","?","289,928",
"202605","85177950","光通信设备的激光收发模块","344","俄罗斯","10","一般贸易","32","江苏省","338","千克","0","?","322,244",
"202605","85177950","光通信设备的激光收发模块","344","俄罗斯","10","一般贸易","33","浙江省","3","千克","0","?","496",
"202605","85177950","光通信设备的激光收发模块","344","俄罗斯","10","一般贸易","34","安徽省","509","千克","0","?","72,544",
"202605","85177950","光通信设备的激光收发模块","344","俄罗斯","10","一般贸易","37","山东省","0","千克","0","?","14",
"202605","85177950","光通信设备的激光收发模块","344","俄罗斯","10","一般贸易","42","湖北省","1039","千克","0","?","527,092",
"202605","85177950","光通信设备的激光收发模块","344","俄罗斯","10","一般贸易","44","广东省","7209","千克","0","?","3,452,187",
"202605","85177950","光通信设备的激光收发模块","344","俄罗斯","10","一般贸易","46","海南省","412","千克","0","?","23,440",
"202605","85177950","光通信设备的激光收发模块","344","俄罗斯","34","海关特殊监管区域物流货物","15","内蒙古自治区","15","千克","0","?","20,866",
"202605","85177950","光通信设备的激光收发模块","344","俄罗斯","34","海关特殊监管区域物流货物","32","江苏省","142","千克","0","?","56,319",
"202605","85177950","光通信设备的激光收发模块","344","俄罗斯","34","海关特殊监管区域物流货物","42","湖北省","488","千克","0","?","476,742",
"202605","85177950","光通信设备的激光收发模块","344","俄罗斯","34","海关特殊监管区域物流货物","44","广东省","20","千克","0","?","258,833",
"202605","85177950","光通信设备的激光收发模块","344","俄罗斯","39","其他","33","浙江省","47","千克","0","?","16,349",
"202605","85177950","光通信设备的激光收发模块","347","乌克兰","10","一般贸易","31","上海市","16","千克","0","?","5,020",
"202605","85177950","光通信设备的激光收发模块","347","乌克兰","10","一般贸易","33","浙江省","0","千克","0","?","85",
"202605","85177950","光通信设备的激光收发模块","347","乌克兰","10","一般贸易","44","广东省","271","千克","0","?","616,770",
"202605","85177950","光通信设备的激光收发模块","347","乌克兰","10","一般贸易","46","海南省","46","千克","0","?","12,753",
"202605","85177950","光通信设备的激光收发模块","350","斯洛文尼亚","10","一般贸易","11","北京市","52","千克","0","?","2,060",
"202605","85177950","光通信设备的激光收发模块","350","斯洛文尼亚","10","一般贸易","41","河南省","4","千克","0","?","3,440",
"202605","85177950","光通信设备的激光收发模块","350","斯洛文尼亚","10","一般贸易","44","广东省","92","千克","0","?","103,981",
"202605","85177950","光通信设备的激光收发模块","350","斯洛文尼亚","33","保税监管场所进出境货物","44","广东省","0","千克","0","?","207",
"202605","85177950","光通信设备的激光收发模块","351","克罗地亚","10","一般贸易","33","浙江省","10","千克","0","?","3,688",
"202605","85177950","光通信设备的激光收发模块","351","克罗地亚","10","一般贸易","44","广东省","13","千克","0","?","2,760",
"202605","85177950","光通信设备的激光收发模块","352","捷克","10","一般贸易","31","上海市","6","千克","0","?","1,915",
"202605","85177950","光通信设备的激光收发模块","352","捷克","10","一般贸易","33","浙江省","1","千克","0","?","1,160",
"202605","85177950","光通信设备的激光收发模块","352","捷克","10","一般贸易","42","湖北省","309","千克","0","?","145,287",
"202605","85177950","光通信设备的激光收发模块","352","捷克","10","一般贸易","44","广东省","1733","千克","0","?","489,017",
"202605","85177950","光通信设备的激光收发模块","352","捷克","10","一般贸易","46","海南省","6","千克","0","?","490",
"202605","85177950","光通信设备的激光收发模块","352","捷克","10","一般贸易","65","新疆维吾尔自治区","1","千克","0","?","8",
"202605","85177950","光通信设备的激光收发模块","352","捷克","15","进料加工贸易","32","江苏省","183","千克","0","?","128,113",
"202605","85177950","光通信设备的激光收发模块","353","斯洛伐克","10","一般贸易","32","江苏省","3","千克","0","?","2,363",
"202605","85177950","光通信设备的激光收发模块","353","斯洛伐克","10","一般贸易","44","广东省","9","千克","0","?","4,349",
"202605","85177950","光通信设备的激光收发模块","353","斯洛伐克","10","一般贸易","51","四川省","62","千克","0","?","95,353",
"202605","85177950","光通信设备的激光收发模块","353","斯洛伐克","33","保税监管场所进出境货物","44","广东省","1","千克","0","?","342",
"202605","85177950","光通信设备的激光收发模块","354","北马其顿","10","一般贸易","44","广东省","9","千克","0","?","2,394",
"202605","85177950","光通信设备的激光收发模块","355","波斯尼亚和黑塞哥维那","10","一般贸易","33","浙江省","0","千克","0","?","355",
"202605","85177950","光通信设备的激光收发模块","355","波斯尼亚和黑塞哥维那","10","一般贸易","44","广东省","25","千克","0","?","8,044",
"202605","85177950","光通信设备的激光收发模块","358","塞尔维亚","10","一般贸易","31","上海市","1","千克","0","?","854",
"202605","85177950","光通信设备的激光收发模块","358","塞尔维亚","10","一般贸易","32","江苏省","4","千克","0","?","2,551",
"202605","85177950","光通信设备的激光收发模块","358","塞尔维亚","10","一般贸易","33","浙江省","2","千克","0","?","1,489",
"202605","85177950","光通信设备的激光收发模块","358","塞尔维亚","10","一般贸易","42","湖北省","0","千克","0","?","1,622",
"202605","85177950","光通信设备的激光收发模块","358","塞尔维亚","10","一般贸易","44","广东省","10","千克","0","?","1,346",
"202605","85177950","光通信设备的激光收发模块","359","黑山","10","一般贸易","44","广东省","3","千克","0","?","1,504",
"202605","85177950","光通信设备的激光收发模块","402","阿根廷","10","一般贸易","33","浙江省","2","千克","0","?","745",
"202605","85177950","光通信设备的激光收发模块","402","阿根廷","10","一般贸易","44","广东省","315","千克","0","?","169,811",
"202605","85177950","光通信设备的激光收发模块","402","阿根廷","15","进料加工贸易","44","广东省","0","千克","0","?","15,384",
"202605","85177950","光通信设备的激光收发模块","402","阿根廷","34","海关特殊监管区域物流货物","32","江苏省","172","千克","0","?","58,896",
"202605","85177950","光通信设备的激光收发模块","404","巴哈马","34","海关特殊监管区域物流货物","33","浙江省","1","千克","0","?","2,331",
"202605","85177950","光通信设备的激光收发模块","405","巴巴多斯","10","一般贸易","44","广东省","0","千克","0","?","313",
"202605","85177950","光通信设备的激光收发模块","408","玻利维亚
","10","一般贸易","44","广东省","3","千克","0","?","8,278",
"202605","85177950","光通信设备的激光收发模块","410","巴西","10","一般贸易","31","上海市","18","千克","0","?","14,312",
"202605","85177950","光通信设备的激光收发模块","410","巴西","10","一般贸易","32","江苏省","104","千克","0","?","433,322",
"202605","85177950","光通信设备的激光收发模块","410","巴西","10","一般贸易","33","浙江省","6","千克","0","?","2,999",
"202605","85177950","光通信设备的激光收发模块","410","巴西","10","一般贸易","42","湖北省","255","千克","0","?","446,926",
"202605","85177950","光通信设备的激光收发模块","410","巴西","10","一般贸易","44","广东省","3180","千克","0","?","1,292,228",
"202605","85177950","光通信设备的激光收发模块","410","巴西","10","一般贸易","46","海南省","5","千克","0","?","668",
"202605","85177950","光通信设备的激光收发模块","410","巴西","10","一般贸易","51","四川省","86","千克","0","?","32,513",
"202605","85177950","光通信设备的激光收发模块","410","巴西","15","进料加工贸易","51","四川省","33","千克","0","?","44,560",
"202605","85177950","光通信设备的激光收发模块","410","巴西","33","保税监管场所进出境货物","44","广东省","117","千克","0","?","16,103",
"202605","85177950","光通信设备的激光收发模块","410","巴西","34","海关特殊监管区域物流货物","32","江苏省","266","千克","0","?","63,369",
"202605","85177950","光通信设备的激光收发模块","412","智利","10","一般贸易","33","浙江省","0","千克","0","?","193",
"202605","85177950","光通信设备的激光收发模块","412","智利","10","一般贸易","42","湖北省","3","千克","0","?","9,900",
"202605","85177950","光通信设备的激光收发模块","412","智利","10","一般贸易","44","广东省","121","千克","0","?","24,710",
"202605","85177950","光通信设备的激光收发模块","412","智利","10","一般贸易","52","贵州省","1","千克","0","?","248",
"202605","85177950","光通信设备的激光收发模块","413","哥伦比亚","10","一般贸易","33","浙江省","127","千克","0","?","13,076",
"202605","85177950","光通信设备的激光收发模块","413","哥伦比亚","10","一般贸易","36","江西省","0","千克","0","?","8",
"202605","85177950","光通信设备的激光收发模块","413","哥伦比亚","10","一般贸易","43","湖南省","1","千克","0","?","424",
"202605","85177950","光通信设备的激光收发模块","413","哥伦比亚","10","一般贸易","44","广东省","466","千克","0","?","144,742",
"202605","85177950","光通信设备的激光收发模块","413","哥伦比亚","33","保税监管场所进出境货物","44","广东省","50","千克","0","?","8,285",
"202605","85177950","光通信设备的激光收发模块","413","哥伦比亚","34","海关特殊监管区域物流货物","32","江苏省","0","千克","0","?","593",
"202605","85177950","光通信设备的激光收发模块","413","哥伦比亚","34","海关特殊监管区域物流货物","35","福建省","2","千克","0","?","990",
"202605","85177950","光通信设备的激光收发模块","413","哥伦比亚","39","其他","33","浙江省","20","千克","0","?","193",
"202605","85177950","光通信设备的激光收发模块","415","哥斯达黎加","10","一般贸易","44","广东省","5","千克","0","?","13,483",
"202605","85177950","光通信设备的激光收发模块","415","哥斯达黎加","33","保税监管场所进出境货物","44","广东省","6","千克","0","?","569",
"202605","85177950","光通信设备的激光收发模块","418","多米尼加
","10","一般贸易","33","浙江省","3","千克","0","?","1,086",
"202605","85177950","光通信设备的激光收发模块","418","多米尼加
","10","一般贸易","41","河南省","0","千克","0","?","100",
"202605","85177950","光通信设备的激光收发模块","418","多米尼加
","10","一般贸易","42","湖北省","0","千克","0","?","460",
"202605","85177950","光通信设备的激光收发模块","418","多米尼加
","10","一般贸易","44","广东省","17","千克","0","?","26,422",
"202605","85177950","光通信设备的激光收发模块","419","厄瓜多尔","10","一般贸易","32","江苏省","0","千克","0","?","44",
"202605","85177950","光通信设备的激光收发模块","419","厄瓜多尔","10","一般贸易","33","浙江省","5","千克","0","?","1,299",
"202605","85177950","光通信设备的激光收发模块","419","厄瓜多尔","10","一般贸易","44","广东省","133","千克","0","?","50,020",
"202605","85177950","光通信设备的激光收发模块","419","厄瓜多尔","34","海关特殊监管区域物流货物","32","江苏省","0","千克","0","?","87",
"202605","85177950","光通信设备的激光收发模块","420","法属圭亚那","10","一般贸易","44","广东省","0","千克","0","?","160",
"202605","85177950","光通信设备的激光收发模块","423","危地马拉","10","一般贸易","44","广东省","6","千克","0","?","5,572",
"202605","85177950","光通信设备的激光收发模块","424","圭亚那","10","一般贸易","44","广东省","2","千克","0","?","21,208",
"202605","85177950","光通信设备的激光收发模块","426","洪都拉斯","10","一般贸易","33","浙江省","0","千克","0","?","100",
"202605","85177950","光通信设备的激光收发模块","426","洪都拉斯","10","一般贸易","44","广东省","5","千克","0","?","2,332",
"202605","85177950","光通信设备的激光收发模块","427","牙买加","10","一般贸易","44","广东省","1","千克","0","?","24",
"202605","85177950","光通信设备的激光收发模块","429","墨西哥","10","一般贸易","12","天津市","1","千克","0","?","1,280",
"202605","85177950","光通信设备的激光收发模块","429","墨西哥","10","一般贸易","31","上海市","360","千克","0","?","265,746",
"202605","85177950","光通信设备的激光收发模块","429","墨西哥","10","一般贸易","32","江苏省","176","千克","0","?","1,042,691",
"202605","85177950","光通信设备的激光收发模块","429","墨西哥","10","一般贸易","33","浙江省","10","千克","0","?","44,249",
"202605","85177950","光通信设备的激光收发模块","429","墨西哥","10","一般贸易","37","山东省","0","千克","0","?","24",
"202605","85177950","光通信设备的激光收发模块","429","墨西哥","10","一般贸易","42","湖北省","1007","千克","0","?","1,023,254",
"202605","85177950","光通信设备的激光收发模块","429","墨西哥","10","一般贸易","44","广东省","9411","千克","0","?","34,554,962",
"202605","85177950","光通信设备的激光收发模块","429","墨西哥","10","一般贸易","50","重庆市","6","千克","0","?","42,600",
"202605","85177950","光通信设备的激光收发模块","429","墨西哥","10","一般贸易","51","四川省","448","千克","0","?","1,032,016",
"202605","85177950","光通信设备的激光收发模块","429","墨西哥","10","一般贸易","61","陕西省","0","千克","0","?","207",
"202605","85177950","光通信设备的激光收发模块","429","墨西哥","15","进料加工贸易","32","江苏省","481","千克","0","?","322,045",
"202605","85177950","光通信设备的激光收发模块","429","墨西哥","15","进料加工贸易","44","广东省","1992","千克","0","?","9,040,896",
"202605","85177950","光通信设备的激光收发模块","429","墨西哥","15","进料加工贸易","51","四川省","1008","千克","0","?","2,787,165",
"202605","85177950","光通信设备的激光收发模块","429","墨西哥","33","保税监管场所进出境货物","44","广东省","2","千克","0","?","10,866",
"202605","85177950","光通信设备的激光收发模块","429","墨西哥","34","海关特殊监管区域物流货物","32","江苏省","17","千克","0","?","17,989",
"202605","85177950","光通信设备的激光收发模块","429","墨西哥","34","海关特殊监管区域物流货物","35","福建省","8","千克","0","?","8,962",
"202605","85177950","光通信设备的激光收发模块","429","墨西哥","39","其他","42","湖北省","1","千克","0","?","2,998",
"202605","85177950","光通信设备的激光收发模块","431","尼加拉瓜","10","一般贸易","42","湖北省","0","千克","0","?","130",
"202605","85177950","光通信设备的激光收发模块","432","巴拿马","10","一般贸易","44","广东省","1327","千克","0","?","712,795",
"202605","85177950","光通信设备的激光收发模块","432","巴拿马","10","一般贸易","46","海南省","2","千克","0","?","430",
"202605","85177950","光通信设备的激光收发模块","432","巴拿马","34","海关特殊监管区域物流货物","32","江苏省","17","千克","0","?","3,012",
"202605","85177950","光通信设备的激光收发模块","433","巴拉圭","10","一般贸易","44","广东省","5","千克","0","?","2,745",
"202605","85177950","光通信设备的激光收发模块","433","巴拉圭","34","海关特殊监管区域物流货物","32","江苏省","1","千克","0","?","170",
"202605","85177950","光通信设备的激光收发模块","434","秘鲁","10","一般贸易","31","上海市","1","千克","0","?","1,402",
"202605","85177950","光通信设备的激光收发模块","434","秘鲁","10","一般贸易","33","浙江省","2","千克","0","?","1,645",
"202605","85177950","光通信设备的激光收发模块","434","秘鲁","10","一般贸易","42","湖北省","5","千克","0","?","5,366",
"202605","85177950","光通信设备的激光收发模块","434","秘鲁","10","一般贸易","44","广东省","175","千克","0","?","199,655",
"202605","85177950","光通信设备的激光收发模块","434","秘鲁","10","一般贸易","46","海南省","38","千克","0","?","9,872",
"202605","85177950","光通信设备的激光收发模块","434","秘鲁","33","保税监管场所进出境货物","44","广东省","25","千克","0","?","882",
"202605","85177950","光通信设备的激光收发模块","434","秘鲁","34","海关特殊监管区域物流货物","32","江苏省","5","千克","0","?","1,715",
"202605","85177950","光通信设备的激光收发模块","435","波多黎各","10","一般贸易","44","广东省","0","千克","0","?","340",
"202605","85177950","光通信设备的激光收发模块","440","萨尔瓦多","10","一般贸易","44","广东省","20","千克","0","?","6,963",
"202605","85177950","光通信设备的激光收发模块","441","苏里南","10","一般贸易","44","广东省","2","千克","0","?","407",
"202605","85177950","光通信设备的激光收发模块","442","特立尼达和多巴哥","10","一般贸易","44","广东省","2","千克","0","?","691",
"202605","85177950","光通信设备的激光收发模块","444","乌拉圭","10","一般贸易","44","广东省","35","千克","0","?","12,523",
"202605","85177950","光通信设备的激光收发模块","445","委内瑞拉","10","一般贸易","42","湖北省","1","千克","0","?","165",
"202605","85177950","光通信设备的激光收发模块","445","委内瑞拉","10","一般贸易","44","广东省","84","千克","0","?","47,398",
"202605","85177950","光通信设备的激光收发模块","445","委内瑞拉","10","一般贸易","61","陕西省","2","千克","0","?","1,380",
"202605","85177950","光通信设备的激光收发模块","501","加拿大","10","一般贸易","13","河北省","64","千克","0","?","189",
"202605","85177950","光通信设备的激光收发模块","501","加拿大","10","一般贸易","31","上海市","22","千克","0","?","106,083",
"202605","85177950","光通信设备的激光收发模块","501","加拿大","10","一般贸易","32","江苏省","0","千克","0","?","3,095",
"202605","85177950","光通信设备的激光收发模块","501","加拿大","10","一般贸易","33","浙江省","12","千克","0","?","34,096",
"202605","85177950","光通信设备的激光收发模块","501","加拿大","10","一般贸易","37","山东省","0","千克","0","?","14",
"202605","85177950","光通信设备的激光收发模块","501","加拿大","10","一般贸易","42","湖北省","477","千克","0","?","1,099,554",
"202605","85177950","光通信设备的激光收发模块","501","加拿大","10","一般贸易","43","湖南省","31","千克","0","?","26,001",
"202605","85177950","光通信设备的激光收发模块","501","加拿大","10","一般贸易","44","广东省","501","千克","0","?","770,189",
"202605","85177950","光通信设备的激光收发模块","501","加拿大","10","一般贸易","46","海南省","22","千克","0","?","939",
"202605","85177950","光通信设备的激光收发模块","501","加拿大","10","一般贸易","51","四川省","11","千克","0","?","30,621",
"202605","85177950","光通信设备的激光收发模块","501","加拿大","15","进料加工贸易","32","江苏省","2","千克","0","?","760",
"202605","85177950","光通信设备的激光收发模块","501","加拿大","15","进料加工贸易","51","四川省","3","千克","0","?","4,209",
"202605","85177950","光通信设备的激光收发模块","501","加拿大","34","海关特殊监管区域物流货物","32","江苏省","1818","千克","0","?","276,185",
"202605","85177950","光通信设备的激光收发模块","502","美国","10","一般贸易","11","北京市","1501","千克","0","?","746,695",
"202605","85177950","光通信设备的激光收发模块","502","美国","10","一般贸易","31","上海市","572","千克","0","?","1,480,328",
"202605","85177950","光通信设备的激光收发模块","502","美国","10","一般贸易","32","江苏省","3241","千克","0","?","5,502,659",
"202605","85177950","光通信设备的激光收发模块","502","美国","10","一般贸易","33","浙江省","6017","千克","0","?","1,805,434",
"202605","85177950","光通信设备的激光收发模块","502","美国","10","一般贸易","34","安徽省","3","千克","0","?","7,383",
"202605","85177950","光通信设备的激光收发模块","502","美国","10","一般贸易","35","福建省","2","千克","0","?","4,027",
"202605","85177950","光通信设备的激光收发模块","502","美国","10","一般贸易","36","江西省","2","千克","0","?","900",
"202605","85177950","光通信设备的激光收发模块","502","美国","10","一般贸易","37","山东省","112","千克","0","?","386,226",
"202605","85177950","光通信设备的激光收发模块","502","美国","10","一般贸易","41","河南省","10","千克","0","?","52,920",
"202605","85177950","光通信设备的激光收发模块","502","美国","10","一般贸易","42","湖北省","4280","千克","0","?","6,356,022",
"202605","85177950","光通信设备的激光收发模块","502","美国","10","一般贸易","44","广东省","12995","千克","0","?","12,457,665",
"202605","85177950","光通信设备的激光收发模块","502","美国","10","一般贸易","46","海南省","13","千克","0","?","6,632",
"202605","85177950","光通信设备的激光收发模块","502","美国","10","一般贸易","51","四川省","1055","千克","0","?","2,706,048",
"202605","85177950","光通信设备的激光收发模块","502","美国","15","进料加工贸易","32","江苏省","1473","千克","0","?","4,413,832",
"202605","85177950","光通信设备的激光收发模块","502","美国","15","进料加工贸易","44","广东省","124","千克","0","?","208,497",
"202605","85177950","光通信设备的激光收发模块","502","美国","15","进料加工贸易","50","重庆市","0","千克","0","?","91",
"202605","85177950","光通信设备的激光收发模块","502","美国","15","进料加工贸易","51","四川省","5395","千克","0","?","17,544,785",
"202605","85177950","光通信设备的激光收发模块","502","美国","33","保税监管场所进出境货物","11","北京市","0","千克","0","?","1,556",
"202605","85177950","光通信设备的激光收发模块","502","美国","33","保税监管场所进出境货物","42","湖北省","0","千克","0","?","778",
"202605","85177950","光通信设备的激光收发模块","502","美国","33","保税监管场所进出境货物","44","广东省","1795","千克","0","?","371,911",
"202605","85177950","光通信设备的激光收发模块","502","美国","34","海关特殊监管区域物流货物","32","江苏省","32","千克","0","?","38,175",
"202605","85177950","光通信设备的激光收发模块","502","美国","34","海关特殊监管区域物流货物","44","广东省","43","千克","0","?","24,432",
"202605","85177950","光通信设备的激光收发模块","502","美国","39","其他","32","江苏省","0","千克","0","?","1,239",
"202605","85177950","光通信设备的激光收发模块","502","美国","39","其他","33","浙江省","10","千克","0","?","1,307",
"202605","85177950","光通信设备的激光收发模块","502","美国","39","其他","42","湖北省","4","千克","0","?","1,000",
"202605","85177950","光通信设备的激光收发模块","504","百慕大","10","一般贸易","44","广东省","2","千克","0","?","7,157",
"202605","85177950","光通信设备的激光收发模块","601","澳大利亚","10","一般贸易","11","北京市","12","千克","0","?","5,626",
"202605","85177950","光通信设备的激光收发模块","601","澳大利亚","10","一般贸易","31","上海市","0","千克","0","?","2,370",
"202605","85177950","光通信设备的激光收发模块","601","澳大利亚","10","一般贸易","32","江苏省","1","千克","0","?","16,437",
"202605","85177950","光通信设备的激光收发模块","601","澳大利亚","10","一般贸易","33","浙江省","7","千克","0","?","21,103",
"202605","85177950","光通信设备的激光收发模块","601","澳大利亚","10","一般贸易","37","山东省","5","千克","0","?","104",
"202605","85177950","光通信设备的激光收发模块","601","澳大利亚","10","一般贸易","42","湖北省","57","千克","0","?","110,538",
"202605","85177950","光通信设备的激光收发模块","601","澳大利亚","10","一般贸易","44","广东省","284","千克","0","?","537,619",
"202605","85177950","光通信设备的激光收发模块","601","澳大利亚","10","一般贸易","46","海南省","1","千克","0","?","900",
"202605","85177950","光通信设备的激光收发模块","601","澳大利亚","10","一般贸易","51","四川省","16","千克","0","?","62,690",
"202605","85177950","光通信设备的激光收发模块","601","澳大利亚","15","进料加工贸易","32","江苏省","2008","千克","0","?","376,045",
"202605","85177950","光通信设备的激光收发模块","601","澳大利亚","15","进料加工贸易","35","福建省","18","千克","0","?","21,295",
"202605","85177950","光通信设备的激光收发模块","601","澳大利亚","15","进料加工贸易","44","广东省","0","千克","0","?","288",
"202605","85177950","光通信设备的激光收发模块","601","澳大利亚","34","海关特殊监管区域物流货物","32","江苏省","506","千克","0","?","313,200",
"202605","85177950","光通信设备的激光收发模块","601","澳大利亚","34","海关特殊监管区域物流货物","42","湖北省","13","千克","0","?","9,990",
"202605","85177950","光通信设备的激光收发模块","603","斐济","10","一般贸易","33","浙江省","0","千克","0","?","130",
"202605","85177950","光通信设备的激光收发模块","607","新喀里多尼亚","10","一般贸易","44","广东省","0","千克","0","?","2,476",
"202605","85177950","光通信设备的激光收发模块","608","瓦努阿图","10","一般贸易","44","广东省","0","千克","0","?","27",
"202605","85177950","光通信设备的激光收发模块","609","新西兰","10","一般贸易","32","江苏省","0","千克","0","?","92",
"202605","85177950","光通信设备的激光收发模块","609","新西兰","10","一般贸易","33","浙江省","3","千克","0","?","422",
"202605","85177950","光通信设备的激光收发模块","609","新西兰","10","一般贸易","37","山东省","3","千克","0","?","120",
"202605","85177950","光通信设备的激光收发模块","609","新西兰","10","一般贸易","42","湖北省","0","千克","0","?","616",
"202605","85177950","光通信设备的激光收发模块","609","新西兰","10","一般贸易","44","广东省","9","千克","0","?","27,214",
"202605","85177950","光通信设备的激光收发模块","609","新西兰","33","保税监管场所进出境货物","44","广东省","1","千克","0","?","218",
"202605","85177950","光通信设备的激光收发模块","609","新西兰","34","海关特殊监管区域物流货物","32","江苏省","131","千克","0","?","36,083",
"202605","85177950","光通信设备的激光收发模块","611","巴布亚新几内亚","10","一般贸易","11","北京市","40","千克","0","?","13,741",
"202605","85177950","光通信设备的激光收发模块","611","巴布亚新几内亚","10","一般贸易","44","广东省","8","千克","0","?","8,387",
"202605","85177950","光通信设备的激光收发模块","611","巴布亚新几内亚","34","海关特殊监管区域物流货物","32","江苏省","74","千克","0","?","10,776",
"202605","85177950","光通信设备的激光收发模块","613","所罗门群岛","10","一般贸易","44","广东省","0","千克","0","?","89",
"202605","85177950","光通信设备的激光收发模块","617","萨摩亚","10","一般贸易","44","广东省","0","千克","0","?","493",
"202605","85177950","光通信设备的激光收发模块","617","萨摩亚","34","海关特殊监管区域物流货物","32","江苏省","2","千克","0","?","528",
"202605","85177950","光通信设备的激光收发模块","621","马绍尔群岛","33","保税监管场所进出境货物","37","山东省","0","千克","0","?","800",
"202605","85177950","光通信设备的激光收发模块","622","帕劳","34","海关特殊监管区域物流货物","32","江苏省","1","千克","0","?","230",
"202605","85177950","光通信设备的激光收发模块","631","北马里亚纳群岛
","10","一般贸易","44","广东省","21","千克","0","?","827",
"202606","85177950","光通信设备的激光收发模块","101","阿富汗","10","一般贸易","44","广东省","40","千克","0","?","45,868",
"202606","85177950","光通信设备的激光收发模块","102","巴林","10","一般贸易","33","浙江省","0","千克","0","?","266",
"202606","85177950","光通信设备的激光收发模块","102","巴林","10","一般贸易","35","福建省","1","千克","0","?","570",
"202606","85177950","光通信设备的激光收发模块","102","巴林","10","一般贸易","44","广东省","0","千克","0","?","5,865",
"202606","85177950","光通信设备的激光收发模块","102","巴林","34","海关特殊监管区域物流货物","35","福建省","5","千克","0","?","3,948",
"202606","85177950","光通信设备的激光收发模块","103","孟加拉国","10","一般贸易","31","上海市","107","千克","0","?","52,340",
"202606","85177950","光通信设备的激光收发模块","103","孟加拉国","10","一般贸易","44","广东省","89","千克","0","?","49,272",
"202606","85177950","光通信设备的激光收发模块","103","孟加拉国","10","一般贸易","46","海南省","6","千克","0","?","384",
"202606","85177950","光通信设备的激光收发模块","103","孟加拉国","10","一般贸易","51","四川省","1","千克","0","?","550",
"202606","85177950","光通信设备的激光收发模块","104","不丹","34","海关特殊监管区域物流货物","32","江苏省","3","千克","0","?","3,654",
"202606","85177950","光通信设备的激光收发模块","105","文莱","10","一般贸易","44","广东省","1","千克","0","?","993",
"202606","85177950","光通信设备的激光收发模块","106","缅甸","10","一般贸易","35","福建省","0","千克","0","?","660",
"202606","85177950","光通信设备的激光收发模块","106","缅甸","10","一般贸易","44","广东省","52","千克","0","?","314,464",
"202606","85177950","光通信设备的激光收发模块","107","柬埔寨","10","一般贸易","33","浙江省","0","千克","0","?","94",
"202606","85177950","光通信设备的激光收发模块","107","柬埔寨","10","一般贸易","35","福建省","3","千克","0","?","3,436",
"202606","85177950","光通信设备的激光收发模块","107","柬埔寨","10","一般贸易","44","广东省","299","千克","0","?","599,310",
"202606","85177950","光通信设备的激光收发模块","107","柬埔寨","11","国家间、国际组织无偿援助和赠送的物资","32","江苏省","3","千克","0","?","971",
"202606","85177950","光通信设备的激光收发模块","107","柬埔寨","34","海关特殊监管区域物流货物","32","江苏省","23","千克","0","?","18,630",
"202606","85177950","光通信设备的激光收发模块","108","塞浦路斯","10","一般贸易","32","江苏省","0","千克","0","?","13",
"202606","85177950","光通信设备的激光收发模块","108","塞浦路斯","10","一般贸易","44","广东省","7","千克","0","?","1,592",
"202606","85177950","光通信设备的激光收发模块","108","塞浦路斯","10","一般贸易","65","新疆维吾尔自治区","0","千克","0","?","11",
"202606","85177950","光通信设备的激光收发模块","110","中国香港","10","一般贸易","11","北京市","408","千克","0","?","252,439",
"202606","85177950","光通信设备的激光收发模块","110","中国香港","10","一般贸易","21","辽宁省","0","千克","0","?","74,870",
"202606","85177950","光通信设备的激光收发模块","110","中国香港","10","一般贸易","23","黑龙江省","0","千克","0","?","432",
"202606","85177950","光通信设备的激光收发模块","110","中国香港","10","一般贸易","31","上海市","280","千克","0","?","1,908,627",
"202606","85177950","光通信设备的激光收发模块","110","中国香港","10","一般贸易","32","江苏省","763","千克","0","?","898,541",
"202606","85177950","光通信设备的激光收发模块","110","中国香港","10","一般贸易","33","浙江省","3616","千克","0","?","6,040,045",
"202606","85177950","光通信设备的激光收发模块","110","中国香港","10","一般贸易","34","安徽省","208","千克","0","?","509,352",
"202606","85177950","光通信设备的激光收发模块","110","中国香港","10","一般贸易","35","福建省","42","千克","0","?","63,802",
"202606","85177950","光通信设备的激光收发模块","110","中国香港","10","一般贸易","37","山东省","226","千克","0","?","138,599",
"202606","85177950","光通信设备的激光收发模块","110","中国香港","10","一般贸易","41","河南省","3","千克","0","?","1,014",
"202606","85177950","光通信设备的激光收发模块","110","中国香港","10","一般贸易","42","湖北省","1984","千克","0","?","2,457,145",
"202606","85177950","光通信设备的激光收发模块","110","中国香港","10","一般贸易","43","湖南省","121","千克","0","?","365,044",
"202606","85177950","光通信设备的激光收发模块","110","中国香港","10","一般贸易","44","广东省","11827","千克","0","?","23,257,021",
"202606","85177950","光通信设备的激光收发模块","110","中国香港","10","一般贸易","46","海南省","280","千克","0","?","1,278",
"202606","85177950","光通信设备的激光收发模块","110","中国香港","10","一般贸易","51","四川省","447","千克","0","?","361,575",
"202606","85177950","光通信设备的激光收发模块","110","中国香港","10","一般贸易","52","贵州省","5","千克","0","?","2,749",
"202606","85177950","光通信设备的激光收发模块","110","中国香港","10","一般贸易","65","新疆维吾尔自治区","0","千克","0","?","233",
"202606","85177950","光通信设备的激光收发模块","110","中国香港","15","进料加工贸易","32","江苏省","5024","千克","0","?","11,018,217",
"202606","85177950","光通信设备的激光收发模块","110","中国香港","15","进料加工贸易","35","福建省","24","千克","0","?","70,456",
"202606","85177950","光通信设备的激光收发模块","110","中国香港","15","进料加工贸易","44","广东省","2","千克","0","?","14,213",
"202606","85177950","光通信设备的激光收发模块","110","中国香港","15","进料加工贸易","51","四川省","95","千克","0","?","249,033",
"202606","85177950","光通信设备的激光收发模块","110","中国香港","33","保税监管场所进出境货物","44","广东省","2","千克","0","?","1,800",
"202606","85177950","光通信设备的激光收发模块","110","中国香港","34","海关特殊监管区域物流货物","11","北京市","1","千克","0","?","4,088",
"202606","85177950","光通信设备的激光收发模块","110","中国香港","34","海关特殊监管区域物流货物","32","江苏省","3","千克","0","?","3,865",
"202606","85177950","光通信设备的激光收发模块","110","中国香港","34","海关特殊监管区域物流货物","42","湖北省","1","千克","0","?","3,179",
"202606","85177950","光通信设备的激光收发模块","110","中国香港","34","海关特殊监管区域物流货物","44","广东省","1917","千克","0","?","2,256,819",
"202606","85177950","光通信设备的激光收发模块","111","印度","10","一般贸易","11","北京市","737","千克","0","?","8,426",
"202606","85177950","光通信设备的激光收发模块","111","印度","10","一般贸易","13","河北省","4","千克","0","?","3,037",
"202606","85177950","光通信设备的激光收发模块","111","印度","10","一般贸易","23","黑龙江省","7","千克","0","?","1,054",
"202606","85177950","光通信设备的激光收发模块","111","印度","10","一般贸易","31","上海市","1","千克","0","?","3,767",
"202606","85177950","光通信设备的激光收发模块","111","印度","10","一般贸易","32","江苏省","164","千克","0","?","125,604",
"202606","85177950","光通信设备的激光收发模块","111","印度","10","一般贸易","34","安徽省","1","千克","0","?","2,400",
"202606","85177950","光通信设备的激光收发模块","111","印度","10","一般贸易","37","山东省","18","千克","0","?","8,000",
"202606","85177950","光通信设备的激光收发模块","111","印度","10","一般贸易","42","湖北省","2820","千克","0","?","1,209,039",
"202606","85177950","光通信设备的激光收发模块","111","印度","10","一般贸易","44","广东省","3918","千克","0","?","1,148,231",
"202606","85177950","光通信设备的激光收发模块","111","印度","10","一般贸易","46","海南省","10","千克","0","?","3,425",
"202606","85177950","光通信设备的激光收发模块","111","印度","10","一般贸易","51","四川省","384","千克","0","?","250,108",
"202606","85177950","光通信设备的激光收发模块","111","印度","10","一般贸易","53","云南省","12","千克","0","?","36,000",
"202606","85177950","光通信设备的激光收发模块","111","印度","15","进料加工贸易","32","江苏省","48","千克","0","?","78,825",
"202606","85177950","光通信设备的激光收发模块","111","印度","15","进料加工贸易","44","广东省","0","千克","0","?","94",
"202606","85177950","光通信设备的激光收发模块","111","印度","15","进料加工贸易","51","四川省","26","千克","0","?","151,006",
"202606","85177950","光通信设备的激光收发模块","111","印度","33","保税监管场所进出境货物","44","广东省","37","千克","0","?","56,623",
"202606","85177950","光通信设备的激光收发模块","111","印度","34","海关特殊监管区域物流货物","32","江苏省","2479","千克","0","?","745,112",
"202606","85177950","光通信设备的激光收发模块","112","印度尼西亚","10","一般贸易","11","北京市","172","千克","0","?","65,177",
"202606","85177950","光通信设备的激光收发模块","112","印度尼西亚","10","一般贸易","14","山西省","46","千克","0","?","1,409",
"202606","85177950","光通信设备的激光收发模块","112","印度尼西亚","10","一般贸易","31","上海市","6","千克","0","?","125,744",
"202606","85177950","光通信设备的激光收发模块","112","印度尼西亚","10","一般贸易","32","江苏省","27","千克","0","?","42,569",
"202606","85177950","光通信设备的激光收发模块","112","印度尼西亚","10","一般贸易","33","浙江省","55","千克","0","?","39,703",
"202606","85177950","光通信设备的激光收发模块","112","印度尼西亚","10","一般贸易","35","福建省","45","千克","0","?","47,871",
"202606","85177950","光通信设备的激光收发模块","112","印度尼西亚","10","一般贸易","37","山东省","3","千克","0","?","2,819",
"202606","85177950","光通信设备的激光收发模块","112","印度尼西亚","10","一般贸易","41","河南省","0","千克","0","?","22",
"202606","85177950","光通信设备的激光收发模块","112","印度尼西亚","10","一般贸易","42","湖北省","101","千克","0","?","380,252",
"202606","85177950","光通信设备的激光收发模块","112","印度尼西亚","10","一般贸易","44","广东省","3839","千克","0","?","1,906,717",
"202606","85177950","光通信设备的激光收发模块","112","印度尼西亚","10","一般贸易","51","四川省","74","千克","0","?","39,751",
"202606","85177950","光通信设备的激光收发模块","112","印度尼西亚","10","一般贸易","52","贵州省","5","千克","0","?","1,141",
"202606","85177950","光通信设备的激光收发模块","112","印度尼西亚","15","进料加工贸易","44","广东省","0","千克","0","?","31",
"202606","85177950","光通信设备的激光收发模块","112","印度尼西亚","22","对外承包工程出口货物","42","湖北省","2","千克","0","?","1,341",
"202606","85177950","光通信设备的激光收发模块","112","印度尼西亚","33","保税监管场所进出境货物","44","广东省","5","千克","0","?","1,221",
"202606","85177950","光通信设备的激光收发模块","112","印度尼西亚","34","海关特殊监管区域物流货物","32","江苏省","2227","千克","0","?","463,852",
"202606","85177950","光通信设备的激光收发模块","112","印度尼西亚","34","海关特殊监管区域物流货物","44","广东省","543","千克","0","?","660,589",
"202606","85177950","光通信设备的激光收发模块","112","印度尼西亚","39","其他","42","湖北省","7","千克","0","?","13,729",
"202606","85177950","光通信设备的激光收发模块","113","伊朗","10","一般贸易","44","广东省","180","千克","0","?","695",
"202606","85177950","光通信设备的激光收发模块","114","伊拉克","10","一般贸易","33","浙江省","27","千克","0","?","27,923",
"202606","85177950","光通信设备的激光收发模块","114","伊拉克","10","一般贸易","44","广东省","122","千克","0","?","47,048",
"202606","85177950","光通信设备的激光收发模块","114","伊拉克","34","海关特殊监管区域物流货物","32","江苏省","33","千克","0","?","4,408",
"202606","85177950","光通信设备的激光收发模块","115","以色列","10","一般贸易","31","上海市","19","千克","0","?","39,019",
"202606","85177950","光通信设备的激光收发模块","115","以色列","10","一般贸易","32","江苏省","10","千克","0","?","74,237",
"202606","85177950","光通信设备的激光收发模块","115","以色列","10","一般贸易","33","浙江省","34","千克","0","?","122,552",
"202606","85177950","光通信设备的激光收发模块","115","以色列","10","一般贸易","42","湖北省","52","千克","0","?","309,708",
"202606","85177950","光通信设备的激光收发模块","115","以色列","10","一般贸易","44","广东省","698","千克","0","?","284,665",
"202606","85177950","光通信设备的激光收发模块","115","以色列","10","一般贸易","46","海南省","8","千克","0","?","2,744",
"202606","85177950","光通信设备的激光收发模块","115","以色列","10","一般贸易","51","四川省","177","千克","0","?","533,793",
"202606","85177950","光通信设备的激光收发模块","115","以色列","15","进料加工贸易","32","江苏省","39","千克","0","?","158,463",
"202606","85177950","光通信设备的激光收发模块","115","以色列","34","海关特殊监管区域物流货物","32","江苏省","5","千克","0","?","3,676",
"202606","85177950","光通信设备的激光收发模块","116","日本","10","一般贸易","11","北京市","25","千克","0","?","24,776",
"202606","85177950","光通信设备的激光收发模块","116","日本","10","一般贸易","31","上海市","33","千克","0","?","52,041",
"202606","85177950","光通信设备的激光收发模块","116","日本","10","一般贸易","32","江苏省","1535","千克","0","?","1,362,156",
"202606","85177950","光通信设备的激光收发模块","116","日本","10","一般贸易","33","浙江省","56","千克","0","?","133,873",
"202606","85177950","光通信设备的激光收发模块","116","日本","10","一般贸易","34","安徽省","1","千克","0","?","200",
"202606","85177950","光通信设备的激光收发模块","116","日本","10","一般贸易","35","福建省","0","千克","0","?","275",
"202606","85177950","光通信设备的激光收发模块","116","日本","10","一般贸易","37","山东省","435","千克","0","?","973,258",
"202606","85177950","光通信设备的激光收发模块","116","日本","10","一般贸易","41","河南省","0","千克","0","?","488",
"202606","85177950","光通信设备的激光收发模块","116","日本","10","一般贸易","42","湖北省","877","千克","0","?","917,762",
"202606","85177950","光通信设备的激光收发模块","116","日本","10","一般贸易","44","广东省","473","千克","0","?","334,572",
"202606","85177950","光通信设备的激光收发模块","116","日本","10","一般贸易","51","四川省","194","千克","0","?","182,511",
"202606","85177950","光通信设备的激光收发模块","116","日本","15","进料加工贸易","32","江苏省","520","千克","0","?","1,158,144",
"202606","85177950","光通信设备的激光收发模块","116","日本","15","进料加工贸易","35","福建省","8","千克","0","?","27,051",
"202606","85177950","光通信设备的激光收发模块","116","日本","15","进料加工贸易","44","广东省","1","千克","0","?","883",
"202606","85177950","光通信设备的激光收发模块","116","日本","15","进料加工贸易","51","四川省","32","千克","0","?","121,928",
"202606","85177950","光通信设备的激光收发模块","116","日本","34","海关特殊监管区域物流货物","32","江苏省","452","千克","0","?","137,349",
"202606","85177950","光通信设备的激光收发模块","116","日本","34","海关特殊监管区域物流货物","42","湖北省","17","千克","0","?","45,328",
"202606","85177950","光通信设备的激光收发模块","116","日本","39","其他","32","江苏省","0","千克","0","?","5,130",
"202606","85177950","光通信设备的激光收发模块","117","约旦","10","一般贸易","33","浙江省","0","千克","0","?","323",
"202606","85177950","光通信设备的激光收发模块","117","约旦","10","一般贸易","44","广东省","6","千克","0","?","25,610",
"202606","85177950","光通信设备的激光收发模块","117","约旦","33","保税监管场所进出境货物","44","广东省","21","千克","0","?","5,000",
"202606","85177950","光通信设备的激光收发模块","118","科威特","10","一般贸易","44","广东省","4","千克","0","?","4,718",
"202606","85177950","光通信设备的激光收发模块","119","老挝","10","一般贸易","33","浙江省","0","千克","0","?","1,398",
"202606","85177950","光通信设备的激光收发模块","119","老挝","10","一般贸易","42","湖北省","1","千克","0","?","1,164",
"202606","85177950","光通信设备的激光收发模块","119","老挝","10","一般贸易","44","广东省","28","千克","0","?","3,346",
"202606","85177950","光通信设备的激光收发模块","119","老挝","10","一般贸易","53","云南省","6","千克","0","?","4,840",
"202606","85177950","光通信设备的激光收发模块","120","黎巴嫩","10","一般贸易","33","浙江省","1","千克","0","?","699",
"202606","85177950","光通信设备的激光收发模块","120","黎巴嫩","10","一般贸易","44","广东省","28","千克","0","?","41,831",
"202606","85177950","光通信设备的激光收发模块","120","黎巴嫩","33","保税监管场所进出境货物","44","广东省","14","千克","0","?","3,205",
"202606","85177950","光通信设备的激光收发模块","121","中国澳门","10","一般贸易","33","浙江省","58","千克","0","?","69,505",
"202606","85177950","光通信设备的激光收发模块","121","中国澳门","10","一般贸易","35","福建省","1","千克","0","?","2,609",
"202606","85177950","光通信设备的激光收发模块","121","中国澳门","10","一般贸易","44","广东省","70","千克","0","?","29,371",
"202606","85177950","光通信设备的激光收发模块","122","马来西亚","10","一般贸易","11","北京市","115","千克","0","?","108,137",
"202606","85177950","光通信设备的激光收发模块","122","马来西亚","10","一般贸易","12","天津市","0","千克","0","?","8",
"202606","85177950","光通信设备的激光收发模块","122","马来西亚","10","一般贸易","31","上海市","980","千克","0","?","2,572,664",
"202606","85177950","光通信设备的激光收发模块","122","马来西亚","10","一般贸易","32","江苏省","664","千克","0","?","1,385,876",
"202606","85177950","光通信设备的激光收发模块","122","马来西亚","10","一般贸易","33","浙江省","1487","千克","0","?","1,084,437",
"202606","85177950","光通信设备的激光收发模块","122","马来西亚","10","一般贸易","34","安徽省","1","千克","0","?","7,200",
"202606","85177950","光通信设备的激光收发模块","122","马来西亚","10","一般贸易","35","福建省","269","千克","0","?","444,856",
"202606","85177950","光通信设备的激光收发模块","122","马来西亚","10","一般贸易","37","山东省","207","千克","0","?","177,083",
"202606","85177950","光通信设备的激光收发模块","122","马来西亚","10","一般贸易","42","湖北省","13488","千克","0","?","12,527,748",
"202606","85177950","光通信设备的激光收发模块","122","马来西亚","10","一般贸易","43","湖南省","87","千克","0","?","60,940",
"202606","85177950","光通信设备的激光收发模块","122","马来西亚","10","一般贸易","44","广东省","5571","千克","0","?","6,653,033",
"202606","85177950","光通信设备的激光收发模块","122","马来西亚","10","一般贸易","51","四川省","1083","千克","0","?","561,728",
"202606","85177950","光通信设备的激光收发模块","122","马来西亚","10","一般贸易","62","甘肃省","28","千克","0","?","1,373",
"202606","85177950","光通信设备的激光收发模块","122","马来西亚","10","一般贸易","65","新疆维吾尔自治区","12","千克","0","?","4,572",
"202606","85177950","光通信设备的激光收发模块","122","马来西亚","15","进料加工贸易","32","江苏省","76754","千克","0","?","220,243,555",
"202606","85177950","光通信设备的激光收发模块","122","马来西亚","15","进料加工贸易","35","福建省","1","千克","0","?","962",
"202606","85177950","光通信设备的激光收发模块","122","马来西亚","15","进料加工贸易","44","广东省","1668","千克","0","?","2,046,501",
"202606","85177950","光通信设备的激光收发模块","122","马来西亚","15","进料加工贸易","51","四川省","2","千克","0","?","4,198",
"202606","85177950","光通信设备的激光收发模块","122","马来西亚","22","对外承包工程出口货物","11","北京市","107","千克","0","?","64,784",
"202606","85177950","光通信设备的激光收发模块","122","马来西亚","33","保税监管场所进出境货物","44","广东省","3","千克","0","?","885",
"202606","85177950","光通信设备的激光收发模块","122","马来西亚","34","海关特殊监管区域物流货物","31","上海市","281","千克","0","?","328,399",
"202606","85177950","光通信设备的激光收发模块","122","马来西亚","34","海关特殊监管区域物流货物","32","江苏省","11","千克","0","?","4,872",
"202606","85177950","光通信设备的激光收发模块","122","马来西亚","34","海关特殊监管区域物流货物","44","广东省","7754","千克","0","?","12,139,261",
"202606","85177950","光通信设备的激光收发模块","122","马来西亚","39","其他","32","江苏省","4","千克","0","?","8,270",
"202606","85177950","光通信设备的激光收发模块","123","马尔代夫","10","一般贸易","37","山东省","0","千克","0","?","3",
"202606","85177950","光通信设备的激光收发模块","123","马尔代夫","10","一般贸易","44","广东省","2","千克","0","?","754",
"202606","85177950","光通信设备的激光收发模块","124","蒙古","10","一般贸易","12","天津市","1","千克","0","?","909",
"202606","85177950","光通信设备的激光收发模块","124","蒙古","10","一般贸易","33","浙江省","0","千克","0","?","612",
"202606","85177950","光通信设备的激光收发模块","124","蒙古","10","一般贸易","36","江西省","12","千克","0","?","238",
"202606","85177950","光通信设备的激光收发模块","124","蒙古","10","一般贸易","44","广东省","61","千克","0","?","35,061",
"202606","85177950","光通信设备的激光收发模块","124","蒙古","15","进料加工贸易","44","广东省","0","千克","0","?","672",
"202606","85177950","光通信设备的激光收发模块","125","尼泊尔","10","一般贸易","31","上海市","11","千克","0","?","3,726",
"202606","85177950","光通信设备的激光收发模块","125","尼泊尔","10","一般贸易","33","浙江省","3","千克","0","?","1,951",
"202606","85177950","光通信设备的激光收发模块","125","尼泊尔","10","一般贸易","35","福建省","0","千克","0","?","452",
"202606","85177950","光通信设备的激光收发模块","125","尼泊尔","10","一般贸易","42","湖北省","5","千克","0","?","1,619",
"202606","85177950","光通信设备的激光收发模块","125","尼泊尔","10","一般贸易","44","广东省","33","千克","0","?","44,899",
"202606","85177950","光通信设备的激光收发模块","125","尼泊尔","34","海关特殊监管区域物流货物","54","西藏自治区","2","千克","0","?","1,148",
"202606","85177950","光通信设备的激光收发模块","126","阿曼","10","一般贸易","44","广东省","75","千克","0","?","145,767",
"202606","85177950","光通信设备的激光收发模块","126","阿曼","34","海关特殊监管区域物流货物","32","江苏省","4","千克","0","?","1,999",
"202606","85177950","光通信设备的激光收发模块","127","巴基斯坦","10","一般贸易","12","天津市","15","千克","0","?","65,697",
"202606","85177950","光通信设备的激光收发模块","127","巴基斯坦","10","一般贸易","33","浙江省","140","千克","0","?","75,250",
"202606","85177950","光通信设备的激光收发模块","127","巴基斯坦","10","一般贸易","44","广东省","457","千克","0","?","270,356",
"202606","85177950","光通信设备的激光收发模块","127","巴基斯坦","10","一般贸易","46","海南省","32","千克","0","?","77",
"202606","85177950","光通信设备的激光收发模块","127","巴基斯坦","33","保税监管场所进出境货物","44","广东省","3","千克","0","?","1,578",
"202606","85177950","光通信设备的激光收发模块","127","巴基斯坦","39","其他","37","山东省","315","千克","0","?","4,930",
"202606","85177950","光通信设备的激光收发模块","129","菲律宾","10","一般贸易","31","上海市","0","千克","0","?","10,549",
"202606","85177950","光通信设备的激光收发模块","129","菲律宾","10","一般贸易","32","江苏省","6","千克","0","?","3,432",
"202606","85177950","光通信设备的激光收发模块","129","菲律宾","10","一般贸易","33","浙江省","23","千克","0","?","10,852",
"202606","85177950","光通信设备的激光收发模块","129","菲律宾","10","一般贸易","35","福建省","11","千克","0","?","12,584",
"202606","85177950","光通信设备的激光收发模块","129","菲律宾","10","一般贸易","41","河南省","0","千克","0","?","21",
"202606","85177950","光通信设备的激光收发模块","129","菲律宾","10","一般贸易","42","湖北省","12","千克","0","?","19,142",
"202606","85177950","光通信设备的激光收发模块","129","菲律宾","10","一般贸易","44","广东省","1417","千克","0","?","440,300",
"202606","85177950","光通信设备的激光收发模块","129","菲律宾","10","一般贸易","46","海南省","6","千克","0","?","3,270",
"202606","85177950","光通信设备的激光收发模块","129","菲律宾","15","进料加工贸易","44","广东省","0","千克","0","?","125",
"202606","85177950","光通信设备的激光收发模块","129","菲律宾","34","海关特殊监管区域物流货物","32","江苏省","324","千克","0","?","100,582",
"202606","85177950","光通信设备的激光收发模块","129","菲律宾","34","海关特殊监管区域物流货物","35","福建省","19","千克","0","?","620",
"202606","85177950","光通信设备的激光收发模块","130","卡塔尔","10","一般贸易","23","黑龙江省","0","千克","0","?","13",
"202606","85177950","光通信设备的激光收发模块","130","卡塔尔","10","一般贸易","33","浙江省","27","千克","0","?","18,719",
"202606","85177950","光通信设备的激光收发模块","130","卡塔尔","10","一般贸易","44","广东省","54","千克","0","?","41,290",
"202606","85177950","光通信设备的激光收发模块","130","卡塔尔","34","海关特殊监管区域物流货物","32","江苏省","32","千克","0","?","8,989",
"202606","85177950","光通信设备的激光收发模块","131","沙特阿拉伯","10","一般贸易","32","江苏省","0","千克","0","?","242",
"202606","85177950","光通信设备的激光收发模块","131","沙特阿拉伯","10","一般贸易","33","浙江省","14","千克","0","?","35,918",
"202606","85177950","光通信设备的激光收发模块","131","沙特阿拉伯","10","一般贸易","35","福建省","0","千克","0","?","9",
"202606","85177950","光通信设备的激光收发模块","131","沙特阿拉伯","10","一般贸易","37","山东省","0","千克","0","?","82",
"202606","85177950","光通信设备的激光收发模块","131","沙特阿拉伯","10","一般贸易","42","湖北省","48","千克","0","?","50,321",
"202606","85177950","光通信设备的激光收发模块","131","沙特阿拉伯","10","一般贸易","44","广东省","328","千克","0","?","335,499",
"202606","85177950","光通信设备的激光收发模块","131","沙特阿拉伯","10","一般贸易","52","贵州省","8","千克","0","?","1,809",
"202606","85177950","光通信设备的激光收发模块","131","沙特阿拉伯","10","一般贸易","61","陕西省","6","千克","0","?","3,450",
"202606","85177950","光通信设备的激光收发模块","131","沙特阿拉伯","34","海关特殊监管区域物流货物","32","江苏省","635","千克","0","?","145,918",
"202606","85177950","光通信设备的激光收发模块","132","新加坡","10","一般贸易","11","北京市","42","千克","0","?","42,397",
"202606","85177950","光通信设备的激光收发模块","132","新加坡","10","一般贸易","31","上海市","5","千克","0","?","11,026",
"202606","85177950","光通信设备的激光收发模块","132","新加坡","10","一般贸易","32","江苏省","104","千克","0","?","124,501",
"202606","85177950","光通信设备的激光收发模块","132","新加坡","10","一般贸易","33","浙江省","256","千克","0","?","1,024,403",
"202606","85177950","光通信设备的激光收发模块","132","新加坡","10","一般贸易","35","福建省","10","千克","0","?","7,868",
"202606","85177950","光通信设备的激光收发模块","132","新加坡","10","一般贸易","37","山东省","69","千克","0","?","26,068",
"202606","85177950","光通信设备的激光收发模块","132","新加坡","10","一般贸易","41","河南省","0","千克","0","?","40",
"202606","85177950","光通信设备的激光收发模块","132","新加坡","10","一般贸易","42","湖北省","953","千克","0","?","1,444,575",
"202606","85177950","光通信设备的激光收发模块","132","新加坡","10","一般贸易","44","广东省","1968","千克","0","?","1,243,231",
"202606","85177950","光通信设备的激光收发模块","132","新加坡","10","一般贸易","46","海南省","35","千克","0","?","575",
"202606","85177950","光通信设备的激光收发模块","132","新加坡","10","一般贸易","50","重庆市","1","千克","0","?","384",
"202606","85177950","光通信设备的激光收发模块","132","新加坡","10","一般贸易","51","四川省","299","千克","0","?","882,178",
"202606","85177950","光通信设备的激光收发模块","132","新加坡","10","一般贸易","52","贵州省","223","千克","0","?","158,816",
"202606","85177950","光通信设备的激光收发模块","132","新加坡","10","一般贸易","61","陕西省","16","千克","0","?","5,899",
"202606","85177950","光通信设备的激光收发模块","132","新加坡","10","一般贸易","65","新疆维吾尔自治区","0","千克","0","?","449",
"202606","85177950","光通信设备的激光收发模块","132","新加坡","15","进料加工贸易","32","江苏省","852","千克","0","?","392,172",
"202606","85177950","光通信设备的激光收发模块","132","新加坡","15","进料加工贸易","33","浙江省","548","千克","0","?","361,186",
"202606","85177950","光通信设备的激光收发模块","132","新加坡","15","进料加工贸易","35","福建省","1","千克","0","?","2,913",
"202606","85177950","光通信设备的激光收发模块","132","新加坡","15","进料加工贸易","44","广东省","2","千克","0","?","4,459",
"202606","85177950","光通信设备的激光收发模块","132","新加坡","15","进料加工贸易","51","四川省","11","千克","0","?","4,565",
"202606","85177950","光通信设备的激光收发模块","132","新加坡","33","保税监管场所进出境货物","44","广东省","91","千克","0","?","42,878",
"202606","85177950","光通信设备的激光收发模块","132","新加坡","34","海关特殊监管区域物流货物","11","北京市","11","千克","0","?","123,924",
"202606","85177950","光通信设备的激光收发模块","132","新加坡","34","海关特殊监管区域物流货物","31","上海市","0","千克","0","?","39",
"202606","85177950","光通信设备的激光收发模块","132","新加坡","34","海关特殊监管区域物流货物","32","江苏省","285","千克","0","?","355,856",
"202606","85177950","光通信设备的激光收发模块","132","新加坡","34","海关特殊监管区域物流货物","44","广东省","25","千克","0","?","66,508",
"202606","85177950","光通信设备的激光收发模块","132","新加坡","34","海关特殊监管区域物流货物","45","广西壮族自治区","20","千克","0","?","3,782",
"202606","85177950","光通信设备的激光收发模块","133","韩国","10","一般贸易","11","北京市","2","千克","0","?","6,800",
"202606","85177950","光通信设备的激光收发模块","133","韩国","10","一般贸易","12","天津市","0","千克","0","?","197",
"202606","85177950","光通信设备的激光收发模块","133","韩国","10","一般贸易","13","河北省","119","千克","0","?","30,400",
"202606","85177950","光通信设备的激光收发模块","133","韩国","10","一般贸易","21","辽宁省","108","千克","0","?","55,449",
"202606","85177950","光通信设备的激光收发模块","133","韩国","10","一般贸易","31","上海市","85","千克","0","?","66,777",
"202606","85177950","光通信设备的激光收发模块","133","韩国","10","一般贸易","32","江苏省","7","千克","0","?","15,804",
"202606","85177950","光通信设备的激光收发模块","133","韩国","10","一般贸易","33","浙江省","334","千克","0","?","66,624",
"202606","85177950","光通信设备的激光收发模块","133","韩国","10","一般贸易","35","福建省","0","千克","0","?","56",
"202606","85177950","光通信设备的激光收发模块","133","韩国","10","一般贸易","37","山东省","198","千克","0","?","126,667",
"202606","85177950","光通信设备的激光收发模块","133","韩国","10","一般贸易","41","河南省","2","千克","0","?","2,600",
"202606","85177950","光通信设备的激光收发模块","133","韩国","10","一般贸易","42","湖北省","293","千克","0","?","244,899",
"202606","85177950","光通信设备的激光收发模块","133","韩国","10","一般贸易","43","湖南省","3","千克","0","?","12,415",
"202606","85177950","光通信设备的激光收发模块","133","韩国","10","一般贸易","44","广东省","2170","千克","0","?","2,699,890",
"202606","85177950","光通信设备的激光收发模块","133","韩国","10","一般贸易","51","四川省","1890","千克","0","?","1,549,032",
"202606","85177950","光通信设备的激光收发模块","133","韩国","10","一般贸易","65","新疆维吾尔自治区","0","千克","0","?","13",
"202606","85177950","光通信设备的激光收发模块","133","韩国","15","进料加工贸易","32","江苏省","11","千克","0","?","27,822",
"202606","85177950","光通信设备的激光收发模块","133","韩国","15","进料加工贸易","35","福建省","9","千克","0","?","46,660",
"202606","85177950","光通信设备的激光收发模块","133","韩国","15","进料加工贸易","44","广东省","3","千克","0","?","12,053",
"202606","85177950","光通信设备的激光收发模块","133","韩国","15","进料加工贸易","51","四川省","1","千克","0","?","1,360",
"202606","85177950","光通信设备的激光收发模块","133","韩国","34","海关特殊监管区域物流货物","32","江苏省","41","千克","0","?","79,880",
"202606","85177950","光通信设备的激光收发模块","133","韩国","39","其他","32","江苏省","2","千克","0","?","2,421",
"202606","85177950","光通信设备的激光收发模块","134","斯里兰卡","10","一般贸易","32","江苏省","34","千克","0","?","15,768",
"202606","85177950","光通信设备的激光收发模块","134","斯里兰卡","10","一般贸易","33","浙江省","0","千克","0","?","468",
"202606","85177950","光通信设备的激光收发模块","134","斯里兰卡","10","一般贸易","44","广东省","38","千克","0","?","8,525",
"202606","85177950","光通信设备的激光收发模块","134","斯里兰卡","10","一般贸易","65","新疆维吾尔自治区","0","千克","0","?","91",
"202606","85177950","光通信设备的激光收发模块","134","斯里兰卡","33","保税监管场所进出境货物","44","广东省","9","千克","0","?","2,397",
"202606","85177950","光通信设备的激光收发模块","134","斯里兰卡","34","海关特殊监管区域物流货物","32","江苏省","0","千克","0","?","106",
"202606","85177950","光通信设备的激光收发模块","136","泰国","10","一般贸易","11","北京市","13","千克","0","?","12,098",
"202606","85177950","光通信设备的激光收发模块","136","泰国","10","一般贸易","31","上海市","5045","千克","0","?","12,861,790",
"202606","85177950","光通信设备的激光收发模块","136","泰国","10","一般贸易","32","江苏省","760","千克","0","?","689,529",
"202606","85177950","光通信设备的激光收发模块","136","泰国","10","一般贸易","33","浙江省","65","千克","0","?","90,406",
"202606","85177950","光通信设备的激光收发模块","136","泰国","10","一般贸易","35","福建省","59","千克","0","?","125,284",
"202606","85177950","光通信设备的激光收发模块","136","泰国","10","一般贸易","37","山东省","700","千克","0","?","2,392,759",
"202606","85177950","光通信设备的激光收发模块","136","泰国","10","一般贸易","42","湖北省","3828","千克","0","?","2,680,792",
"202606","85177950","光通信设备的激光收发模块","136","泰国","10","一般贸易","43","湖南省","0","千克","0","?","344",
"202606","85177950","光通信设备的激光收发模块","136","泰国","10","一般贸易","44","广东省","2054","千克","0","?","1,734,798",
"202606","85177950","光通信设备的激光收发模块","136","泰国","10","一般贸易","46","海南省","53","千克","0","?","4,247",
"202606","85177950","光通信设备的激光收发模块","136","泰国","10","一般贸易","51","四川省","12069","千克","0","?","50,432,102",
"202606","85177950","光通信设备的激光收发模块","136","泰国","10","一般贸易","52","贵州省","43","千克","0","?","11,275",
"202606","85177950","光通信设备的激光收发模块","136","泰国","10","一般贸易","65","新疆维吾尔自治区","9","千克","0","?","398",
"202606","85177950","光通信设备的激光收发模块","136","泰国","15","进料加工贸易","32","江苏省","731","千克","0","?","715,281",
"202606","85177950","光通信设备的激光收发模块","136","泰国","15","进料加工贸易","33","浙江省","1","千克","0","?","1,395",
"202606","85177950","光通信设备的激光收发模块","136","泰国","15","进料加工贸易","35","福建省","0","千克","0","?","68",
"202606","85177950","光通信设备的激光收发模块","136","泰国","15","进料加工贸易","44","广东省","25","千克","0","?","28,190",
"202606","85177950","光通信设备的激光收发模块","136","泰国","15","进料加工贸易","51","四川省","34","千克","0","?","35,320",
"202606","85177950","光通信设备的激光收发模块","136","泰国","34","海关特殊监管区域物流货物","32","江苏省","28","千克","0","?","12,608",
"202606","85177950","光通信设备的激光收发模块","136","泰国","34","海关特殊监管区域物流货物","44","广东省","4128","千克","0","?","7,587,063",
"202606","85177950","光通信设备的激光收发模块","136","泰国","34","海关特殊监管区域物流货物","45","广西壮族自治区","187","千克","0","?","61,477",
"202606","85177950","光通信设备的激光收发模块","136","泰国","39","其他","32","江苏省","32","千克","0","?","83,500",
"202606","85177950","光通信设备的激光收发模块","137","土耳其","10","一般贸易","13","河北省","18","千克","0","?","35,889",
"202606","85177950","光通信设备的激光收发模块","137","土耳其","10","一般贸易","31","上海市","15","千克","0","?","395",
"202606","85177950","光通信设备的激光收发模块","137","土耳其","10","一般贸易","32","江苏省","35","千克","0","?","22,762",
"202606","85177950","光通信设备的激光收发模块","137","土耳其","10","一般贸易","33","浙江省","99","千克","0","?","19,764",
"202606","85177950","光通信设备的激光收发模块","137","土耳其","10","一般贸易","35","福建省","6","千克","0","?","7,913",
"202606","85177950","光通信设备的激光收发模块","137","土耳其","10","一般贸易","41","河南省","36","千克","0","?","147,540",
"202606","85177950","光通信设备的激光收发模块","137","土耳其","10","一般贸易","42","湖北省","6","千克","0","?","645",
"202606","85177950","光通信设备的激光收发模块","137","土耳其","10","一般贸易","43","湖南省","93","千克","0","?","98,485",
"202606","85177950","光通信设备的激光收发模块","137","土耳其","10","一般贸易","44","广东省","887","千克","0","?","863,643",
"202606","85177950","光通信设备的激光收发模块","137","土耳其","10","一般贸易","46","海南省","0","千克","0","?","2,000",
"202606","85177950","光通信设备的激光收发模块","137","土耳其","15","进料加工贸易","44","广东省","1","千克","0","?","19,957",
"202606","85177950","光通信设备的激光收发模块","137","土耳其","33","保税监管场所进出境货物","44","广东省","28","千克","0","?","5,310",
"202606","85177950","光通信设备的激光收发模块","137","土耳其","34","海关特殊监管区域物流货物","35","福建省","7","千克","0","?","3,748",
"202606","85177950","光通信设备的激光收发模块","138","阿联酋","10","一般贸易","31","上海市","5","千克","0","?","234",
"202606","85177950","光通信设备的激光收发模块","138","阿联酋","10","一般贸易","32","江苏省","0","千克","0","?","8,482",
"202606","85177950","光通信设备的激光收发模块","138","阿联酋","10","一般贸易","33","浙江省","62","千克","0","?","39,863",
"202606","85177950","光通信设备的激光收发模块","138","阿联酋","10","一般贸易","35","福建省","18","千克","0","?","13,661",
"202606","85177950","光通信设备的激光收发模块","138","阿联酋","10","一般贸易","37","山东省","0","千克","0","?","27",
"202606","85177950","光通信设备的激光收发模块","138","阿联酋","10","一般贸易","41","河南省","0","千克","0","?","384",
"202606","85177950","光通信设备的激光收发模块","138","阿联酋","10","一般贸易","42","湖北省","9","千克","0","?","3,938",
"202606","85177950","光通信设备的激光收发模块","138","阿联酋","10","一般贸易","44","广东省","949","千克","0","?","966,943",
"202606","85177950","光通信设备的激光收发模块","138","阿联酋","10","一般贸易","46","海南省","100","千克","0","?","2,705",
"202606","85177950","光通信设备的激光收发模块","138","阿联酋","15","进料加工贸易","44","广东省","0","千克","0","?","1,018",
"202606","85177950","光通信设备的激光收发模块","138","阿联酋","33","保税监管场所进出境货物","44","广东省","14","千克","0","?","3,910",
"202606","85177950","光通信设备的激光收发模块","138","阿联酋","34","海关特殊监管区域物流货物","32","江苏省","67","千克","0","?","33,687",
"202606","85177950","光通信设备的激光收发模块","138","阿联酋","34","海关特殊监管区域物流货物","33","浙江省","1","千克","0","?","285",
"202606","85177950","光通信设备的激光收发模块","139","也门","10","一般贸易","44","广东省","43","千克","0","?","50,641",
"202606","85177950","光通信设备的激光收发模块","139","也门","34","海关特殊监管区域物流货物","32","江苏省","2","千克","0","?","1,450",
"202606","85177950","光通信设备的激光收发模块","141","越南","10","一般贸易","22","吉林省","1","千克","0","?","22",
"202606","85177950","光通信设备的激光收发模块","141","越南","10","一般贸易","23","黑龙江省","10","千克","0","?","14,835",
"202606","85177950","光通信设备的激光收发模块","141","越南","10","一般贸易","31","上海市","307","千克","0","?","96,676",
"202606","85177950","光通信设备的激光收发模块","141","越南","10","一般贸易","32","江苏省","15","千克","0","?","26,760",
"202606","85177950","光通信设备的激光收发模块","141","越南","10","一般贸易","33","浙江省","419","千克","0","?","96,146",
"202606","85177950","光通信设备的激光收发模块","141","越南","10","一般贸易","35","福建省","31","千克","0","?","34,309",
"202606","85177950","光通信设备的激光收发模块","141","越南","10","一般贸易","37","山东省","164","千克","0","?","14,845",
"202606","85177950","光通信设备的激光收发模块","141","越南","10","一般贸易","42","湖北省","1227","千克","0","?","140,562",
"202606","85177950","光通信设备的激光收发模块","141","越南","10","一般贸易","44","广东省","1165","千克","0","?","551,602",
"202606","85177950","光通信设备的激光收发模块","141","越南","10","一般贸易","45","广西壮族自治区","18","千克","0","?","6,623",
"202606","85177950","光通信设备的激光收发模块","141","越南","10","一般贸易","51","四川省","15","千克","0","?","8,928",
"202606","85177950","光通信设备的激光收发模块","141","越南","15","进料加工贸易","32","江苏省","169","千克","0","?","1,080,988",
"202606","85177950","光通信设备的激光收发模块","141","越南","15","进料加工贸易","44","广东省","1","千克","0","?","332",
"202606","85177950","光通信设备的激光收发模块","141","越南","15","进料加工贸易","51","四川省","30","千克","0","?","29,136",
"202606","85177950","光通信设备的激光收发模块","141","越南","19","边境小额贸易","45","广西壮族自治区","2","千克","0","?","161",
"202606","85177950","光通信设备的激光收发模块","141","越南","33","保税监管场所进出境货物","44","广东省","405","千克","0","?","74,582",
"202606","85177950","光通信设备的激光收发模块","141","越南","34","海关特殊监管区域物流货物","32","江苏省","2376","千克","0","?","946,341",
"202606","85177950","光通信设备的激光收发模块","141","越南","34","海关特殊监管区域物流货物","35","福建省","13","千克","0","?","36,792",
"202606","85177950","光通信设备的激光收发模块","141","越南","34","海关特殊监管区域物流货物","45","广西壮族自治区","338","千克","0","?","86,362",
"202606","85177950","光通信设备的激光收发模块","141","越南","39","其他","44","广东省","18","千克","0","?","7,880",
"202606","85177950","光通信设备的激光收发模块","143","中国台湾","10","一般贸易","13","河北省","28","千克","0","?","5,822",
"202606","85177950","光通信设备的激光收发模块","143","中国台湾","10","一般贸易","21","辽宁省","1","千克","0","?","10,815",
"202606","85177950","光通信设备的激光收发模块","143","中国台湾","10","一般贸易","31","上海市","564","千克","0","?","226,666",
"202606","85177950","光通信设备的激光收发模块","143","中国台湾","10","一般贸易","32","江苏省","177","千克","0","?","141,265",
"202606","85177950","光通信设备的激光收发模块","143","中国台湾","10","一般贸易","33","浙江省","1584","千克","0","?","2,877,650",
"202606","85177950","光通信设备的激光收发模块","143","中国台湾","10","一般贸易","34","安徽省","14","千克","0","?","5,952",
"202606","85177950","光通信设备的激光收发模块","143","中国台湾","10","一般贸易","35","福建省","1","千克","0","?","1,200",
"202606","85177950","光通信设备的激光收发模块","143","中国台湾","10","一般贸易","37","山东省","89","千克","0","?","69,353",
"202606","85177950","光通信设备的激光收发模块","143","中国台湾","10","一般贸易","42","湖北省","1223","千克","0","?","1,140,865",
"202606","85177950","光通信设备的激光收发模块","143","中国台湾","10","一般贸易","43","湖南省","69","千克","0","?","41,923",
"202606","85177950","光通信设备的激光收发模块","143","中国台湾","10","一般贸易","44","广东省","3525","千克","0","?","6,859,169",
"202606","85177950","光通信设备的激光收发模块","143","中国台湾","10","一般贸易","51","四川省","53","千克","0","?","107,573",
"202606","85177950","光通信设备的激光收发模块","143","中国台湾","15","进料加工贸易","32","江苏省","23","千克","0","?","11,173",
"202606","85177950","光通信设备的激光收发模块","143","中国台湾","15","进料加工贸易","33","浙江省","11655","千克","0","?","19,458,589",
"202606","85177950","光通信设备的激光收发模块","143","中国台湾","15","进料加工贸易","35","福建省","1","千克","0","?","1,600",
"202606","85177950","光通信设备的激光收发模块","143","中国台湾","15","进料加工贸易","44","广东省","0","千克","0","?","125",
"202606","85177950","光通信设备的激光收发模块","143","中国台湾","15","进料加工贸易","51","四川省","42737","千克","0","?","77,090,887",
"202606","85177950","光通信设备的激光收发模块","143","中国台湾","33","保税监管场所进出境货物","44","广东省","0","千克","0","?","624",
"202606","85177950","光通信设备的激光收发模块","143","中国台湾","34","海关特殊监管区域物流货物","32","江苏省","176","千克","0","?","44,805",
"202606","85177950","光通信设备的激光收发模块","143","中国台湾","39","其他","42","湖北省","1","千克","0","?","16,072",
"202606","85177950","光通信设备的激光收发模块","144","东帝汶","10","一般贸易","44","广东省","4","千克","0","?","7,814",
"202606","85177950","光通信设备的激光收发模块","145","哈萨克斯坦","10","一般贸易","31","上海市","7","千克","0","?","4,496",
"202606","85177950","光通信设备的激光收发模块","145","哈萨克斯坦","10","一般贸易","32","江苏省","0","千克","0","?","46",
"202606","85177950","光通信设备的激光收发模块","145","哈萨克斯坦","10","一般贸易","33","浙江省","197","千克","0","?","483,310",
"202606","85177950","光通信设备的激光收发模块","145","哈萨克斯坦","10","一般贸易","35","福建省","4","千克","0","?","5,156",
"202606","85177950","光通信设备的激光收发模块","145","哈萨克斯坦","10","一般贸易","42","湖北省","0","千克","0","?","4,220",
"202606","85177950","光通信设备的激光收发模块","145","哈萨克斯坦","10","一般贸易","44","广东省","366","千克","0","?","223,110",
"202606","85177950","光通信设备的激光收发模块","145","哈萨克斯坦","10","一般贸易","46","海南省","0","千克","0","?","174",
"202606","85177950","光通信设备的激光收发模块","145","哈萨克斯坦","10","一般贸易","61","陕西省","17","千克","0","?","51,911",
"202606","85177950","光通信设备的激光收发模块","146","吉尔吉斯斯坦","10","一般贸易","33","浙江省","5","千克","0","?","2,649",
"202606","85177950","光通信设备的激光收发模块","146","吉尔吉斯斯坦","10","一般贸易","42","湖北省","54","千克","0","?","53,383",
"202606","85177950","光通信设备的激光收发模块","146","吉尔吉斯斯坦","10","一般贸易","44","广东省","989","千克","0","?","127,916",
"202606","85177950","光通信设备的激光收发模块","147","塔吉克斯坦","10","一般贸易","31","上海市","3","千克","0","?","2,720",
"202606","85177950","光通信设备的激光收发模块","147","塔吉克斯坦","10","一般贸易","33","浙江省","11","千克","0","?","6,128",
"202606","85177950","光通信设备的激光收发模块","147","塔吉克斯坦","10","一般贸易","44","广东省","22","千克","0","?","25,634",
"202606","85177950","光通信设备的激光收发模块","149","乌兹别克斯坦","10","一般贸易","31","上海市","3","千克","0","?","1,950",
"202606","85177950","光通信设备的激光收发模块","149","乌兹别克斯坦","10","一般贸易","33","浙江省","16","千克","0","?","15,705",
"202606","85177950","光通信设备的激光收发模块","149","乌兹别克斯坦","10","一般贸易","37","山东省","10","千克","0","?","422",
"202606","85177950","光通信设备的激光收发模块","149","乌兹别克斯坦","10","一般贸易","42","湖北省","44","千克","0","?","7,898",
"202606","85177950","光通信设备的激光收发模块","149","乌兹别克斯坦","10","一般贸易","44","广东省","184","千克","0","?","421,024",
"202606","85177950","光通信设备的激光收发模块","149","乌兹别克斯坦","22","对外承包工程出口货物","11","北京市","825","千克","0","?","2,341,903",
"202606","85177950","光通信设备的激光收发模块","149","乌兹别克斯坦","34","海关特殊监管区域物流货物","65","新疆维吾尔自治区","0","千克","0","?","109",
"202606","85177950","光通信设备的激光收发模块","150","格鲁吉亚","10","一般贸易","31","上海市","2","千克","0","?","3,322",
"202606","85177950","光通信设备的激光收发模块","150","格鲁吉亚","10","一般贸易","33","浙江省","3","千克","0","?","1,978",
"202606","85177950","光通信设备的激光收发模块","150","格鲁吉亚","10","一般贸易","44","广东省","97","千克","0","?","27,047",
"202606","85177950","光通信设备的激光收发模块","150","格鲁吉亚","15","进料加工贸易","44","广东省","0","千克","0","?","8,973",
"202606","85177950","光通信设备的激光收发模块","151","亚美尼亚","10","一般贸易","33","浙江省","2","千克","0","?","866",
"202606","85177950","光通信设备的激光收发模块","151","亚美尼亚","10","一般贸易","44","广东省","13","千克","0","?","38,424",
"202606","85177950","光通信设备的激光收发模块","151","亚美尼亚","34","海关特殊监管区域物流货物","44","广东省","24","千克","0","?","9,176",
"202606","85177950","光通信设备的激光收发模块","152","阿塞拜疆","10","一般贸易","41","河南省","3","千克","0","?","1,920",
"202606","85177950","光通信设备的激光收发模块","152","阿塞拜疆","10","一般贸易","44","广东省","79","千克","0","?","16,066",
"202606","85177950","光通信设备的激光收发模块","201","阿尔及利亚","10","一般贸易","33","浙江省","0","千克","0","?","58",
"202606","85177950","光通信设备的激光收发模块","201","阿尔及利亚","10","一般贸易","42","湖北省","68","千克","0","?","3,289",
"202606","85177950","光通信设备的激光收发模块","201","阿尔及利亚","10","一般贸易","44","广东省","885","千克","0","?","1,367,418",
"202606","85177950","光通信设备的激光收发模块","202","安哥拉","10","一般贸易","12","天津市","14","千克","0","?","4,621",
"202606","85177950","光通信设备的激光收发模块","202","安哥拉","10","一般贸易","42","湖北省","0","千克","0","?","854",
"202606","85177950","光通信设备的激光收发模块","202","安哥拉","10","一般贸易","44","广东省","12","千克","0","?","4,406",
"202606","85177950","光通信设备的激光收发模块","203","贝宁","10","一般贸易","44","广东省","21","千克","0","?","33,055",
"202606","85177950","光通信设备的激光收发模块","205","布隆迪","10","一般贸易","44","广东省","14","千克","0","?","5,274",
"202606","85177950","光通信设备的激光收发模块","206","喀麦隆","10","一般贸易","44","广东省","5","千克","0","?","1,950",
"202606","85177950","光通信设备的激光收发模块","207","加那利群岛","10","一般贸易","44","广东省","0","千克","0","?","160",
"202606","85177950","光通信设备的激光收发模块","208","佛得角","10","一般贸易","11","北京市","6","千克","0","?","1,034",
"202606","85177950","光通信设备的激光收发模块","213","刚果共和国","10","一般贸易","33","浙江省","0","千克","0","?","79",
"202606","85177950","光通信设备的激光收发模块","213","刚果共和国","10","一般贸易","44","广东省","80","千克","0","?","71,296",
"202606","85177950","光通信设备的激光收发模块","214","吉布提","10","一般贸易","44","广东省","1","千克","0","?","160",
"202606","85177950","光通信设备的激光收发模块","215","埃及","10","一般贸易","33","浙江省","1","千克","0","?","469",
"202606","85177950","光通信设备的激光收发模块","215","埃及","10","一般贸易","35","福建省","7","千克","0","?","8,226",
"202606","85177950","光通信设备的激光收发模块","215","埃及","10","一般贸易","37","山东省","1036","千克","0","?","119,711",
"202606","85177950","光通信设备的激光收发模块","215","埃及","10","一般贸易","44","广东省","913","千克","0","?","335,630",
"202606","85177950","光通信设备的激光收发模块","215","埃及","10","一般贸易","46","海南省","3","千克","0","?","300",
"202606","85177950","光通信设备的激光收发模块","217","埃塞俄比亚","10","一般贸易","12","天津市","6","千克","0","?","900",
"202606","85177950","光通信设备的激光收发模块","217","埃塞俄比亚","10","一般贸易","34","安徽省","9","千克","0","?","9,419",
"202606","85177950","光通信设备的激光收发模块","217","埃塞俄比亚","10","一般贸易","44","广东省","34","千克","0","?","25,299",
"202606","85177950","光通信设备的激光收发模块","217","埃塞俄比亚","34","海关特殊监管区域物流货物","32","江苏省","353","千克","0","?","75,524",
"202606","85177950","光通信设备的激光收发模块","218","加蓬","10","一般贸易","44","广东省","44","千克","0","?","18,705",
"202606","85177950","光通信设备的激光收发模块","219","冈比亚","10","一般贸易","44","广东省","2","千克","0","?","2,078",
"202606","85177950","光通信设备的激光收发模块","220","加纳","10","一般贸易","44","广东省","49","千克","0","?","15,949",
"202606","85177950","光通信设备的激光收发模块","221","几内亚","10","一般贸易","37","山东省","1","千克","0","?","379",
"202606","85177950","光通信设备的激光收发模块","221","几内亚","10","一般贸易","44","广东省","20","千克","0","?","23,182",
"202606","85177950","光通信设备的激光收发模块","221","几内亚","22","对外承包工程出口货物","62","甘肃省","0","千克","0","?","293",
"202606","85177950","光通信设备的激光收发模块","223","科特迪瓦","10","一般贸易","33","浙江省","0","千克","0","?","287",
"202606","85177950","光通信设备的激光收发模块","223","科特迪瓦","10","一般贸易","44","广东省","56","千克","0","?","44,514",
"202606","85177950","光通信设备的激光收发模块","224","肯尼亚","10","一般贸易","31","上海市","9","千克","0","?","7,756",
"202606","85177950","光通信设备的激光收发模块","224","肯尼亚","10","一般贸易","42","湖北省","2","千克","0","?","1,870",
"202606","85177950","光通信设备的激光收发模块","224","肯尼亚","10","一般贸易","44","广东省","188","千克","0","?","256,772",
"202606","85177950","光通信设备的激光收发模块","224","肯尼亚","34","海关特殊监管区域物流货物","32","江苏省","2","千克","0","?","370",
"202606","85177950","光通信设备的激光收发模块","225","利比里亚","10","一般贸易","44","广东省","0","千克","0","?","499",
"202606","85177950","光通信设备的激光收发模块","226","利比亚","10","一般贸易","33","浙江省","17","千克","0","?","6,110",
"202606","85177950","光通信设备的激光收发模块","226","利比亚","10","一般贸易","44","广东省","3","千克","0","?","608",
"202606","85177950","光通信设备的激光收发模块","227","马达加斯加","10","一般贸易","44","广东省","24","千克","0","?","6,512",
"202606","85177950","光通信设备的激光收发模块","227","马达加斯加","34","海关特殊监管区域物流货物","32","江苏省","1","千克","0","?","148",
"202606","85177950","光通信设备的激光收发模块","228","马拉维","10","一般贸易","44","广东省","0","千克","0","?","27",
"202606","85177950","光通信设备的激光收发模块","229","马里","10","一般贸易","44","广东省","0","千克","0","?","2,250",
"202606","85177950","光通信设备的激光收发模块","230","毛里塔尼亚","10","一般贸易","44","广东省","2","千克","0","?","867",
"202606","85177950","光通信设备的激光收发模块","231","毛里求斯","10","一般贸易","33","浙江省","0","千克","0","?","467",
"202606","85177950","光通信设备的激光收发模块","231","毛里求斯","10","一般贸易","44","广东省","25","千克","0","?","15,005",
"202606","85177950","光通信设备的激光收发模块","232","摩洛哥","10","一般贸易","31","上海市","0","千克","0","?","120",
"202606","85177950","光通信设备的激光收发模块","232","摩洛哥","10","一般贸易","33","浙江省","5","千克","0","?","1,826",
"202606","85177950","光通信设备的激光收发模块","232","摩洛哥","10","一般贸易","34","安徽省","10","千克","0","?","6,306",
"202606","85177950","光通信设备的激光收发模块","232","摩洛哥","10","一般贸易","35","福建省","10","千克","0","?","10,472",
"202606","85177950","光通信设备的激光收发模块","232","摩洛哥","10","一般贸易","44","广东省","103","千克","0","?","34,040",
"202606","85177950","光通信设备的激光收发模块","233","莫桑比克","10","一般贸易","44","广东省","33","千克","0","?","7,929",
"202606","85177950","光通信设备的激光收发模块","234","纳米比亚","10","一般贸易","44","广东省","4","千克","0","?","67",
"202606","85177950","光通信设备的激光收发模块","236","尼日利亚","10","一般贸易","33","浙江省","0","千克","0","?","26",
"202606","85177950","光通信设备的激光收发模块","236","尼日利亚","10","一般贸易","44","广东省","111","千克","0","?","98,912",
"202606","85177950","光通信设备的激光收发模块","237","留尼汪","10","一般贸易","44","广东省","1","千克","0","?","172",
"202606","85177950","光通信设备的激光收发模块","238","卢旺达","10","一般贸易","44","广东省","0","千克","0","?","726",
"202606","85177950","光通信设备的激光收发模块","240","塞内加尔","10","一般贸易","33","浙江省","0","千克","0","?","105",
"202606","85177950","光通信设备的激光收发模块","240","塞内加尔","10","一般贸易","44","广东省","18","千克","0","?","7,552",
"202606","85177950","光通信设备的激光收发模块","241","塞舌尔","10","一般贸易","31","上海市","1","千克","0","?","2,160",
"202606","85177950","光通信设备的激光收发模块","242","塞拉利昂","10","一般贸易","44","广东省","0","千克","0","?","203",
"202606","85177950","光通信设备的激光收发模块","243","索马里","10","一般贸易","36","江西省","0","千克","0","?","37",
"202606","85177950","光通信设备的激光收发模块","243","索马里","10","一般贸易","44","广东省","0","千克","0","?","127",
"202606","85177950","光通信设备的激光收发模块","244","南非","10","一般贸易","31","上海市","19","千克","0","?","15,227",
"202606","85177950","光通信设备的激光收发模块","244","南非","10","一般贸易","33","浙江省","34","千克","0","?","12,117",
"202606","85177950","光通信设备的激光收发模块","244","南非","10","一般贸易","35","福建省","0","千克","0","?","44",
"202606","85177950","光通信设备的激光收发模块","244","南非","10","一般贸易","42","湖北省","23","千克","0","?","5,063",
"202606","85177950","光通信设备的激光收发模块","244","南非","10","一般贸易","44","广东省","425","千克","0","?","263,864",
"202606","85177950","光通信设备的激光收发模块","244","南非","10","一般贸易","52","贵州省","83","千克","0","?","20,080",
"202606","85177950","光通信设备的激光收发模块","244","南非","34","海关特殊监管区域物流货物","32","江苏省","69","千克","0","?","21,884",
"202606","85177950","光通信设备的激光收发模块","246","苏丹","10","一般贸易","44","广东省","9","千克","0","?","82,497",
"202606","85177950","光通信设备的激光收发模块","247","坦桑尼亚","10","一般贸易","37","山东省","3","千克","0","?","50",
"202606","85177950","光通信设备的激光收发模块","247","坦桑尼亚","10","一般贸易","44","广东省","85","千克","0","?","42,764",
"202606","85177950","光通信设备的激光收发模块","247","坦桑尼亚","34","海关特殊监管区域物流货物","32","江苏省","2","千克","0","?","532",
"202606","85177950","光通信设备的激光收发模块","248","多哥","34","海关特殊监管区域物流货物","32","江苏省","2","千克","0","?","296",
"202606","85177950","光通信设备的激光收发模块","249","突尼斯","10","一般贸易","44","广东省","24","千克","0","?","78,330",
"202606","85177950","光通信设备的激光收发模块","250","乌干达","10","一般贸易","11","北京市","2","千克","0","?","24,126",
"202606","85177950","光通信设备的激光收发模块","250","乌干达","10","一般贸易","44","广东省","15","千克","0","?","18,409",
"202606","85177950","光通信设备的激光收发模块","251","布基纳法索","10","一般贸易","44","广东省","14","千克","0","?","67,920",
"202606","85177950","光通信设备的激光收发模块","251","布基纳法索","34","海关特殊监管区域物流货物","32","江苏省","10","千克","0","?","2,320",
"202606","85177950","光通信设备的激光收发模块","252","刚果民主共和国","10","一般贸易","33","浙江省","5","千克","0","?","577",
"202606","85177950","光通信设备的激光收发模块","252","刚果民主共和国","10","一般贸易","44","广东省","18","千克","0","?","14,061",
"202606","85177950","光通信设备的激光收发模块","253","赞比亚","10","一般贸易","44","广东省","10","千克","0","?","5,377",
"202606","85177950","光通信设备的激光收发模块","254","津巴布韦","10","一般贸易","44","广东省","38","千克","0","?","26,806",
"202606","85177950","光通信设备的激光收发模块","257","斯威士兰","10","一般贸易","44","广东省","5","千克","0","?","846",
"202606","85177950","光通信设备的激光收发模块","258","厄立特里亚","10","一般贸易","11","北京市","0","千克","0","?","821",
"202606","85177950","光通信设备的激光收发模块","258","厄立特里亚","10","一般贸易","44","广东省","11","千克","0","?","2,067",
"202606","85177950","光通信设备的激光收发模块","259","马约特","10","一般贸易","44","广东省","1","千克","0","?","286",
"202606","85177950","光通信设备的激光收发模块","260","南苏丹","10","一般贸易","34","安徽省","1","千克","0","?","160",
"202606","85177950","光通信设备的激光收发模块","301","比利时","10","一般贸易","11","北京市","1","千克","0","?","27",
"202606","85177950","光通信设备的激光收发模块","301","比利时","10","一般贸易","31","上海市","11","千克","0","?","83,820",
"202606","85177950","光通信设备的激光收发模块","301","比利时","10","一般贸易","32","江苏省","0","千克","0","?","1,070",
"202606","85177950","光通信设备的激光收发模块","301","比利时","10","一般贸易","33","浙江省","1","千克","0","?","247",
"202606","85177950","光通信设备的激光收发模块","301","比利时","10","一般贸易","34","安徽省","241","千克","0","?","29,910",
"202606","85177950","光通信设备的激光收发模块","301","比利时","10","一般贸易","37","山东省","0","千克","0","?","105",
"202606","85177950","光通信设备的激光收发模块","301","比利时","10","一般贸易","42","湖北省","389","千克","0","?","485,804",
"202606","85177950","光通信设备的激光收发模块","301","比利时","10","一般贸易","44","广东省","307","千克","0","?","240,416",
"202606","85177950","光通信设备的激光收发模块","301","比利时","10","一般贸易","51","四川省","22","千克","0","?","40,928",
"202606","85177950","光通信设备的激光收发模块","301","比利时","10","一般贸易","65","新疆维吾尔自治区","0","千克","0","?","19",
"202606","85177950","光通信设备的激光收发模块","301","比利时","15","进料加工贸易","32","江苏省","56","千克","0","?","39,245",
"202606","85177950","光通信设备的激光收发模块","302","丹麦","10","一般贸易","11","北京市","2","千克","0","?","255",
"202606","85177950","光通信设备的激光收发模块","302","丹麦","10","一般贸易","31","上海市","1","千克","0","?","2,862",
"202606","85177950","光通信设备的激光收发模块","302","丹麦","10","一般贸易","32","江苏省","1","千克","0","?","15,686",
"202606","85177950","光通信设备的激光收发模块","302","丹麦","10","一般贸易","34","安徽省","13","千克","0","?","1,960",
"202606","85177950","光通信设备的激光收发模块","302","丹麦","10","一般贸易","42","湖北省","47","千克","0","?","143,350",
"202606","85177950","光通信设备的激光收发模块","302","丹麦","10","一般贸易","44","广东省","47","千克","0","?","37,645",
"202606","85177950","光通信设备的激光收发模块","302","丹麦","10","一般贸易","51","四川省","202","千克","0","?","141,974",
"202606","85177950","光通信设备的激光收发模块","302","丹麦","15","进料加工贸易","32","江苏省","15","千克","0","?","76,008",
"202606","85177950","光通信设备的激光收发模块","303","英国","10","一般贸易","11","北京市","8","千克","0","?","8,254",
"202606","85177950","光通信设备的激光收发模块","303","英国","10","一般贸易","31","上海市","27","千克","0","?","33,855",
"202606","85177950","光通信设备的激光收发模块","303","英国","10","一般贸易","32","江苏省","282","千克","0","?","1,007,584",
"202606","85177950","光通信设备的激光收发模块","303","英国","10","一般贸易","33","浙江省","8","千克","0","?","15,048",
"202606","85177950","光通信设备的激光收发模块","303","英国","10","一般贸易","37","山东省","33","千克","0","?","3,862",
"202606","85177950","光通信设备的激光收发模块","303","英国","10","一般贸易","42","湖北省","415","千克","0","?","513,330",
"202606","85177950","光通信设备的激光收发模块","303","英国","10","一般贸易","44","广东省","1621","千克","0","?","1,354,653",
"202606","85177950","光通信设备的激光收发模块","303","英国","10","一般贸易","46","海南省","66","千克","0","?","24,681",
"202606","85177950","光通信设备的激光收发模块","303","英国","10","一般贸易","51","四川省","81","千克","0","?","33,820",
"202606","85177950","光通信设备的激光收发模块","303","英国","10","一般贸易","61","陕西省","0","千克","0","?","295",
"202606","85177950","光通信设备的激光收发模块","303","英国","10","一般贸易","65","新疆维吾尔自治区","1","千克","0","?","116",
"202606","85177950","光通信设备的激光收发模块","303","英国","15","进料加工贸易","32","江苏省","1","千克","0","?","190",
"202606","85177950","光通信设备的激光收发模块","303","英国","15","进料加工贸易","51","四川省","10","千克","0","?","37,500",
"202606","85177950","光通信设备的激光收发模块","303","英国","34","海关特殊监管区域物流货物","32","江苏省","0","千克","0","?","180",
"202606","85177950","光通信设备的激光收发模块","303","英国","34","海关特殊监管区域物流货物","44","广东省","43","千克","0","?","32,313",
"202606","85177950","光通信设备的激光收发模块","304","德国","10","一般贸易","11","北京市","149","千克","0","?","70,230",
"202606","85177950","光通信设备的激光收发模块","304","德国","10","一般贸易","23","黑龙江省","1","千克","0","?","566",
"202606","85177950","光通信设备的激光收发模块","304","德国","10","一般贸易","31","上海市","146","千克","0","?","215,938",
"202606","85177950","光通信设备的激光收发模块","304","德国","10","一般贸易","32","江苏省","96","千克","0","?","144,452",
"202606","85177950","光通信设备的激光收发模块","304","德国","10","一般贸易","33","浙江省","319","千克","0","?","294,608",
"202606","85177950","光通信设备的激光收发模块","304","德国","10","一般贸易","34","安徽省","0","千克","0","?","3",
"202606","85177950","光通信设备的激光收发模块","304","德国","10","一般贸易","35","福建省","3","千克","0","?","1,176",
"202606","85177950","光通信设备的激光收发模块","304","德国","10","一般贸易","41","河南省","7","千克","0","?","10,105",
"202606","85177950","光通信设备的激光收发模块","304","德国","10","一般贸易","42","湖北省","1116","千克","0","?","1,054,233",
"202606","85177950","光通信设备的激光收发模块","304","德国","10","一般贸易","43","湖南省","3","千克","0","?","11,085",
"202606","85177950","光通信设备的激光收发模块","304","德国","10","一般贸易","44","广东省","3438","千克","0","?","3,058,299",
"202606","85177950","光通信设备的激光收发模块","304","德国","10","一般贸易","46","海南省","32","千克","0","?","7,944",
"202606","85177950","光通信设备的激光收发模块","304","德国","10","一般贸易","51","四川省","2455","千克","0","?","1,107,998",
"202606","85177950","光通信设备的激光收发模块","304","德国","10","一般贸易","53","云南省","2","千克","0","?","990",
"202606","85177950","光通信设备的激光收发模块","304","德国","10","一般贸易","61","陕西省","1","千克","0","?","590",
"202606","85177950","光通信设备的激光收发模块","304","德国","15","进料加工贸易","32","江苏省","90","千克","0","?","724,804",
"202606","85177950","光通信设备的激光收发模块","304","德国","15","进料加工贸易","51","四川省","0","千克","0","?","127",
"202606","85177950","光通信设备的激光收发模块","304","德国","33","保税监管场所进出境货物","44","广东省","11","千克","0","?","1,525",
"202606","85177950","光通信设备的激光收发模块","304","德国","34","海关特殊监管区域物流货物","42","湖北省","1758","千克","0","?","2,392,240",
"202606","85177950","光通信设备的激光收发模块","304","德国","34","海关特殊监管区域物流货物","44","广东省","87","千克","0","?","116,565",
"202606","85177950","光通信设备的激光收发模块","305","法国","10","一般贸易","11","北京市","15","千克","0","?","12,515",
"202606","85177950","光通信设备的激光收发模块","305","法国","10","一般贸易","23","黑龙江省","0","千克","0","?","10",
"202606","85177950","光通信设备的激光收发模块","305","法国","10","一般贸易","31","上海市","1","千克","0","?","1,299",
"202606","85177950","光通信设备的激光收发模块","305","法国","10","一般贸易","32","江苏省","0","千克","0","?","831",
"202606","85177950","光通信设备的激光收发模块","305","法国","10","一般贸易","33","浙江省","8","千克","0","?","3,825",
"202606","85177950","光通信设备的激光收发模块","305","法国","10","一般贸易","42","湖北省","71","千克","0","?","59,742",
"202606","85177950","光通信设备的激光收发模块","305","法国","10","一般贸易","44","广东省","1210","千克","0","?","404,323",
"202606","85177950","光通信设备的激光收发模块","305","法国","10","一般贸易","51","四川省","388","千克","0","?","97,016",
"202606","85177950","光通信设备的激光收发模块","305","法国","15","进料加工贸易","32","江苏省","2","千克","0","?","1,491",
"202606","85177950","光通信设备的激光收发模块","305","法国","15","进料加工贸易","51","四川省","4","千克","0","?","31,750",
"202606","85177950","光通信设备的激光收发模块","305","法国","33","保税监管场所进出境货物","35","福建省","1","千克","0","?","555",
"202606","85177950","光通信设备的激光收发模块","305","法国","34","海关特殊监管区域物流货物","32","江苏省","0","千克","0","?","158",
"202606","85177950","光通信设备的激光收发模块","306","爱尔兰","10","一般贸易","21","辽宁省","0","千克","0","?","43,828",
"202606","85177950","光通信设备的激光收发模块","306","爱尔兰","10","一般贸易","32","江苏省","92","千克","0","?","337,455",
"202606","85177950","光通信设备的激光收发模块","306","爱尔兰","10","一般贸易","44","广东省","63","千克","0","?","72,032",
"202606","85177950","光通信设备的激光收发模块","306","爱尔兰","10","一般贸易","51","四川省","456","千克","0","?","1,727,600",
"202606","85177950","光通信设备的激光收发模块","306","爱尔兰","10","一般贸易","52","贵州省","13","千克","0","?","5,194",
"202606","85177950","光通信设备的激光收发模块","306","爱尔兰","15","进料加工贸易","32","江苏省","93","千克","0","?","126,229",
"202606","85177950","光通信设备的激光收发模块","306","爱尔兰","15","进料加工贸易","33","浙江省","38","千克","0","?","30,689",
"202606","85177950","光通信设备的激光收发模块","307","意大利","10","一般贸易","23","黑龙江省","0","千克","0","?","10",
"202606","85177950","光通信设备的激光收发模块","307","意大利","10","一般贸易","31","上海市","13","千克","0","?","9,521",
"202606","85177950","光通信设备的激光收发模块","307","意大利","10","一般贸易","32","江苏省","2","千克","0","?","1,500",
"202606","85177950","光通信设备的激光收发模块","307","意大利","10","一般贸易","33","浙江省","93","千克","0","?","25,821",
"202606","85177950","光通信设备的激光收发模块","307","意大利","10","一般贸易","37","山东省","1","千克","0","?","50",
"202606","85177950","光通信设备的激光收发模块","307","意大利","10","一般贸易","44","广东省","231","千克","0","?","144,350",
"202606","85177950","光通信设备的激光收发模块","307","意大利","15","进料加工贸易","32","江苏省","3","千克","0","?","4,782",
"202606","85177950","光通信设备的激光收发模块","307","意大利","33","保税监管场所进出境货物","44","广东省","10","千克","0","?","200",
"202606","85177950","光通信设备的激光收发模块","309","荷兰","10","一般贸易","11","北京市","291","千克","0","?","113,699",
"202606","85177950","光通信设备的激光收发模块","309","荷兰","10","一般贸易","31","上海市","16","千克","0","?","124,663",
"202606","85177950","光通信设备的激光收发模块","309","荷兰","10","一般贸易","32","江苏省","41","千克","0","?","108,175",
"202606","85177950","光通信设备的激光收发模块","309","荷兰","10","一般贸易","33","浙江省","362","千克","0","?","337,433",
"202606","85177950","光通信设备的激光收发模块","309","荷兰","10","一般贸易","42","湖北省","4862","千克","0","?","3,253,326",
"202606","85177950","光通信设备的激光收发模块","309","荷兰","10","一般贸易","44","广东省","3464","千克","0","?","1,261,772",
"202606","85177950","光通信设备的激光收发模块","309","荷兰","10","一般贸易","51","四川省","1751","千克","0","?","1,874,147",
"202606","85177950","光通信设备的激光收发模块","309","荷兰","15","进料加工贸易","32","江苏省","166","千克","0","?","492,497",
"202606","85177950","光通信设备的激光收发模块","309","荷兰","15","进料加工贸易","51","四川省","18","千克","0","?","49,044",
"202606","85177950","光通信设备的激光收发模块","309","荷兰","34","海关特殊监管区域物流货物","32","江苏省","10","千克","0","?","49,516",
"202606","85177950","光通信设备的激光收发模块","310","希腊","10","一般贸易","32","江苏省","21","千克","0","?","7,205",
"202606","85177950","光通信设备的激光收发模块","310","希腊","10","一般贸易","33","浙江省","0","千克","0","?","8",
"202606","85177950","光通信设备的激光收发模块","310","希腊","10","一般贸易","44","广东省","83","千克","0","?","12,102",
"202606","85177950","光通信设备的激光收发模块","310","希腊","10","一般贸易","65","新疆维吾尔自治区","1","千克","0","?","50",
"202606","85177950","光通信设备的激光收发模块","311","葡萄牙","10","一般贸易","33","浙江省","37","千克","0","?","47,321",
"202606","85177950","光通信设备的激光收发模块","311","葡萄牙","10","一般贸易","43","湖南省","50","千克","0","?","19,750",
"202606","85177950","光通信设备的激光收发模块","311","葡萄牙","10","一般贸易","44","广东省","17","千克","0","?","45,735",
"202606","85177950","光通信设备的激光收发模块","312","西班牙","10","一般贸易","11","北京市","2","千克","0","?","1,755",
"202606","85177950","光通信设备的激光收发模块","312","西班牙","10","一般贸易","31","上海市","3","千克","0","?","1,042",
"202606","85177950","光通信设备的激光收发模块","312","西班牙","10","一般贸易","32","江苏省","16","千克","0","?","2,580",
"202606","85177950","光通信设备的激光收发模块","312","西班牙","10","一般贸易","33","浙江省","50","千克","0","?","31,424",
"202606","85177950","光通信设备的激光收发模块","312","西班牙","10","一般贸易","35","福建省","2","千克","0","?","5,500",
"202606","85177950","光通信设备的激光收发模块","312","西班牙","10","一般贸易","44","广东省","456","千克","0","?","262,745",
"202606","85177950","光通信设备的激光收发模块","312","西班牙","10","一般贸易","45","广西壮族自治区","0","千克","0","?","2,200",
"202606","85177950","光通信设备的激光收发模块","312","西班牙","10","一般贸易","46","海南省","0","千克","0","?","100",
"202606","85177950","光通信设备的激光收发模块","312","西班牙","10","一般贸易","53","云南省","0","千克","0","?","38",
"202606","85177950","光通信设备的激光收发模块","312","西班牙","10","一般贸易","61","陕西省","4","千克","0","?","2,415",
"202606","85177950","光通信设备的激光收发模块","312","西班牙","10","一般贸易","65","新疆维吾尔自治区","0","千克","0","?","5",
"202606","85177950","光通信设备的激光收发模块","312","西班牙","15","进料加工贸易","44","广东省","0","千克","0","?","43",
"202606","85177950","光通信设备的激光收发模块","313","阿尔巴尼亚","10","一般贸易","44","广东省","45","千克","0","?","45,550",
"202606","85177950","光通信设备的激光收发模块","315","奥地利","10","一般贸易","31","上海市","2","千克","0","?","1,735",
"202606","85177950","光通信设备的激光收发模块","315","奥地利","10","一般贸易","33","浙江省","3","千克","0","?","3,115",
"202606","85177950","光通信设备的激光收发模块","315","奥地利","10","一般贸易","44","广东省","183","千克","0","?","64,464",
"202606","85177950","光通信设备的激光收发模块","315","奥地利","10","一般贸易","51","四川省","203","千克","0","?","135,000",
"202606","85177950","光通信设备的激光收发模块","316","保加利亚","10","一般贸易","35","福建省","0","千克","0","?","2,399",
"202606","85177950","光通信设备的激光收发模块","316","保加利亚","10","一般贸易","44","广东省","30","千克","0","?","57,026",
"202606","85177950","光通信设备的激光收发模块","316","保加利亚","10","一般贸易","51","四川省","118","千克","0","?","19,518",
"202606","85177950","光通信设备的激光收发模块","316","保加利亚","33","保税监管场所进出境货物","44","广东省","53","千克","0","?","3,021",
"202606","85177950","光通信设备的激光收发模块","318","芬兰","10","一般贸易","42","湖北省","139","千克","0","?","192,800",
"202606","85177950","光通信设备的激光收发模块","318","芬兰","10","一般贸易","44","广东省","139","千克","0","?","73,915",
"202606","85177950","光通信设备的激光收发模块","318","芬兰","10","一般贸易","51","四川省","0","千克","0","?","1,900",
"202606","85177950","光通信设备的激光收发模块","318","芬兰","10","一般贸易","65","新疆维吾尔自治区","4","千克","0","?","134",
"202606","85177950","光通信设备的激光收发模块","318","芬兰","15","进料加工贸易","33","浙江省","3","千克","0","?","3,694",
"202606","85177950","光通信设备的激光收发模块","318","芬兰","15","进料加工贸易","51","四川省","4","千克","0","?","22,596",
"202606","85177950","光通信设备的激光收发模块","321","匈牙利","10","一般贸易","32","江苏省","0","千克","0","?","522",
"202606","85177950","光通信设备的激光收发模块","321","匈牙利","10","一般贸易","33","浙江省","0","千克","0","?","3",
"202606","85177950","光通信设备的激光收发模块","321","匈牙利","10","一般贸易","37","山东省","0","千克","0","?","9",
"202606","85177950","光通信设备的激光收发模块","321","匈牙利","10","一般贸易","44","广东省","3013","千克","0","?","3,391,689",
"202606","85177950","光通信设备的激光收发模块","321","匈牙利","10","一般贸易","61","陕西省","1","千克","0","?","826",
"202606","85177950","光通信设备的激光收发模块","321","匈牙利","10","一般贸易","65","新疆维吾尔自治区","3","千克","0","?","143",
"202606","85177950","光通信设备的激光收发模块","321","匈牙利","33","保税监管场所进出境货物","44","广东省","3","千克","0","?","36,117",
"202606","85177950","光通信设备的激光收发模块","322","冰岛","10","一般贸易","42","湖北省","316","千克","0","?","422,161",
"202606","85177950","光通信设备的激光收发模块","322","冰岛","10","一般贸易","44","广东省","10","千克","0","?","35,430",
"202606","85177950","光通信设备的激光收发模块","323","列支敦士登","10","一般贸易","42","湖北省","1","千克","0","?","5,996",
"202606","85177950","光通信设备的激光收发模块","323","列支敦士登","10","一般贸易","44","广东省","4","千克","0","?","6,616",
"202606","85177950","光通信设备的激光收发模块","326","挪威","10","一般贸易","31","上海市","32","千克","0","?","149,251",
"202606","85177950","光通信设备的激光收发模块","326","挪威","10","一般贸易","33","浙江省","8","千克","0","?","2,705",
"202606","85177950","光通信设备的激光收发模块","326","挪威","10","一般贸易","42","湖北省","74","千克","0","?","27,430",
"202606","85177950","光通信设备的激光收发模块","326","挪威","10","一般贸易","44","广东省","175","千克","0","?","82,174",
"202606","85177950","光通信设备的激光收发模块","327","波兰","10","一般贸易","11","北京市","18","千克","0","?","4,703",
"202606","85177950","光通信设备的激光收发模块","327","波兰","10","一般贸易","31","上海市","80","千克","0","?","129,023",
"202606","85177950","光通信设备的激光收发模块","327","波兰","10","一般贸易","32","江苏省","114","千克","0","?","27,410",
"202606","85177950","光通信设备的激光收发模块","327","波兰","10","一般贸易","33","浙江省","170","千克","0","?","257,867",
"202606","85177950","光通信设备的激光收发模块","327","波兰","10","一般贸易","42","湖北省","631","千克","0","?","262,799",
"202606","85177950","光通信设备的激光收发模块","327","波兰","10","一般贸易","43","湖南省","18","千克","0","?","4,978",
"202606","85177950","光通信设备的激光收发模块","327","波兰","10","一般贸易","44","广东省","1280","千克","0","?","521,445",
"202606","85177950","光通信设备的激光收发模块","327","波兰","10","一般贸易","46","海南省","116","千克","0","?","15,042",
"202606","85177950","光通信设备的激光收发模块","327","波兰","10","一般贸易","51","四川省","136","千克","0","?","59,003",
"202606","85177950","光通信设备的激光收发模块","327","波兰","15","进料加工贸易","32","江苏省","0","千克","0","?","15,671",
"202606","85177950","光通信设备的激光收发模块","328","罗马尼亚","10","一般贸易","33","浙江省","10","千克","0","?","4,144",
"202606","85177950","光通信设备的激光收发模块","328","罗马尼亚","10","一般贸易","41","河南省","126","千克","0","?","153,620",
"202606","85177950","光通信设备的激光收发模块","328","罗马尼亚","10","一般贸易","42","湖北省","10","千克","0","?","1,315",
"202606","85177950","光通信设备的激光收发模块","328","罗马尼亚","10","一般贸易","44","广东省","43","千克","0","?","38,902",
"202606","85177950","光通信设备的激光收发模块","328","罗马尼亚","10","一般贸易","46","海南省","7","千克","0","?","961",
"202606","85177950","光通信设备的激光收发模块","328","罗马尼亚","10","一般贸易","51","四川省","1","千克","0","?","1,600",
"202606","85177950","光通信设备的激光收发模块","328","罗马尼亚","10","一般贸易","53","云南省","2","千克","0","?","294",
"202606","85177950","光通信设备的激光收发模块","328","罗马尼亚","15","进料加工贸易","32","江苏省","0","千克","0","?","2,284",
"202606","85177950","光通信设备的激光收发模块","330","瑞典","10","一般贸易","31","上海市","4","千克","0","?","7,055",
"202606","85177950","光通信设备的激光收发模块","330","瑞典","10","一般贸易","32","江苏省","65","千克","0","?","68,533",
"202606","85177950","光通信设备的激光收发模块","330","瑞典","10","一般贸易","33","浙江省","61","千克","0","?","10,150",
"202606","85177950","光通信设备的激光收发模块","330","瑞典","10","一般贸易","37","山东省","1","千克","0","?","130",
"202606","85177950","光通信设备的激光收发模块","330","瑞典","10","一般贸易","42","湖北省","2466","千克","0","?","1,013,183",
"202606","85177950","光通信设备的激光收发模块","330","瑞典","10","一般贸易","44","广东省","496","千克","0","?","204,022",
"202606","85177950","光通信设备的激光收发模块","330","瑞典","10","一般贸易","46","海南省","1","千克","0","?","150",
"202606","85177950","光通信设备的激光收发模块","330","瑞典","10","一般贸易","51","四川省","669","千克","0","?","509,466",
"202606","85177950","光通信设备的激光收发模块","330","瑞典","10","一般贸易","61","陕西省","1","千克","0","?","354",
"202606","85177950","光通信设备的激光收发模块","330","瑞典","15","进料加工贸易","32","江苏省","2","千克","0","?","16,663",
"202606","85177950","光通信设备的激光收发模块","330","瑞典","15","进料加工贸易","51","四川省","191","千克","0","?","43,327",
"202606","85177950","光通信设备的激光收发模块","330","瑞典","34","海关特殊监管区域物流货物","32","江苏省","0","千克","0","?","2,391",
"202606","85177950","光通信设备的激光收发模块","331","瑞士","10","一般贸易","21","辽宁省","69","千克","0","?","148,160",
"202606","85177950","光通信设备的激光收发模块","331","瑞士","10","一般贸易","32","江苏省","0","千克","0","?","1,392",
"202606","85177950","光通信设备的激光收发模块","331","瑞士","10","一般贸易","33","浙江省","0","千克","0","?","10",
"202606","85177950","光通信设备的激光收发模块","331","瑞士","10","一般贸易","42","湖北省","6","千克","0","?","3,427",
"202606","85177950","光通信设备的激光收发模块","331","瑞士","10","一般贸易","43","湖南省","6","千克","0","?","16,220",
"202606","85177950","光通信设备的激光收发模块","331","瑞士","10","一般贸易","44","广东省","153","千克","0","?","94,130",
"202606","85177950","光通信设备的激光收发模块","334","爱沙尼亚","10","一般贸易","33","浙江省","11","千克","0","?","6,079",
"202606","85177950","光通信设备的激光收发模块","334","爱沙尼亚","10","一般贸易","42","湖北省","4","千克","0","?","4,001",
"202606","85177950","光通信设备的激光收发模块","334","爱沙尼亚","10","一般贸易","44","广东省","1","千克","0","?","400",
"202606","85177950","光通信设备的激光收发模块","335","拉脱维亚","10","一般贸易","42","湖北省","2","千克","0","?","753",
"202606","85177950","光通信设备的激光收发模块","335","拉脱维亚","10","一般贸易","44","广东省","1161","千克","0","?","402,052",
"202606","85177950","光通信设备的激光收发模块","335","拉脱维亚","10","一般贸易","51","四川省","0","千克","0","?","1,664",
"202606","85177950","光通信设备的激光收发模块","336","立陶宛","10","一般贸易","32","江苏省","0","千克","0","?","1,091",
"202606","85177950","光通信设备的激光收发模块","336","立陶宛","10","一般贸易","44","广东省","143","千克","0","?","44,697",
"202606","85177950","光通信设备的激光收发模块","336","立陶宛","10","一般贸易","50","重庆市","1","千克","0","?","2,750",
"202606","85177950","光通信设备的激光收发模块","336","立陶宛","39","其他","22","吉林省","2","千克","0","?","3,750",
"202606","85177950","光通信设备的激光收发模块","340","白俄罗斯","10","一般贸易","23","黑龙江省","10","千克","0","?","963",
"202606","85177950","光通信设备的激光收发模块","340","白俄罗斯","10","一般贸易","31","上海市","5","千克","0","?","240",
"202606","85177950","光通信设备的激光收发模块","340","白俄罗斯","10","一般贸易","33","浙江省","15","千克","0","?","2,500",
"202606","85177950","光通信设备的激光收发模块","340","白俄罗斯","10","一般贸易","37","山东省","1","千克","0","?","340",
"202606","85177950","光通信设备的激光收发模块","340","白俄罗斯","10","一般贸易","42","湖北省","15","千克","0","?","5,784",
"202606","85177950","光通信设备的激光收发模块","340","白俄罗斯","10","一般贸易","46","海南省","84","千克","0","?","417",
"202606","85177950","光通信设备的激光收发模块","343","摩尔多瓦","10","一般贸易","32","江苏省","30","千克","0","?","3,148",
"202606","85177950","光通信设备的激光收发模块","343","摩尔多瓦","10","一般贸易","42","湖北省","18","千克","0","?","1,279",
"202606","85177950","光通信设备的激光收发模块","343","摩尔多瓦","10","一般贸易","44","广东省","3","千克","0","?","297",
"202606","85177950","光通信设备的激光收发模块","344","俄罗斯","10","一般贸易","11","北京市","37","千克","0","?","17,163",
"202606","85177950","光通信设备的激光收发模块","344","俄罗斯","10","一般贸易","21","辽宁省","3","千克","0","?","310",
"202606","85177950","光通信设备的激光收发模块","344","俄罗斯","10","一般贸易","23","黑龙江省","30","千克","0","?","50",
"202606","85177950","光通信设备的激光收发模块","344","俄罗斯","10","一般贸易","31","上海市","519","千克","0","?","251,848",
"202606","85177950","光通信设备的激光收发模块","344","俄罗斯","10","一般贸易","32","江苏省","322","千克","0","?","619,189",
"202606","85177950","光通信设备的激光收发模块","344","俄罗斯","10","一般贸易","33","浙江省","8","千克","0","?","3,079",
"202606","85177950","光通信设备的激光收发模块","344","俄罗斯","10","一般贸易","34","安徽省","751","千克","0","?","120,196",
"202606","85177950","光通信设备的激光收发模块","344","俄罗斯","10","一般贸易","37","山东省","0","千克","0","?","208",
"202606","85177950","光通信设备的激光收发模块","344","俄罗斯","10","一般贸易","41","河南省","4","千克","0","?","2,374",
"202606","85177950","光通信设备的激光收发模块","344","俄罗斯","10","一般贸易","42","湖北省","1111","千克","0","?","592,235",
"202606","85177950","光通信设备的激光收发模块","344","俄罗斯","10","一般贸易","43","湖南省","107","千克","0","?","3,525",
"202606","85177950","光通信设备的激光收发模块","344","俄罗斯","10","一般贸易","44","广东省","3252","千克","0","?","3,075,187",
"202606","85177950","光通信设备的激光收发模块","344","俄罗斯","10","一般贸易","45","广西壮族自治区","1","千克","0","?","120",
"202606","85177950","光通信设备的激光收发模块","344","俄罗斯","10","一般贸易","46","海南省","801","千克","0","?","82,525",
"202606","85177950","光通信设备的激光收发模块","344","俄罗斯","10","一般贸易","65","新疆维吾尔自治区","2","千克","0","?","1,055",
"202606","85177950","光通信设备的激光收发模块","344","俄罗斯","33","保税监管场所进出境货物","44","广东省","144","千克","0","?","205,876",
"202606","85177950","光通信设备的激光收发模块","344","俄罗斯","34","海关特殊监管区域物流货物","11","北京市","0","千克","0","?","1,920",
"202606","85177950","光通信设备的激光收发模块","344","俄罗斯","34","海关特殊监管区域物流货物","15","内蒙古自治区","669","千克","0","?","1,918,206",
"202606","85177950","光通信设备的激光收发模块","344","俄罗斯","34","海关特殊监管区域物流货物","42","湖北省","103","千克","0","?","610,062",
"202606","85177950","光通信设备的激光收发模块","344","俄罗斯","39","其他","33","浙江省","59","千克","0","?","5,400",
"202606","85177950","光通信设备的激光收发模块","347","乌克兰","10","一般贸易","23","黑龙江省","22","千克","0","?","12,060",
"202606","85177950","光通信设备的激光收发模块","347","乌克兰","10","一般贸易","33","浙江省","1","千克","0","?","859",
"202606","85177950","光通信设备的激光收发模块","347","乌克兰","10","一般贸易","35","福建省","1","千克","0","?","692",
"202606","85177950","光通信设备的激光收发模块","347","乌克兰","10","一般贸易","41","河南省","3","千克","0","?","888",
"202606","85177950","光通信设备的激光收发模块","347","乌克兰","10","一般贸易","42","湖北省","853","千克","0","?","153,011",
"202606","85177950","光通信设备的激光收发模块","347","乌克兰","10","一般贸易","44","广东省","170","千克","0","?","119,216",
"202606","85177950","光通信设备的激光收发模块","350","斯洛文尼亚","10","一般贸易","42","湖北省","1","千克","0","?","218",
"202606","85177950","光通信设备的激光收发模块","350","斯洛文尼亚","10","一般贸易","44","广东省","77","千克","0","?","33,617",
"202606","85177950","光通信设备的激光收发模块","350","斯洛文尼亚","33","保税监管场所进出境货物","44","广东省","24","千克","0","?","561",
"202606","85177950","光通信设备的激光收发模块","351","克罗地亚","10","一般贸易","31","上海市","8","千克","0","?","7,679",
"202606","85177950","光通信设备的激光收发模块","351","克罗地亚","10","一般贸易","33","浙江省","0","千克","0","?","260",
"202606","85177950","光通信设备的激光收发模块","352","捷克","10","一般贸易","33","浙江省","956","千克","0","?","194,855",
"202606","85177950","光通信设备的激光收发模块","352","捷克","10","一般贸易","42","湖北省","10","千克","0","?","23,772",
"202606","85177950","光通信设备的激光收发模块","352","捷克","10","一般贸易","44","广东省","1042","千克","0","?","370,457",
"202606","85177950","光通信设备的激光收发模块","352","捷克","10","一般贸易","51","四川省","95","千克","0","?","8,062",
"202606","85177950","光通信设备的激光收发模块","352","捷克","10","一般贸易","65","新疆维吾尔自治区","0","千克","0","?","1",
"202606","85177950","光通信设备的激光收发模块","352","捷克","15","进料加工贸易","32","江苏省","26","千克","0","?","12,902",
"202606","85177950","光通信设备的激光收发模块","352","捷克","33","保税监管场所进出境货物","44","广东省","8","千克","0","?","420",
"202606","85177950","光通信设备的激光收发模块","353","斯洛伐克","10","一般贸易","44","广东省","1","千克","0","?","600",
"202606","85177950","光通信设备的激光收发模块","353","斯洛伐克","10","一般贸易","51","四川省","90","千克","0","?","165,742",
"202606","85177950","光通信设备的激光收发模块","354","北马其顿","10","一般贸易","44","广东省","2","千克","0","?","2,985",
"202606","85177950","光通信设备的激光收发模块","355","波斯尼亚和黑塞哥维那","10","一般贸易","33","浙江省","0","千克","0","?","6",
"202606","85177950","光通信设备的激光收发模块","355","波斯尼亚和黑塞哥维那","10","一般贸易","44","广东省","0","千克","0","?","25",
"202606","85177950","光通信设备的激光收发模块","358","塞尔维亚","10","一般贸易","31","上海市","8","千克","0","?","10,040",
"202606","85177950","光通信设备的激光收发模块","358","塞尔维亚","10","一般贸易","33","浙江省","4","千克","0","?","1,940",
"202606","85177950","光通信设备的激光收发模块","358","塞尔维亚","10","一般贸易","42","湖北省","1","千克","0","?","1,239",
"202606","85177950","光通信设备的激光收发模块","358","塞尔维亚","10","一般贸易","44","广东省","115","千克","0","?","149,269",
"202606","85177950","光通信设备的激光收发模块","358","塞尔维亚","10","一般贸易","61","陕西省","0","千克","0","?","59",
"202606","85177950","光通信设备的激光收发模块","359","黑山","10","一般贸易","44","广东省","0","千克","0","?","35",
"202606","85177950","光通信设备的激光收发模块","402","阿根廷","10","一般贸易","11","北京市","36","千克","0","?","28,705",
"202606","85177950","光通信设备的激光收发模块","402","阿根廷","10","一般贸易","22","吉林省","10","千克","0","?","1,510",
"202606","85177950","光通信设备的激光收发模块","402","阿根廷","10","一般贸易","33","浙江省","0","千克","0","?","402",
"202606","85177950","光通信设备的激光收发模块","402","阿根廷","10","一般贸易","35","福建省","4","千克","0","?","7,128",
"202606","85177950","光通信设备的激光收发模块","402","阿根廷","10","一般贸易","42","湖北省","9","千克","0","?","2,826",
"202606","85177950","光通信设备的激光收发模块","402","阿根廷","10","一般贸易","43","湖南省","2","千克","0","?","1,275",
"202606","85177950","光通信设备的激光收发模块","402","阿根廷","10","一般贸易","44","广东省","398","千克","0","?","181,259",
"202606","85177950","光通信设备的激光收发模块","402","阿根廷","10","一般贸易","61","陕西省","0","千克","0","?","138",
"202606","85177950","光通信设备的激光收发模块","402","阿根廷","34","海关特殊监管区域物流货物","32","江苏省","16","千克","0","?","7,996",
"202606","85177950","光通信设备的激光收发模块","405","巴巴多斯","10","一般贸易","44","广东省","0","千克","0","?","370",
"202606","85177950","光通信设备的激光收发模块","408","玻利维亚
","10","一般贸易","44","广东省","22","千克","0","?","6,256",
"202606","85177950","光通信设备的激光收发模块","410","巴西","10","一般贸易","31","上海市","23","千克","0","?","82,600",
"202606","85177950","光通信设备的激光收发模块","410","巴西","10","一般贸易","32","江苏省","91","千克","0","?","258,459",
"202606","85177950","光通信设备的激光收发模块","410","巴西","10","一般贸易","33","浙江省","149","千克","0","?","32,227",
"202606","85177950","光通信设备的激光收发模块","410","巴西","10","一般贸易","35","福建省","2","千克","0","?","2,440",
"202606","85177950","光通信设备的激光收发模块","410","巴西","10","一般贸易","36","江西省","1","千克","0","?","484",
"202606","85177950","光通信设备的激光收发模块","410","巴西","10","一般贸易","37","山东省","60","千克","0","?","9,333",
"202606","85177950","光通信设备的激光收发模块","410","巴西","10","一般贸易","41","河南省","1","千克","0","?","609",
"202606","85177950","光通信设备的激光收发模块","410","巴西","10","一般贸易","42","湖北省","213","千克","0","?","427,672",
"202606","85177950","光通信设备的激光收发模块","410","巴西","10","一般贸易","44","广东省","6236","千克","0","?","2,924,246",
"202606","85177950","光通信设备的激光收发模块","410","巴西","10","一般贸易","51","四川省","103","千克","0","?","28,827",
"202606","85177950","光通信设备的激光收发模块","410","巴西","15","进料加工贸易","32","江苏省","12","千克","0","?","22,006",
"202606","85177950","光通信设备的激光收发模块","410","巴西","15","进料加工贸易","44","广东省","0","千克","0","?","4,421",
"202606","85177950","光通信设备的激光收发模块","410","巴西","15","进料加工贸易","51","四川省","2","千克","0","?","38,610",
"202606","85177950","光通信设备的激光收发模块","410","巴西","33","保税监管场所进出境货物","44","广东省","312","千克","0","?","35,775",
"202606","85177950","光通信设备的激光收发模块","410","巴西","34","海关特殊监管区域物流货物","32","江苏省","1092","千克","0","?","215,473",
"202606","85177950","光通信设备的激光收发模块","410","巴西","34","海关特殊监管区域物流货物","35","福建省","3","千克","0","?","1,601",
"202606","85177950","光通信设备的激光收发模块","411","开曼群岛","10","一般贸易","44","广东省","2","千克","0","?","6,432",
"202606","85177950","光通信设备的激光收发模块","412","智利","10","一般贸易","32","江苏省","1","千克","0","?","196",
"202606","85177950","光通信设备的激光收发模块","412","智利","10","一般贸易","33","浙江省","0","千克","0","?","771",
"202606","85177950","光通信设备的激光收发模块","412","智利","10","一般贸易","42","湖北省","7","千克","0","?","23,603",
"202606","85177950","光通信设备的激光收发模块","412","智利","10","一般贸易","44","广东省","69","千克","0","?","21,932",
"202606","85177950","光通信设备的激光收发模块","412","智利","10","一般贸易","51","四川省","0","千克","0","?","2,656",
"202606","85177950","光通信设备的激光收发模块","412","智利","10","一般贸易","52","贵州省","8","千克","0","?","1,455",
"202606","85177950","光通信设备的激光收发模块","412","智利","33","保税监管场所进出境货物","44","广东省","1","千克","0","?","210",
"202606","85177950","光通信设备的激光收发模块","413","哥伦比亚","10","一般贸易","33","浙江省","0","千克","0","?","1,010",
"202606","85177950","光通信设备的激光收发模块","413","哥伦比亚","10","一般贸易","35","福建省","2","千克","0","?","3,168",
"202606","85177950","光通信设备的激光收发模块","413","哥伦比亚","10","一般贸易","42","湖北省","4","千克","0","?","2,622",
"202606","85177950","光通信设备的激光收发模块","413","哥伦比亚","10","一般贸易","44","广东省","317","千克","0","?","114,738",
"202606","85177950","光通信设备的激光收发模块","413","哥伦比亚","34","海关特殊监管区域物流货物","32","江苏省","166","千克","0","?","24,886",
"202606","85177950","光通信设备的激光收发模块","415","哥斯达黎加","10","一般贸易","34","安徽省","33","千克","0","?","2,738",
"202606","85177950","光通信设备的激光收发模块","415","哥斯达黎加","10","一般贸易","44","广东省","11","千克","0","?","8,571",
"202606","85177950","光通信设备的激光收发模块","418","多米尼加
","10","一般贸易","43","湖南省","2","千克","0","?","1,251",
"202606","85177950","光通信设备的激光收发模块","418","多米尼加
","10","一般贸易","44","广东省","2","千克","0","?","478",
"202606","85177950","光通信设备的激光收发模块","418","多米尼加
","33","保税监管场所进出境货物","44","广东省","2","千克","0","?","13",
"202606","85177950","光通信设备的激光收发模块","419","厄瓜多尔","10","一般贸易","32","江苏省","3","千克","0","?","1,561",
"202606","85177950","光通信设备的激光收发模块","419","厄瓜多尔","10","一般贸易","33","浙江省","2","千克","0","?","4,897",
"202606","85177950","光通信设备的激光收发模块","419","厄瓜多尔","10","一般贸易","35","福建省","6","千克","0","?","1,477",
"202606","85177950","光通信设备的激光收发模块","419","厄瓜多尔","10","一般贸易","44","广东省","355","千克","0","?","245,019",
"202606","85177950","光通信设备的激光收发模块","419","厄瓜多尔","33","保税监管场所进出境货物","44","广东省","24","千克","0","?","26,883",
"202606","85177950","光通信设备的激光收发模块","420","法属圭亚那","10","一般贸易","44","广东省","0","千克","0","?","2,650",
"202606","85177950","光通信设备的激光收发模块","423","危地马拉","10","一般贸易","33","浙江省","1","千克","0","?","800",
"202606","85177950","光通信设备的激光收发模块","423","危地马拉","10","一般贸易","35","福建省","2","千克","0","?","990",
"202606","85177950","光通信设备的激光收发模块","423","危地马拉","10","一般贸易","44","广东省","13","千克","0","?","12,903",
"202606","85177950","光通信设备的激光收发模块","424","圭亚那","10","一般贸易","44","广东省","13","千克","0","?","50,497",
"202606","85177950","光通信设备的激光收发模块","425","海地","10","一般贸易","44","广东省","7","千克","0","?","2,003",
"202606","85177950","光通信设备的激光收发模块","426","洪都拉斯","10","一般贸易","44","广东省","26","千克","0","?","11,545",
"202606","85177950","光通信设备的激光收发模块","428","马提尼克","10","一般贸易","44","广东省","0","千克","0","?","160",
"202606","85177950","光通信设备的激光收发模块","429","墨西哥","10","一般贸易","11","北京市","3","千克","0","?","6,718",
"202606","85177950","光通信设备的激光收发模块","429","墨西哥","10","一般贸易","31","上海市","2657","千克","0","?","6,700,781",
"202606","85177950","光通信设备的激光收发模块","429","墨西哥","10","一般贸易","32","江苏省","253","千克","0","?","1,437,401",
"202606","85177950","光通信设备的激光收发模块","429","墨西哥","10","一般贸易","33","浙江省","32","千克","0","?","24,973",
"202606","85177950","光通信设备的激光收发模块","429","墨西哥","10","一般贸易","35","福建省","14","千克","0","?","9,460",
"202606","85177950","光通信设备的激光收发模块","429","墨西哥","10","一般贸易","37","山东省","1","千克","0","?","519",
"202606","85177950","光通信设备的激光收发模块","429","墨西哥","10","一般贸易","41","河南省","0","千克","0","?","103",
"202606","85177950","光通信设备的激光收发模块","429","墨西哥","10","一般贸易","42","湖北省","1043","千克","0","?","1,093,846",
"202606","85177950","光通信设备的激光收发模块","429","墨西哥","10","一般贸易","44","广东省","8615","千克","0","?","30,532,861",
"202606","85177950","光通信设备的激光收发模块","429","墨西哥","10","一般贸易","50","重庆市","7","千克","0","?","29,110",
"202606","85177950","光通信设备的激光收发模块","429","墨西哥","10","一般贸易","51","四川省","943","千克","0","?","1,677,221",
"202606","85177950","光通信设备的激光收发模块","429","墨西哥","15","进料加工贸易","32","江苏省","330","千克","0","?","158,672",
"202606","85177950","光通信设备的激光收发模块","429","墨西哥","15","进料加工贸易","44","广东省","2812","千克","0","?","12,760,225",
"202606","85177950","光通信设备的激光收发模块","429","墨西哥","15","进料加工贸易","51","四川省","1034","千克","0","?","2,268,032",
"202606","85177950","光通信设备的激光收发模块","429","墨西哥","33","保税监管场所进出境货物","44","广东省","60","千克","0","?","229,237",
"202606","85177950","光通信设备的激光收发模块","429","墨西哥","34","海关特殊监管区域物流货物","32","江苏省","364","千克","0","?","319,988",
"202606","85177950","光通信设备的激光收发模块","431","尼加拉瓜","10","一般贸易","44","广东省","0","千克","0","?","839",
"202606","85177950","光通信设备的激光收发模块","432","巴拿马","10","一般贸易","33","浙江省","1","千克","0","?","247",
"202606","85177950","光通信设备的激光收发模块","432","巴拿马","10","一般贸易","44","广东省","1019","千克","0","?","445,217",
"202606","85177950","光通信设备的激光收发模块","432","巴拿马","33","保税监管场所进出境货物","44","广东省","1","千克","0","?","220",
"202606","85177950","光通信设备的激光收发模块","433","巴拉圭","10","一般贸易","44","广东省","1005","千克","0","?","407,823",
"202606","85177950","光通信设备的激光收发模块","434","秘鲁","10","一般贸易","32","江苏省","0","千克","0","?","200",
"202606","85177950","光通信设备的激光收发模块","434","秘鲁","10","一般贸易","33","浙江省","2","千克","0","?","3,332",
"202606","85177950","光通信设备的激光收发模块","434","秘鲁","10","一般贸易","42","湖北省","9","千克","0","?","5,536",
"202606","85177950","光通信设备的激光收发模块","434","秘鲁","10","一般贸易","44","广东省","174","千克","0","?","145,872",
"202606","85177950","光通信设备的激光收发模块","434","秘鲁","10","一般贸易","45","广西壮族自治区","16","千克","0","?","1,580",
"202606","85177950","光通信设备的激光收发模块","434","秘鲁","10","一般贸易","65","新疆维吾尔自治区","76","千克","0","?","67,605",
"202606","85177950","光通信设备的激光收发模块","434","秘鲁","34","海关特殊监管区域物流货物","32","江苏省","92","千克","0","?","11,413",
"202606","85177950","光通信设备的激光收发模块","435","波多黎各","34","海关特殊监管区域物流货物","32","江苏省","0","千克","0","?","625",
"202606","85177950","光通信设备的激光收发模块","440","萨尔瓦多","10","一般贸易","33","浙江省","1","千克","0","?","52",
"202606","85177950","光通信设备的激光收发模块","440","萨尔瓦多","10","一般贸易","44","广东省","6","千克","0","?","2,061",
"202606","85177950","光通信设备的激光收发模块","440","萨尔瓦多","34","海关特殊监管区域物流货物","32","江苏省","0","千克","0","?","112",
"202606","85177950","光通信设备的激光收发模块","441","苏里南","10","一般贸易","44","广东省","1","千克","0","?","4,947",
"202606","85177950","光通信设备的激光收发模块","442","特立尼达和多巴哥","10","一般贸易","33","浙江省","0","千克","0","?","181",
"202606","85177950","光通信设备的激光收发模块","444","乌拉圭","10","一般贸易","33","浙江省","1","千克","0","?","262",
"202606","85177950","光通信设备的激光收发模块","444","乌拉圭","10","一般贸易","44","广东省","35","千克","0","?","11,456",
"202606","85177950","光通信设备的激光收发模块","444","乌拉圭","33","保税监管场所进出境货物","44","广东省","3","千克","0","?","429",
"202606","85177950","光通信设备的激光收发模块","445","委内瑞拉","10","一般贸易","33","浙江省","33","千克","0","?","6,280",
"202606","85177950","光通信设备的激光收发模块","445","委内瑞拉","10","一般贸易","36","江西省","0","千克","0","?","17",
"202606","85177950","光通信设备的激光收发模块","445","委内瑞拉","10","一般贸易","44","广东省","18","千克","0","?","32,180",
"202606","85177950","光通信设备的激光收发模块","445","委内瑞拉","10","一般贸易","61","陕西省","1","千克","0","?","69",
"202606","85177950","光通信设备的激光收发模块","501","加拿大","10","一般贸易","11","北京市","1","千克","0","?","870",
"202606","85177950","光通信设备的激光收发模块","501","加拿大","10","一般贸易","23","黑龙江省","0","千克","0","?","8",
"202606","85177950","光通信设备的激光收发模块","501","加拿大","10","一般贸易","31","上海市","7","千克","0","?","40,130",
"202606","85177950","光通信设备的激光收发模块","501","加拿大","10","一般贸易","32","江苏省","33","千克","0","?","12,113",
"202606","85177950","光通信设备的激光收发模块","501","加拿大","10","一般贸易","33","浙江省","1","千克","0","?","3,795",
"202606","85177950","光通信设备的激光收发模块","501","加拿大","10","一般贸易","35","福建省","16","千克","0","?","9,822",
"202606","85177950","光通信设备的激光收发模块","501","加拿大","10","一般贸易","37","山东省","38","千克","0","?","993",
"202606","85177950","光通信设备的激光收发模块","501","加拿大","10","一般贸易","42","湖北省","325","千克","0","?","690,433",
"202606","85177950","光通信设备的激光收发模块","501","加拿大","10","一般贸易","43","湖南省","22","千克","0","?","14,520",
"202606","85177950","光通信设备的激光收发模块","501","加拿大","10","一般贸易","44","广东省","697","千克","0","?","856,013",
"202606","85177950","光通信设备的激光收发模块","501","加拿大","10","一般贸易","50","重庆市","0","千克","0","?","2,057",
"202606","85177950","光通信设备的激光收发模块","501","加拿大","10","一般贸易","51","四川省","17","千克","0","?","42,117",
"202606","85177950","光通信设备的激光收发模块","501","加拿大","15","进料加工贸易","44","广东省","0","千克","0","?","12,105",
"202606","85177950","光通信设备的激光收发模块","501","加拿大","15","进料加工贸易","51","四川省","8","千克","0","?","18,995",
"202606","85177950","光通信设备的激光收发模块","501","加拿大","33","保税监管场所进出境货物","44","广东省","36","千克","0","?","10,125",
"202606","85177950","光通信设备的激光收发模块","501","加拿大","34","海关特殊监管区域物流货物","32","江苏省","2246","千克","0","?","361,179",
"202606","85177950","光通信设备的激光收发模块","501","加拿大","39","其他","33","浙江省","26","千克","0","?","216",
"202606","85177950","光通信设备的激光收发模块","502","美国","10","一般贸易","11","北京市","94","千克","0","?","64,406",
"202606","85177950","光通信设备的激光收发模块","502","美国","10","一般贸易","13","河北省","1","千克","0","?","182",
"202606","85177950","光通信设备的激光收发模块","502","美国","10","一般贸易","21","辽宁省","0","千克","0","?","504",
"202606","85177950","光通信设备的激光收发模块","502","美国","10","一般贸易","22","吉林省","6","千克","0","?","4,061",
"202606","85177950","光通信设备的激光收发模块","502","美国","10","一般贸易","23","黑龙江省","0","千克","0","?","15",
"202606","85177950","光通信设备的激光收发模块","502","美国","10","一般贸易","31","上海市","610","千克","0","?","1,663,285",
"202606","85177950","光通信设备的激光收发模块","502","美国","10","一般贸易","32","江苏省","1795","千克","0","?","4,070,470",
"202606","85177950","光通信设备的激光收发模块","502","美国","10","一般贸易","33","浙江省","812","千克","0","?","3,510,362",
"202606","85177950","光通信设备的激光收发模块","502","美国","10","一般贸易","34","安徽省","76","千克","0","?","116,660",
"202606","85177950","光通信设备的激光收发模块","502","美国","10","一般贸易","35","福建省","28","千克","0","?","14,522",
"202606","85177950","光通信设备的激光收发模块","502","美国","10","一般贸易","37","山东省","1063","千克","0","?","150,132",
"202606","85177950","光通信设备的激光收发模块","502","美国","10","一般贸易","42","湖北省","7607","千克","0","?","10,461,058",
"202606","85177950","光通信设备的激光收发模块","502","美国","10","一般贸易","43","湖南省","7","千克","0","?","19,900",
"202606","85177950","光通信设备的激光收发模块","502","美国","10","一般贸易","44","广东省","13382","千克","0","?","11,830,927",
"202606","85177950","光通信设备的激光收发模块","502","美国","10","一般贸易","46","海南省","780","千克","0","?","3,641",
"202606","85177950","光通信设备的激光收发模块","502","美国","10","一般贸易","51","四川省","1039","千克","0","?","2,851,527",
"202606","85177950","光通信设备的激光收发模块","502","美国","10","一般贸易","61","陕西省","1","千克","0","?","275",
"202606","85177950","光通信设备的激光收发模块","502","美国","10","一般贸易","65","新疆维吾尔自治区","8","千克","0","?","143",
"202606","85177950","光通信设备的激光收发模块","502","美国","15","进料加工贸易","32","江苏省","1977","千克","0","?","4,514,874",
"202606","85177950","光通信设备的激光收发模块","502","美国","15","进料加工贸易","44","广东省","126","千克","0","?","173,572",
"202606","85177950","光通信设备的激光收发模块","502","美国","15","进料加工贸易","51","四川省","6432","千克","0","?","21,952,311",
"202606","85177950","光通信设备的激光收发模块","502","美国","33","保税监管场所进出境货物","11","北京市","0","千克","0","?","319",
"202606","85177950","光通信设备的激光收发模块","502","美国","33","保税监管场所进出境货物","32","江苏省","0","千克","0","?","368",
"202606","85177950","光通信设备的激光收发模块","502","美国","33","保税监管场所进出境货物","44","广东省","303","千克","0","?","61,684",
"202606","85177950","光通信设备的激光收发模块","502","美国","34","海关特殊监管区域物流货物","32","江苏省","38","千克","0","?","82,350",
"202606","85177950","光通信设备的激光收发模块","502","美国","34","海关特殊监管区域物流货物","44","广东省","21","千克","0","?","13,183",
"202606","85177950","光通信设备的激光收发模块","502","美国","39","其他","32","江苏省","0","千克","0","?","1,436",
"202606","85177950","光通信设备的激光收发模块","502","美国","39","其他","33","浙江省","3","千克","0","?","840",
"202606","85177950","光通信设备的激光收发模块","502","美国","39","其他","44","广东省","14","千克","0","?","39,306",
"202606","85177950","光通信设备的激光收发模块","504","百慕大","10","一般贸易","44","广东省","0","千克","0","?","7,402",
"202606","85177950","光通信设备的激光收发模块","601","澳大利亚","10","一般贸易","23","黑龙江省","1","千克","0","?","64",
"202606","85177950","光通信设备的激光收发模块","601","澳大利亚","10","一般贸易","31","上海市","4","千克","0","?","19,729",
"202606","85177950","光通信设备的激光收发模块","601","澳大利亚","10","一般贸易","32","江苏省","0","千克","0","?","13",
"202606","85177950","光通信设备的激光收发模块","601","澳大利亚","10","一般贸易","33","浙江省","7","千克","0","?","25,860",
"202606","85177950","光通信设备的激光收发模块","601","澳大利亚","10","一般贸易","35","福建省","0","千克","0","?","548",
"202606","85177950","光通信设备的激光收发模块","601","澳大利亚","10","一般贸易","37","山东省","1","千克","0","?","96",
"202606","85177950","光通信设备的激光收发模块","601","澳大利亚","10","一般贸易","42","湖北省","29","千克","0","?","53,838",
"202606","85177950","光通信设备的激光收发模块","601","澳大利亚","10","一般贸易","44","广东省","268","千克","0","?","384,717",
"202606","85177950","光通信设备的激光收发模块","601","澳大利亚","10","一般贸易","46","海南省","1","千克","0","?","590",
"202606","85177950","光通信设备的激光收发模块","601","澳大利亚","10","一般贸易","51","四川省","18","千克","0","?","83,099",
"202606","85177950","光通信设备的激光收发模块","601","澳大利亚","10","一般贸易","65","新疆维吾尔自治区","3","千克","0","?","965",
"202606","85177950","光通信设备的激光收发模块","601","澳大利亚","15","进料加工贸易","32","江苏省","1543","千克","0","?","278,991",
"202606","85177950","光通信设备的激光收发模块","601","澳大利亚","15","进料加工贸易","33","浙江省","86","千克","0","?","49,522",
"202606","85177950","光通信设备的激光收发模块","601","澳大利亚","15","进料加工贸易","35","福建省","2","千克","0","?","21,434",
"202606","85177950","光通信设备的激光收发模块","601","澳大利亚","15","进料加工贸易","44","广东省","0","千克","0","?","994",
"202606","85177950","光通信设备的激光收发模块","601","澳大利亚","34","海关特殊监管区域物流货物","32","江苏省","406","千克","0","?","216,052",
"202606","85177950","光通信设备的激光收发模块","601","澳大利亚","34","海关特殊监管区域物流货物","42","湖北省","145","千克","0","?","189,478",
"202606","85177950","光通信设备的激光收发模块","603","斐济","10","一般贸易","44","广东省","2","千克","0","?","14,882",
"202606","85177950","光通信设备的激光收发模块","603","斐济","34","海关特殊监管区域物流货物","32","江苏省","6","千克","0","?","1,416",
"202606","85177950","光通信设备的激光收发模块","608","瓦努阿图","34","海关特殊监管区域物流货物","32","江苏省","6","千克","0","?","1,029",
"202606","85177950","光通信设备的激光收发模块","609","新西兰","10","一般贸易","32","江苏省","2","千克","0","?","1,920",
"202606","85177950","光通信设备的激光收发模块","609","新西兰","10","一般贸易","33","浙江省","0","千克","0","?","99",
"202606","85177950","光通信设备的激光收发模块","609","新西兰","10","一般贸易","37","山东省","2","千克","0","?","53",
"202606","85177950","光通信设备的激光收发模块","609","新西兰","10","一般贸易","44","广东省","19","千克","0","?","44,966",
"202606","85177950","光通信设备的激光收发模块","609","新西兰","15","进料加工贸易","35","福建省","0","千克","0","?","1,296",
"202606","85177950","光通信设备的激光收发模块","609","新西兰","33","保税监管场所进出境货物","44","广东省","11","千克","0","?","176",
"202606","85177950","光通信设备的激光收发模块","609","新西兰","34","海关特殊监管区域物流货物","32","江苏省","65","千克","0","?","58,175",
"202606","85177950","光通信设备的激光收发模块","611","巴布亚新几内亚","10","一般贸易","35","福建省","0","千克","0","?","1,257",
"202606","85177950","光通信设备的激光收发模块","611","巴布亚新几内亚","10","一般贸易","44","广东省","0","千克","0","?","29",
"202606","85177950","光通信设备的激光收发模块","617","萨摩亚","10","一般贸易","44","广东省","2","千克","0","?","2,055",
"202606","85177950","光通信设备的激光收发模块","623","法属波利尼西亚","10","一般贸易","44","广东省","2","千克","0","?","716",
