"数据年月","商品编码","商品名称","贸易伙伴编码","贸易伙伴名称","贸易方式编码","贸易方式名称","第一数量","第一计量单位","第二数量","第二计量单位","美元",
"202401","85177950","光通信设备的激光收发模块","107","柬埔寨","10","一般贸易","3","千克","0","?","25,966",
"202401","85177950","光通信设备的激光收发模块","110","中国香港","10","一般贸易","2","千克","0","?","24",
"202401","85177950","光通信设备的激光收发模块","111","印度","10","一般贸易","56","千克","0","?","10,993",
"202401","85177950","光通信设备的激光收发模块","111","印度","39","其他","1","千克","0","?","40",
"202401","85177950","光通信设备的激光收发模块","112","印度尼西亚","10","一般贸易","70","千克","0","?","72,367",
"202401","85177950","光通信设备的激光收发模块","115","以色列","10","一般贸易","1","千克","0","?","2,596",
"202401","85177950","光通信设备的激光收发模块","115","以色列","33","保税监管场所进出境货物","0","千克","0","?","569",
"202401","85177950","光通信设备的激光收发模块","115","以色列","39","其他","2","千克","0","?","8,438",
"202401","85177950","光通信设备的激光收发模块","116","日本","10","一般贸易","489","千克","0","?","605,960",
"202401","85177950","光通信设备的激光收发模块","116","日本","15","进料加工贸易","5","千克","0","?","32,621",
"202401","85177950","光通信设备的激光收发模块","116","日本","34","海关特殊监管区域物流货物","1","千克","0","?","3,816",
"202401","85177950","光通信设备的激光收发模块","116","日本","39","其他","1","千克","0","?","659",
"202401","85177950","光通信设备的激光收发模块","120","黎巴嫩","10","一般贸易","4","千克","0","?","5,867",
"202401","85177950","光通信设备的激光收发模块","122","马来西亚","10","一般贸易","2248","千克","0","?","3,708,814",
"202401","85177950","光通信设备的激光收发模块","122","马来西亚","15","进料加工贸易","73","千克","0","?","206,101",
"202401","85177950","光通信设备的激光收发模块","122","马来西亚","33","保税监管场所进出境货物","359","千克","0","?","607,232",
"202401","85177950","光通信设备的激光收发模块","122","马来西亚","34","海关特殊监管区域物流货物","363","千克","0","?","858,795",
"202401","85177950","光通信设备的激光收发模块","122","马来西亚","39","其他","5","千克","0","?","17,533",
"202401","85177950","光通信设备的激光收发模块","129","菲律宾","10","一般贸易","522","千克","0","?","834,316",
"202401","85177950","光通信设备的激光收发模块","129","菲律宾","15","进料加工贸易","321","千克","0","?","160,346",
"202401","85177950","光通信设备的激光收发模块","129","菲律宾","34","海关特殊监管区域物流货物","27","千克","0","?","61,641",
"202401","85177950","光通信设备的激光收发模块","133","韩国","10","一般贸易","6","千克","0","?","4,027",
"202401","85177950","光通信设备的激光收发模块","133","韩国","33","保税监管场所进出境货物","1","千克","0","?","230",
"202401","85177950","光通信设备的激光收发模块","133","韩国","34","海关特殊监管区域物流货物","138","千克","0","?","476,140",
"202401","85177950","光通信设备的激光收发模块","133","韩国","39","其他","2","千克","0","?","7,452",
"202401","85177950","光通信设备的激光收发模块","136","泰国","10","一般贸易","2989","千克","0","?","16,906,326",
"202401","85177950","光通信设备的激光收发模块","136","泰国","15","进料加工贸易","15","千克","0","?","5,536",
"202401","85177950","光通信设备的激光收发模块","136","泰国","33","保税监管场所进出境货物","487","千克","0","?","5,939,813",
"202401","85177950","光通信设备的激光收发模块","136","泰国","34","海关特殊监管区域物流货物","109","千克","0","?","726,237",
"202401","85177950","光通信设备的激光收发模块","136","泰国","39","其他","7","千克","0","?","9,050",
"202401","85177950","光通信设备的激光收发模块","141","越南","10","一般贸易","1","千克","0","?","402",
"202401","85177950","光通信设备的激光收发模块","141","越南","15","进料加工贸易","0","千克","0","?","125",
"202401","85177950","光通信设备的激光收发模块","141","越南","34","海关特殊监管区域物流货物","0","千克","0","?","658",
"202401","85177950","光通信设备的激光收发模块","142","中国","10","一般贸易","6009","千克","0","?","18,180,536",
"202401","85177950","光通信设备的激光收发模块","142","中国","14","来料加工贸易","10","千克","0","?","22,455",
"202401","85177950","光通信设备的激光收发模块","142","中国","15","进料加工贸易","491","千克","0","?","749,941",
"202401","85177950","光通信设备的激光收发模块","142","中国","33","保税监管场所进出境货物","778","千克","0","?","3,315,449",
"202401","85177950","光通信设备的激光收发模块","142","中国","34","海关特殊监管区域物流货物","675","千克","0","?","1,118,491",
"202401","85177950","光通信设备的激光收发模块","142","中国","35","海关特殊监管区域进口设备","2","千克","0","?","17,635",
"202401","85177950","光通信设备的激光收发模块","142","中国","39","其他","38","千克","0","?","66,530",
"202401","85177950","光通信设备的激光收发模块","143","中国台湾","10","一般贸易","371","千克","0","?","518,928",
"202401","85177950","光通信设备的激光收发模块","143","中国台湾","15","进料加工贸易","146","千克","0","?","274,472",
"202401","85177950","光通信设备的激光收发模块","143","中国台湾","33","保税监管场所进出境货物","1","千克","0","?","2,812",
"202401","85177950","光通信设备的激光收发模块","143","中国台湾","34","海关特殊监管区域物流货物","87","千克","0","?","112,365",
"202401","85177950","光通信设备的激光收发模块","143","中国台湾","35","海关特殊监管区域进口设备","0","千克","0","?","1,406",
"202401","85177950","光通信设备的激光收发模块","143","中国台湾","39","其他","1","千克","0","?","1,455",
"202401","85177950","光通信设备的激光收发模块","244","南非","10","一般贸易","10","千克","0","?","2,142",
"202401","85177950","光通信设备的激光收发模块","301","比利时","10","一般贸易","74","千克","0","?","285,779",
"202401","85177950","光通信设备的激光收发模块","302","丹麦","10","一般贸易","0","千克","0","?","746",
"202401","85177950","光通信设备的激光收发模块","303","英国","10","一般贸易","54","千克","0","?","69,996",
"202401","85177950","光通信设备的激光收发模块","303","英国","34","海关特殊监管区域物流货物","0","千克","0","?","95",
"202401","85177950","光通信设备的激光收发模块","304","德国","10","一般贸易","157","千克","0","?","366,895",
"202401","85177950","光通信设备的激光收发模块","304","德国","14","来料加工贸易","116","千克","0","?","72,829",
"202401","85177950","光通信设备的激光收发模块","304","德国","39","其他","3","千克","0","?","1,740",
"202401","85177950","光通信设备的激光收发模块","305","法国","10","一般贸易","107","千克","0","?","2,340,790",
"202401","85177950","光通信设备的激光收发模块","305","法国","34","海关特殊监管区域物流货物","9","千克","0","?","3,191",
"202401","85177950","光通信设备的激光收发模块","307","意大利","10","一般贸易","1","千克","0","?","1,528",
"202401","85177950","光通信设备的激光收发模块","315","奥地利","10","一般贸易","0","千克","0","?","2,002",
"202401","85177950","光通信设备的激光收发模块","328","罗马尼亚","10","一般贸易","1","千克","0","?","15,590",
"202401","85177950","光通信设备的激光收发模块","330","瑞典","10","一般贸易","3","千克","0","?","25,391",
"202401","85177950","光通信设备的激光收发模块","331","瑞士","10","一般贸易","4","千克","0","?","4,280",
"202401","85177950","光通信设备的激光收发模块","335","拉脱维亚","10","一般贸易","0","千克","0","?","2,015",
"202401","85177950","光通信设备的激光收发模块","352","捷克","10","一般贸易","0","千克","0","?","487",
"202401","85177950","光通信设备的激光收发模块","429","墨西哥","10","一般贸易","13","千克","0","?","50,691",
"202401","85177950","光通信设备的激光收发模块","501","加拿大","10","一般贸易","0","千克","0","?","1,074",
"202401","85177950","光通信设备的激光收发模块","502","美国","10","一般贸易","57","千克","0","?","210,699",
"202401","85177950","光通信设备的激光收发模块","502","美国","15","进料加工贸易","2","千克","0","?","1,330",
"202401","85177950","光通信设备的激光收发模块","502","美国","33","保税监管场所进出境货物","1","千克","0","?","12,521",
"202401","85177950","光通信设备的激光收发模块","502","美国","34","海关特殊监管区域物流货物","73","千克","0","?","481,655",
"202401","85177950","光通信设备的激光收发模块","502","美国","39","其他","6","千克","0","?","2,703",
"202401","85177950","光通信设备的激光收发模块","601","澳大利亚","10","一般贸易","3","千克","0","?","9,355",
"202401","85177990","品目85.17所列设备用其他零件","106","缅甸","10","一般贸易","261","千克","0","?","32,940",
"202401","85177990","品目85.17所列设备用其他零件","107","柬埔寨","10","一般贸易","46","千克","0","?","79,923",
"202401","85177990","品目85.17所列设备用其他零件","108","塞浦路斯","33","保税监管场所进出境货物","332","千克","0","?","25,986",
"202401","85177990","品目85.17所列设备用其他零件","110","中国香港","10","一般贸易","223","千克","0","?","6,880",
"202401","85177990","品目85.17所列设备用其他零件","110","中国香港","39","其他","0","千克","0","?","5,386",
"202401","85177990","品目85.17所列设备用其他零件","111","印度","10","一般贸易","2447","千克","0","?","260,434",
"202401","85177990","品目85.17所列设备用其他零件","111","印度","15","进料加工贸易","1417","千克","0","?","282,246",
"202401","85177990","品目85.17所列设备用其他零件","111","印度","34","海关特殊监管区域物流货物","12297","千克","0","?","2,569,341",
"202401","85177990","品目85.17所列设备用其他零件","111","印度","39","其他","392","千克","0","?","95,974",
"202401","85177990","品目85.17所列设备用其他零件","112","印度尼西亚","10","一般贸易","309","千克","0","?","38,564",
"202401","85177990","品目85.17所列设备用其他零件","112","印度尼西亚","14","来料加工贸易","121","千克","0","?","462",
"202401","85177990","品目85.17所列设备用其他零件","112","印度尼西亚","15","进料加工贸易","30","千克","0","?","8,727",
"202401","85177990","品目85.17所列设备用其他零件","112","印度尼西亚","34","海关特殊监管区域物流货物","3","千克","0","?","4,179",
"202401","85177990","品目85.17所列设备用其他零件","115","以色列","10","一般贸易","1146","千克","0","?","346,041",
"202401","85177990","品目85.17所列设备用其他零件","115","以色列","15","进料加工贸易","13","千克","0","?","61,701",
"202401","85177990","品目85.17所列设备用其他零件","115","以色列","33","保税监管场所进出境货物","0","千克","0","?","569",
"202401","85177990","品目85.17所列设备用其他零件","115","以色列","34","海关特殊监管区域物流货物","1","千克","0","?","10,254",
"202401","85177990","品目85.17所列设备用其他零件","115","以色列","35","海关特殊监管区域进口设备","0","千克","0","?","240",
"202401","85177990","品目85.17所列设备用其他零件","115","以色列","39","其他","0","千克","0","?","167",
"202401","85177990","品目85.17所列设备用其他零件","116","日本","10","一般贸易","4920","千克","0","?","7,227,190",
"202401","85177990","品目85.17所列设备用其他零件","116","日本","14","来料加工贸易","26","千克","0","?","10,361",
"202401","85177990","品目85.17所列设备用其他零件","116","日本","15","进料加工贸易","2421","千克","0","?","5,876,925",
"202401","85177990","品目85.17所列设备用其他零件","116","日本","33","保税监管场所进出境货物","537","千克","0","?","278,829",
"202401","85177990","品目85.17所列设备用其他零件","116","日本","34","海关特殊监管区域物流货物","328","千克","0","?","949,146",
"202401","85177990","品目85.17所列设备用其他零件","116","日本","39","其他","82","千克","0","?","41,975",
"202401","85177990","品目85.17所列设备用其他零件","122","马来西亚","10","一般贸易","1384","千克","0","?","4,691,625",
"202401","85177990","品目85.17所列设备用其他零件","122","马来西亚","15","进料加工贸易","10555","千克","0","?","33,078,787",
"202401","85177990","品目85.17所列设备用其他零件","122","马来西亚","33","保税监管场所进出境货物","7873","千克","0","?","154,065",
"202401","85177990","品目85.17所列设备用其他零件","122","马来西亚","34","海关特殊监管区域物流货物","611","千克","0","?","969,185",
"202401","85177990","品目85.17所列设备用其他零件","122","马来西亚","35","海关特殊监管区域进口设备","0","千克","0","?","5,400",
"202401","85177990","品目85.17所列设备用其他零件","122","马来西亚","39","其他","144","千克","0","?","46,426",
"202401","85177990","品目85.17所列设备用其他零件","129","菲律宾","10","一般贸易","1476","千克","0","?","1,526,834",
"202401","85177990","品目85.17所列设备用其他零件","129","菲律宾","15","进料加工贸易","725","千克","0","?","156,052",
"202401","85177990","品目85.17所列设备用其他零件","129","菲律宾","33","保税监管场所进出境货物","73","千克","0","?","9,149",
"202401","85177990","品目85.17所列设备用其他零件","129","菲律宾","34","海关特殊监管区域物流货物","156","千克","0","?","87,662",
"202401","85177990","品目85.17所列设备用其他零件","132","新加坡","10","一般贸易","2227","千克","0","?","4,217,905",
"202401","85177990","品目85.17所列设备用其他零件","132","新加坡","15","进料加工贸易","1296","千克","0","?","223,511",
"202401","85177990","品目85.17所列设备用其他零件","132","新加坡","33","保税监管场所进出境货物","2344","千克","0","?","296,696",
"202401","85177990","品目85.17所列设备用其他零件","132","新加坡","34","海关特殊监管区域物流货物","1802","千克","0","?","2,080,195",
"202401","85177990","品目85.17所列设备用其他零件","133","韩国","10","一般贸易","8962","千克","0","?","1,505,964",
"202401","85177990","品目85.17所列设备用其他零件","133","韩国","14","来料加工贸易","212","千克","0","?","19,197",
"202401","85177990","品目85.17所列设备用其他零件","133","韩国","15","进料加工贸易","3234","千克","0","?","5,535,233",
"202401","85177990","品目85.17所列设备用其他零件","133","韩国","33","保税监管场所进出境货物","194","千克","0","?","7,149",
"202401","85177990","品目85.17所列设备用其他零件","133","韩国","34","海关特殊监管区域物流货物","577","千克","0","?","63,567",
"202401","85177990","品目85.17所列设备用其他零件","133","韩国","39","其他","133","千克","0","?","82,128",
"202401","85177990","品目85.17所列设备用其他零件","136","泰国","10","一般贸易","5780","千克","0","?","11,560,946",
"202401","85177990","品目85.17所列设备用其他零件","136","泰国","14","来料加工贸易","6","千克","0","?","18,750",
"202401","85177990","品目85.17所列设备用其他零件","136","泰国","15","进料加工贸易","341","千克","0","?","3,901,718",
"202401","85177990","品目85.17所列设备用其他零件","136","泰国","33","保税监管场所进出境货物","815","千克","0","?","7,385,776",
"202401","85177990","品目85.17所列设备用其他零件","136","泰国","34","海关特殊监管区域物流货物","191","千克","0","?","908,816",
"202401","85177990","品目85.17所列设备用其他零件","136","泰国","39","其他","165","千克","0","?","56,369",
"202401","85177990","品目85.17所列设备用其他零件","137","土耳其","10","一般贸易","17","千克","0","?","19,073",
"202401","85177990","品目85.17所列设备用其他零件","138","阿联酋","10","一般贸易","5","千克","0","?","50",
"202401","85177990","品目85.17所列设备用其他零件","141","越南","10","一般贸易","35352","千克","0","?","1,446,569",
"202401","85177990","品目85.17所列设备用其他零件","141","越南","15","进料加工贸易","865","千克","0","?","1,433,334",
"202401","85177990","品目85.17所列设备用其他零件","141","越南","34","海关特殊监管区域物流货物","55511","千克","0","?","17,618,573",
"202401","85177990","品目85.17所列设备用其他零件","141","越南","35","海关特殊监管区域进口设备","0","千克","0","?","12",
"202401","85177990","品目85.17所列设备用其他零件","141","越南","39","其他","1206","千克","0","?","49,295",
"202401","85177990","品目85.17所列设备用其他零件","142","中国","10","一般贸易","189943","千克","0","?","32,302,735",
"202401","85177990","品目85.17所列设备用其他零件","142","中国","14","来料加工贸易","9526","千克","0","?","3,336,502",
"202401","85177990","品目85.17所列设备用其他零件","142","中国","15","进料加工贸易","203416","千克","0","?","21,093,447",
"202401","85177990","品目85.17所列设备用其他零件","142","中国","33","保税监管场所进出境货物","37401","千克","0","?","2,293,089",
"202401","85177990","品目85.17所列设备用其他零件","142","中国","34","海关特殊监管区域物流货物","17804","千克","0","?","1,814,869",
"202401","85177990","品目85.17所列设备用其他零件","142","中国","35","海关特殊监管区域进口设备","0","千克","0","?","2",
"202401","85177990","品目85.17所列设备用其他零件","142","中国","39","其他","3288","千克","0","?","157,175",
"202401","85177990","品目85.17所列设备用其他零件","143","中国台湾","10","一般贸易","11681","千克","0","?","6,196,614",
"202401","85177990","品目85.17所列设备用其他零件","143","中国台湾","14","来料加工贸易","35","千克","0","?","14,076",
"202401","85177990","品目85.17所列设备用其他零件","143","中国台湾","15","进料加工贸易","44716","千克","0","?","21,173,147",
"202401","85177990","品目85.17所列设备用其他零件","143","中国台湾","33","保税监管场所进出境货物","45","千克","0","?","101,994",
"202401","85177990","品目85.17所列设备用其他零件","143","中国台湾","34","海关特殊监管区域物流货物","9038","千克","0","?","409,917",
"202401","85177990","品目85.17所列设备用其他零件","143","中国台湾","39","其他","51","千克","0","?","76,786",
"202401","85177990","品目85.17所列设备用其他零件","215","埃及","33","保税监管场所进出境货物","4","千克","0","?","128",
"202401","85177990","品目85.17所列设备用其他零件","232","摩洛哥","34","海关特殊监管区域物流货物","16","千克","0","?","155,601",
"202401","85177990","品目85.17所列设备用其他零件","301","比利时","10","一般贸易","192","千克","0","?","279,082",
"202401","85177990","品目85.17所列设备用其他零件","301","比利时","15","进料加工贸易","10","千克","0","?","258",
"202401","85177990","品目85.17所列设备用其他零件","302","丹麦","10","一般贸易","1331","千克","0","?","428,591",
"202401","85177990","品目85.17所列设备用其他零件","302","丹麦","15","进料加工贸易","0","千克","0","?","48,841",
"202401","85177990","品目85.17所列设备用其他零件","302","丹麦","33","保税监管场所进出境货物","194","千克","0","?","58,859",
"202401","85177990","品目85.17所列设备用其他零件","302","丹麦","39","其他","2","千克","0","?","173",
"202401","85177990","品目85.17所列设备用其他零件","303","英国","10","一般贸易","1826","千克","0","?","1,670,701",
"202401","85177990","品目85.17所列设备用其他零件","303","英国","14","来料加工贸易","2","千克","0","?","274",
"202401","85177990","品目85.17所列设备用其他零件","303","英国","15","进料加工贸易","24","千克","0","?","138,226",
"202401","85177990","品目85.17所列设备用其他零件","303","英国","33","保税监管场所进出境货物","97","千克","0","?","43,722",
"202401","85177990","品目85.17所列设备用其他零件","303","英国","34","海关特殊监管区域物流货物","1770","千克","0","?","203,124",
"202401","85177990","品目85.17所列设备用其他零件","303","英国","39","其他","1","千克","0","?","1,810",
"202401","85177990","品目85.17所列设备用其他零件","304","德国","10","一般贸易","2772","千克","0","?","2,193,980",
"202401","85177990","品目85.17所列设备用其他零件","304","德国","14","来料加工贸易","0","千克","0","?","2,253",
"202401","85177990","品目85.17所列设备用其他零件","304","德国","15","进料加工贸易","52","千克","0","?","95,070",
"202401","85177990","品目85.17所列设备用其他零件","304","德国","33","保税监管场所进出境货物","194","千克","0","?","63,631",
"202401","85177990","品目85.17所列设备用其他零件","304","德国","34","海关特殊监管区域物流货物","173","千克","0","?","78,904",
"202401","85177990","品目85.17所列设备用其他零件","304","德国","35","海关特殊监管区域进口设备","0","千克","0","?","356",
"202401","85177990","品目85.17所列设备用其他零件","304","德国","39","其他","66","千克","0","?","62,772",
"202401","85177990","品目85.17所列设备用其他零件","305","法国","10","一般贸易","1595","千克","0","?","2,571,972",
"202401","85177990","品目85.17所列设备用其他零件","305","法国","15","进料加工贸易","215","千克","0","?","1,434,864",
"202401","85177990","品目85.17所列设备用其他零件","305","法国","33","保税监管场所进出境货物","35","千克","0","?","43,042",
"202401","85177990","品目85.17所列设备用其他零件","305","法国","34","海关特殊监管区域物流货物","12","千克","0","?","28,355",
"202401","85177990","品目85.17所列设备用其他零件","305","法国","39","其他","0","千克","0","?","32",
"202401","85177990","品目85.17所列设备用其他零件","307","意大利","10","一般贸易","1145","千克","0","?","277,225",
"202401","85177990","品目85.17所列设备用其他零件","307","意大利","34","海关特殊监管区域物流货物","6","千克","0","?","16,238",
"202401","85177990","品目85.17所列设备用其他零件","307","意大利","39","其他","30","千克","0","?","6,241",
"202401","85177990","品目85.17所列设备用其他零件","309","荷兰","10","一般贸易","63","千克","0","?","149,239",
"202401","85177990","品目85.17所列设备用其他零件","309","荷兰","33","保税监管场所进出境货物","723","千克","0","?","47,426",
"202401","85177990","品目85.17所列设备用其他零件","309","荷兰","34","海关特殊监管区域物流货物","238","千克","0","?","28,855",
"202401","85177990","品目85.17所列设备用其他零件","309","荷兰","35","海关特殊监管区域进口设备","0","千克","0","?","195",
"202401","85177990","品目85.17所列设备用其他零件","309","荷兰","39","其他","1","千克","0","?","682",
"202401","85177990","品目85.17所列设备用其他零件","310","希腊","10","一般贸易","12","千克","0","?","3,790",
"202401","85177990","品目85.17所列设备用其他零件","310","希腊","33","保税监管场所进出境货物","800","千克","0","?","38,101",
"202401","85177990","品目85.17所列设备用其他零件","310","希腊","34","海关特殊监管区域物流货物","263","千克","0","?","15,774",
"202401","85177990","品目85.17所列设备用其他零件","310","希腊","39","其他","3","千克","0","?","46",
"202401","85177990","品目85.17所列设备用其他零件","311","葡萄牙","10","一般贸易","6","千克","0","?","1,519",
"202401","85177990","品目85.17所列设备用其他零件","311","葡萄牙","34","海关特殊监管区域物流货物","49","千克","0","?","25,986",
"202401","85177990","品目85.17所列设备用其他零件","312","西班牙","10","一般贸易","96","千克","0","?","217,794",
"202401","85177990","品目85.17所列设备用其他零件","312","西班牙","39","其他","1","千克","0","?","119",
"202401","85177990","品目85.17所列设备用其他零件","315","奥地利","10","一般贸易","180","千克","0","?","792,137",
"202401","85177990","品目85.17所列设备用其他零件","315","奥地利","14","来料加工贸易","0","千克","0","?","64",
"202401","85177990","品目85.17所列设备用其他零件","315","奥地利","15","进料加工贸易","102","千克","0","?","396,358",
"202401","85177990","品目85.17所列设备用其他零件","316","保加利亚","10","一般贸易","404","千克","0","?","16,536",
"202401","85177990","品目85.17所列设备用其他零件","316","保加利亚","15","进料加工贸易","2","千克","0","?","1,478",
"202401","85177990","品目85.17所列设备用其他零件","318","芬兰","10","一般贸易","237","千克","0","?","58,921",
"202401","85177990","品目85.17所列设备用其他零件","318","芬兰","15","进料加工贸易","3","千克","0","?","652",
"202401","85177990","品目85.17所列设备用其他零件","318","芬兰","34","海关特殊监管区域物流货物","447","千克","0","?","193,151",
"202401","85177990","品目85.17所列设备用其他零件","318","芬兰","39","其他","6","千克","0","?","5,878",
"202401","85177990","品目85.17所列设备用其他零件","321","匈牙利","10","一般贸易","2190","千克","0","?","223,953",
"202401","85177990","品目85.17所列设备用其他零件","321","匈牙利","15","进料加工贸易","225","千克","0","?","399,651",
"202401","85177990","品目85.17所列设备用其他零件","321","匈牙利","34","海关特殊监管区域物流货物","1642","千克","0","?","133,740",
"202401","85177990","品目85.17所列设备用其他零件","321","匈牙利","39","其他","0","千克","0","?","280",
"202401","85177990","品目85.17所列设备用其他零件","326","挪威","10","一般贸易","48","千克","0","?","4,079",
"202401","85177990","品目85.17所列设备用其他零件","326","挪威","33","保税监管场所进出境货物","36","千克","0","?","10,096",
"202401","85177990","品目85.17所列设备用其他零件","326","挪威","34","海关特殊监管区域物流货物","548","千克","0","?","18,604",
"202401","85177990","品目85.17所列设备用其他零件","327","波兰","10","一般贸易","4206","千克","0","?","629,331",
"202401","85177990","品目85.17所列设备用其他零件","327","波兰","15","进料加工贸易","0","千克","0","?","46",
"202401","85177990","品目85.17所列设备用其他零件","327","波兰","34","海关特殊监管区域物流货物","3554","千克","0","?","205,386",
"202401","85177990","品目85.17所列设备用其他零件","328","罗马尼亚","10","一般贸易","1332","千克","0","?","495,331",
"202401","85177990","品目85.17所列设备用其他零件","328","罗马尼亚","15","进料加工贸易","0","千克","0","?","4,888",
"202401","85177990","品目85.17所列设备用其他零件","328","罗马尼亚","34","海关特殊监管区域物流货物","0","千克","0","?","22",
"202401","85177990","品目85.17所列设备用其他零件","328","罗马尼亚","39","其他","10","千克","0","?","878",
"202401","85177990","品目85.17所列设备用其他零件","330","瑞典","10","一般贸易","443","千克","0","?","701,047",
"202401","85177990","品目85.17所列设备用其他零件","330","瑞典","15","进料加工贸易","2","千克","0","?","1,937",
"202401","85177990","品目85.17所列设备用其他零件","330","瑞典","33","保税监管场所进出境货物","21","千克","0","?","6,726",
"202401","85177990","品目85.17所列设备用其他零件","330","瑞典","34","海关特殊监管区域物流货物","22","千克","0","?","3,880",
"202401","85177990","品目85.17所列设备用其他零件","330","瑞典","39","其他","12","千克","0","?","2,514",
"202401","85177990","品目85.17所列设备用其他零件","331","瑞士","10","一般贸易","175","千克","0","?","1,032,844",
"202401","85177990","品目85.17所列设备用其他零件","331","瑞士","15","进料加工贸易","42","千克","0","?","47,184",
"202401","85177990","品目85.17所列设备用其他零件","331","瑞士","33","保税监管场所进出境货物","6","千克","0","?","2,100",
"202401","85177990","品目85.17所列设备用其他零件","331","瑞士","34","海关特殊监管区域物流货物","0","千克","0","?","28,432",
"202401","85177990","品目85.17所列设备用其他零件","331","瑞士","39","其他","0","千克","0","?","960",
"202401","85177990","品目85.17所列设备用其他零件","334","爱沙尼亚","10","一般贸易","3488","千克","0","?","369,799",
"202401","85177990","品目85.17所列设备用其他零件","334","爱沙尼亚","34","海关特殊监管区域物流货物","489","千克","0","?","110,237",
"202401","85177990","品目85.17所列设备用其他零件","334","爱沙尼亚","39","其他","53","千克","0","?","17,766",
"202401","85177990","品目85.17所列设备用其他零件","335","拉脱维亚","10","一般贸易","607","千克","0","?","204,060",
"202401","85177990","品目85.17所列设备用其他零件","336","立陶宛","10","一般贸易","16","千克","0","?","15,720",
"202401","85177990","品目85.17所列设备用其他零件","344","俄罗斯","10","一般贸易","5","千克","0","?","9,500",
"202401","85177990","品目85.17所列设备用其他零件","344","俄罗斯","39","其他","88","千克","0","?","680",
"202401","85177990","品目85.17所列设备用其他零件","347","乌克兰","10","一般贸易","444","千克","0","?","33,011",
"202401","85177990","品目85.17所列设备用其他零件","350","斯洛文尼亚","10","一般贸易","1","千克","0","?","912",
"202401","85177990","品目85.17所列设备用其他零件","352","捷克","10","一般贸易","1037","千克","0","?","48,171",
"202401","85177990","品目85.17所列设备用其他零件","352","捷克","15","进料加工贸易","58","千克","0","?","832",
"202401","85177990","品目85.17所列设备用其他零件","352","捷克","33","保税监管场所进出境货物","111","千克","0","?","642,308",
"202401","85177990","品目85.17所列设备用其他零件","352","捷克","34","海关特殊监管区域物流货物","4","千克","0","?","9,793",
"202401","85177990","品目85.17所列设备用其他零件","352","捷克","39","其他","0","千克","0","?","74",
"202401","85177990","品目85.17所列设备用其他零件","353","斯洛伐克","10","一般贸易","0","千克","0","?","89",
"202401","85177990","品目85.17所列设备用其他零件","353","斯洛伐克","39","其他","9","千克","0","?","174",
"202401","85177990","品目85.17所列设备用其他零件","404","巴哈马","10","一般贸易","0","千克","0","?","7",
"202401","85177990","品目85.17所列设备用其他零件","410","巴西","10","一般贸易","627","千克","0","?","23,223",
"202401","85177990","品目85.17所列设备用其他零件","410","巴西","34","海关特殊监管区域物流货物","239","千克","0","?","11,871",
"202401","85177990","品目85.17所列设备用其他零件","415","哥斯达黎加","10","一般贸易","0","千克","0","?","5,208",
"202401","85177990","品目85.17所列设备用其他零件","415","哥斯达黎加","15","进料加工贸易","0","千克","0","?","3,800",
"202401","85177990","品目85.17所列设备用其他零件","429","墨西哥","10","一般贸易","6713","千克","0","?","3,822,382",
"202401","85177990","品目85.17所列设备用其他零件","429","墨西哥","15","进料加工贸易","5654","千克","0","?","3,333,810",
"202401","85177990","品目85.17所列设备用其他零件","429","墨西哥","33","保税监管场所进出境货物","19","千克","0","?","21,316",
"202401","85177990","品目85.17所列设备用其他零件","429","墨西哥","34","海关特殊监管区域物流货物","12471","千克","0","?","2,213,074",
"202401","85177990","品目85.17所列设备用其他零件","429","墨西哥","39","其他","229","千克","0","?","107,283",
"202401","85177990","品目85.17所列设备用其他零件","501","加拿大","10","一般贸易","55","千克","0","?","194,525",
"202401","85177990","品目85.17所列设备用其他零件","501","加拿大","15","进料加工贸易","21","千克","0","?","156,156",
"202401","85177990","品目85.17所列设备用其他零件","501","加拿大","34","海关特殊监管区域物流货物","3","千克","0","?","2,186",
"202401","85177990","品目85.17所列设备用其他零件","502","美国","10","一般贸易","2800","千克","0","?","1,184,888",
"202401","85177990","品目85.17所列设备用其他零件","502","美国","14","来料加工贸易","23","千克","0","?","33,567",
"202401","85177990","品目85.17所列设备用其他零件","502","美国","15","进料加工贸易","2181","千克","0","?","1,433,419",
"202401","85177990","品目85.17所列设备用其他零件","502","美国","33","保税监管场所进出境货物","17","千克","0","?","93,594",
"202401","85177990","品目85.17所列设备用其他零件","502","美国","34","海关特殊监管区域物流货物","787","千克","0","?","97,587",
"202401","85177990","品目85.17所列设备用其他零件","502","美国","35","海关特殊监管区域进口设备","1","千克","0","?","797",
"202401","85177990","品目85.17所列设备用其他零件","502","美国","39","其他","283","千克","0","?","91,991",
"202401","85177990","品目85.17所列设备用其他零件","601","澳大利亚","10","一般贸易","38","千克","0","?","306,481",
"202401","85177990","品目85.17所列设备用其他零件","601","澳大利亚","15","进料加工贸易","44","千克","0","?","18,444",
"202401","85177990","品目85.17所列设备用其他零件","601","澳大利亚","33","保税监管场所进出境货物","5","千克","0","?","1,712",
"202401","85177990","品目85.17所列设备用其他零件","609","新西兰","10","一般贸易","2","千克","0","?","7,936",
"202401","85177990","品目85.17所列设备用其他零件","609","新西兰","33","保税监管场所进出境货物","1","千克","0","?","67",
"202401","85177990","品目85.17所列设备用其他零件","701","国家（地区）不明
","10","一般贸易","126","千克","0","?","3,942",
"202401","85414900","其他光敏半导体器件","110","中国香港","10","一般贸易","2","个","0","千克","80",
"202401","85414900","其他光敏半导体器件","111","印度","10","一般贸易","72","个","1","千克","1,403",
"202401","85414900","其他光敏半导体器件","112","印度尼西亚","10","一般贸易","15893286","个","7086","千克","599,930",
"202401","85414900","其他光敏半导体器件","112","印度尼西亚","14","来料加工贸易","420000","个","544","千克","37,617",
"202401","85414900","其他光敏半导体器件","112","印度尼西亚","15","进料加工贸易","79000","个","14","千克","46,863",
"202401","85414900","其他光敏半导体器件","115","以色列","10","一般贸易","24","个","1","千克","21,361",
"202401","85414900","其他光敏半导体器件","115","以色列","33","保税监管场所进出境货物","1","个","0","千克","84",
"202401","85414900","其他光敏半导体器件","116","日本","10","一般贸易","13666990","个","7782","千克","10,695,445",
"202401","85414900","其他光敏半导体器件","116","日本","14","来料加工贸易","384940","个","51","千克","85,648",
"202401","85414900","其他光敏半导体器件","116","日本","15","进料加工贸易","8166373","个","1569","千克","3,847,861",
"202401","85414900","其他光敏半导体器件","116","日本","33","保税监管场所进出境货物","155681","个","57","千克","58,638",
"202401","85414900","其他光敏半导体器件","116","日本","34","海关特殊监管区域物流货物","6460100","个","1788","千克","2,821,698",
"202401","85414900","其他光敏半导体器件","116","日本","35","海关特殊监管区域进口设备","28","个","0","千克","14,583",
"202401","85414900","其他光敏半导体器件","116","日本","39","其他","17300","个","21","千克","24,300",
"202401","85414900","其他光敏半导体器件","122","马来西亚","10","一般贸易","6579015","个","2967","千克","1,985,435",
"202401","85414900","其他光敏半导体器件","122","马来西亚","14","来料加工贸易","79000","个","8","千克","12,465",
"202401","85414900","其他光敏半导体器件","122","马来西亚","15","进料加工贸易","3728948","个","1130","千克","3,103,515",
"202401","85414900","其他光敏半导体器件","122","马来西亚","33","保税监管场所进出境货物","49017","个","2","千克","11,840",
"202401","85414900","其他光敏半导体器件","122","马来西亚","34","海关特殊监管区域物流货物","2453099","个","13339","千克","1,559,204",
"202401","85414900","其他光敏半导体器件","122","马来西亚","35","海关特殊监管区域进口设备","5","个","0","千克","1,552",
"202401","85414900","其他光敏半导体器件","122","马来西亚","39","其他","2317","个","3","千克","1,906",
"202401","85414900","其他光敏半导体器件","129","菲律宾","10","一般贸易","6955227","个","4027","千克","3,794,449",
"202401","85414900","其他光敏半导体器件","129","菲律宾","14","来料加工贸易","442000","个","60","千克","88,487",
"202401","85414900","其他光敏半导体器件","129","菲律宾","15","进料加工贸易","2968602","个","1273","千克","1,989,127",
"202401","85414900","其他光敏半导体器件","129","菲律宾","33","保税监管场所进出境货物","67500","个","39","千克","24,967",
"202401","85414900","其他光敏半导体器件","129","菲律宾","34","海关特殊监管区域物流货物","1115289","个","382","千克","653,701",
"202401","85414900","其他光敏半导体器件","129","菲律宾","39","其他","176","个","0","千克","509",
"202401","85414900","其他光敏半导体器件","132","新加坡","10","一般贸易","23294","个","23","千克","1,077,399",
"202401","85414900","其他光敏半导体器件","132","新加坡","15","进料加工贸易","857028","个","4","千克","900,731",
"202401","85414900","其他光敏半导体器件","132","新加坡","34","海关特殊监管区域物流货物","5577","个","103","千克","43,847",
"202401","85414900","其他光敏半导体器件","132","新加坡","35","海关特殊监管区域进口设备","13","个","1","千克","1,705",
"202401","85414900","其他光敏半导体器件","132","新加坡","39","其他","11190","个","1","千克","1,199",
"202401","85414900","其他光敏半导体器件","133","韩国","10","一般贸易","57560554","个","402","千克","756,493",
"202401","85414900","其他光敏半导体器件","133","韩国","14","来料加工贸易","1256591","个","604","千克","113,731",
"202401","85414900","其他光敏半导体器件","133","韩国","15","进料加工贸易","75747224","个","779","千克","1,255,773",
"202401","85414900","其他光敏半导体器件","133","韩国","33","保税监管场所进出境货物","3000","个","0","千克","971",
"202401","85414900","其他光敏半导体器件","133","韩国","34","海关特殊监管区域物流货物","1021100","个","727","千克","138,680",
"202401","85414900","其他光敏半导体器件","133","韩国","35","海关特殊监管区域进口设备","3","个","0","千克","158",
"202401","85414900","其他光敏半导体器件","133","韩国","39","其他","77457","个","34","千克","1,315",
"202401","85414900","其他光敏半导体器件","136","泰国","10","一般贸易","77670154","个","36876","千克","13,150,561",
"202401","85414900","其他光敏半导体器件","136","泰国","14","来料加工贸易","460700","个","55","千克","42,840",
"202401","85414900","其他光敏半导体器件","136","泰国","15","进料加工贸易","12219482","个","3391","千克","2,072,576",
"202401","85414900","其他光敏半导体器件","136","泰国","33","保税监管场所进出境货物","2341800","个","982","千克","304,432",
"202401","85414900","其他光敏半导体器件","136","泰国","34","海关特殊监管区域物流货物","40281473","个","13060","千克","9,152,445",
"202401","85414900","其他光敏半导体器件","136","泰国","39","其他","3618","个","0","千克","22,230",
"202401","85414900","其他光敏半导体器件","141","越南","10","一般贸易","865","个","6","千克","12,993",
"202401","85414900","其他光敏半导体器件","141","越南","33","保税监管场所进出境货物","3","个","0","千克","297",
"202401","85414900","其他光敏半导体器件","142","中国","10","一般贸易","533581787","个","183295","千克","16,943,854",
"202401","85414900","其他光敏半导体器件","142","中国","14","来料加工贸易","4560131","个","959","千克","325,837",
"202401","85414900","其他光敏半导体器件","142","中国","15","进料加工贸易","83085001","个","15649","千克","3,445,395",
"202401","85414900","其他光敏半导体器件","142","中国","33","保税监管场所进出境货物","12563241","个","4012","千克","453,123",
"202401","85414900","其他光敏半导体器件","142","中国","34","海关特殊监管区域物流货物","106740791","个","41258","千克","4,624,615",
"202401","85414900","其他光敏半导体器件","142","中国","35","海关特殊监管区域进口设备","7","个","0","千克","2,431",
"202401","85414900","其他光敏半导体器件","142","中国","39","其他","684","个","0","千克","116",
"202401","85414900","其他光敏半导体器件","143","中国台湾","10","一般贸易","61378312","个","12647","千克","8,771,137",
"202401","85414900","其他光敏半导体器件","143","中国台湾","14","来料加工贸易","374744","个","28","千克","123,347",
"202401","85414900","其他光敏半导体器件","143","中国台湾","15","进料加工贸易","22675429","个","6264","千克","2,424,160",
"202401","85414900","其他光敏半导体器件","143","中国台湾","33","保税监管场所进出境货物","79000","个","0","千克","20,300",
"202401","85414900","其他光敏半导体器件","143","中国台湾","34","海关特殊监管区域物流货物","1254240","个","120","千克","297,449",
"202401","85414900","其他光敏半导体器件","143","中国台湾","39","其他","11676","个","0","千克","1,593",
"202401","85414900","其他光敏半导体器件","144","东帝汶","10","一般贸易","5","个","0","千克","1",
"202401","85414900","其他光敏半导体器件","302","丹麦","10","一般贸易","70","个","0","千克","1,043",
"202401","85414900","其他光敏半导体器件","303","英国","10","一般贸易","1009910","个","2","千克","80,685",
"202401","85414900","其他光敏半导体器件","303","英国","15","进料加工贸易","10128","个","3","千克","3,035",
"202401","85414900","其他光敏半导体器件","303","英国","34","海关特殊监管区域物流货物","15","个","0","千克","100",
"202401","85414900","其他光敏半导体器件","304","德国","10","一般贸易","84725","个","45","千克","546,882",
"202401","85414900","其他光敏半导体器件","304","德国","15","进料加工贸易","8467","个","6","千克","232,012",
"202401","85414900","其他光敏半导体器件","304","德国","33","保税监管场所进出境货物","7","个","1","千克","569",
"202401","85414900","其他光敏半导体器件","304","德国","34","海关特殊监管区域物流货物","8","个","1","千克","583",
"202401","85414900","其他光敏半导体器件","304","德国","35","海关特殊监管区域进口设备","5","个","0","千克","1,885",
"202401","85414900","其他光敏半导体器件","304","德国","39","其他","2","个","0","千克","6,129",
"202401","85414900","其他光敏半导体器件","305","法国","10","一般贸易","41824","个","2","千克","346,103",
"202401","85414900","其他光敏半导体器件","307","意大利","10","一般贸易","3027","个","147","千克","1,138,919",
"202401","85414900","其他光敏半导体器件","307","意大利","34","海关特殊监管区域物流货物","1","个","0","千克","61",
"202401","85414900","其他光敏半导体器件","309","荷兰","10","一般贸易","125","个","3","千克","36,889",
"202401","85414900","其他光敏半导体器件","318","芬兰","10","一般贸易","704","个","0","千克","1,073",
"202401","85414900","其他光敏半导体器件","321","匈牙利","15","进料加工贸易","25060","个","130","千克","76,504",
"202401","85414900","其他光敏半导体器件","321","匈牙利","34","海关特殊监管区域物流货物","1","个","1","千克","166",
"202401","85414900","其他光敏半导体器件","327","波兰","10","一般贸易","160","个","1","千克","164,334",
"202401","85414900","其他光敏半导体器件","330","瑞典","10","一般贸易","27","个","3","千克","14,172",
"202401","85414900","其他光敏半导体器件","330","瑞典","15","进料加工贸易","48","个","0","千克","2,895",
"202401","85414900","其他光敏半导体器件","331","瑞士","10","一般贸易","1332733","个","23","千克","819,802",
"202401","85414900","其他光敏半导体器件","331","瑞士","15","进料加工贸易","1277447","个","10","千克","1,685,993",
"202401","85414900","其他光敏半导体器件","331","瑞士","39","其他","684","个","0","千克","2,732",
"202401","85414900","其他光敏半导体器件","344","俄罗斯","10","一般贸易","140","个","0","千克","5,496",
"202401","85414900","其他光敏半导体器件","351","克罗地亚","10","一般贸易","18000","个","3","千克","1,140",
"202401","85414900","其他光敏半导体器件","352","捷克","10","一般贸易","108","个","3","千克","1,569",
"202401","85414900","其他光敏半导体器件","352","捷克","33","保税监管场所进出境货物","2","个","0","千克","59",
"202401","85414900","其他光敏半导体器件","352","捷克","35","海关特殊监管区域进口设备","1","个","0","千克","7,232",
"202401","85414900","其他光敏半导体器件","418","多米尼加
","33","保税监管场所进出境货物","1","个","0","千克","58",
"202401","85414900","其他光敏半导体器件","418","多米尼加
","34","海关特殊监管区域物流货物","96","个","8","千克","1,997",
"202401","85414900","其他光敏半导体器件","429","墨西哥","10","一般贸易","154869","个","725","千克","549,049",
"202401","85414900","其他光敏半导体器件","429","墨西哥","14","来料加工贸易","4268","个","2","千克","3,778",
"202401","85414900","其他光敏半导体器件","429","墨西哥","15","进料加工贸易","8821","个","4","千克","11,645",
"202401","85414900","其他光敏半导体器件","429","墨西哥","33","保税监管场所进出境货物","379","个","0","千克","538",
"202401","85414900","其他光敏半导体器件","429","墨西哥","34","海关特殊监管区域物流货物","51","个","196","千克","27,230",
"202401","85414900","其他光敏半导体器件","429","墨西哥","39","其他","1","个","0","千克","1",
"202401","85414900","其他光敏半导体器件","501","加拿大","10","一般贸易","3306","个","1","千克","150,601",
"202401","85414900","其他光敏半导体器件","501","加拿大","33","保税监管场所进出境货物","3","个","1","千克","1,509",
"202401","85414900","其他光敏半导体器件","501","加拿大","34","海关特殊监管区域物流货物","2","个","2","千克","1,764",
"202401","85414900","其他光敏半导体器件","502","美国","10","一般贸易","65979","个","39","千克","478,610",
"202401","85414900","其他光敏半导体器件","502","美国","14","来料加工贸易","4007002","个","23","千克","129,970",
"202401","85414900","其他光敏半导体器件","502","美国","15","进料加工贸易","553005","个","167","千克","902,045",
"202401","85414900","其他光敏半导体器件","502","美国","33","保税监管场所进出境货物","38","个","0","千克","1,548",
"202401","85414900","其他光敏半导体器件","502","美国","34","海关特殊监管区域物流货物","2","个","0","千克","80",
"202401","85414900","其他光敏半导体器件","502","美国","35","海关特殊监管区域进口设备","43","个","1","千克","20,063",
"202401","85414900","其他光敏半导体器件","502","美国","39","其他","73767","个","3","千克","24,183",
"202402","85177950","光通信设备的激光收发模块","107","柬埔寨","10","一般贸易","4","千克","0","?","31,753",
"202402","85177950","光通信设备的激光收发模块","111","印度","10","一般贸易","6","千克","0","?","18,166",
"202402","85177950","光通信设备的激光收发模块","111","印度","34","海关特殊监管区域物流货物","0","千克","0","?","50",
"202402","85177950","光通信设备的激光收发模块","115","以色列","10","一般贸易","1","千克","0","?","1,082",
"202402","85177950","光通信设备的激光收发模块","116","日本","10","一般贸易","547","千克","0","?","865,861",
"202402","85177950","光通信设备的激光收发模块","116","日本","34","海关特殊监管区域物流货物","0","千克","0","?","703",
"202402","85177950","光通信设备的激光收发模块","116","日本","39","其他","1","千克","0","?","2,122",
"202402","85177950","光通信设备的激光收发模块","120","黎巴嫩","10","一般贸易","4","千克","0","?","11,984",
"202402","85177950","光通信设备的激光收发模块","122","马来西亚","10","一般贸易","2066","千克","0","?","4,437,144",
"202402","85177950","光通信设备的激光收发模块","122","马来西亚","15","进料加工贸易","84","千克","0","?","86,279",
"202402","85177950","光通信设备的激光收发模块","122","马来西亚","33","保税监管场所进出境货物","294","千克","0","?","676,765",
"202402","85177950","光通信设备的激光收发模块","122","马来西亚","34","海关特殊监管区域物流货物","195","千克","0","?","1,325,196",
"202402","85177950","光通信设备的激光收发模块","122","马来西亚","39","其他","3","千克","0","?","5,765",
"202402","85177950","光通信设备的激光收发模块","129","菲律宾","10","一般贸易","736","千克","0","?","944,670",
"202402","85177950","光通信设备的激光收发模块","129","菲律宾","15","进料加工贸易","508","千克","0","?","507,955",
"202402","85177950","光通信设备的激光收发模块","129","菲律宾","34","海关特殊监管区域物流货物","73","千克","0","?","149,584",
"202402","85177950","光通信设备的激光收发模块","132","新加坡","10","一般贸易","6","千克","0","?","12,123",
"202402","85177950","光通信设备的激光收发模块","133","韩国","10","一般贸易","0","千克","0","?","1,492",
"202402","85177950","光通信设备的激光收发模块","133","韩国","34","海关特殊监管区域物流货物","88","千克","0","?","110,388",
"202402","85177950","光通信设备的激光收发模块","136","泰国","10","一般贸易","1224","千克","0","?","5,697,868",
"202402","85177950","光通信设备的激光收发模块","136","泰国","15","进料加工贸易","48","千克","0","?","46,386",
"202402","85177950","光通信设备的激光收发模块","136","泰国","33","保税监管场所进出境货物","1138","千克","0","?","14,125,394",
"202402","85177950","光通信设备的激光收发模块","136","泰国","34","海关特殊监管区域物流货物","166","千克","0","?","1,440,853",
"202402","85177950","光通信设备的激光收发模块","136","泰国","39","其他","60","千克","0","?","397,454",
"202402","85177950","光通信设备的激光收发模块","141","越南","10","一般贸易","11","千克","0","?","6,333",
"202402","85177950","光通信设备的激光收发模块","141","越南","15","进料加工贸易","0","千克","0","?","22",
"202402","85177950","光通信设备的激光收发模块","142","中国","10","一般贸易","3579","千克","0","?","12,520,570",
"202402","85177950","光通信设备的激光收发模块","142","中国","14","来料加工贸易","6","千克","0","?","16,021",
"202402","85177950","光通信设备的激光收发模块","142","中国","15","进料加工贸易","326","千克","0","?","586,515",
"202402","85177950","光通信设备的激光收发模块","142","中国","33","保税监管场所进出境货物","398","千克","0","?","670,006",
"202402","85177950","光通信设备的激光收发模块","142","中国","34","海关特殊监管区域物流货物","504","千克","0","?","643,675",
"202402","85177950","光通信设备的激光收发模块","142","中国","35","海关特殊监管区域进口设备","0","千克","0","?","4,578",
"202402","85177950","光通信设备的激光收发模块","142","中国","39","其他","51","千克","0","?","77,207",
"202402","85177950","光通信设备的激光收发模块","143","中国台湾","10","一般贸易","182","千克","0","?","333,703",
"202402","85177950","光通信设备的激光收发模块","143","中国台湾","15","进料加工贸易","53","千克","0","?","178,140",
"202402","85177950","光通信设备的激光收发模块","143","中国台湾","34","海关特殊监管区域物流货物","152","千克","0","?","51,552",
"202402","85177950","光通信设备的激光收发模块","143","中国台湾","39","其他","4","千克","0","?","3,362",
"202402","85177950","光通信设备的激光收发模块","303","英国","10","一般贸易","1","千克","0","?","26,619",
"202402","85177950","光通信设备的激光收发模块","304","德国","10","一般贸易","19","千克","0","?","21,908",
"202402","85177950","光通信设备的激光收发模块","304","德国","33","保税监管场所进出境货物","2","千克","0","?","18,286",
"202402","85177950","光通信设备的激光收发模块","305","法国","10","一般贸易","0","千克","0","?","1,208",
"202402","85177950","光通信设备的激光收发模块","305","法国","34","海关特殊监管区域物流货物","1","千克","0","?","427",
"202402","85177950","光通信设备的激光收发模块","307","意大利","10","一般贸易","0","千克","0","?","752",
"202402","85177950","光通信设备的激光收发模块","315","奥地利","10","一般贸易","0","千克","0","?","2,511",
"202402","85177950","光通信设备的激光收发模块","318","芬兰","10","一般贸易","0","千克","0","?","851",
"202402","85177950","光通信设备的激光收发模块","330","瑞典","10","一般贸易","12","千克","0","?","65,506",
"202402","85177950","光通信设备的激光收发模块","344","俄罗斯","10","一般贸易","5","千克","0","?","48,500",
"202402","85177950","光通信设备的激光收发模块","429","墨西哥","10","一般贸易","41","千克","0","?","2,697",
"202402","85177950","光通信设备的激光收发模块","429","墨西哥","39","其他","0","千克","0","?","2,033",
"202402","85177950","光通信设备的激光收发模块","501","加拿大","10","一般贸易","3","千克","0","?","34,380",
"202402","85177950","光通信设备的激光收发模块","502","美国","10","一般贸易","57","千克","0","?","97,457",
"202402","85177950","光通信设备的激光收发模块","502","美国","15","进料加工贸易","22","千克","0","?","12,800",
"202402","85177950","光通信设备的激光收发模块","502","美国","39","其他","4","千克","0","?","7,774",
"202402","85177950","光通信设备的激光收发模块","601","澳大利亚","10","一般贸易","316","千克","0","?","1,223,925",
"202402","85177990","品目85.17所列设备用其他零件","106","缅甸","10","一般贸易","278","千克","0","?","32,169",
"202402","85177990","品目85.17所列设备用其他零件","107","柬埔寨","10","一般贸易","2","千克","0","?","4,313",
"202402","85177990","品目85.17所列设备用其他零件","107","柬埔寨","15","进料加工贸易","1","千克","0","?","24,031",
"202402","85177990","品目85.17所列设备用其他零件","108","塞浦路斯","34","海关特殊监管区域物流货物","66","千克","0","?","6,950",
"202402","85177990","品目85.17所列设备用其他零件","110","中国香港","10","一般贸易","971","千克","0","?","477,506",
"202402","85177990","品目85.17所列设备用其他零件","110","中国香港","33","保税监管场所进出境货物","129","千克","0","?","7,821",
"202402","85177990","品目85.17所列设备用其他零件","111","印度","10","一般贸易","1387","千克","0","?","169,491",
"202402","85177990","品目85.17所列设备用其他零件","111","印度","15","进料加工贸易","450","千克","0","?","234,175",
"202402","85177990","品目85.17所列设备用其他零件","111","印度","34","海关特殊监管区域物流货物","51501","千克","0","?","822,424",
"202402","85177990","品目85.17所列设备用其他零件","111","印度","39","其他","98","千克","0","?","18,632",
"202402","85177990","品目85.17所列设备用其他零件","112","印度尼西亚","10","一般贸易","17","千克","0","?","9,890",
"202402","85177990","品目85.17所列设备用其他零件","112","印度尼西亚","15","进料加工贸易","35","千克","0","?","11,456",
"202402","85177990","品目85.17所列设备用其他零件","112","印度尼西亚","34","海关特殊监管区域物流货物","1","千克","0","?","362",
"202402","85177990","品目85.17所列设备用其他零件","115","以色列","10","一般贸易","37","千克","0","?","62,355",
"202402","85177990","品目85.17所列设备用其他零件","115","以色列","15","进料加工贸易","5","千克","0","?","37,726",
"202402","85177990","品目85.17所列设备用其他零件","115","以色列","33","保税监管场所进出境货物","1","千克","0","?","569",
"202402","85177990","品目85.17所列设备用其他零件","115","以色列","39","其他","1","千克","0","?","5,629",
"202402","85177990","品目85.17所列设备用其他零件","116","日本","10","一般贸易","2897","千克","0","?","5,948,684",
"202402","85177990","品目85.17所列设备用其他零件","116","日本","14","来料加工贸易","25","千克","0","?","7,026",
"202402","85177990","品目85.17所列设备用其他零件","116","日本","15","进料加工贸易","1753","千克","0","?","5,066,117",
"202402","85177990","品目85.17所列设备用其他零件","116","日本","33","保税监管场所进出境货物","606","千克","0","?","278,887",
"202402","85177990","品目85.17所列设备用其他零件","116","日本","34","海关特殊监管区域物流货物","293","千克","0","?","673,004",
"202402","85177990","品目85.17所列设备用其他零件","116","日本","39","其他","17","千克","0","?","18,207",
"202402","85177990","品目85.17所列设备用其他零件","122","马来西亚","10","一般贸易","2545","千克","0","?","4,560,692",
"202402","85177990","品目85.17所列设备用其他零件","122","马来西亚","14","来料加工贸易","23","千克","0","?","23,634",
"202402","85177990","品目85.17所列设备用其他零件","122","马来西亚","15","进料加工贸易","2238","千克","0","?","28,809,813",
"202402","85177990","品目85.17所列设备用其他零件","122","马来西亚","33","保税监管场所进出境货物","3652","千克","0","?","110,759",
"202402","85177990","品目85.17所列设备用其他零件","122","马来西亚","34","海关特殊监管区域物流货物","186","千克","0","?","570,948",
"202402","85177990","品目85.17所列设备用其他零件","122","马来西亚","35","海关特殊监管区域进口设备","0","千克","0","?","1,488",
"202402","85177990","品目85.17所列设备用其他零件","122","马来西亚","39","其他","92","千克","0","?","74,944",
"202402","85177990","品目85.17所列设备用其他零件","129","菲律宾","10","一般贸易","400","千克","0","?","1,301,294",
"202402","85177990","品目85.17所列设备用其他零件","129","菲律宾","15","进料加工贸易","415","千克","0","?","59,391",
"202402","85177990","品目85.17所列设备用其他零件","129","菲律宾","33","保税监管场所进出境货物","5","千克","0","?","5,040",
"202402","85177990","品目85.17所列设备用其他零件","129","菲律宾","34","海关特殊监管区域物流货物","21","千克","0","?","73,081",
"202402","85177990","品目85.17所列设备用其他零件","132","新加坡","10","一般贸易","1634","千克","0","?","579,409",
"202402","85177990","品目85.17所列设备用其他零件","132","新加坡","15","进料加工贸易","567","千克","0","?","156,128",
"202402","85177990","品目85.17所列设备用其他零件","132","新加坡","33","保税监管场所进出境货物","1495","千克","0","?","185,368",
"202402","85177990","品目85.17所列设备用其他零件","132","新加坡","34","海关特殊监管区域物流货物","758","千克","0","?","64,374",
"202402","85177990","品目85.17所列设备用其他零件","132","新加坡","39","其他","55","千克","0","?","7,367",
"202402","85177990","品目85.17所列设备用其他零件","133","韩国","10","一般贸易","14134","千克","0","?","1,902,174",
"202402","85177990","品目85.17所列设备用其他零件","133","韩国","14","来料加工贸易","325","千克","0","?","64,147",
"202402","85177990","品目85.17所列设备用其他零件","133","韩国","15","进料加工贸易","1546","千克","0","?","2,289,892",
"202402","85177990","品目85.17所列设备用其他零件","133","韩国","33","保税监管场所进出境货物","4852","千克","0","?","368,375",
"202402","85177990","品目85.17所列设备用其他零件","133","韩国","34","海关特殊监管区域物流货物","42","千克","0","?","48,124",
"202402","85177990","品目85.17所列设备用其他零件","133","韩国","39","其他","417","千克","0","?","131,049",
"202402","85177990","品目85.17所列设备用其他零件","136","泰国","10","一般贸易","2115","千克","0","?","10,042,404",
"202402","85177990","品目85.17所列设备用其他零件","136","泰国","15","进料加工贸易","1071","千克","0","?","3,134,681",
"202402","85177990","品目85.17所列设备用其他零件","136","泰国","33","保税监管场所进出境货物","121","千克","0","?","164,009",
"202402","85177990","品目85.17所列设备用其他零件","136","泰国","34","海关特殊监管区域物流货物","649","千克","0","?","4,352,593",
"202402","85177990","品目85.17所列设备用其他零件","136","泰国","39","其他","158","千克","0","?","75,430",
"202402","85177990","品目85.17所列设备用其他零件","137","土耳其","10","一般贸易","7","千克","0","?","3,103",
"202402","85177990","品目85.17所列设备用其他零件","137","土耳其","39","其他","0","千克","0","?","38",
"202402","85177990","品目85.17所列设备用其他零件","138","阿联酋","33","保税监管场所进出境货物","5","千克","0","?","276",
"202402","85177990","品目85.17所列设备用其他零件","138","阿联酋","34","海关特殊监管区域物流货物","186","千克","0","?","17,597",
"202402","85177990","品目85.17所列设备用其他零件","141","越南","10","一般贸易","10588","千克","0","?","820,237",
"202402","85177990","品目85.17所列设备用其他零件","141","越南","15","进料加工贸易","1110","千克","0","?","1,202,296",
"202402","85177990","品目85.17所列设备用其他零件","141","越南","33","保税监管场所进出境货物","41","千克","0","?","48,261",
"202402","85177990","品目85.17所列设备用其他零件","141","越南","34","海关特殊监管区域物流货物","28671","千克","0","?","9,645,984",
"202402","85177990","品目85.17所列设备用其他零件","141","越南","35","海关特殊监管区域进口设备","0","千克","0","?","23",
"202402","85177990","品目85.17所列设备用其他零件","141","越南","39","其他","315","千克","0","?","46,531",
"202402","85177990","品目85.17所列设备用其他零件","142","中国","10","一般贸易","78603","千克","0","?","15,923,749",
"202402","85177990","品目85.17所列设备用其他零件","142","中国","14","来料加工贸易","452","千克","0","?","55,139",
"202402","85177990","品目85.17所列设备用其他零件","142","中国","15","进料加工贸易","109181","千克","0","?","9,300,927",
"202402","85177990","品目85.17所列设备用其他零件","142","中国","33","保税监管场所进出境货物","37010","千克","0","?","1,292,174",
"202402","85177990","品目85.17所列设备用其他零件","142","中国","34","海关特殊监管区域物流货物","17189","千克","0","?","4,635,658",
"202402","85177990","品目85.17所列设备用其他零件","142","中国","39","其他","2340","千克","0","?","479,286",
"202402","85177990","品目85.17所列设备用其他零件","143","中国台湾","10","一般贸易","9247","千克","0","?","2,722,535",
"202402","85177990","品目85.17所列设备用其他零件","143","中国台湾","14","来料加工贸易","41","千克","0","?","43,873",
"202402","85177990","品目85.17所列设备用其他零件","143","中国台湾","15","进料加工贸易","40397","千克","0","?","16,417,409",
"202402","85177990","品目85.17所列设备用其他零件","143","中国台湾","33","保税监管场所进出境货物","4","千克","0","?","23,816",
"202402","85177990","品目85.17所列设备用其他零件","143","中国台湾","34","海关特殊监管区域物流货物","4560","千克","0","?","206,568",
"202402","85177990","品目85.17所列设备用其他零件","143","中国台湾","39","其他","39","千克","0","?","65,453",
"202402","85177990","品目85.17所列设备用其他零件","206","喀麦隆","10","一般贸易","0","千克","0","?","1,102",
"202402","85177990","品目85.17所列设备用其他零件","232","摩洛哥","34","海关特殊监管区域物流货物","6","千克","0","?","52,957",
"202402","85177990","品目85.17所列设备用其他零件","301","比利时","10","一般贸易","10","千克","0","?","9,933",
"202402","85177990","品目85.17所列设备用其他零件","301","比利时","15","进料加工贸易","4","千克","0","?","1,437",
"202402","85177990","品目85.17所列设备用其他零件","302","丹麦","10","一般贸易","902","千克","0","?","300,782",
"202402","85177990","品目85.17所列设备用其他零件","302","丹麦","33","保税监管场所进出境货物","332","千克","0","?","29,005",
"202402","85177990","品目85.17所列设备用其他零件","302","丹麦","34","海关特殊监管区域物流货物","136","千克","0","?","3,956",
"202402","85177990","品目85.17所列设备用其他零件","303","英国","10","一般贸易","2737","千克","0","?","545,422",
"202402","85177990","品目85.17所列设备用其他零件","303","英国","15","进料加工贸易","35","千克","0","?","114,798",
"202402","85177990","品目85.17所列设备用其他零件","303","英国","33","保税监管场所进出境货物","18","千克","0","?","9,595",
"202402","85177990","品目85.17所列设备用其他零件","303","英国","34","海关特殊监管区域物流货物","3","千克","0","?","4,503",
"202402","85177990","品目85.17所列设备用其他零件","303","英国","39","其他","0","千克","0","?","1,246",
"202402","85177990","品目85.17所列设备用其他零件","304","德国","10","一般贸易","2001","千克","0","?","1,596,448",
"202402","85177990","品目85.17所列设备用其他零件","304","德国","15","进料加工贸易","61","千克","0","?","96,517",
"202402","85177990","品目85.17所列设备用其他零件","304","德国","33","保税监管场所进出境货物","595","千克","0","?","141,612",
"202402","85177990","品目85.17所列设备用其他零件","304","德国","34","海关特殊监管区域物流货物","489","千克","0","?","235,709",
"202402","85177990","品目85.17所列设备用其他零件","304","德国","39","其他","2","千克","0","?","1,924",
"202402","85177990","品目85.17所列设备用其他零件","305","法国","10","一般贸易","402","千克","0","?","496,454",
"202402","85177990","品目85.17所列设备用其他零件","305","法国","15","进料加工贸易","144","千克","0","?","1,165,427",
"202402","85177990","品目85.17所列设备用其他零件","305","法国","34","海关特殊监管区域物流货物","11","千克","0","?","9,949",
"202402","85177990","品目85.17所列设备用其他零件","307","意大利","10","一般贸易","1661","千克","0","?","206,895",
"202402","85177990","品目85.17所列设备用其他零件","307","意大利","15","进料加工贸易","846","千克","0","?","5,134",
"202402","85177990","品目85.17所列设备用其他零件","307","意大利","33","保税监管场所进出境货物","203","千克","0","?","52,227",
"202402","85177990","品目85.17所列设备用其他零件","307","意大利","34","海关特殊监管区域物流货物","31","千克","0","?","20,790",
"202402","85177990","品目85.17所列设备用其他零件","307","意大利","39","其他","49","千克","0","?","3,191",
"202402","85177990","品目85.17所列设备用其他零件","309","荷兰","10","一般贸易","30","千克","0","?","53,086",
"202402","85177990","品目85.17所列设备用其他零件","309","荷兰","33","保税监管场所进出境货物","612","千克","0","?","36,297",
"202402","85177990","品目85.17所列设备用其他零件","309","荷兰","34","海关特殊监管区域物流货物","321","千克","0","?","36,489",
"202402","85177990","品目85.17所列设备用其他零件","310","希腊","33","保税监管场所进出境货物","1054","千克","0","?","43,107",
"202402","85177990","品目85.17所列设备用其他零件","310","希腊","34","海关特殊监管区域物流货物","450","千克","0","?","28,490",
"202402","85177990","品目85.17所列设备用其他零件","311","葡萄牙","10","一般贸易","5","千克","0","?","2,304",
"202402","85177990","品目85.17所列设备用其他零件","311","葡萄牙","34","海关特殊监管区域物流货物","58","千克","0","?","17,727",
"202402","85177990","品目85.17所列设备用其他零件","312","西班牙","10","一般贸易","144","千克","0","?","6,141",
"202402","85177990","品目85.17所列设备用其他零件","312","西班牙","39","其他","0","千克","0","?","780",
"202402","85177990","品目85.17所列设备用其他零件","315","奥地利","10","一般贸易","173","千克","0","?","413,309",
"202402","85177990","品目85.17所列设备用其他零件","315","奥地利","14","来料加工贸易","0","千克","0","?","4,952",
"202402","85177990","品目85.17所列设备用其他零件","315","奥地利","15","进料加工贸易","82","千克","0","?","169,334",
"202402","85177990","品目85.17所列设备用其他零件","315","奥地利","34","海关特殊监管区域物流货物","4","千克","0","?","3,168",
"202402","85177990","品目85.17所列设备用其他零件","315","奥地利","39","其他","1","千克","0","?","462",
"202402","85177990","品目85.17所列设备用其他零件","316","保加利亚","10","一般贸易","23","千克","0","?","2,637",
"202402","85177990","品目85.17所列设备用其他零件","316","保加利亚","15","进料加工贸易","21","千克","0","?","8,693",
"202402","85177990","品目85.17所列设备用其他零件","318","芬兰","10","一般贸易","552","千克","0","?","111,093",
"202402","85177990","品目85.17所列设备用其他零件","318","芬兰","15","进料加工贸易","5","千克","0","?","2,536",
"202402","85177990","品目85.17所列设备用其他零件","318","芬兰","33","保税监管场所进出境货物","108","千克","0","?","25,899",
"202402","85177990","品目85.17所列设备用其他零件","318","芬兰","34","海关特殊监管区域物流货物","516","千克","0","?","261,269",
"202402","85177990","品目85.17所列设备用其他零件","318","芬兰","39","其他","77","千克","0","?","13,680",
"202402","85177990","品目85.17所列设备用其他零件","321","匈牙利","10","一般贸易","1390","千克","0","?","137,335",
"202402","85177990","品目85.17所列设备用其他零件","321","匈牙利","15","进料加工贸易","52","千克","0","?","106,932",
"202402","85177990","品目85.17所列设备用其他零件","321","匈牙利","34","海关特殊监管区域物流货物","377","千克","0","?","17,731",
"202402","85177990","品目85.17所列设备用其他零件","326","挪威","10","一般贸易","13","千克","0","?","22,904",
"202402","85177990","品目85.17所列设备用其他零件","326","挪威","33","保税监管场所进出境货物","84","千克","0","?","9,230",
"202402","85177990","品目85.17所列设备用其他零件","326","挪威","34","海关特殊监管区域物流货物","4","千克","0","?","316",
"202402","85177990","品目85.17所列设备用其他零件","327","波兰","10","一般贸易","2158","千克","0","?","217,473",
"202402","85177990","品目85.17所列设备用其他零件","327","波兰","34","海关特殊监管区域物流货物","7499","千克","0","?","367,344",
"202402","85177990","品目85.17所列设备用其他零件","327","波兰","39","其他","3","千克","0","?","2,061",
"202402","85177990","品目85.17所列设备用其他零件","328","罗马尼亚","10","一般贸易","1008","千克","0","?","413,068",
"202402","85177990","品目85.17所列设备用其他零件","328","罗马尼亚","33","保税监管场所进出境货物","13","千克","0","?","882",
"202402","85177990","品目85.17所列设备用其他零件","328","罗马尼亚","34","海关特殊监管区域物流货物","14","千克","0","?","4,275",
"202402","85177990","品目85.17所列设备用其他零件","330","瑞典","10","一般贸易","303","千克","0","?","325,874",
"202402","85177990","品目85.17所列设备用其他零件","330","瑞典","15","进料加工贸易","9","千克","0","?","6,612",
"202402","85177990","品目85.17所列设备用其他零件","330","瑞典","33","保税监管场所进出境货物","11","千克","0","?","4,778",
"202402","85177990","品目85.17所列设备用其他零件","330","瑞典","34","海关特殊监管区域物流货物","423","千克","0","?","12,149",
"202402","85177990","品目85.17所列设备用其他零件","330","瑞典","39","其他","1","千克","0","?","3,957",
"202402","85177990","品目85.17所列设备用其他零件","331","瑞士","10","一般贸易","292","千克","0","?","1,009,795",
"202402","85177990","品目85.17所列设备用其他零件","331","瑞士","15","进料加工贸易","24","千克","0","?","705,745",
"202402","85177990","品目85.17所列设备用其他零件","331","瑞士","39","其他","2","千克","0","?","6,513",
"202402","85177990","品目85.17所列设备用其他零件","334","爱沙尼亚","10","一般贸易","17138","千克","0","?","1,907,141",
"202402","85177990","品目85.17所列设备用其他零件","334","爱沙尼亚","39","其他","61","千克","0","?","20,636",
"202402","85177990","品目85.17所列设备用其他零件","335","拉脱维亚","10","一般贸易","123","千克","0","?","38,311",
"202402","85177990","品目85.17所列设备用其他零件","335","拉脱维亚","33","保税监管场所进出境货物","10","千克","0","?","1,769",
"202402","85177990","品目85.17所列设备用其他零件","336","立陶宛","10","一般贸易","161","千克","0","?","412,650",
"202402","85177990","品目85.17所列设备用其他零件","336","立陶宛","33","保税监管场所进出境货物","2","千克","0","?","700",
"202402","85177990","品目85.17所列设备用其他零件","344","俄罗斯","39","其他","0","千克","0","?","70",
"202402","85177990","品目85.17所列设备用其他零件","347","乌克兰","10","一般贸易","151","千克","0","?","39,064",
"202402","85177990","品目85.17所列设备用其他零件","350","斯洛文尼亚","10","一般贸易","0","千克","0","?","66",
"202402","85177990","品目85.17所列设备用其他零件","351","克罗地亚","34","海关特殊监管区域物流货物","1","千克","0","?","944",
"202402","85177990","品目85.17所列设备用其他零件","352","捷克","10","一般贸易","811","千克","0","?","145,600",
"202402","85177990","品目85.17所列设备用其他零件","352","捷克","15","进料加工贸易","6","千克","0","?","70",
"202402","85177990","品目85.17所列设备用其他零件","352","捷克","33","保税监管场所进出境货物","4","千克","0","?","1,441",
"202402","85177990","品目85.17所列设备用其他零件","352","捷克","34","海关特殊监管区域物流货物","31","千克","0","?","228,798",
"202402","85177990","品目85.17所列设备用其他零件","352","捷克","39","其他","1","千克","0","?","866",
"202402","85177990","品目85.17所列设备用其他零件","410","巴西","34","海关特殊监管区域物流货物","3","千克","0","?","449",
"202402","85177990","品目85.17所列设备用其他零件","415","哥斯达黎加","10","一般贸易","1","千克","0","?","22,861",
"202402","85177990","品目85.17所列设备用其他零件","415","哥斯达黎加","15","进料加工贸易","0","千克","0","?","11,400",
"202402","85177990","品目85.17所列设备用其他零件","429","墨西哥","10","一般贸易","3450","千克","0","?","2,431,626",
"202402","85177990","品目85.17所列设备用其他零件","429","墨西哥","15","进料加工贸易","6404","千克","0","?","4,184,253",
"202402","85177990","品目85.17所列设备用其他零件","429","墨西哥","33","保税监管场所进出境货物","48","千克","0","?","50,665",
"202402","85177990","品目85.17所列设备用其他零件","429","墨西哥","34","海关特殊监管区域物流货物","8776","千克","0","?","1,729,790",
"202402","85177990","品目85.17所列设备用其他零件","429","墨西哥","39","其他","86","千克","0","?","49,430",
"202402","85177990","品目85.17所列设备用其他零件","501","加拿大","10","一般贸易","105","千克","0","?","101,794",
"202402","85177990","品目85.17所列设备用其他零件","501","加拿大","15","进料加工贸易","108","千克","0","?","232,462",
"202402","85177990","品目85.17所列设备用其他零件","501","加拿大","34","海关特殊监管区域物流货物","7","千克","0","?","84,164",
"202402","85177990","品目85.17所列设备用其他零件","501","加拿大","39","其他","1","千克","0","?","2,279",
"202402","85177990","品目85.17所列设备用其他零件","502","美国","10","一般贸易","1450","千克","0","?","1,211,438",
"202402","85177990","品目85.17所列设备用其他零件","502","美国","14","来料加工贸易","41","千克","0","?","60,797",
"202402","85177990","品目85.17所列设备用其他零件","502","美国","15","进料加工贸易","2546","千克","0","?","1,318,538",
"202402","85177990","品目85.17所列设备用其他零件","502","美国","33","保税监管场所进出境货物","48","千克","0","?","89,065",
"202402","85177990","品目85.17所列设备用其他零件","502","美国","34","海关特殊监管区域物流货物","429","千克","0","?","167,254",
"202402","85177990","品目85.17所列设备用其他零件","502","美国","35","海关特殊监管区域进口设备","8","千克","0","?","12,310",
"202402","85177990","品目85.17所列设备用其他零件","502","美国","39","其他","34","千克","0","?","19,892",
"202402","85177990","品目85.17所列设备用其他零件","601","澳大利亚","10","一般贸易","146","千克","0","?","1,524,874",
"202402","85177990","品目85.17所列设备用其他零件","601","澳大利亚","15","进料加工贸易","5","千克","0","?","4,660",
"202402","85177990","品目85.17所列设备用其他零件","601","澳大利亚","33","保税监管场所进出境货物","42","千克","0","?","155,429",
"202402","85177990","品目85.17所列设备用其他零件","609","新西兰","10","一般贸易","0","千克","0","?","5,210",
"202402","85177990","品目85.17所列设备用其他零件","701","国家（地区）不明
","39","其他","6","千克","0","?","2,440",
"202402","85414900","其他光敏半导体器件","110","中国香港","10","一般贸易","8","个","0","千克","319",
"202402","85414900","其他光敏半导体器件","110","中国香港","14","来料加工贸易","16292733","个","7","千克","977,564",
"202402","85414900","其他光敏半导体器件","111","印度","10","一般贸易","105","个","0","千克","690",
"202402","85414900","其他光敏半导体器件","111","印度","34","海关特殊监管区域物流货物","15","个","0","千克","184",
"202402","85414900","其他光敏半导体器件","112","印度尼西亚","10","一般贸易","17359","个","211","千克","19,542",
"202402","85414900","其他光敏半导体器件","112","印度尼西亚","14","来料加工贸易","70000","个","89","千克","6,268",
"202402","85414900","其他光敏半导体器件","112","印度尼西亚","15","进料加工贸易","34000","个","3","千克","9,782",
"202402","85414900","其他光敏半导体器件","112","印度尼西亚","33","保税监管场所进出境货物","4","个","0","千克","223",
"202402","85414900","其他光敏半导体器件","115","以色列","10","一般贸易","46","个","1","千克","41,031",
"202402","85414900","其他光敏半导体器件","115","以色列","15","进料加工贸易","200","个","0","千克","6",
"202402","85414900","其他光敏半导体器件","116","日本","10","一般贸易","10516045","个","5516","千克","5,630,436",
"202402","85414900","其他光敏半导体器件","116","日本","14","来料加工贸易","166001","个","33","千克","62,680",
"202402","85414900","其他光敏半导体器件","116","日本","15","进料加工贸易","6539925","个","1231","千克","3,867,584",
"202402","85414900","其他光敏半导体器件","116","日本","33","保税监管场所进出境货物","200613","个","75","千克","787,946",
"202402","85414900","其他光敏半导体器件","116","日本","34","海关特殊监管区域物流货物","8434479","个","3464","千克","5,380,430",
"202402","85414900","其他光敏半导体器件","116","日本","35","海关特殊监管区域进口设备","6","个","1","千克","8,084",
"202402","85414900","其他光敏半导体器件","116","日本","39","其他","7315","个","4","千克","11,244",
"202402","85414900","其他光敏半导体器件","122","马来西亚","10","一般贸易","6760597","个","1711","千克","1,119,013",
"202402","85414900","其他光敏半导体器件","122","马来西亚","14","来料加工贸易","48000","个","3","千克","7,126",
"202402","85414900","其他光敏半导体器件","122","马来西亚","15","进料加工贸易","3053014","个","614","千克","4,626,364",
"202402","85414900","其他光敏半导体器件","122","马来西亚","33","保税监管场所进出境货物","63002","个","6","千克","10,929",
"202402","85414900","其他光敏半导体器件","122","马来西亚","34","海关特殊监管区域物流货物","7586553","个","91061","千克","8,560,237",
"202402","85414900","其他光敏半导体器件","122","马来西亚","35","海关特殊监管区域进口设备","4","个","0","千克","479",
"202402","85414900","其他光敏半导体器件","129","菲律宾","10","一般贸易","4078383","个","2686","千克","2,310,691",
"202402","85414900","其他光敏半导体器件","129","菲律宾","14","来料加工贸易","3000","个","0","千克","2,343",
"202402","85414900","其他光敏半导体器件","129","菲律宾","15","进料加工贸易","1609357","个","951","千克","1,187,002",
"202402","85414900","其他光敏半导体器件","129","菲律宾","33","保税监管场所进出境货物","129000","个","40","千克","28,665",
"202402","85414900","其他光敏半导体器件","129","菲律宾","34","海关特殊监管区域物流货物","2310266","个","632","千克","1,672,532",
"202402","85414900","其他光敏半导体器件","132","新加坡","10","一般贸易","3701","个","6","千克","81,222",
"202402","85414900","其他光敏半导体器件","132","新加坡","15","进料加工贸易","641108","个","2","千克","672,522",
"202402","85414900","其他光敏半导体器件","132","新加坡","34","海关特殊监管区域物流货物","900","个","1","千克","2,225",
"202402","85414900","其他光敏半导体器件","132","新加坡","35","海关特殊监管区域进口设备","3","个","0","千克","225",
"202402","85414900","其他光敏半导体器件","132","新加坡","39","其他","1957","个","0","千克","9,785",
"202402","85414900","其他光敏半导体器件","133","韩国","10","一般贸易","18335393","个","294","千克","427,824",
"202402","85414900","其他光敏半导体器件","133","韩国","14","来料加工贸易","7150","个","5","千克","784",
"202402","85414900","其他光敏半导体器件","133","韩国","15","进料加工贸易","55036533","个","959","千克","1,154,299",
"202402","85414900","其他光敏半导体器件","133","韩国","34","海关特殊监管区域物流货物","525720","个","216","千克","67,121",
"202402","85414900","其他光敏半导体器件","133","韩国","39","其他","11289","个","10","千克","7,973",
"202402","85414900","其他光敏半导体器件","136","泰国","10","一般贸易","64290239","个","30873","千克","7,190,364",
"202402","85414900","其他光敏半导体器件","136","泰国","14","来料加工贸易","266950","个","59","千克","27,430",
"202402","85414900","其他光敏半导体器件","136","泰国","15","进料加工贸易","6042021","个","1872","千克","1,515,505",
"202402","85414900","其他光敏半导体器件","136","泰国","33","保税监管场所进出境货物","3520900","个","960","千克","196,393",
"202402","85414900","其他光敏半导体器件","136","泰国","34","海关特殊监管区域物流货物","38199330","个","9757","千克","8,769,453",
"202402","85414900","其他光敏半导体器件","136","泰国","39","其他","65667","个","16","千克","3,578",
"202402","85414900","其他光敏半导体器件","141","越南","34","海关特殊监管区域物流货物","4","个","0","千克","36",
"202402","85414900","其他光敏半导体器件","142","中国","10","一般贸易","434943891","个","146594","千克","13,872,318",
"202402","85414900","其他光敏半导体器件","142","中国","14","来料加工贸易","4083651","个","939","千克","307,480",
"202402","85414900","其他光敏半导体器件","142","中国","15","进料加工贸易","50945817","个","9040","千克","2,338,699",
"202402","85414900","其他光敏半导体器件","142","中国","33","保税监管场所进出境货物","6331353","个","1782","千克","274,772",
"202402","85414900","其他光敏半导体器件","142","中国","34","海关特殊监管区域物流货物","64555024","个","21631","千克","3,173,057",
"202402","85414900","其他光敏半导体器件","142","中国","35","海关特殊监管区域进口设备","3","个","0","千克","390",
"202402","85414900","其他光敏半导体器件","142","中国","39","其他","8789","个","5","千克","19,642",
"202402","85414900","其他光敏半导体器件","143","中国台湾","10","一般贸易","53402081","个","7931","千克","9,450,868",
"202402","85414900","其他光敏半导体器件","143","中国台湾","14","来料加工贸易","79677","个","23","千克","58,870",
"202402","85414900","其他光敏半导体器件","143","中国台湾","15","进料加工贸易","5036992","个","393","千克","2,126,011",
"202402","85414900","其他光敏半导体器件","143","中国台湾","33","保税监管场所进出境货物","72399","个","17","千克","12,832",
"202402","85414900","其他光敏半导体器件","143","中国台湾","34","海关特殊监管区域物流货物","2354180","个","231","千克","597,197",
"202402","85414900","其他光敏半导体器件","143","中国台湾","39","其他","121479","个","1","千克","6,893",
"202402","85414900","其他光敏半导体器件","217","埃塞俄比亚","10","一般贸易","5","个","0","千克","19",
"202402","85414900","其他光敏半导体器件","232","摩洛哥","10","一般贸易","7","个","1","千克","964",
"202402","85414900","其他光敏半导体器件","232","摩洛哥","34","海关特殊监管区域物流货物","2","个","0","千克","32",
"202402","85414900","其他光敏半导体器件","303","英国","10","一般贸易","2008345","个","1","千克","47,897",
"202402","85414900","其他光敏半导体器件","303","英国","15","进料加工贸易","12948","个","0","千克","6,539",
"202402","85414900","其他光敏半导体器件","303","英国","34","海关特殊监管区域物流货物","46","个","0","千克","346",
"202402","85414900","其他光敏半导体器件","304","德国","10","一般贸易","142169","个","34","千克","349,539",
"202402","85414900","其他光敏半导体器件","304","德国","15","进料加工贸易","5733","个","3","千克","28,863",
"202402","85414900","其他光敏半导体器件","304","德国","33","保税监管场所进出境货物","2027","个","5","千克","24,102",
"202402","85414900","其他光敏半导体器件","304","德国","34","海关特殊监管区域物流货物","10","个","1","千克","316",
"202402","85414900","其他光敏半导体器件","305","法国","10","一般贸易","3005","个","1","千克","9,560",
"202402","85414900","其他光敏半导体器件","305","法国","15","进料加工贸易","800","个","7","千克","121,600",
"202402","85414900","其他光敏半导体器件","306","爱尔兰","10","一般贸易","131","个","2","千克","47,512",
"202402","85414900","其他光敏半导体器件","307","意大利","10","一般贸易","525","个","86","千克","75,276",
"202402","85414900","其他光敏半导体器件","309","荷兰","10","一般贸易","12000","个","4","千克","462",
"202402","85414900","其他光敏半导体器件","312","西班牙","10","一般贸易","500","个","0","千克","85",
"202402","85414900","其他光敏半导体器件","315","奥地利","10","一般贸易","1","个","1","千克","909",
"202402","85414900","其他光敏半导体器件","315","奥地利","33","保税监管场所进出境货物","5","个","1","千克","204",
"202402","85414900","其他光敏半导体器件","315","奥地利","39","其他","1300","个","0","千克","780",
"202402","85414900","其他光敏半导体器件","321","匈牙利","15","进料加工贸易","13080","个","68","千克","39,286",
"202402","85414900","其他光敏半导体器件","327","波兰","10","一般贸易","118","个","0","千克","85,584",
"202402","85414900","其他光敏半导体器件","330","瑞典","10","一般贸易","1","个","0","千克","474",
"202402","85414900","其他光敏半导体器件","330","瑞典","15","进料加工贸易","534","个","0","千克","51,827",
"202402","85414900","其他光敏半导体器件","331","瑞士","10","一般贸易","648964","个","4","千克","398,460",
"202402","85414900","其他光敏半导体器件","331","瑞士","15","进料加工贸易","1222120","个","20","千克","3,022,620",
"202402","85414900","其他光敏半导体器件","331","瑞士","34","海关特殊监管区域物流货物","1","个","1","千克","377",
"202402","85414900","其他光敏半导体器件","331","瑞士","39","其他","102","个","0","千克","927",
"202402","85414900","其他光敏半导体器件","336","立陶宛","15","进料加工贸易","600","个","5","千克","129,600",
"202402","85414900","其他光敏半导体器件","352","捷克","10","一般贸易","480","个","15","千克","10,250",
"202402","85414900","其他光敏半导体器件","352","捷克","34","海关特殊监管区域物流货物","20","个","0","千克","323",
"202402","85414900","其他光敏半导体器件","418","多米尼加
","10","一般贸易","4","个","1","千克","226",
"202402","85414900","其他光敏半导体器件","418","多米尼加
","34","海关特殊监管区域物流货物","180","个","38","千克","3,978",
"202402","85414900","其他光敏半导体器件","429","墨西哥","10","一般贸易","50365","个","204","千克","238,286",
"202402","85414900","其他光敏半导体器件","429","墨西哥","14","来料加工贸易","15791","个","3","千克","5,866",
"202402","85414900","其他光敏半导体器件","429","墨西哥","15","进料加工贸易","109453","个","9","千克","9,765",
"202402","85414900","其他光敏半导体器件","429","墨西哥","34","海关特殊监管区域物流货物","65","个","126","千克","15,366",
"202402","85414900","其他光敏半导体器件","429","墨西哥","35","海关特殊监管区域进口设备","12","个","1","千克","4,566",
"202402","85414900","其他光敏半导体器件","501","加拿大","10","一般贸易","751","个","2","千克","44,326",
"202402","85414900","其他光敏半导体器件","501","加拿大","33","保税监管场所进出境货物","2","个","0","千克","536",
"202402","85414900","其他光敏半导体器件","502","美国","10","一般贸易","105308","个","52","千克","438,024",
"202402","85414900","其他光敏半导体器件","502","美国","14","来料加工贸易","6449590","个","34","千克","196,346",
"202402","85414900","其他光敏半导体器件","502","美国","15","进料加工贸易","1497065","个","36","千克","1,438,042",
"202402","85414900","其他光敏半导体器件","502","美国","33","保税监管场所进出境货物","25","个","0","千克","2,598",
"202402","85414900","其他光敏半导体器件","502","美国","34","海关特殊监管区域物流货物","12","个","0","千克","3,179",
"202402","85414900","其他光敏半导体器件","502","美国","35","海关特殊监管区域进口设备","9","个","0","千克","1,112",
"202402","85414900","其他光敏半导体器件","502","美国","39","其他","514","个","3","千克","5,037",
"202402","85414900","其他光敏半导体器件","701","国家（地区）不明
","10","一般贸易","3","个","0","千克","32",
"202402","85414900","其他光敏半导体器件","701","国家（地区）不明
","39","其他","10","个","0","千克","204",
"202403","85177950","光通信设备的激光收发模块","107","柬埔寨","10","一般贸易","1","千克","0","?","4,110",
"202403","85177950","光通信设备的激光收发模块","108","塞浦路斯","33","保税监管场所进出境货物","3","千克","0","?","97,268",
"202403","85177950","光通信设备的激光收发模块","111","印度","10","一般贸易","1","千克","0","?","5,633",
"202403","85177950","光通信设备的激光收发模块","112","印度尼西亚","10","一般贸易","59","千克","0","?","57,820",
"202403","85177950","光通信设备的激光收发模块","112","印度尼西亚","39","其他","1","千克","0","?","1,408",
"202403","85177950","光通信设备的激光收发模块","115","以色列","10","一般贸易","11","千克","0","?","15,627",
"202403","85177950","光通信设备的激光收发模块","115","以色列","39","其他","0","千克","0","?","441",
"202403","85177950","光通信设备的激光收发模块","116","日本","10","一般贸易","207","千克","0","?","714,521",
"202403","85177950","光通信设备的激光收发模块","116","日本","39","其他","24","千克","0","?","15,576",
"202403","85177950","光通信设备的激光收发模块","120","黎巴嫩","10","一般贸易","19","千克","0","?","43,550",
"202403","85177950","光通信设备的激光收发模块","122","马来西亚","10","一般贸易","3324","千克","0","?","9,365,304",
"202403","85177950","光通信设备的激光收发模块","122","马来西亚","15","进料加工贸易","131","千克","0","?","103,771",
"202403","85177950","光通信设备的激光收发模块","122","马来西亚","33","保税监管场所进出境货物","201","千克","0","?","975,034",
"202403","85177950","光通信设备的激光收发模块","122","马来西亚","34","海关特殊监管区域物流货物","525","千克","0","?","3,060,846",
"202403","85177950","光通信设备的激光收发模块","122","马来西亚","35","海关特殊监管区域进口设备","5","千克","0","?","46,647",
"202403","85177950","光通信设备的激光收发模块","122","马来西亚","39","其他","16","千克","0","?","27,520",
"202403","85177950","光通信设备的激光收发模块","129","菲律宾","10","一般贸易","1120","千克","0","?","2,193,429",
"202403","85177950","光通信设备的激光收发模块","129","菲律宾","15","进料加工贸易","86","千克","0","?","59,194",
"202403","85177950","光通信设备的激光收发模块","129","菲律宾","33","保税监管场所进出境货物","0","千克","0","?","4,447",
"202403","85177950","光通信设备的激光收发模块","129","菲律宾","34","海关特殊监管区域物流货物","271","千克","0","?","532,642",
"202403","85177950","光通信设备的激光收发模块","132","新加坡","10","一般贸易","6","千克","0","?","1,904",
"202403","85177950","光通信设备的激光收发模块","133","韩国","10","一般贸易","1","千克","0","?","7,847",
"202403","85177950","光通信设备的激光收发模块","133","韩国","34","海关特殊监管区域物流货物","108","千克","0","?","205,792",
"202403","85177950","光通信设备的激光收发模块","133","韩国","39","其他","7","千克","0","?","11,838",
"202403","85177950","光通信设备的激光收发模块","136","泰国","10","一般贸易","4802","千克","0","?","33,414,964",
"202403","85177950","光通信设备的激光收发模块","136","泰国","15","进料加工贸易","220","千克","0","?","159,586",
"202403","85177950","光通信设备的激光收发模块","136","泰国","33","保税监管场所进出境货物","912","千克","0","?","9,938,293",
"202403","85177950","光通信设备的激光收发模块","136","泰国","34","海关特殊监管区域物流货物","373","千克","0","?","3,535,480",
"202403","85177950","光通信设备的激光收发模块","136","泰国","39","其他","8","千克","0","?","30,967",
"202403","85177950","光通信设备的激光收发模块","141","越南","10","一般贸易","3","千克","0","?","4,383",
"202403","85177950","光通信设备的激光收发模块","141","越南","15","进料加工贸易","2","千克","0","?","1,737",
"202403","85177950","光通信设备的激光收发模块","141","越南","34","海关特殊监管区域物流货物","1","千克","0","?","22",
"202403","85177950","光通信设备的激光收发模块","142","中国","10","一般贸易","4770","千克","0","?","13,362,056",
"202403","85177950","光通信设备的激光收发模块","142","中国","15","进料加工贸易","585","千克","0","?","1,184,231",
"202403","85177950","光通信设备的激光收发模块","142","中国","33","保税监管场所进出境货物","134","千克","0","?","713,682",
"202403","85177950","光通信设备的激光收发模块","142","中国","34","海关特殊监管区域物流货物","693","千克","0","?","1,349,513",
"202403","85177950","光通信设备的激光收发模块","142","中国","39","其他","59","千克","0","?","109,157",
"202403","85177950","光通信设备的激光收发模块","143","中国台湾","10","一般贸易","1437","千克","0","?","1,297,265",
"202403","85177950","光通信设备的激光收发模块","143","中国台湾","14","来料加工贸易","0","千克","0","?","56",
"202403","85177950","光通信设备的激光收发模块","143","中国台湾","15","进料加工贸易","45","千克","0","?","201,444",
"202403","85177950","光通信设备的激光收发模块","143","中国台湾","33","保税监管场所进出境货物","1","千克","0","?","6,931",
"202403","85177950","光通信设备的激光收发模块","143","中国台湾","34","海关特殊监管区域物流货物","234","千克","0","?","124,691",
"202403","85177950","光通信设备的激光收发模块","143","中国台湾","39","其他","12","千克","0","?","4,347",
"202403","85177950","光通信设备的激光收发模块","303","英国","10","一般贸易","7","千克","0","?","15,635",
"202403","85177950","光通信设备的激光收发模块","303","英国","34","海关特殊监管区域物流货物","0","千克","0","?","58",
"202403","85177950","光通信设备的激光收发模块","304","德国","10","一般贸易","45","千克","0","?","295,652",
"202403","85177950","光通信设备的激光收发模块","304","德国","14","来料加工贸易","178","千克","0","?","114,233",
"202403","85177950","光通信设备的激光收发模块","304","德国","34","海关特殊监管区域物流货物","0","千克","0","?","5,938",
"202403","85177950","光通信设备的激光收发模块","304","德国","39","其他","0","千克","0","?","232",
"202403","85177950","光通信设备的激光收发模块","305","法国","10","一般贸易","0","千克","0","?","22,209",
"202403","85177950","光通信设备的激光收发模块","315","奥地利","10","一般贸易","4","千克","0","?","44,604",
"202403","85177950","光通信设备的激光收发模块","328","罗马尼亚","10","一般贸易","1","千克","0","?","14,729",
"202403","85177950","光通信设备的激光收发模块","330","瑞典","10","一般贸易","4","千克","0","?","3,003",
"202403","85177950","光通信设备的激光收发模块","331","瑞士","10","一般贸易","1","千克","0","?","621",
"202403","85177950","光通信设备的激光收发模块","410","巴西","10","一般贸易","3","千克","0","?","3,087",
"202403","85177950","光通信设备的激光收发模块","429","墨西哥","10","一般贸易","7","千克","0","?","13,576",
"202403","85177950","光通信设备的激光收发模块","429","墨西哥","33","保税监管场所进出境货物","2","千克","0","?","1,394",
"202403","85177950","光通信设备的激光收发模块","429","墨西哥","34","海关特殊监管区域物流货物","1","千克","0","?","41",
"202403","85177950","光通信设备的激光收发模块","501","加拿大","10","一般贸易","4","千克","0","?","153,792",
"202403","85177950","光通信设备的激光收发模块","502","美国","10","一般贸易","51","千克","0","?","217,043",
"202403","85177950","光通信设备的激光收发模块","502","美国","33","保税监管场所进出境货物","0","千克","0","?","3,297",
"202403","85177950","光通信设备的激光收发模块","502","美国","34","海关特殊监管区域物流货物","13","千克","0","?","8,355",
"202403","85177950","光通信设备的激光收发模块","502","美国","39","其他","5","千克","0","?","6,074",
"202403","85177950","光通信设备的激光收发模块","601","澳大利亚","10","一般贸易","212","千克","0","?","917,660",
"202403","85177950","光通信设备的激光收发模块","701","国家（地区）不明
","10","一般贸易","0","千克","0","?","376",
"202403","85177990","品目85.17所列设备用其他零件","106","缅甸","10","一般贸易","258","千克","0","?","23,641",
"202403","85177990","品目85.17所列设备用其他零件","107","柬埔寨","10","一般贸易","92","千克","0","?","178,765",
"202403","85177990","品目85.17所列设备用其他零件","108","塞浦路斯","33","保税监管场所进出境货物","263","千克","0","?","10,935",
"202403","85177990","品目85.17所列设备用其他零件","110","中国香港","10","一般贸易","97","千克","0","?","9,624",
"202403","85177990","品目85.17所列设备用其他零件","110","中国香港","15","进料加工贸易","41","千克","0","?","190",
"202403","85177990","品目85.17所列设备用其他零件","110","中国香港","33","保税监管场所进出境货物","20","千克","0","?","411",
"202403","85177990","品目85.17所列设备用其他零件","110","中国香港","39","其他","0","千克","0","?","751",
"202403","85177990","品目85.17所列设备用其他零件","111","印度","10","一般贸易","1430","千克","0","?","232,398",
"202403","85177990","品目85.17所列设备用其他零件","111","印度","15","进料加工贸易","411","千克","0","?","231,716",
"202403","85177990","品目85.17所列设备用其他零件","111","印度","34","海关特殊监管区域物流货物","26584","千克","0","?","837,171",
"202403","85177990","品目85.17所列设备用其他零件","111","印度","39","其他","129","千克","0","?","24,146",
"202403","85177990","品目85.17所列设备用其他零件","112","印度尼西亚","10","一般贸易","14","千克","0","?","50,712",
"202403","85177990","品目85.17所列设备用其他零件","112","印度尼西亚","15","进料加工贸易","81","千克","0","?","23,176",
"202403","85177990","品目85.17所列设备用其他零件","112","印度尼西亚","34","海关特殊监管区域物流货物","0","千克","0","?","1,080",
"202403","85177990","品目85.17所列设备用其他零件","115","以色列","10","一般贸易","334","千克","0","?","251,907",
"202403","85177990","品目85.17所列设备用其他零件","115","以色列","15","进料加工贸易","8","千克","0","?","32,832",
"202403","85177990","品目85.17所列设备用其他零件","115","以色列","33","保税监管场所进出境货物","0","千克","0","?","250",
"202403","85177990","品目85.17所列设备用其他零件","115","以色列","34","海关特殊监管区域物流货物","3","千克","0","?","3,200",
"202403","85177990","品目85.17所列设备用其他零件","115","以色列","39","其他","1","千克","0","?","897",
"202403","85177990","品目85.17所列设备用其他零件","116","日本","10","一般贸易","2147","千克","0","?","6,860,321",
"202403","85177990","品目85.17所列设备用其他零件","116","日本","14","来料加工贸易","125","千克","0","?","27,317",
"202403","85177990","品目85.17所列设备用其他零件","116","日本","15","进料加工贸易","1484","千克","0","?","5,532,396",
"202403","85177990","品目85.17所列设备用其他零件","116","日本","33","保税监管场所进出境货物","294","千克","0","?","307,252",
"202403","85177990","品目85.17所列设备用其他零件","116","日本","34","海关特殊监管区域物流货物","240","千克","0","?","972,632",
"202403","85177990","品目85.17所列设备用其他零件","116","日本","39","其他","27","千克","0","?","38,766",
"202403","85177990","品目85.17所列设备用其他零件","122","马来西亚","10","一般贸易","1377","千克","0","?","5,499,992",
"202403","85177990","品目85.17所列设备用其他零件","122","马来西亚","14","来料加工贸易","8","千克","0","?","834",
"202403","85177990","品目85.17所列设备用其他零件","122","马来西亚","15","进料加工贸易","3979","千克","0","?","36,646,592",
"202403","85177990","品目85.17所列设备用其他零件","122","马来西亚","33","保税监管场所进出境货物","1396","千克","0","?","56,896",
"202403","85177990","品目85.17所列设备用其他零件","122","马来西亚","34","海关特殊监管区域物流货物","1379","千克","0","?","724,039",
"202403","85177990","品目85.17所列设备用其他零件","122","马来西亚","39","其他","89","千克","0","?","30,944",
"202403","85177990","品目85.17所列设备用其他零件","129","菲律宾","10","一般贸易","720","千克","0","?","1,161,349",
"202403","85177990","品目85.17所列设备用其他零件","129","菲律宾","15","进料加工贸易","742","千克","0","?","91,617",
"202403","85177990","品目85.17所列设备用其他零件","129","菲律宾","33","保税监管场所进出境货物","37","千克","0","?","30,218",
"202403","85177990","品目85.17所列设备用其他零件","129","菲律宾","34","海关特殊监管区域物流货物","343","千克","0","?","834,500",
"202403","85177990","品目85.17所列设备用其他零件","129","菲律宾","39","其他","2","千克","0","?","748",
"202403","85177990","品目85.17所列设备用其他零件","131","沙特阿拉伯","39","其他","6","千克","0","?","201",
"202403","85177990","品目85.17所列设备用其他零件","132","新加坡","10","一般贸易","1314","千克","0","?","1,309,610",
"202403","85177990","品目85.17所列设备用其他零件","132","新加坡","14","来料加工贸易","5","千克","0","?","3,705",
"202403","85177990","品目85.17所列设备用其他零件","132","新加坡","15","进料加工贸易","85","千克","0","?","134,148",
"202403","85177990","品目85.17所列设备用其他零件","132","新加坡","33","保税监管场所进出境货物","3160","千克","0","?","326,878",
"202403","85177990","品目85.17所列设备用其他零件","132","新加坡","34","海关特殊监管区域物流货物","3461","千克","0","?","4,704,468",
"202403","85177990","品目85.17所列设备用其他零件","132","新加坡","39","其他","0","千克","0","?","80",
"202403","85177990","品目85.17所列设备用其他零件","133","韩国","10","一般贸易","22829","千克","0","?","1,606,457",
"202403","85177990","品目85.17所列设备用其他零件","133","韩国","14","来料加工贸易","261","千克","0","?","45,548",
"202403","85177990","品目85.17所列设备用其他零件","133","韩国","15","进料加工贸易","2164","千克","0","?","3,016,305",
"202403","85177990","品目85.17所列设备用其他零件","133","韩国","33","保税监管场所进出境货物","472","千克","0","?","59,234",
"202403","85177990","品目85.17所列设备用其他零件","133","韩国","34","海关特殊监管区域物流货物","689","千克","0","?","45,250",
"202403","85177990","品目85.17所列设备用其他零件","133","韩国","39","其他","113","千克","0","?","67,058",
"202403","85177990","品目85.17所列设备用其他零件","136","泰国","10","一般贸易","2110","千克","0","?","15,501,280",
"202403","85177990","品目85.17所列设备用其他零件","136","泰国","14","来料加工贸易","4","千克","0","?","12,595",
"202403","85177990","品目85.17所列设备用其他零件","136","泰国","15","进料加工贸易","132","千克","0","?","1,581,714",
"202403","85177990","品目85.17所列设备用其他零件","136","泰国","33","保税监管场所进出境货物","359","千克","0","?","77,244",
"202403","85177990","品目85.17所列设备用其他零件","136","泰国","34","海关特殊监管区域物流货物","456","千克","0","?","979,040",
"202403","85177990","品目85.17所列设备用其他零件","136","泰国","39","其他","72","千克","0","?","74,625",
"202403","85177990","品目85.17所列设备用其他零件","137","土耳其","10","一般贸易","29","千克","0","?","12,131",
"202403","85177990","品目85.17所列设备用其他零件","137","土耳其","15","进料加工贸易","0","千克","0","?","296",
"202403","85177990","品目85.17所列设备用其他零件","137","土耳其","39","其他","0","千克","0","?","67",
"202403","85177990","品目85.17所列设备用其他零件","138","阿联酋","33","保税监管场所进出境货物","32","千克","0","?","4,070",
"202403","85177990","品目85.17所列设备用其他零件","138","阿联酋","34","海关特殊监管区域物流货物","53","千克","0","?","15,906",
"202403","85177990","品目85.17所列设备用其他零件","141","越南","10","一般贸易","25271","千克","0","?","1,159,406",
"202403","85177990","品目85.17所列设备用其他零件","141","越南","15","进料加工贸易","5046","千克","0","?","4,676,666",
"202403","85177990","品目85.17所列设备用其他零件","141","越南","19","边境小额贸易","322","千克","0","?","1,204",
"202403","85177990","品目85.17所列设备用其他零件","141","越南","27","出料加工贸易","13","千克","0","?","2,056",
"202403","85177990","品目85.17所列设备用其他零件","141","越南","34","海关特殊监管区域物流货物","137233","千克","0","?","21,753,262",
"202403","85177990","品目85.17所列设备用其他零件","141","越南","39","其他","151","千克","0","?","23,097",
"202403","85177990","品目85.17所列设备用其他零件","142","中国","10","一般贸易","79599","千克","0","?","47,454,216",
"202403","85177990","品目85.17所列设备用其他零件","142","中国","14","来料加工贸易","5799","千克","0","?","1,125,911",
"202403","85177990","品目85.17所列设备用其他零件","142","中国","15","进料加工贸易","167937","千克","0","?","15,066,155",
"202403","85177990","品目85.17所列设备用其他零件","142","中国","33","保税监管场所进出境货物","29097","千克","0","?","1,908,623",
"202403","85177990","品目85.17所列设备用其他零件","142","中国","34","海关特殊监管区域物流货物","17946","千克","0","?","3,333,838",
"202403","85177990","品目85.17所列设备用其他零件","142","中国","35","海关特殊监管区域进口设备","14","千克","0","?","21,749",
"202403","85177990","品目85.17所列设备用其他零件","142","中国","39","其他","2684","千克","0","?","285,345",
"202403","85177990","品目85.17所列设备用其他零件","143","中国台湾","10","一般贸易","7620","千克","0","?","3,647,739",
"202403","85177990","品目85.17所列设备用其他零件","143","中国台湾","14","来料加工贸易","17","千克","0","?","5,324",
"202403","85177990","品目85.17所列设备用其他零件","143","中国台湾","15","进料加工贸易","47163","千克","0","?","21,900,430",
"202403","85177990","品目85.17所列设备用其他零件","143","中国台湾","33","保税监管场所进出境货物","19","千克","0","?","67,455",
"202403","85177990","品目85.17所列设备用其他零件","143","中国台湾","34","海关特殊监管区域物流货物","2138","千克","0","?","190,784",
"202403","85177990","品目85.17所列设备用其他零件","143","中国台湾","39","其他","243","千克","0","?","14,798",
"202403","85177990","品目85.17所列设备用其他零件","232","摩洛哥","10","一般贸易","1","千克","0","?","7,938",
"202403","85177990","品目85.17所列设备用其他零件","232","摩洛哥","34","海关特殊监管区域物流货物","76","千克","0","?","792,931",
"202403","85177990","品目85.17所列设备用其他零件","244","南非","10","一般贸易","4","千克","0","?","104,237",
"202403","85177990","品目85.17所列设备用其他零件","249","突尼斯","10","一般贸易","18","千克","0","?","3,756",
"202403","85177990","品目85.17所列设备用其他零件","301","比利时","10","一般贸易","18","千克","0","?","23,628",
"202403","85177990","品目85.17所列设备用其他零件","301","比利时","15","进料加工贸易","12","千克","0","?","1,393",
"202403","85177990","品目85.17所列设备用其他零件","302","丹麦","10","一般贸易","2843","千克","0","?","795,981",
"202403","85177990","品目85.17所列设备用其他零件","302","丹麦","15","进料加工贸易","7","千克","0","?","49,602",
"202403","85177990","品目85.17所列设备用其他零件","302","丹麦","33","保税监管场所进出境货物","103","千克","0","?","11,588",
"202403","85177990","品目85.17所列设备用其他零件","302","丹麦","34","海关特殊监管区域物流货物","59","千克","0","?","10,829",
"202403","85177990","品目85.17所列设备用其他零件","303","英国","10","一般贸易","4173","千克","0","?","956,112",
"202403","85177990","品目85.17所列设备用其他零件","303","英国","14","来料加工贸易","6","千克","0","?","34",
"202403","85177990","品目85.17所列设备用其他零件","303","英国","15","进料加工贸易","14","千克","0","?","28,749",
"202403","85177990","品目85.17所列设备用其他零件","303","英国","33","保税监管场所进出境货物","27","千克","0","?","16,214",
"202403","85177990","品目85.17所列设备用其他零件","303","英国","34","海关特殊监管区域物流货物","233","千克","0","?","8,684",
"202403","85177990","品目85.17所列设备用其他零件","303","英国","39","其他","24","千克","0","?","30,075",
"202403","85177990","品目85.17所列设备用其他零件","304","德国","10","一般贸易","2910","千克","0","?","2,251,762",
"202403","85177990","品目85.17所列设备用其他零件","304","德国","15","进料加工贸易","141","千克","0","?","133,377",
"202403","85177990","品目85.17所列设备用其他零件","304","德国","33","保税监管场所进出境货物","416","千克","0","?","68,038",
"202403","85177990","品目85.17所列设备用其他零件","304","德国","34","海关特殊监管区域物流货物","228","千克","0","?","180,301",
"202403","85177990","品目85.17所列设备用其他零件","304","德国","35","海关特殊监管区域进口设备","0","千克","0","?","127",
"202403","85177990","品目85.17所列设备用其他零件","304","德国","39","其他","30","千克","0","?","19,212",
"202403","85177990","品目85.17所列设备用其他零件","305","法国","10","一般贸易","283","千克","0","?","807,463",
"202403","85177990","品目85.17所列设备用其他零件","305","法国","15","进料加工贸易","116","千克","0","?","973,473",
"202403","85177990","品目85.17所列设备用其他零件","305","法国","33","保税监管场所进出境货物","14","千克","0","?","2,958",
"202403","85177990","品目85.17所列设备用其他零件","305","法国","34","海关特殊监管区域物流货物","48","千克","0","?","67,797",
"202403","85177990","品目85.17所列设备用其他零件","305","法国","39","其他","2","千克","0","?","2,887",
"202403","85177990","品目85.17所列设备用其他零件","306","爱尔兰","34","海关特殊监管区域物流货物","2","千克","0","?","1,329",
"202403","85177990","品目85.17所列设备用其他零件","307","意大利","10","一般贸易","2370","千克","0","?","395,166",
"202403","85177990","品目85.17所列设备用其他零件","307","意大利","15","进料加工贸易","1257","千克","0","?","5,321",
"202403","85177990","品目85.17所列设备用其他零件","307","意大利","33","保税监管场所进出境货物","8","千克","0","?","5,999",
"202403","85177990","品目85.17所列设备用其他零件","307","意大利","34","海关特殊监管区域物流货物","0","千克","0","?","1,824",
"202403","85177990","品目85.17所列设备用其他零件","307","意大利","39","其他","6","千克","0","?","3,984",
"202403","85177990","品目85.17所列设备用其他零件","309","荷兰","10","一般贸易","18","千克","0","?","16,238",
"202403","85177990","品目85.17所列设备用其他零件","309","荷兰","14","来料加工贸易","20","千克","0","?","27,852",
"202403","85177990","品目85.17所列设备用其他零件","309","荷兰","33","保税监管场所进出境货物","1215","千克","0","?","139,582",
"202403","85177990","品目85.17所列设备用其他零件","309","荷兰","34","海关特殊监管区域物流货物","431","千克","0","?","45,627",
"202403","85177990","品目85.17所列设备用其他零件","310","希腊","10","一般贸易","4","千克","0","?","1,565",
"202403","85177990","品目85.17所列设备用其他零件","310","希腊","33","保税监管场所进出境货物","164","千克","0","?","15,727",
"202403","85177990","品目85.17所列设备用其他零件","310","希腊","34","海关特殊监管区域物流货物","1108","千克","0","?","8,297",
"202403","85177990","品目85.17所列设备用其他零件","311","葡萄牙","10","一般贸易","2","千克","0","?","3,482",
"202403","85177990","品目85.17所列设备用其他零件","311","葡萄牙","34","海关特殊监管区域物流货物","103","千克","0","?","21,267",
"202403","85177990","品目85.17所列设备用其他零件","312","西班牙","10","一般贸易","107","千克","0","?","15,383",
"202403","85177990","品目85.17所列设备用其他零件","312","西班牙","39","其他","3","千克","0","?","3,582",
"202403","85177990","品目85.17所列设备用其他零件","315","奥地利","10","一般贸易","187","千克","0","?","476,669",
"202403","85177990","品目85.17所列设备用其他零件","315","奥地利","15","进料加工贸易","22","千克","0","?","141,811",
"202403","85177990","品目85.17所列设备用其他零件","315","奥地利","34","海关特殊监管区域物流货物","5","千克","0","?","3,784",
"202403","85177990","品目85.17所列设备用其他零件","316","保加利亚","10","一般贸易","48","千克","0","?","1,867",
"202403","85177990","品目85.17所列设备用其他零件","318","芬兰","10","一般贸易","571","千克","0","?","128,780",
"202403","85177990","品目85.17所列设备用其他零件","318","芬兰","15","进料加工贸易","0","千克","0","?","181",
"202403","85177990","品目85.17所列设备用其他零件","318","芬兰","34","海关特殊监管区域物流货物","1880","千克","0","?","876,880",
"202403","85177990","品目85.17所列设备用其他零件","318","芬兰","39","其他","33","千克","0","?","7,140",
"202403","85177990","品目85.17所列设备用其他零件","321","匈牙利","10","一般贸易","3923","千克","0","?","301,823",
"202403","85177990","品目85.17所列设备用其他零件","321","匈牙利","15","进料加工贸易","24","千克","0","?","27,574",
"202403","85177990","品目85.17所列设备用其他零件","321","匈牙利","34","海关特殊监管区域物流货物","92","千克","0","?","16,066",
"202403","85177990","品目85.17所列设备用其他零件","321","匈牙利","39","其他","8","千克","0","?","1,214",
"202403","85177990","品目85.17所列设备用其他零件","326","挪威","10","一般贸易","21","千克","0","?","5,897",
"202403","85177990","品目85.17所列设备用其他零件","326","挪威","15","进料加工贸易","5","千克","0","?","15,550",
"202403","85177990","品目85.17所列设备用其他零件","326","挪威","33","保税监管场所进出境货物","428","千克","0","?","166,988",
"202403","85177990","品目85.17所列设备用其他零件","326","挪威","34","海关特殊监管区域物流货物","0","千克","0","?","936",
"202403","85177990","品目85.17所列设备用其他零件","327","波兰","10","一般贸易","12848","千克","0","?","1,421,066",
"202403","85177990","品目85.17所列设备用其他零件","327","波兰","15","进料加工贸易","0","千克","0","?","9,473",
"202403","85177990","品目85.17所列设备用其他零件","327","波兰","33","保税监管场所进出境货物","1","千克","0","?","11",
"202403","85177990","品目85.17所列设备用其他零件","327","波兰","34","海关特殊监管区域物流货物","21","千克","0","?","2,972",
"202403","85177990","品目85.17所列设备用其他零件","327","波兰","39","其他","548","千克","0","?","118,374",
"202403","85177990","品目85.17所列设备用其他零件","328","罗马尼亚","10","一般贸易","1459","千克","0","?","711,201",
"202403","85177990","品目85.17所列设备用其他零件","328","罗马尼亚","14","来料加工贸易","63","千克","0","?","129,691",
"202403","85177990","品目85.17所列设备用其他零件","328","罗马尼亚","15","进料加工贸易","3","千克","0","?","13,152",
"202403","85177990","品目85.17所列设备用其他零件","328","罗马尼亚","34","海关特殊监管区域物流货物","4","千克","0","?","3,057",
"202403","85177990","品目85.17所列设备用其他零件","328","罗马尼亚","39","其他","12","千克","0","?","4,062",
"202403","85177990","品目85.17所列设备用其他零件","330","瑞典","10","一般贸易","2490","千克","0","?","642,230",
"202403","85177990","品目85.17所列设备用其他零件","330","瑞典","15","进料加工贸易","42","千克","0","?","2,524",
"202403","85177990","品目85.17所列设备用其他零件","330","瑞典","33","保税监管场所进出境货物","0","千克","0","?","1,389",
"202403","85177990","品目85.17所列设备用其他零件","330","瑞典","34","海关特殊监管区域物流货物","1","千克","0","?","3,683",
"202403","85177990","品目85.17所列设备用其他零件","330","瑞典","39","其他","19","千克","0","?","15,010",
"202403","85177990","品目85.17所列设备用其他零件","331","瑞士","10","一般贸易","283","千克","0","?","1,171,977",
"202403","85177990","品目85.17所列设备用其他零件","331","瑞士","15","进料加工贸易","18","千克","0","?","788,122",
"202403","85177990","品目85.17所列设备用其他零件","331","瑞士","33","保税监管场所进出境货物","0","千克","0","?","389",
"202403","85177990","品目85.17所列设备用其他零件","331","瑞士","39","其他","38","千克","0","?","4,112",
"202403","85177990","品目85.17所列设备用其他零件","334","爱沙尼亚","10","一般贸易","16942","千克","0","?","2,641,461",
"202403","85177990","品目85.17所列设备用其他零件","334","爱沙尼亚","15","进料加工贸易","631","千克","0","?","29,019",
"202403","85177990","品目85.17所列设备用其他零件","334","爱沙尼亚","34","海关特殊监管区域物流货物","71","千克","0","?","4,559",
"202403","85177990","品目85.17所列设备用其他零件","334","爱沙尼亚","39","其他","1","千克","0","?","4,285",
"202403","85177990","品目85.17所列设备用其他零件","335","拉脱维亚","10","一般贸易","497","千克","0","?","260,945",
"202403","85177990","品目85.17所列设备用其他零件","335","拉脱维亚","33","保税监管场所进出境货物","2","千克","0","?","390",
"202403","85177990","品目85.17所列设备用其他零件","336","立陶宛","10","一般贸易","1","千克","0","?","4,586",
"202403","85177990","品目85.17所列设备用其他零件","344","俄罗斯","10","一般贸易","0","千克","0","?","142",
"202403","85177990","品目85.17所列设备用其他零件","347","乌克兰","10","一般贸易","355","千克","0","?","40,364",
"202403","85177990","品目85.17所列设备用其他零件","351","克罗地亚","10","一般贸易","1","千克","0","?","1,420",
"202403","85177990","品目85.17所列设备用其他零件","352","捷克","10","一般贸易","1061","千克","0","?","67,419",
"202403","85177990","品目85.17所列设备用其他零件","352","捷克","15","进料加工贸易","253","千克","0","?","3,259",
"202403","85177990","品目85.17所列设备用其他零件","352","捷克","33","保税监管场所进出境货物","123","千克","0","?","1,428,132",
"202403","85177990","品目85.17所列设备用其他零件","352","捷克","34","海关特殊监管区域物流货物","522","千克","0","?","3,705,253",
"202403","85177990","品目85.17所列设备用其他零件","353","斯洛伐克","10","一般贸易","21","千克","0","?","6,631",
"202403","85177990","品目85.17所列设备用其他零件","353","斯洛伐克","34","海关特殊监管区域物流货物","0","千克","0","?","2,772",
"202403","85177990","品目85.17所列设备用其他零件","410","巴西","10","一般贸易","94","千克","0","?","3,199",
"202403","85177990","品目85.17所列设备用其他零件","410","巴西","34","海关特殊监管区域物流货物","1079","千克","0","?","56,578",
"202403","85177990","品目85.17所列设备用其他零件","415","哥斯达黎加","10","一般贸易","3","千克","0","?","35,594",
"202403","85177990","品目85.17所列设备用其他零件","415","哥斯达黎加","15","进料加工贸易","1","千克","0","?","12,600",
"202403","85177990","品目85.17所列设备用其他零件","415","哥斯达黎加","34","海关特殊监管区域物流货物","0","千克","0","?","5,000",
"202403","85177990","品目85.17所列设备用其他零件","429","墨西哥","10","一般贸易","5569","千克","0","?","2,850,051",
"202403","85177990","品目85.17所列设备用其他零件","429","墨西哥","15","进料加工贸易","4633","千克","0","?","2,595,286",
"202403","85177990","品目85.17所列设备用其他零件","429","墨西哥","33","保税监管场所进出境货物","1","千克","0","?","2,088",
"202403","85177990","品目85.17所列设备用其他零件","429","墨西哥","34","海关特殊监管区域物流货物","1108","千克","0","?","251,793",
"202403","85177990","品目85.17所列设备用其他零件","429","墨西哥","39","其他","245","千克","0","?","128,191",
"202403","85177990","品目85.17所列设备用其他零件","501","加拿大","10","一般贸易","96","千克","0","?","152,762",
"202403","85177990","品目85.17所列设备用其他零件","501","加拿大","14","来料加工贸易","3","千克","0","?","1,102",
"202403","85177990","品目85.17所列设备用其他零件","501","加拿大","15","进料加工贸易","25","千克","0","?","170,242",
"202403","85177990","品目85.17所列设备用其他零件","501","加拿大","39","其他","9","千克","0","?","5,533",
"202403","85177990","品目85.17所列设备用其他零件","502","美国","10","一般贸易","2507","千克","0","?","1,372,551",
"202403","85177990","品目85.17所列设备用其他零件","502","美国","14","来料加工贸易","86","千克","0","?","136,531",
"202403","85177990","品目85.17所列设备用其他零件","502","美国","15","进料加工贸易","3696","千克","0","?","2,159,909",
"202403","85177990","品目85.17所列设备用其他零件","502","美国","33","保税监管场所进出境货物","280","千克","0","?","232,770",
"202403","85177990","品目85.17所列设备用其他零件","502","美国","34","海关特殊监管区域物流货物","235","千克","0","?","84,375",
"202403","85177990","品目85.17所列设备用其他零件","502","美国","35","海关特殊监管区域进口设备","112","千克","0","?","17,733",
"202403","85177990","品目85.17所列设备用其他零件","502","美国","39","其他","51","千克","0","?","27,887",
"202403","85177990","品目85.17所列设备用其他零件","601","澳大利亚","10","一般贸易","384","千克","0","?","2,462,438",
"202403","85177990","品目85.17所列设备用其他零件","601","澳大利亚","15","进料加工贸易","40","千克","0","?","2,901",
"202403","85177990","品目85.17所列设备用其他零件","601","澳大利亚","33","保税监管场所进出境货物","409","千克","0","?","1,498,432",
"202403","85177990","品目85.17所列设备用其他零件","609","新西兰","10","一般贸易","3","千克","0","?","2,058",
"202403","85177990","品目85.17所列设备用其他零件","609","新西兰","34","海关特殊监管区域物流货物","232","千克","0","?","102,528",
"202403","85414900","其他光敏半导体器件","110","中国香港","10","一般贸易","1","个","0","千克","40",
"202403","85414900","其他光敏半导体器件","110","中国香港","14","来料加工贸易","16002117","个","7","千克","960,127",
"202403","85414900","其他光敏半导体器件","111","印度","15","进料加工贸易","1500","个","1","千克","1,888",
"202403","85414900","其他光敏半导体器件","112","印度尼西亚","10","一般贸易","320219","个","126","千克","125,117",
"202403","85414900","其他光敏半导体器件","112","印度尼西亚","14","来料加工贸易","771200","个","981","千克","69,269",
"202403","85414900","其他光敏半导体器件","112","印度尼西亚","15","进料加工贸易","98000","个","15","千克","26,852",
"202403","85414900","其他光敏半导体器件","115","以色列","10","一般贸易","22","个","0","千克","19,551",
"202403","85414900","其他光敏半导体器件","115","以色列","15","进料加工贸易","50","个","0","千克","15",
"202403","85414900","其他光敏半导体器件","116","日本","10","一般贸易","13487555","个","7498","千克","11,981,180",
"202403","85414900","其他光敏半导体器件","116","日本","14","来料加工贸易","351417","个","48","千克","85,947",
"202403","85414900","其他光敏半导体器件","116","日本","15","进料加工贸易","9232072","个","1518","千克","3,190,577",
"202403","85414900","其他光敏半导体器件","116","日本","33","保税监管场所进出境货物","2428892","个","528","千克","2,241,373",
"202403","85414900","其他光敏半导体器件","116","日本","34","海关特殊监管区域物流货物","9873919","个","3738","千克","4,326,318",
"202403","85414900","其他光敏半导体器件","116","日本","35","海关特殊监管区域进口设备","19","个","1","千克","20,140",
"202403","85414900","其他光敏半导体器件","116","日本","39","其他","15059","个","2","千克","9,821",
"202403","85414900","其他光敏半导体器件","122","马来西亚","10","一般贸易","8598301","个","2622","千克","1,716,622",
"202403","85414900","其他光敏半导体器件","122","马来西亚","14","来料加工贸易","26030","个","6","千克","3,904",
"202403","85414900","其他光敏半导体器件","122","马来西亚","15","进料加工贸易","3394428","个","761","千克","2,873,496",
"202403","85414900","其他光敏半导体器件","122","马来西亚","33","保税监管场所进出境货物","23500","个","4","千克","14,845",
"202403","85414900","其他光敏半导体器件","122","马来西亚","34","海关特殊监管区域物流货物","3541101","个","26292","千克","2,763,790",
"202403","85414900","其他光敏半导体器件","122","马来西亚","35","海关特殊监管区域进口设备","11","个","0","千克","3,085",
"202403","85414900","其他光敏半导体器件","122","马来西亚","39","其他","4020","个","5","千克","4,302",
"202403","85414900","其他光敏半导体器件","129","菲律宾","10","一般贸易","6304250","个","3593","千克","3,717,282",
"202403","85414900","其他光敏半导体器件","129","菲律宾","14","来料加工贸易","98100","个","14","千克","14,709",
"202403","85414900","其他光敏半导体器件","129","菲律宾","15","进料加工贸易","1006240","个","405","千克","577,196",
"202403","85414900","其他光敏半导体器件","129","菲律宾","33","保税监管场所进出境货物","214960","个","62","千克","43,246",
"202403","85414900","其他光敏半导体器件","129","菲律宾","34","海关特殊监管区域物流货物","4447559","个","1229","千克","4,208,791",
"202403","85414900","其他光敏半导体器件","129","菲律宾","35","海关特殊监管区域进口设备","2","个","0","千克","476",
"202403","85414900","其他光敏半导体器件","132","新加坡","10","一般贸易","5369","个","6","千克","263,305",
"202403","85414900","其他光敏半导体器件","132","新加坡","15","进料加工贸易","955743","个","4","千克","1,002,574",
"202403","85414900","其他光敏半导体器件","132","新加坡","34","海关特殊监管区域物流货物","1110","个","0","千克","8,759",
"202403","85414900","其他光敏半导体器件","132","新加坡","35","海关特殊监管区域进口设备","8","个","0","千克","1,669",
"202403","85414900","其他光敏半导体器件","133","韩国","10","一般贸易","11429401","个","331","千克","512,342",
"202403","85414900","其他光敏半导体器件","133","韩国","14","来料加工贸易","482000","个","50","千克","123,991",
"202403","85414900","其他光敏半导体器件","133","韩国","15","进料加工贸易","67756416","个","1047","千克","1,208,980",
"202403","85414900","其他光敏半导体器件","133","韩国","33","保税监管场所进出境货物","1101000","个","62","千克","136,513",
"202403","85414900","其他光敏半导体器件","133","韩国","34","海关特殊监管区域物流货物","482000","个","388","千克","77,191",
"202403","85414900","其他光敏半导体器件","133","韩国","39","其他","83080","个","48","千克","286",
"202403","85414900","其他光敏半导体器件","136","泰国","10","一般贸易","97976771","个","45805","千克","13,421,992",
"202403","85414900","其他光敏半导体器件","136","泰国","14","来料加工贸易","491220","个","77","千克","47,931",
"202403","85414900","其他光敏半导体器件","136","泰国","15","进料加工贸易","11595067","个","3749","千克","1,769,677",
"202403","85414900","其他光敏半导体器件","136","泰国","33","保税监管场所进出境货物","2063000","个","462","千克","140,910",
"202403","85414900","其他光敏半导体器件","136","泰国","34","海关特殊监管区域物流货物","47693102","个","10580","千克","10,313,726",
"202403","85414900","其他光敏半导体器件","136","泰国","39","其他","16450","个","7","千克","1,664",
"202403","85414900","其他光敏半导体器件","141","越南","10","一般贸易","704380","个","60","千克","21,079",
"202403","85414900","其他光敏半导体器件","141","越南","33","保税监管场所进出境货物","11","个","0","千克","7,956",
"202403","85414900","其他光敏半导体器件","141","越南","34","海关特殊监管区域物流货物","6","个","0","千克","72",
"202403","85414900","其他光敏半导体器件","142","中国","10","一般贸易","575210974","个","196793","千克","18,200,426",
"202403","85414900","其他光敏半导体器件","142","中国","14","来料加工贸易","6189163","个","1634","千克","325,585",
"202403","85414900","其他光敏半导体器件","142","中国","15","进料加工贸易","79867175","个","17465","千克","3,456,079",
"202403","85414900","其他光敏半导体器件","142","中国","33","保税监管场所进出境货物","13226046","个","3560","千克","416,788",
"202403","85414900","其他光敏半导体器件","142","中国","34","海关特殊监管区域物流货物","96441743","个","38295","千克","3,964,242",
"202403","85414900","其他光敏半导体器件","142","中国","35","海关特殊监管区域进口设备","10","个","1","千克","1,452",
"202403","85414900","其他光敏半导体器件","142","中国","39","其他","700","个","1","千克","593",
"202403","85414900","其他光敏半导体器件","143","中国台湾","10","一般贸易","87963310","个","13823","千克","9,253,457",
"202403","85414900","其他光敏半导体器件","143","中国台湾","14","来料加工贸易","127436","个","28","千克","69,151",
"202403","85414900","其他光敏半导体器件","143","中国台湾","15","进料加工贸易","21456752","个","4874","千克","3,143,486",
"202403","85414900","其他光敏半导体器件","143","中国台湾","33","保税监管场所进出境货物","336600","个","39","千克","69,067",
"202403","85414900","其他光敏半导体器件","143","中国台湾","34","海关特殊监管区域物流货物","1886645","个","397","千克","1,014,070",
"202403","85414900","其他光敏半导体器件","143","中国台湾","39","其他","21176","个","0","千克","3,041",
"202403","85414900","其他光敏半导体器件","301","比利时","10","一般贸易","4000","个","6","千克","10,004",
"202403","85414900","其他光敏半导体器件","302","丹麦","10","一般贸易","70","个","1","千克","1,008",
"202403","85414900","其他光敏半导体器件","303","英国","10","一般贸易","3791424","个","7","千克","265,379",
"202403","85414900","其他光敏半导体器件","303","英国","14","来料加工贸易","6023","个","1","千克","916",
"202403","85414900","其他光敏半导体器件","303","英国","15","进料加工贸易","29311","个","0","千克","14,801",
"202403","85414900","其他光敏半导体器件","303","英国","33","保税监管场所进出境货物","1","个","1","千克","9,235",
"202403","85414900","其他光敏半导体器件","303","英国","34","海关特殊监管区域物流货物","140","个","0","千克","1,317",
"202403","85414900","其他光敏半导体器件","304","德国","10","一般贸易","166326","个","52","千克","473,186",
"202403","85414900","其他光敏半导体器件","304","德国","15","进料加工贸易","3512","个","6","千克","275,670",
"202403","85414900","其他光敏半导体器件","304","德国","33","保税监管场所进出境货物","17","个","4","千克","2,357",
"202403","85414900","其他光敏半导体器件","304","德国","34","海关特殊监管区域物流货物","1135","个","4","千克","19,590",
"202403","85414900","其他光敏半导体器件","304","德国","35","海关特殊监管区域进口设备","3","个","0","千克","1,103",
"202403","85414900","其他光敏半导体器件","305","法国","10","一般贸易","11","个","0","千克","448",
"202403","85414900","其他光敏半导体器件","305","法国","34","海关特殊监管区域物流货物","1","个","0","千克","71",
"202403","85414900","其他光敏半导体器件","306","爱尔兰","10","一般贸易","76","个","2","千克","22,188",
"202403","85414900","其他光敏半导体器件","307","意大利","10","一般贸易","4010","个","731","千克","62,860",
"202403","85414900","其他光敏半导体器件","307","意大利","33","保税监管场所进出境货物","5","个","1","千克","1,044",
"202403","85414900","其他光敏半导体器件","309","荷兰","10","一般贸易","156","个","1","千克","47,190",
"202403","85414900","其他光敏半导体器件","309","荷兰","35","海关特殊监管区域进口设备","2","个","0","千克","131",
"202403","85414900","其他光敏半导体器件","312","西班牙","10","一般贸易","3","个","1","千克","616",
"202403","85414900","其他光敏半导体器件","316","保加利亚","10","一般贸易","120000","个","15","千克","3,505",
"202403","85414900","其他光敏半导体器件","318","芬兰","10","一般贸易","4","个","0","千克","895",
"202403","85414900","其他光敏半导体器件","321","匈牙利","15","进料加工贸易","500","个","1","千克","1,720",
"202403","85414900","其他光敏半导体器件","321","匈牙利","34","海关特殊监管区域物流货物","1","个","0","千克","18",
"202403","85414900","其他光敏半导体器件","327","波兰","10","一般贸易","27","个","0","千克","46,869",
"202403","85414900","其他光敏半导体器件","330","瑞典","10","一般贸易","40","个","1","千克","28,620",
"202403","85414900","其他光敏半导体器件","331","瑞士","10","一般贸易","1358554","个","33","千克","2,155,874",
"202403","85414900","其他光敏半导体器件","331","瑞士","15","进料加工贸易","794980","个","9","千克","1,847,893",
"202403","85414900","其他光敏半导体器件","331","瑞士","35","海关特殊监管区域进口设备","1","个","0","千克","851",
"202403","85414900","其他光敏半导体器件","331","瑞士","39","其他","500","个","0","千克","1,551",
"202403","85414900","其他光敏半导体器件","336","立陶宛","15","进料加工贸易","150","个","1","千克","32,400",
"202403","85414900","其他光敏半导体器件","352","捷克","10","一般贸易","465","个","16","千克","10,225",
"202403","85414900","其他光敏半导体器件","352","捷克","33","保税监管场所进出境货物","1","个","0","千克","19",
"202403","85414900","其他光敏半导体器件","352","捷克","34","海关特殊监管区域物流货物","2","个","0","千克","35",
"202403","85414900","其他光敏半导体器件","418","多米尼加
","10","一般贸易","2","个","0","千克","54",
"202403","85414900","其他光敏半导体器件","418","多米尼加
","34","海关特殊监管区域物流货物","175","个","61","千克","3,702",
"202403","85414900","其他光敏半导体器件","429","墨西哥","10","一般贸易","201808","个","887","千克","483,412",
"202403","85414900","其他光敏半导体器件","429","墨西哥","15","进料加工贸易","245050","个","148","千克","58,677",
"202403","85414900","其他光敏半导体器件","429","墨西哥","34","海关特殊监管区域物流货物","152","个","179","千克","20,718",
"202403","85414900","其他光敏半导体器件","501","加拿大","10","一般贸易","116","个","1","千克","19,000",
"202403","85414900","其他光敏半导体器件","501","加拿大","33","保税监管场所进出境货物","8","个","11","千克","9,823",
"202403","85414900","其他光敏半导体器件","501","加拿大","34","海关特殊监管区域物流货物","2","个","0","千克","1,000",
"202403","85414900","其他光敏半导体器件","502","美国","10","一般贸易","23856","个","59","千克","784,733",
"202403","85414900","其他光敏半导体器件","502","美国","14","来料加工贸易","7668050","个","40","千克","315,543",
"202403","85414900","其他光敏半导体器件","502","美国","15","进料加工贸易","832180","个","29","千克","1,342,978",
"202403","85414900","其他光敏半导体器件","502","美国","33","保税监管场所进出境货物","28","个","4","千克","3,578",
"202403","85414900","其他光敏半导体器件","502","美国","34","海关特殊监管区域物流货物","20","个","3","千克","2,990",
"202403","85414900","其他光敏半导体器件","502","美国","35","海关特殊监管区域进口设备","16","个","0","千克","7,539",
"202403","85414900","其他光敏半导体器件","502","美国","39","其他","49","个","0","千克","3,021",
"202403","85414900","其他光敏半导体器件","601","澳大利亚","10","一般贸易","5000","个","4","千克","500",
"202404","85177950","光通信设备的激光收发模块","110","中国香港","10","一般贸易","0","千克","0","?","890",
"202404","85177950","光通信设备的激光收发模块","111","印度","10","一般贸易","0","千克","0","?","1,393",
"202404","85177950","光通信设备的激光收发模块","111","印度","33","保税监管场所进出境货物","1","千克","0","?","510",
"202404","85177950","光通信设备的激光收发模块","112","印度尼西亚","10","一般贸易","23","千克","0","?","27,401",
"202404","85177950","光通信设备的激光收发模块","115","以色列","39","其他","4","千克","0","?","1,268",
"202404","85177950","光通信设备的激光收发模块","116","日本","10","一般贸易","523","千克","0","?","1,163,395",
"202404","85177950","光通信设备的激光收发模块","116","日本","15","进料加工贸易","10","千克","0","?","3,691",
"202404","85177950","光通信设备的激光收发模块","116","日本","34","海关特殊监管区域物流货物","0","千克","0","?","73,769",
"202404","85177950","光通信设备的激光收发模块","120","黎巴嫩","10","一般贸易","133","千克","0","?","169,284",
"202404","85177950","光通信设备的激光收发模块","122","马来西亚","10","一般贸易","4678","千克","0","?","8,986,349",
"202404","85177950","光通信设备的激光收发模块","122","马来西亚","15","进料加工贸易","38","千克","0","?","64,747",
"202404","85177950","光通信设备的激光收发模块","122","马来西亚","33","保税监管场所进出境货物","342","千克","0","?","1,835,733",
"202404","85177950","光通信设备的激光收发模块","122","马来西亚","34","海关特殊监管区域物流货物","806","千克","0","?","7,416,004",
"202404","85177950","光通信设备的激光收发模块","122","马来西亚","39","其他","7","千克","0","?","22,981",
"202404","85177950","光通信设备的激光收发模块","129","菲律宾","10","一般贸易","1859","千克","0","?","3,045,898",
"202404","85177950","光通信设备的激光收发模块","129","菲律宾","15","进料加工贸易","839","千克","0","?","224,907",
"202404","85177950","光通信设备的激光收发模块","129","菲律宾","33","保税监管场所进出境货物","0","千克","0","?","796",
"202404","85177950","光通信设备的激光收发模块","129","菲律宾","34","海关特殊监管区域物流货物","235","千克","0","?","572,704",
"202404","85177950","光通信设备的激光收发模块","132","新加坡","10","一般贸易","179","千克","0","?","55,886",
"202404","85177950","光通信设备的激光收发模块","132","新加坡","15","进料加工贸易","2","千克","0","?","2,910",
"202404","85177950","光通信设备的激光收发模块","132","新加坡","33","保税监管场所进出境货物","98","千克","0","?","3,144",
"202404","85177950","光通信设备的激光收发模块","133","韩国","10","一般贸易","58","千克","0","?","25,315",
"202404","85177950","光通信设备的激光收发模块","133","韩国","34","海关特殊监管区域物流货物","64","千克","0","?","74,416",
"202404","85177950","光通信设备的激光收发模块","136","泰国","10","一般贸易","6360","千克","0","?","27,764,141",
"202404","85177950","光通信设备的激光收发模块","136","泰国","15","进料加工贸易","71","千克","0","?","40,767",
"202404","85177950","光通信设备的激光收发模块","136","泰国","33","保税监管场所进出境货物","653","千克","0","?","8,503,759",
"202404","85177950","光通信设备的激光收发模块","136","泰国","34","海关特殊监管区域物流货物","441","千克","0","?","4,934,166",
"202404","85177950","光通信设备的激光收发模块","136","泰国","39","其他","2","千克","0","?","24,352",
"202404","85177950","光通信设备的激光收发模块","141","越南","15","进料加工贸易","0","千克","0","?","344",
"202404","85177950","光通信设备的激光收发模块","142","中国","10","一般贸易","4608","千克","0","?","23,170,311",
"202404","85177950","光通信设备的激光收发模块","142","中国","14","来料加工贸易","25","千克","0","?","52,255",
"202404","85177950","光通信设备的激光收发模块","142","中国","15","进料加工贸易","615","千克","0","?","1,068,575",
"202404","85177950","光通信设备的激光收发模块","142","中国","33","保税监管场所进出境货物","277","千克","0","?","2,901,190",
"202404","85177950","光通信设备的激光收发模块","142","中国","34","海关特殊监管区域物流货物","683","千克","0","?","878,541",
"202404","85177950","光通信设备的激光收发模块","142","中国","35","海关特殊监管区域进口设备","5","千克","0","?","22,257",
"202404","85177950","光通信设备的激光收发模块","142","中国","39","其他","160","千克","0","?","107,259",
"202404","85177950","光通信设备的激光收发模块","143","中国台湾","10","一般贸易","1338","千克","0","?","1,036,029",
"202404","85177950","光通信设备的激光收发模块","143","中国台湾","14","来料加工贸易","0","千克","0","?","55",
"202404","85177950","光通信设备的激光收发模块","143","中国台湾","15","进料加工贸易","198","千克","0","?","318,747",
"202404","85177950","光通信设备的激光收发模块","143","中国台湾","33","保税监管场所进出境货物","0","千克","0","?","684",
"202404","85177950","光通信设备的激光收发模块","143","中国台湾","34","海关特殊监管区域物流货物","370","千克","0","?","246,826",
"202404","85177950","光通信设备的激光收发模块","143","中国台湾","39","其他","2","千克","0","?","7,438",
"202404","85177950","光通信设备的激光收发模块","301","比利时","10","一般贸易","1","千克","0","?","2,684",
"202404","85177950","光通信设备的激光收发模块","302","丹麦","10","一般贸易","1","千克","0","?","913",
"202404","85177950","光通信设备的激光收发模块","303","英国","10","一般贸易","1","千克","0","?","2,396",
"202404","85177950","光通信设备的激光收发模块","303","英国","34","海关特殊监管区域物流货物","0","千克","0","?","216",
"202404","85177950","光通信设备的激光收发模块","304","德国","10","一般贸易","2","千克","0","?","10,452",
"202404","85177950","光通信设备的激光收发模块","304","德国","33","保税监管场所进出境货物","5","千克","0","?","9,183",
"202404","85177950","光通信设备的激光收发模块","304","德国","39","其他","4","千克","0","?","2,831",
"202404","85177950","光通信设备的激光收发模块","305","法国","10","一般贸易","8","千克","0","?","305,768",
"202404","85177950","光通信设备的激光收发模块","305","法国","39","其他","0","千克","0","?","888",
"202404","85177950","光通信设备的激光收发模块","306","爱尔兰","15","进料加工贸易","5","千克","0","?","7,577",
"202404","85177950","光通信设备的激光收发模块","306","爱尔兰","34","海关特殊监管区域物流货物","0","千克","0","?","279",
"202404","85177950","光通信设备的激光收发模块","307","意大利","10","一般贸易","0","千克","0","?","200",
"202404","85177950","光通信设备的激光收发模块","309","荷兰","10","一般贸易","2","千克","0","?","860",
"202404","85177950","光通信设备的激光收发模块","312","西班牙","10","一般贸易","2","千克","0","?","43",
"202404","85177950","光通信设备的激光收发模块","315","奥地利","10","一般贸易","0","千克","0","?","1,877",
"202404","85177950","光通信设备的激光收发模块","318","芬兰","10","一般贸易","5","千克","0","?","3,406",
"202404","85177950","光通信设备的激光收发模块","321","匈牙利","39","其他","1","千克","0","?","520",
"202404","85177950","光通信设备的激光收发模块","327","波兰","10","一般贸易","1","千克","0","?","36,120",
"202404","85177950","光通信设备的激光收发模块","330","瑞典","10","一般贸易","9","千克","0","?","216,007",
"202404","85177950","光通信设备的激光收发模块","330","瑞典","39","其他","3","千克","0","?","1,695",
"202404","85177950","光通信设备的激光收发模块","331","瑞士","10","一般贸易","7","千克","0","?","44,554",
"202404","85177950","光通信设备的激光收发模块","331","瑞士","39","其他","1","千克","0","?","866",
"202404","85177950","光通信设备的激光收发模块","344","俄罗斯","10","一般贸易","0","千克","0","?","2,000",
"202404","85177950","光通信设备的激光收发模块","352","捷克","33","保税监管场所进出境货物","5","千克","0","?","140,066",
"202404","85177950","光通信设备的激光收发模块","353","斯洛伐克","10","一般贸易","2","千克","0","?","5,702",
"202404","85177950","光通信设备的激光收发模块","402","阿根廷","10","一般贸易","8","千克","0","?","2,494",
"202404","85177950","光通信设备的激光收发模块","429","墨西哥","10","一般贸易","36","千克","0","?","49,731",
"202404","85177950","光通信设备的激光收发模块","501","加拿大","10","一般贸易","5","千克","0","?","170,244",
"202404","85177950","光通信设备的激光收发模块","502","美国","10","一般贸易","73","千克","0","?","241,528",
"202404","85177950","光通信设备的激光收发模块","502","美国","15","进料加工贸易","6","千克","0","?","16,799",
"202404","85177950","光通信设备的激光收发模块","502","美国","33","保税监管场所进出境货物","0","千克","0","?","1,160",
"202404","85177950","光通信设备的激光收发模块","502","美国","34","海关特殊监管区域物流货物","6","千克","0","?","20,480",
"202404","85177950","光通信设备的激光收发模块","502","美国","39","其他","0","千克","0","?","91",
"202404","85177950","光通信设备的激光收发模块","601","澳大利亚","10","一般贸易","80","千克","0","?","399,436",
"202404","85177990","品目85.17所列设备用其他零件","106","缅甸","10","一般贸易","228","千克","0","?","14,024",
"202404","85177990","品目85.17所列设备用其他零件","107","柬埔寨","10","一般贸易","88","千克","0","?","196,610",
"202404","85177990","品目85.17所列设备用其他零件","108","塞浦路斯","33","保税监管场所进出境货物","148","千克","0","?","11,684",
"202404","85177990","品目85.17所列设备用其他零件","110","中国香港","10","一般贸易","326","千克","0","?","10,902",
"202404","85177990","品目85.17所列设备用其他零件","110","中国香港","33","保税监管场所进出境货物","175","千克","0","?","22,442",
"202404","85177990","品目85.17所列设备用其他零件","110","中国香港","34","海关特殊监管区域物流货物","29","千克","0","?","6,000",
"202404","85177990","品目85.17所列设备用其他零件","110","中国香港","39","其他","0","千克","0","?","3,894",
"202404","85177990","品目85.17所列设备用其他零件","111","印度","10","一般贸易","6843","千克","0","?","319,683",
"202404","85177990","品目85.17所列设备用其他零件","111","印度","15","进料加工贸易","649","千克","0","?","289,864",
"202404","85177990","品目85.17所列设备用其他零件","111","印度","34","海关特殊监管区域物流货物","34134","千克","0","?","2,804,576",
"202404","85177990","品目85.17所列设备用其他零件","111","印度","39","其他","422","千克","0","?","124,884",
"202404","85177990","品目85.17所列设备用其他零件","112","印度尼西亚","10","一般贸易","106","千克","0","?","26,186",
"202404","85177990","品目85.17所列设备用其他零件","112","印度尼西亚","15","进料加工贸易","415","千克","0","?","22,702",
"202404","85177990","品目85.17所列设备用其他零件","112","印度尼西亚","33","保税监管场所进出境货物","0","千克","0","?","439",
"202404","85177990","品目85.17所列设备用其他零件","112","印度尼西亚","34","海关特殊监管区域物流货物","2","千克","0","?","721",
"202404","85177990","品目85.17所列设备用其他零件","115","以色列","10","一般贸易","562","千克","0","?","924,934",
"202404","85177990","品目85.17所列设备用其他零件","115","以色列","15","进料加工贸易","147","千克","0","?","50,208",
"202404","85177990","品目85.17所列设备用其他零件","115","以色列","34","海关特殊监管区域物流货物","1","千克","0","?","3,741",
"202404","85177990","品目85.17所列设备用其他零件","115","以色列","39","其他","4","千克","0","?","3,497",
"202404","85177990","品目85.17所列设备用其他零件","116","日本","10","一般贸易","3878","千克","0","?","8,033,773",
"202404","85177990","品目85.17所列设备用其他零件","116","日本","14","来料加工贸易","14","千克","0","?","4,498",
"202404","85177990","品目85.17所列设备用其他零件","116","日本","15","进料加工贸易","1380","千克","0","?","3,216,408",
"202404","85177990","品目85.17所列设备用其他零件","116","日本","33","保税监管场所进出境货物","2608","千克","0","?","523,219",
"202404","85177990","品目85.17所列设备用其他零件","116","日本","34","海关特殊监管区域物流货物","476","千克","0","?","1,440,494",
"202404","85177990","品目85.17所列设备用其他零件","116","日本","35","海关特殊监管区域进口设备","0","千克","0","?","29",
"202404","85177990","品目85.17所列设备用其他零件","116","日本","39","其他","45","千克","0","?","34,086",
"202404","85177990","品目85.17所列设备用其他零件","122","马来西亚","10","一般贸易","1540","千克","0","?","5,984,696",
"202404","85177990","品目85.17所列设备用其他零件","122","马来西亚","14","来料加工贸易","36","千克","0","?","4,645",
"202404","85177990","品目85.17所列设备用其他零件","122","马来西亚","15","进料加工贸易","4663","千克","0","?","45,884,049",
"202404","85177990","品目85.17所列设备用其他零件","122","马来西亚","33","保税监管场所进出境货物","7260","千克","0","?","332,218",
"202404","85177990","品目85.17所列设备用其他零件","122","马来西亚","34","海关特殊监管区域物流货物","127","千克","0","?","330,020",
"202404","85177990","品目85.17所列设备用其他零件","122","马来西亚","35","海关特殊监管区域进口设备","3","千克","0","?","2,873",
"202404","85177990","品目85.17所列设备用其他零件","122","马来西亚","39","其他","211","千克","0","?","100,134",
"202404","85177990","品目85.17所列设备用其他零件","129","菲律宾","10","一般贸易","1090","千克","0","?","1,686,614",
"202404","85177990","品目85.17所列设备用其他零件","129","菲律宾","15","进料加工贸易","862","千克","0","?","100,562",
"202404","85177990","品目85.17所列设备用其他零件","129","菲律宾","33","保税监管场所进出境货物","82","千克","0","?","10,769",
"202404","85177990","品目85.17所列设备用其他零件","129","菲律宾","34","海关特殊监管区域物流货物","410","千克","0","?","331,510",
"202404","85177990","品目85.17所列设备用其他零件","129","菲律宾","39","其他","2","千克","0","?","1,953",
"202404","85177990","品目85.17所列设备用其他零件","132","新加坡","10","一般贸易","1727","千克","0","?","1,017,266",
"202404","85177990","品目85.17所列设备用其他零件","132","新加坡","15","进料加工贸易","95","千克","0","?","137,751",
"202404","85177990","品目85.17所列设备用其他零件","132","新加坡","33","保税监管场所进出境货物","1346","千克","0","?","168,022",
"202404","85177990","品目85.17所列设备用其他零件","132","新加坡","34","海关特殊监管区域物流货物","1427","千克","0","?","2,046,552",
"202404","85177990","品目85.17所列设备用其他零件","132","新加坡","39","其他","15","千克","0","?","9,089",
"202404","85177990","品目85.17所列设备用其他零件","133","韩国","10","一般贸易","9381","千克","0","?","1,334,918",
"202404","85177990","品目85.17所列设备用其他零件","133","韩国","14","来料加工贸易","113","千克","0","?","12,583",
"202404","85177990","品目85.17所列设备用其他零件","133","韩国","15","进料加工贸易","1395","千克","0","?","3,988,008",
"202404","85177990","品目85.17所列设备用其他零件","133","韩国","33","保税监管场所进出境货物","395","千克","0","?","72,021",
"202404","85177990","品目85.17所列设备用其他零件","133","韩国","34","海关特殊监管区域物流货物","289","千克","0","?","73,216",
"202404","85177990","品目85.17所列设备用其他零件","133","韩国","39","其他","765","千克","0","?","112,658",
"202404","85177990","品目85.17所列设备用其他零件","136","泰国","10","一般贸易","2821","千克","0","?","18,145,890",
"202404","85177990","品目85.17所列设备用其他零件","136","泰国","14","来料加工贸易","5","千克","0","?","6,698",
"202404","85177990","品目85.17所列设备用其他零件","136","泰国","15","进料加工贸易","687","千克","0","?","2,420,932",
"202404","85177990","品目85.17所列设备用其他零件","136","泰国","33","保税监管场所进出境货物","60","千克","0","?","18,596",
"202404","85177990","品目85.17所列设备用其他零件","136","泰国","34","海关特殊监管区域物流货物","711","千克","0","?","3,282,323",
"202404","85177990","品目85.17所列设备用其他零件","136","泰国","39","其他","98","千克","0","?","93,913",
"202404","85177990","品目85.17所列设备用其他零件","137","土耳其","10","一般贸易","33","千克","0","?","8,608",
"202404","85177990","品目85.17所列设备用其他零件","141","越南","10","一般贸易","24986","千克","0","?","3,133,555",
"202404","85177990","品目85.17所列设备用其他零件","141","越南","14","来料加工贸易","2","千克","0","?","172",
"202404","85177990","品目85.17所列设备用其他零件","141","越南","15","进料加工贸易","1935","千克","0","?","11,229,267",
"202404","85177990","品目85.17所列设备用其他零件","141","越南","27","出料加工贸易","78","千克","0","?","9,026",
"202404","85177990","品目85.17所列设备用其他零件","141","越南","33","保税监管场所进出境货物","79","千克","0","?","99,075",
"202404","85177990","品目85.17所列设备用其他零件","141","越南","34","海关特殊监管区域物流货物","119824","千克","0","?","19,623,379",
"202404","85177990","品目85.17所列设备用其他零件","141","越南","39","其他","297","千克","0","?","184,503",
"202404","85177990","品目85.17所列设备用其他零件","142","中国","10","一般贸易","116406","千克","0","?","44,187,881",
"202404","85177990","品目85.17所列设备用其他零件","142","中国","14","来料加工贸易","9656","千克","0","?","611,623",
"202404","85177990","品目85.17所列设备用其他零件","142","中国","15","进料加工贸易","217419","千克","0","?","22,104,074",
"202404","85177990","品目85.17所列设备用其他零件","142","中国","33","保税监管场所进出境货物","42595","千克","0","?","3,495,213",
"202404","85177990","品目85.17所列设备用其他零件","142","中国","34","海关特殊监管区域物流货物","21322","千克","0","?","4,228,965",
"202404","85177990","品目85.17所列设备用其他零件","142","中国","39","其他","639","千克","0","?","229,187",
"202404","85177990","品目85.17所列设备用其他零件","143","中国台湾","10","一般贸易","13423","千克","0","?","3,453,211",
"202404","85177990","品目85.17所列设备用其他零件","143","中国台湾","14","来料加工贸易","40","千克","0","?","27,984",
"202404","85177990","品目85.17所列设备用其他零件","143","中国台湾","15","进料加工贸易","65475","千克","0","?","21,974,598",
"202404","85177990","品目85.17所列设备用其他零件","143","中国台湾","33","保税监管场所进出境货物","80","千克","0","?","103,492",
"202404","85177990","品目85.17所列设备用其他零件","143","中国台湾","34","海关特殊监管区域物流货物","13617","千克","0","?","727,431",
"202404","85177990","品目85.17所列设备用其他零件","143","中国台湾","35","海关特殊监管区域进口设备","1","千克","0","?","916",
"202404","85177990","品目85.17所列设备用其他零件","143","中国台湾","39","其他","83","千克","0","?","37,832",
"202404","85177990","品目85.17所列设备用其他零件","215","埃及","33","保税监管场所进出境货物","30","千克","0","?","374",
"202404","85177990","品目85.17所列设备用其他零件","232","摩洛哥","10","一般贸易","4","千克","0","?","29,591",
"202404","85177990","品目85.17所列设备用其他零件","232","摩洛哥","34","海关特殊监管区域物流货物","85","千克","0","?","864,769",
"202404","85177990","品目85.17所列设备用其他零件","244","南非","10","一般贸易","2","千克","0","?","570",
"202404","85177990","品目85.17所列设备用其他零件","249","突尼斯","10","一般贸易","49","千克","0","?","7,586",
"202404","85177990","品目85.17所列设备用其他零件","301","比利时","10","一般贸易","23","千克","0","?","17,864",
"202404","85177990","品目85.17所列设备用其他零件","301","比利时","39","其他","2","千克","0","?","3,570",
"202404","85177990","品目85.17所列设备用其他零件","302","丹麦","10","一般贸易","1367","千克","0","?","151,855",
"202404","85177990","品目85.17所列设备用其他零件","302","丹麦","15","进料加工贸易","1","千克","0","?","7,578",
"202404","85177990","品目85.17所列设备用其他零件","302","丹麦","33","保税监管场所进出境货物","28","千克","0","?","49,164",
"202404","85177990","品目85.17所列设备用其他零件","302","丹麦","34","海关特殊监管区域物流货物","155","千克","0","?","8,218",
"202404","85177990","品目85.17所列设备用其他零件","303","英国","10","一般贸易","1228","千克","0","?","1,465,355",
"202404","85177990","品目85.17所列设备用其他零件","303","英国","15","进料加工贸易","1848","千克","0","?","93,282",
"202404","85177990","品目85.17所列设备用其他零件","303","英国","33","保税监管场所进出境货物","17","千克","0","?","4,132",
"202404","85177990","品目85.17所列设备用其他零件","303","英国","34","海关特殊监管区域物流货物","16","千克","0","?","17,294",
"202404","85177990","品目85.17所列设备用其他零件","303","英国","39","其他","13","千克","0","?","11,253",
"202404","85177990","品目85.17所列设备用其他零件","304","德国","10","一般贸易","3375","千克","0","?","2,064,072",
"202404","85177990","品目85.17所列设备用其他零件","304","德国","14","来料加工贸易","5","千克","0","?","8,876",
"202404","85177990","品目85.17所列设备用其他零件","304","德国","15","进料加工贸易","92","千克","0","?","120,995",
"202404","85177990","品目85.17所列设备用其他零件","304","德国","33","保税监管场所进出境货物","433","千克","0","?","88,058",
"202404","85177990","品目85.17所列设备用其他零件","304","德国","34","海关特殊监管区域物流货物","139","千克","0","?","205,400",
"202404","85177990","品目85.17所列设备用其他零件","304","德国","39","其他","35","千克","0","?","45,753",
"202404","85177990","品目85.17所列设备用其他零件","305","法国","10","一般贸易","115","千克","0","?","302,012",
"202404","85177990","品目85.17所列设备用其他零件","305","法国","15","进料加工贸易","191","千克","0","?","1,164,920",
"202404","85177990","品目85.17所列设备用其他零件","305","法国","33","保税监管场所进出境货物","2","千克","0","?","1,069",
"202404","85177990","品目85.17所列设备用其他零件","305","法国","34","海关特殊监管区域物流货物","14","千克","0","?","83,930",
"202404","85177990","品目85.17所列设备用其他零件","306","爱尔兰","34","海关特殊监管区域物流货物","1","千克","0","?","913",
"202404","85177990","品目85.17所列设备用其他零件","307","意大利","10","一般贸易","1198","千克","0","?","865,178",
"202404","85177990","品目85.17所列设备用其他零件","307","意大利","15","进料加工贸易","295","千克","0","?","1,180",
"202404","85177990","品目85.17所列设备用其他零件","307","意大利","33","保税监管场所进出境货物","36","千克","0","?","1,398",
"202404","85177990","品目85.17所列设备用其他零件","307","意大利","34","海关特殊监管区域物流货物","45","千克","0","?","24,071",
"202404","85177990","品目85.17所列设备用其他零件","307","意大利","39","其他","2","千克","0","?","534",
"202404","85177990","品目85.17所列设备用其他零件","308","卢森堡","10","一般贸易","0","千克","0","?","50",
"202404","85177990","品目85.17所列设备用其他零件","309","荷兰","10","一般贸易","55","千克","0","?","76,780",
"202404","85177990","品目85.17所列设备用其他零件","309","荷兰","33","保税监管场所进出境货物","814","千克","0","?","214,240",
"202404","85177990","品目85.17所列设备用其他零件","309","荷兰","34","海关特殊监管区域物流货物","169","千克","0","?","76,004",
"202404","85177990","品目85.17所列设备用其他零件","310","希腊","10","一般贸易","10","千克","0","?","6,247",
"202404","85177990","品目85.17所列设备用其他零件","310","希腊","33","保税监管场所进出境货物","940","千克","0","?","41,858",
"202404","85177990","品目85.17所列设备用其他零件","310","希腊","34","海关特殊监管区域物流货物","660","千克","0","?","20,920",
"202404","85177990","品目85.17所列设备用其他零件","311","葡萄牙","10","一般贸易","8","千克","0","?","2,392",
"202404","85177990","品目85.17所列设备用其他零件","311","葡萄牙","33","保税监管场所进出境货物","18","千克","0","?","4,278",
"202404","85177990","品目85.17所列设备用其他零件","311","葡萄牙","34","海关特殊监管区域物流货物","81","千克","0","?","18,867",
"202404","85177990","品目85.17所列设备用其他零件","312","西班牙","10","一般贸易","28","千克","0","?","30,153",
"202404","85177990","品目85.17所列设备用其他零件","312","西班牙","15","进料加工贸易","3","千克","0","?","379",
"202404","85177990","品目85.17所列设备用其他零件","314","安道尔","15","进料加工贸易","1","千克","0","?","80",
"202404","85177990","品目85.17所列设备用其他零件","315","奥地利","10","一般贸易","277","千克","0","?","532,756",
"202404","85177990","品目85.17所列设备用其他零件","315","奥地利","14","来料加工贸易","1","千克","0","?","639",
"202404","85177990","品目85.17所列设备用其他零件","315","奥地利","15","进料加工贸易","153","千克","0","?","603,425",
"202404","85177990","品目85.17所列设备用其他零件","315","奥地利","34","海关特殊监管区域物流货物","4","千克","0","?","5,022",
"202404","85177990","品目85.17所列设备用其他零件","315","奥地利","39","其他","8","千克","0","?","2,388",
"202404","85177990","品目85.17所列设备用其他零件","316","保加利亚","15","进料加工贸易","14","千克","0","?","5,453",
"202404","85177990","品目85.17所列设备用其他零件","318","芬兰","10","一般贸易","992","千克","0","?","264,786",
"202404","85177990","品目85.17所列设备用其他零件","318","芬兰","15","进料加工贸易","5","千克","0","?","2,091",
"202404","85177990","品目85.17所列设备用其他零件","318","芬兰","34","海关特殊监管区域物流货物","2727","千克","0","?","1,103,942",
"202404","85177990","品目85.17所列设备用其他零件","318","芬兰","39","其他","8","千克","0","?","4,052",
"202404","85177990","品目85.17所列设备用其他零件","321","匈牙利","10","一般贸易","2558","千克","0","?","236,390",
"202404","85177990","品目85.17所列设备用其他零件","321","匈牙利","15","进料加工贸易","102","千克","0","?","144,763",
"202404","85177990","品目85.17所列设备用其他零件","321","匈牙利","34","海关特殊监管区域物流货物","448","千克","0","?","62,659",
"202404","85177990","品目85.17所列设备用其他零件","324","马耳他","33","保税监管场所进出境货物","15","千克","0","?","5,756",
"202404","85177990","品目85.17所列设备用其他零件","326","挪威","10","一般贸易","11","千克","0","?","3,756",
"202404","85177990","品目85.17所列设备用其他零件","326","挪威","33","保税监管场所进出境货物","63","千克","0","?","13,156",
"202404","85177990","品目85.17所列设备用其他零件","326","挪威","34","海关特殊监管区域物流货物","2","千克","0","?","2,502",
"202404","85177990","品目85.17所列设备用其他零件","326","挪威","39","其他","4","千克","0","?","10,027",
"202404","85177990","品目85.17所列设备用其他零件","327","波兰","10","一般贸易","1336","千克","0","?","90,210",
"202404","85177990","品目85.17所列设备用其他零件","327","波兰","34","海关特殊监管区域物流货物","3489","千克","0","?","210,098",
"202404","85177990","品目85.17所列设备用其他零件","327","波兰","39","其他","3","千克","0","?","3,581",
"202404","85177990","品目85.17所列设备用其他零件","328","罗马尼亚","10","一般贸易","3912","千克","0","?","2,010,284",
"202404","85177990","品目85.17所列设备用其他零件","328","罗马尼亚","14","来料加工贸易","32","千克","0","?","76,003",
"202404","85177990","品目85.17所列设备用其他零件","328","罗马尼亚","15","进料加工贸易","8","千克","0","?","23,673",
"202404","85177990","品目85.17所列设备用其他零件","328","罗马尼亚","34","海关特殊监管区域物流货物","42","千克","0","?","12,812",
"202404","85177990","品目85.17所列设备用其他零件","328","罗马尼亚","39","其他","7","千克","0","?","2,509",
"202404","85177990","品目85.17所列设备用其他零件","330","瑞典","10","一般贸易","783","千克","0","?","799,907",
"202404","85177990","品目85.17所列设备用其他零件","330","瑞典","15","进料加工贸易","11","千克","0","?","6,928",
"202404","85177990","品目85.17所列设备用其他零件","330","瑞典","33","保税监管场所进出境货物","5","千克","0","?","5,476",
"202404","85177990","品目85.17所列设备用其他零件","330","瑞典","34","海关特殊监管区域物流货物","2","千克","0","?","739",
"202404","85177990","品目85.17所列设备用其他零件","330","瑞典","39","其他","26","千克","0","?","9,450",
"202404","85177990","品目85.17所列设备用其他零件","331","瑞士","10","一般贸易","280","千克","0","?","1,070,429",
"202404","85177990","品目85.17所列设备用其他零件","331","瑞士","15","进料加工贸易","65","千克","0","?","18,620",
"202404","85177990","品目85.17所列设备用其他零件","331","瑞士","33","保税监管场所进出境货物","3","千克","0","?","4,652",
"202404","85177990","品目85.17所列设备用其他零件","331","瑞士","34","海关特殊监管区域物流货物","3","千克","0","?","20,372",
"202404","85177990","品目85.17所列设备用其他零件","331","瑞士","39","其他","1","千克","0","?","5,147",
"202404","85177990","品目85.17所列设备用其他零件","334","爱沙尼亚","10","一般贸易","2667","千克","0","?","569,373",
"202404","85177990","品目85.17所列设备用其他零件","334","爱沙尼亚","34","海关特殊监管区域物流货物","86","千克","0","?","14,447",
"202404","85177990","品目85.17所列设备用其他零件","334","爱沙尼亚","39","其他","5","千克","0","?","8,099",
"202404","85177990","品目85.17所列设备用其他零件","335","拉脱维亚","10","一般贸易","717","千克","0","?","283,522",
"202404","85177990","品目85.17所列设备用其他零件","336","立陶宛","10","一般贸易","53","千克","0","?","167,520",
"202404","85177990","品目85.17所列设备用其他零件","347","乌克兰","10","一般贸易","423","千克","0","?","56,875",
"202404","85177990","品目85.17所列设备用其他零件","350","斯洛文尼亚","33","保税监管场所进出境货物","4","千克","0","?","3,019",
"202404","85177990","品目85.17所列设备用其他零件","352","捷克","10","一般贸易","1673","千克","0","?","209,618",
"202404","85177990","品目85.17所列设备用其他零件","352","捷克","15","进料加工贸易","69","千克","0","?","3,787",
"202404","85177990","品目85.17所列设备用其他零件","352","捷克","33","保税监管场所进出境货物","5","千克","0","?","4,186",
"202404","85177990","品目85.17所列设备用其他零件","352","捷克","34","海关特殊监管区域物流货物","8","千克","0","?","52,708",
"202404","85177990","品目85.17所列设备用其他零件","352","捷克","39","其他","1","千克","0","?","862",
"202404","85177990","品目85.17所列设备用其他零件","353","斯洛伐克","10","一般贸易","1","千克","0","?","429",
"202404","85177990","品目85.17所列设备用其他零件","353","斯洛伐克","34","海关特殊监管区域物流货物","0","千克","0","?","5,166",
"202404","85177990","品目85.17所列设备用其他零件","410","巴西","10","一般贸易","2","千克","0","?","296",
"202404","85177990","品目85.17所列设备用其他零件","410","巴西","34","海关特殊监管区域物流货物","428","千克","0","?","22,284",
"202404","85177990","品目85.17所列设备用其他零件","415","哥斯达黎加","10","一般贸易","3","千克","0","?","17,534",
"202404","85177990","品目85.17所列设备用其他零件","415","哥斯达黎加","15","进料加工贸易","1","千克","0","?","20,200",
"202404","85177990","品目85.17所列设备用其他零件","429","墨西哥","10","一般贸易","2816","千克","0","?","941,566",
"202404","85177990","品目85.17所列设备用其他零件","429","墨西哥","15","进料加工贸易","3708","千克","0","?","2,335,871",
"202404","85177990","品目85.17所列设备用其他零件","429","墨西哥","33","保税监管场所进出境货物","52","千克","0","?","68,161",
"202404","85177990","品目85.17所列设备用其他零件","429","墨西哥","34","海关特殊监管区域物流货物","2264","千克","0","?","344,376",
"202404","85177990","品目85.17所列设备用其他零件","429","墨西哥","39","其他","177","千克","0","?","206,651",
"202404","85177990","品目85.17所列设备用其他零件","432","巴拿马","34","海关特殊监管区域物流货物","165","千克","0","?","2,400",
"202404","85177990","品目85.17所列设备用其他零件","440","萨尔瓦多","39","其他","18","千克","0","?","4,162",
"202404","85177990","品目85.17所列设备用其他零件","501","加拿大","10","一般贸易","173","千克","0","?","444,989",
"202404","85177990","品目85.17所列设备用其他零件","501","加拿大","15","进料加工贸易","55","千克","0","?","169,485",
"202404","85177990","品目85.17所列设备用其他零件","501","加拿大","34","海关特殊监管区域物流货物","1","千克","0","?","14,793",
"202404","85177990","品目85.17所列设备用其他零件","501","加拿大","39","其他","50","千克","0","?","6,425",
"202404","85177990","品目85.17所列设备用其他零件","502","美国","10","一般贸易","2495","千克","0","?","1,713,716",
"202404","85177990","品目85.17所列设备用其他零件","502","美国","14","来料加工贸易","94","千克","0","?","142,006",
"202404","85177990","品目85.17所列设备用其他零件","502","美国","15","进料加工贸易","727","千克","0","?","809,295",
"202404","85177990","品目85.17所列设备用其他零件","502","美国","33","保税监管场所进出境货物","178","千克","0","?","112,864",
"202404","85177990","品目85.17所列设备用其他零件","502","美国","34","海关特殊监管区域物流货物","1534","千克","0","?","130,467",
"202404","85177990","品目85.17所列设备用其他零件","502","美国","35","海关特殊监管区域进口设备","2","千克","0","?","1,965",
"202404","85177990","品目85.17所列设备用其他零件","502","美国","39","其他","290","千克","0","?","103,129",
"202404","85177990","品目85.17所列设备用其他零件","601","澳大利亚","10","一般贸易","452","千克","0","?","1,628,509",
"202404","85177990","品目85.17所列设备用其他零件","601","澳大利亚","15","进料加工贸易","29","千克","0","?","47,810",
"202404","85177990","品目85.17所列设备用其他零件","601","澳大利亚","33","保税监管场所进出境货物","332","千克","0","?","1,143,345",
"202404","85177990","品目85.17所列设备用其他零件","601","澳大利亚","34","海关特殊监管区域物流货物","249","千克","0","?","39,618",
"202404","85177990","品目85.17所列设备用其他零件","609","新西兰","10","一般贸易","3","千克","0","?","5,905",
"202404","85414900","其他光敏半导体器件","110","中国香港","10","一般贸易","138","个","1","千克","1,823",
"202404","85414900","其他光敏半导体器件","112","印度尼西亚","10","一般贸易","675043","个","462","千克","584,648",
"202404","85414900","其他光敏半导体器件","112","印度尼西亚","14","来料加工贸易","280000","个","264","千克","25,044",
"202404","85414900","其他光敏半导体器件","112","印度尼西亚","15","进料加工贸易","30000","个","7","千克","30,433",
"202404","85414900","其他光敏半导体器件","112","印度尼西亚","34","海关特殊监管区域物流货物","5","个","0","千克","2",
"202404","85414900","其他光敏半导体器件","115","以色列","10","一般贸易","28","个","0","千克","21,408",
"202404","85414900","其他光敏半导体器件","115","以色列","15","进料加工贸易","100","个","0","千克","344",
"202404","85414900","其他光敏半导体器件","116","日本","10","一般贸易","17053126","个","10333","千克","11,429,376",
"202404","85414900","其他光敏半导体器件","116","日本","14","来料加工贸易","478947","个","105","千克","142,558",
"202404","85414900","其他光敏半导体器件","116","日本","15","进料加工贸易","16630468","个","1307","千克","3,545,247",
"202404","85414900","其他光敏半导体器件","116","日本","33","保税监管场所进出境货物","538507","个","346","千克","1,654,553",
"202404","85414900","其他光敏半导体器件","116","日本","34","海关特殊监管区域物流货物","20137911","个","6572","千克","5,586,965",
"202404","85414900","其他光敏半导体器件","116","日本","35","海关特殊监管区域进口设备","6","个","0","千克","193",
"202404","85414900","其他光敏半导体器件","116","日本","39","其他","64369","个","2","千克","32,215",
"202404","85414900","其他光敏半导体器件","122","马来西亚","10","一般贸易","10606666","个","3167","千克","2,177,971",
"202404","85414900","其他光敏半导体器件","122","马来西亚","14","来料加工贸易","19140","个","1","千克","2,801",
"202404","85414900","其他光敏半导体器件","122","马来西亚","15","进料加工贸易","3568398","个","991","千克","5,830,580",
"202404","85414900","其他光敏半导体器件","122","马来西亚","33","保税监管场所进出境货物","99051","个","15","千克","24,912",
"202404","85414900","其他光敏半导体器件","122","马来西亚","34","海关特殊监管区域物流货物","4432556","个","28458","千克","5,639,688",
"202404","85414900","其他光敏半导体器件","122","马来西亚","35","海关特殊监管区域进口设备","1","个","0","千克","351",
"202404","85414900","其他光敏半导体器件","122","马来西亚","39","其他","1896","个","0","千克","3,379",
"202404","85414900","其他光敏半导体器件","129","菲律宾","10","一般贸易","8430778","个","4246","千克","4,515,927",
"202404","85414900","其他光敏半导体器件","129","菲律宾","14","来料加工贸易","27000","个","6","千克","6,376",
"202404","85414900","其他光敏半导体器件","129","菲律宾","15","进料加工贸易","3088873","个","1150","千克","2,845,368",
"202404","85414900","其他光敏半导体器件","129","菲律宾","33","保税监管场所进出境货物","47490","个","32","千克","33,618",
"202404","85414900","其他光敏半导体器件","129","菲律宾","34","海关特殊监管区域物流货物","1477252","个","508","千克","1,357,307",
"202404","85414900","其他光敏半导体器件","129","菲律宾","35","海关特殊监管区域进口设备","3","个","0","千克","713",
"202404","85414900","其他光敏半导体器件","129","菲律宾","39","其他","620","个","0","千克","257",
"202404","85414900","其他光敏半导体器件","132","新加坡","10","一般贸易","7152","个","6","千克","384,606",
"202404","85414900","其他光敏半导体器件","132","新加坡","15","进料加工贸易","905435","个","5","千克","916,300",
"202404","85414900","其他光敏半导体器件","132","新加坡","33","保税监管场所进出境货物","1","个","0","千克","88",
"202404","85414900","其他光敏半导体器件","132","新加坡","34","海关特殊监管区域物流货物","18944","个","10","千克","8,936",
"202404","85414900","其他光敏半导体器件","132","新加坡","35","海关特殊监管区域进口设备","34","个","0","千克","3,608",
"202404","85414900","其他光敏半导体器件","132","新加坡","39","其他","2","个","0","千克","82",
"202404","85414900","其他光敏半导体器件","133","韩国","10","一般贸易","15932200","个","437","千克","514,360",
"202404","85414900","其他光敏半导体器件","133","韩国","14","来料加工贸易","724458","个","284","千克","572,782",
"202404","85414900","其他光敏半导体器件","133","韩国","15","进料加工贸易","91226319","个","1539","千克","1,700,472",
"202404","85414900","其他光敏半导体器件","133","韩国","34","海关特殊监管区域物流货物","1247320","个","783","千克","197,157",
"202404","85414900","其他光敏半导体器件","133","韩国","35","海关特殊监管区域进口设备","1","个","0","千克","92",
"202404","85414900","其他光敏半导体器件","133","韩国","39","其他","38429","个","60","千克","323",
"202404","85414900","其他光敏半导体器件","136","泰国","10","一般贸易","104055136","个","50643","千克","19,889,967",
"202404","85414900","其他光敏半导体器件","136","泰国","14","来料加工贸易","552300","个","162","千克","60,462",
"202404","85414900","其他光敏半导体器件","136","泰国","15","进料加工贸易","11526465","个","3657","千克","2,798,839",
"202404","85414900","其他光敏半导体器件","136","泰国","33","保税监管场所进出境货物","4470468","个","1238","千克","323,247",
"202404","85414900","其他光敏半导体器件","136","泰国","34","海关特殊监管区域物流货物","40040823","个","8090","千克","7,394,655",
"202404","85414900","其他光敏半导体器件","136","泰国","39","其他","224689","个","53","千克","18,027",
"202404","85414900","其他光敏半导体器件","141","越南","10","一般贸易","11260","个","62","千克","30,218",
"202404","85414900","其他光敏半导体器件","141","越南","33","保税监管场所进出境货物","2","个","0","千克","198",
"202404","85414900","其他光敏半导体器件","142","中国","10","一般贸易","615444260","个","226877","千克","20,136,530",
"202404","85414900","其他光敏半导体器件","142","中国","14","来料加工贸易","6778393","个","1617","千克","477,213",
"202404","85414900","其他光敏半导体器件","142","中国","15","进料加工贸易","77691000","个","18111","千克","3,626,558",
"202404","85414900","其他光敏半导体器件","142","中国","33","保税监管场所进出境货物","9006741","个","2495","千克","394,753",
"202404","85414900","其他光敏半导体器件","142","中国","34","海关特殊监管区域物流货物","82418680","个","30293","千克","3,824,259",
"202404","85414900","其他光敏半导体器件","142","中国","35","海关特殊监管区域进口设备","6","个","0","千克","639",
"202404","85414900","其他光敏半导体器件","142","中国","39","其他","51314","个","34","千克","2,188",
"202404","85414900","其他光敏半导体器件","143","中国台湾","10","一般贸易","93331011","个","13562","千克","10,159,272",
"202404","85414900","其他光敏半导体器件","143","中国台湾","14","来料加工贸易","294406","个","36","千克","124,008",
"202404","85414900","其他光敏半导体器件","143","中国台湾","15","进料加工贸易","24646633","个","5089","千克","3,167,713",
"202404","85414900","其他光敏半导体器件","143","中国台湾","33","保税监管场所进出境货物","169700","个","52","千克","20,534",
"202404","85414900","其他光敏半导体器件","143","中国台湾","34","海关特殊监管区域物流货物","1146647","个","172","千克","1,616,914",
"202404","85414900","其他光敏半导体器件","143","中国台湾","39","其他","14701","个","0","千克","2,534",
"202404","85414900","其他光敏半导体器件","232","摩洛哥","15","进料加工贸易","2500","个","1","千克","125",
"202404","85414900","其他光敏半导体器件","302","丹麦","10","一般贸易","182","个","4","千克","2,239",
"202404","85414900","其他光敏半导体器件","303","英国","10","一般贸易","3218191","个","73","千克","188,473",
"202404","85414900","其他光敏半导体器件","303","英国","15","进料加工贸易","8967","个","0","千克","4,556",
"202404","85414900","其他光敏半导体器件","303","英国","34","海关特殊监管区域物流货物","507","个","1","千克","4,889",
"202404","85414900","其他光敏半导体器件","304","德国","10","一般贸易","124024","个","47","千克","544,174",
"202404","85414900","其他光敏半导体器件","304","德国","15","进料加工贸易","5170","个","6","千克","138,395",
"202404","85414900","其他光敏半导体器件","304","德国","33","保税监管场所进出境货物","9","个","0","千克","822",
"202404","85414900","其他光敏半导体器件","304","德国","34","海关特殊监管区域物流货物","24","个","1","千克","724",
"202404","85414900","其他光敏半导体器件","304","德国","39","其他","129","个","1","千克","3,232",
"202404","85414900","其他光敏半导体器件","305","法国","10","一般贸易","38357","个","36","千克","313,235",
"202404","85414900","其他光敏半导体器件","305","法国","15","进料加工贸易","5071","个","0","千克","34,929",
"202404","85414900","其他光敏半导体器件","305","法国","34","海关特殊监管区域物流货物","3","个","0","千克","311",
"202404","85414900","其他光敏半导体器件","306","爱尔兰","10","一般贸易","134","个","2","千克","42,210",
"202404","85414900","其他光敏半导体器件","307","意大利","10","一般贸易","3815","个","517","千克","61,061",
"202404","85414900","其他光敏半导体器件","307","意大利","34","海关特殊监管区域物流货物","2","个","0","千克","49",
"202404","85414900","其他光敏半导体器件","307","意大利","39","其他","19","个","5","千克","473",
"202404","85414900","其他光敏半导体器件","315","奥地利","33","保税监管场所进出境货物","1","个","1","千克","46",
"202404","85414900","其他光敏半导体器件","321","匈牙利","10","一般贸易","514","个","2","千克","222",
"202404","85414900","其他光敏半导体器件","321","匈牙利","15","进料加工贸易","5260","个","26","千克","16,899",
"202404","85414900","其他光敏半导体器件","321","匈牙利","34","海关特殊监管区域物流货物","1","个","0","千克","18",
"202404","85414900","其他光敏半导体器件","324","马耳他","10","一般贸易","5500","个","4","千克","693",
"202404","85414900","其他光敏半导体器件","326","挪威","15","进料加工贸易","489","个","0","千克","775",
"202404","85414900","其他光敏半导体器件","327","波兰","10","一般贸易","60","个","0","千克","84,172",
"202404","85414900","其他光敏半导体器件","327","波兰","34","海关特殊监管区域物流货物","90","个","3","千克","352",
"202404","85414900","其他光敏半导体器件","328","罗马尼亚","10","一般贸易","3000","个","0","千克","1,638",
"202404","85414900","其他光敏半导体器件","330","瑞典","15","进料加工贸易","557","个","0","千克","33,581",
"202404","85414900","其他光敏半导体器件","331","瑞士","10","一般贸易","1320372","个","11","千克","958,439",
"202404","85414900","其他光敏半导体器件","331","瑞士","15","进料加工贸易","1398130","个","17","千克","2,174,373",
"202404","85414900","其他光敏半导体器件","331","瑞士","33","保税监管场所进出境货物","3","个","0","千克","281",
"202404","85414900","其他光敏半导体器件","331","瑞士","39","其他","1318","个","0","千克","4,097",
"202404","85414900","其他光敏半导体器件","344","俄罗斯","10","一般贸易","578","个","0","千克","10,497",
"202404","85414900","其他光敏半导体器件","350","斯洛文尼亚","10","一般贸易","200","个","0","千克","3,066",
"202404","85414900","其他光敏半导体器件","352","捷克","10","一般贸易","301","个","8","千克","6,208",
"202404","85414900","其他光敏半导体器件","418","多米尼加
","34","海关特殊监管区域物流货物","85","个","16","千克","2,325",
"202404","85414900","其他光敏半导体器件","429","墨西哥","10","一般贸易","210445","个","1048","千克","494,360",
"202404","85414900","其他光敏半导体器件","429","墨西哥","14","来料加工贸易","500","个","0","千克","280",
"202404","85414900","其他光敏半导体器件","429","墨西哥","15","进料加工贸易","16879","个","42","千克","40,143",
"202404","85414900","其他光敏半导体器件","429","墨西哥","33","保税监管场所进出境货物","426","个","0","千克","608",
"202404","85414900","其他光敏半导体器件","429","墨西哥","34","海关特殊监管区域物流货物","2893","个","107","千克","17,848",
"202404","85414900","其他光敏半导体器件","501","加拿大","10","一般贸易","615","个","8","千克","30,369",
"202404","85414900","其他光敏半导体器件","501","加拿大","33","保税监管场所进出境货物","13","个","0","千克","3,982",
"202404","85414900","其他光敏半导体器件","501","加拿大","34","海关特殊监管区域物流货物","6","个","0","千克","1,706",
"202404","85414900","其他光敏半导体器件","501","加拿大","35","海关特殊监管区域进口设备","2","个","0","千克","1,654",
"202404","85414900","其他光敏半导体器件","502","美国","10","一般贸易","65233","个","80","千克","1,042,641",
"202404","85414900","其他光敏半导体器件","502","美国","14","来料加工贸易","8829409","个","44","千克","329,852",
"202404","85414900","其他光敏半导体器件","502","美国","15","进料加工贸易","1196883","个","141","千克","1,163,834",
"202404","85414900","其他光敏半导体器件","502","美国","33","保税监管场所进出境货物","528","个","0","千克","5,487",
"202404","85414900","其他光敏半导体器件","502","美国","34","海关特殊监管区域物流货物","17506","个","2","千克","1,384",
"202404","85414900","其他光敏半导体器件","502","美国","35","海关特殊监管区域进口设备","21","个","1","千克","7,362",
"202404","85414900","其他光敏半导体器件","502","美国","39","其他","80","个","3","千克","36,624",
"202405","85177950","光通信设备的激光收发模块","107","柬埔寨","10","一般贸易","0","千克","0","?","224",
"202405","85177950","光通信设备的激光收发模块","111","印度","10","一般贸易","2","千克","0","?","13,753",
"202405","85177950","光通信设备的激光收发模块","111","印度","33","保税监管场所进出境货物","5","千克","0","?","9,200",
"202405","85177950","光通信设备的激光收发模块","112","印度尼西亚","10","一般贸易","0","千克","0","?","1,098",
"202405","85177950","光通信设备的激光收发模块","112","印度尼西亚","15","进料加工贸易","7","千克","0","?","13,869",
"202405","85177950","光通信设备的激光收发模块","115","以色列","10","一般贸易","1681","千克","0","?","498,568",
"202405","85177950","光通信设备的激光收发模块","116","日本","10","一般贸易","120","千克","0","?","453,166",
"202405","85177950","光通信设备的激光收发模块","116","日本","15","进料加工贸易","9","千克","0","?","4,305",
"202405","85177950","光通信设备的激光收发模块","116","日本","33","保税监管场所进出境货物","1","千克","0","?","6,572",
"202405","85177950","光通信设备的激光收发模块","116","日本","39","其他","0","千克","0","?","3,016",
"202405","85177950","光通信设备的激光收发模块","120","黎巴嫩","10","一般贸易","84","千克","0","?","119,559",
"202405","85177950","光通信设备的激光收发模块","120","黎巴嫩","39","其他","2","千克","0","?","6,300",
"202405","85177950","光通信设备的激光收发模块","122","马来西亚","10","一般贸易","2840","千克","0","?","13,264,836",
"202405","85177950","光通信设备的激光收发模块","122","马来西亚","15","进料加工贸易","125","千克","0","?","126,535",
"202405","85177950","光通信设备的激光收发模块","122","马来西亚","33","保税监管场所进出境货物","901","千克","0","?","9,067,093",
"202405","85177950","光通信设备的激光收发模块","122","马来西亚","34","海关特殊监管区域物流货物","1875","千克","0","?","1,270,720",
"202405","85177950","光通信设备的激光收发模块","122","马来西亚","35","海关特殊监管区域进口设备","0","千克","0","?","4,884",
"202405","85177950","光通信设备的激光收发模块","122","马来西亚","39","其他","8","千克","0","?","15,953",
"202405","85177950","光通信设备的激光收发模块","129","菲律宾","10","一般贸易","1063","千克","0","?","1,843,140",
"202405","85177950","光通信设备的激光收发模块","129","菲律宾","15","进料加工贸易","275","千克","0","?","104,574",
"202405","85177950","光通信设备的激光收发模块","129","菲律宾","33","保税监管场所进出境货物","0","千克","0","?","5,251",
"202405","85177950","光通信设备的激光收发模块","129","菲律宾","34","海关特殊监管区域物流货物","263","千克","0","?","613,813",
"202405","85177950","光通信设备的激光收发模块","129","菲律宾","35","海关特殊监管区域进口设备","0","千克","0","?","311",
"202405","85177950","光通信设备的激光收发模块","132","新加坡","15","进料加工贸易","1","千克","0","?","1,602",
"202405","85177950","光通信设备的激光收发模块","133","韩国","10","一般贸易","1","千克","0","?","6,073",
"202405","85177950","光通信设备的激光收发模块","133","韩国","34","海关特殊监管区域物流货物","34","千克","0","?","40,204",
"202405","85177950","光通信设备的激光收发模块","133","韩国","39","其他","1","千克","0","?","1,658",
"202405","85177950","光通信设备的激光收发模块","136","泰国","10","一般贸易","6177","千克","0","?","35,158,999",
"202405","85177950","光通信设备的激光收发模块","136","泰国","15","进料加工贸易","183","千克","0","?","139,313",
"202405","85177950","光通信设备的激光收发模块","136","泰国","33","保税监管场所进出境货物","197","千克","0","?","1,970,170",
"202405","85177950","光通信设备的激光收发模块","136","泰国","34","海关特殊监管区域物流货物","272","千克","0","?","2,204,178",
"202405","85177950","光通信设备的激光收发模块","136","泰国","39","其他","24","千克","0","?","52,589",
"202405","85177950","光通信设备的激光收发模块","141","越南","14","来料加工贸易","9","千克","0","?","9,114",
"202405","85177950","光通信设备的激光收发模块","142","中国","10","一般贸易","2913","千克","0","?","13,582,284",
"202405","85177950","光通信设备的激光收发模块","142","中国","14","来料加工贸易","2","千克","0","?","4,902",
"202405","85177950","光通信设备的激光收发模块","142","中国","15","进料加工贸易","699","千克","0","?","1,040,803",
"202405","85177950","光通信设备的激光收发模块","142","中国","33","保税监管场所进出境货物","317","千克","0","?","1,405,019",
"202405","85177950","光通信设备的激光收发模块","142","中国","34","海关特殊监管区域物流货物","435","千克","0","?","489,675",
"202405","85177950","光通信设备的激光收发模块","142","中国","35","海关特殊监管区域进口设备","0","千克","0","?","6,170",
"202405","85177950","光通信设备的激光收发模块","142","中国","39","其他","122","千克","0","?","56,732",
"202405","85177950","光通信设备的激光收发模块","143","中国台湾","10","一般贸易","460","千克","0","?","487,291",
"202405","85177950","光通信设备的激光收发模块","143","中国台湾","14","来料加工贸易","0","千克","0","?","54",
"202405","85177950","光通信设备的激光收发模块","143","中国台湾","15","进料加工贸易","246","千克","0","?","804,221",
"202405","85177950","光通信设备的激光收发模块","143","中国台湾","33","保税监管场所进出境货物","1","千克","0","?","39,852",
"202405","85177950","光通信设备的激光收发模块","143","中国台湾","34","海关特殊监管区域物流货物","225","千克","0","?","93,609",
"202405","85177950","光通信设备的激光收发模块","143","中国台湾","39","其他","5","千克","0","?","10,191",
"202405","85177950","光通信设备的激光收发模块","144","东帝汶","39","其他","0","千克","0","?","5,280",
"202405","85177950","光通信设备的激光收发模块","303","英国","10","一般贸易","1","千克","0","?","6,480",
"202405","85177950","光通信设备的激光收发模块","303","英国","34","海关特殊监管区域物流货物","1","千克","0","?","937",
"202405","85177950","光通信设备的激光收发模块","304","德国","10","一般贸易","38","千克","0","?","14,964",
"202405","85177950","光通信设备的激光收发模块","304","德国","14","来料加工贸易","54","千克","0","?","23,654",
"202405","85177950","光通信设备的激光收发模块","305","法国","10","一般贸易","0","千克","0","?","1,478",
"202405","85177950","光通信设备的激光收发模块","306","爱尔兰","10","一般贸易","0","千克","0","?","507",
"202405","85177950","光通信设备的激光收发模块","315","奥地利","10","一般贸易","0","千克","0","?","637",
"202405","85177950","光通信设备的激光收发模块","315","奥地利","39","其他","1","千克","0","?","395",
"202405","85177950","光通信设备的激光收发模块","327","波兰","10","一般贸易","3","千克","0","?","45,800",
"202405","85177950","光通信设备的激光收发模块","328","罗马尼亚","10","一般贸易","6","千克","0","?","95,645",
"202405","85177950","光通信设备的激光收发模块","331","瑞士","10","一般贸易","8","千克","0","?","49,761",
"202405","85177950","光通信设备的激光收发模块","336","立陶宛","10","一般贸易","4","千克","0","?","630",
"202405","85177950","光通信设备的激光收发模块","353","斯洛伐克","10","一般贸易","6","千克","0","?","22,378",
"202405","85177950","光通信设备的激光收发模块","429","墨西哥","10","一般贸易","18","千克","0","?","216,431",
"202405","85177950","光通信设备的激光收发模块","429","墨西哥","15","进料加工贸易","5","千克","0","?","17,141",
"202405","85177950","光通信设备的激光收发模块","501","加拿大","10","一般贸易","1","千克","0","?","81,321",
"202405","85177950","光通信设备的激光收发模块","501","加拿大","15","进料加工贸易","1","千克","0","?","421",
"202405","85177950","光通信设备的激光收发模块","502","美国","10","一般贸易","32","千克","0","?","162,583",
"202405","85177950","光通信设备的激光收发模块","502","美国","15","进料加工贸易","2","千克","0","?","1,834",
"202405","85177950","光通信设备的激光收发模块","502","美国","39","其他","3","千克","0","?","10,074",
"202405","85177950","光通信设备的激光收发模块","601","澳大利亚","10","一般贸易","6","千克","0","?","5,865",
"202405","85177990","品目85.17所列设备用其他零件","106","缅甸","10","一般贸易","268","千克","0","?","19,281",
"202405","85177990","品目85.17所列设备用其他零件","107","柬埔寨","10","一般贸易","33","千克","0","?","54,020",
"202405","85177990","品目85.17所列设备用其他零件","107","柬埔寨","15","进料加工贸易","34","千克","0","?","87,594",
"202405","85177990","品目85.17所列设备用其他零件","108","塞浦路斯","33","保税监管场所进出境货物","10","千克","0","?","312",
"202405","85177990","品目85.17所列设备用其他零件","110","中国香港","10","一般贸易","169","千克","0","?","6,893",
"202405","85177990","品目85.17所列设备用其他零件","110","中国香港","33","保税监管场所进出境货物","42","千克","0","?","1,180",
"202405","85177990","品目85.17所列设备用其他零件","110","中国香港","39","其他","22","千克","0","?","1,678",
"202405","85177990","品目85.17所列设备用其他零件","111","印度","10","一般贸易","1594","千克","0","?","57,928",
"202405","85177990","品目85.17所列设备用其他零件","111","印度","15","进料加工贸易","1359","千克","0","?","240,120",
"202405","85177990","品目85.17所列设备用其他零件","111","印度","33","保税监管场所进出境货物","3023","千克","0","?","1,180,153",
"202405","85177990","品目85.17所列设备用其他零件","111","印度","34","海关特殊监管区域物流货物","66089","千克","0","?","3,190,204",
"202405","85177990","品目85.17所列设备用其他零件","111","印度","39","其他","186","千克","0","?","103,506",
"202405","85177990","品目85.17所列设备用其他零件","112","印度尼西亚","10","一般贸易","4","千克","0","?","13,636",
"202405","85177990","品目85.17所列设备用其他零件","112","印度尼西亚","15","进料加工贸易","37","千克","0","?","3,049",
"202405","85177990","品目85.17所列设备用其他零件","112","印度尼西亚","34","海关特殊监管区域物流货物","4","千克","0","?","317",
"202405","85177990","品目85.17所列设备用其他零件","115","以色列","10","一般贸易","294","千克","0","?","504,856",
"202405","85177990","品目85.17所列设备用其他零件","115","以色列","15","进料加工贸易","0","千克","0","?","42,413",
"202405","85177990","品目85.17所列设备用其他零件","115","以色列","33","保税监管场所进出境货物","0","千克","0","?","571",
"202405","85177990","品目85.17所列设备用其他零件","115","以色列","34","海关特殊监管区域物流货物","4","千克","0","?","22,770",
"202405","85177990","品目85.17所列设备用其他零件","116","日本","10","一般贸易","4477","千克","0","?","10,431,559",
"202405","85177990","品目85.17所列设备用其他零件","116","日本","14","来料加工贸易","122","千克","0","?","11,356",
"202405","85177990","品目85.17所列设备用其他零件","116","日本","15","进料加工贸易","525","千克","0","?","2,541,770",
"202405","85177990","品目85.17所列设备用其他零件","116","日本","33","保税监管场所进出境货物","338","千克","0","?","333,165",
"202405","85177990","品目85.17所列设备用其他零件","116","日本","34","海关特殊监管区域物流货物","778","千克","0","?","1,158,427",
"202405","85177990","品目85.17所列设备用其他零件","116","日本","39","其他","81","千克","0","?","21,527",
"202405","85177990","品目85.17所列设备用其他零件","120","黎巴嫩","10","一般贸易","5","千克","0","?","42,019",
"202405","85177990","品目85.17所列设备用其他零件","122","马来西亚","10","一般贸易","6638","千克","0","?","6,039,234",
"202405","85177990","品目85.17所列设备用其他零件","122","马来西亚","14","来料加工贸易","83","千克","0","?","104,896",
"202405","85177990","品目85.17所列设备用其他零件","122","马来西亚","15","进料加工贸易","6634","千克","0","?","52,839,962",
"202405","85177990","品目85.17所列设备用其他零件","122","马来西亚","33","保税监管场所进出境货物","4986","千克","0","?","138,868",
"202405","85177990","品目85.17所列设备用其他零件","122","马来西亚","34","海关特殊监管区域物流货物","220","千克","0","?","263,456",
"202405","85177990","品目85.17所列设备用其他零件","122","马来西亚","39","其他","208","千克","0","?","104,579",
"202405","85177990","品目85.17所列设备用其他零件","129","菲律宾","10","一般贸易","1195","千克","0","?","1,695,822",
"202405","85177990","品目85.17所列设备用其他零件","129","菲律宾","15","进料加工贸易","1102","千克","0","?","213,827",
"202405","85177990","品目85.17所列设备用其他零件","129","菲律宾","33","保税监管场所进出境货物","77","千克","0","?","22,831",
"202405","85177990","品目85.17所列设备用其他零件","129","菲律宾","34","海关特殊监管区域物流货物","148","千克","0","?","488,818",
"202405","85177990","品目85.17所列设备用其他零件","130","卡塔尔","33","保税监管场所进出境货物","27","千克","0","?","36,727",
"202405","85177990","品目85.17所列设备用其他零件","132","新加坡","10","一般贸易","3024","千克","0","?","1,786,911",
"202405","85177990","品目85.17所列设备用其他零件","132","新加坡","15","进料加工贸易","423","千克","0","?","222,853",
"202405","85177990","品目85.17所列设备用其他零件","132","新加坡","33","保税监管场所进出境货物","1977","千克","0","?","298,696",
"202405","85177990","品目85.17所列设备用其他零件","132","新加坡","34","海关特殊监管区域物流货物","1992","千克","0","?","3,299,226",
"202405","85177990","品目85.17所列设备用其他零件","132","新加坡","39","其他","1","千克","0","?","1,328",
"202405","85177990","品目85.17所列设备用其他零件","133","韩国","10","一般贸易","11010","千克","0","?","1,523,978",
"202405","85177990","品目85.17所列设备用其他零件","133","韩国","14","来料加工贸易","186","千克","0","?","48,091",
"202405","85177990","品目85.17所列设备用其他零件","133","韩国","15","进料加工贸易","2201","千克","0","?","3,046,029",
"202405","85177990","品目85.17所列设备用其他零件","133","韩国","33","保税监管场所进出境货物","284","千克","0","?","37,647",
"202405","85177990","品目85.17所列设备用其他零件","133","韩国","34","海关特殊监管区域物流货物","613","千克","0","?","81,161",
"202405","85177990","品目85.17所列设备用其他零件","133","韩国","39","其他","532","千克","0","?","344,233",
"202405","85177990","品目85.17所列设备用其他零件","136","泰国","10","一般贸易","3187","千克","0","?","13,026,203",
"202405","85177990","品目85.17所列设备用其他零件","136","泰国","15","进料加工贸易","2317","千克","0","?","1,408,138",
"202405","85177990","品目85.17所列设备用其他零件","136","泰国","33","保税监管场所进出境货物","220","千克","0","?","58,590",
"202405","85177990","品目85.17所列设备用其他零件","136","泰国","34","海关特殊监管区域物流货物","317","千克","0","?","1,310,395",
"202405","85177990","品目85.17所列设备用其他零件","136","泰国","39","其他","72","千克","0","?","64,342",
"202405","85177990","品目85.17所列设备用其他零件","137","土耳其","10","一般贸易","125","千克","0","?","36,211",
"202405","85177990","品目85.17所列设备用其他零件","137","土耳其","39","其他","7","千克","0","?","1,085",
"202405","85177990","品目85.17所列设备用其他零件","138","阿联酋","34","海关特殊监管区域物流货物","5","千克","0","?","2,512",
"202405","85177990","品目85.17所列设备用其他零件","141","越南","10","一般贸易","19145","千克","0","?","2,718,285",
"202405","85177990","品目85.17所列设备用其他零件","141","越南","15","进料加工贸易","2888","千克","0","?","3,030,505",
"202405","85177990","品目85.17所列设备用其他零件","141","越南","33","保税监管场所进出境货物","35","千克","0","?","60,427",
"202405","85177990","品目85.17所列设备用其他零件","141","越南","34","海关特殊监管区域物流货物","149662","千克","0","?","28,703,040",
"202405","85177990","品目85.17所列设备用其他零件","141","越南","39","其他","38","千克","0","?","16,271",
"202405","85177990","品目85.17所列设备用其他零件","142","中国","10","一般贸易","143130","千克","0","?","32,948,075",
"202405","85177990","品目85.17所列设备用其他零件","142","中国","14","来料加工贸易","8722","千克","0","?","321,695",
"202405","85177990","品目85.17所列设备用其他零件","142","中国","15","进料加工贸易","184156","千克","0","?","19,087,045",
"202405","85177990","品目85.17所列设备用其他零件","142","中国","33","保税监管场所进出境货物","27963","千克","0","?","2,197,352",
"202405","85177990","品目85.17所列设备用其他零件","142","中国","34","海关特殊监管区域物流货物","49771","千克","0","?","8,433,691",
"202405","85177990","品目85.17所列设备用其他零件","142","中国","35","海关特殊监管区域进口设备","0","千克","0","?","1,024",
"202405","85177990","品目85.17所列设备用其他零件","142","中国","39","其他","972","千克","0","?","175,760",
"202405","85177990","品目85.17所列设备用其他零件","143","中国台湾","10","一般贸易","11095","千克","0","?","5,074,666",
"202405","85177990","品目85.17所列设备用其他零件","143","中国台湾","14","来料加工贸易","119","千克","0","?","13,517",
"202405","85177990","品目85.17所列设备用其他零件","143","中国台湾","15","进料加工贸易","48901","千克","0","?","22,616,024",
"202405","85177990","品目85.17所列设备用其他零件","143","中国台湾","33","保税监管场所进出境货物","125","千克","0","?","145,479",
"202405","85177990","品目85.17所列设备用其他零件","143","中国台湾","34","海关特殊监管区域物流货物","2682","千克","0","?","324,605",
"202405","85177990","品目85.17所列设备用其他零件","143","中国台湾","35","海关特殊监管区域进口设备","1","千克","0","?","37",
"202405","85177990","品目85.17所列设备用其他零件","143","中国台湾","39","其他","90","千克","0","?","68,626",
"202405","85177990","品目85.17所列设备用其他零件","208","佛得角","10","一般贸易","0","千克","0","?","46",
"202405","85177990","品目85.17所列设备用其他零件","232","摩洛哥","34","海关特殊监管区域物流货物","44","千克","0","?","368,518",
"202405","85177990","品目85.17所列设备用其他零件","249","突尼斯","10","一般贸易","4","千克","0","?","811",
"202405","85177990","品目85.17所列设备用其他零件","301","比利时","10","一般贸易","0","千克","0","?","565",
"202405","85177990","品目85.17所列设备用其他零件","301","比利时","15","进料加工贸易","19","千克","0","?","279",
"202405","85177990","品目85.17所列设备用其他零件","301","比利时","39","其他","33","千克","0","?","4,519",
"202405","85177990","品目85.17所列设备用其他零件","302","丹麦","10","一般贸易","1317","千克","0","?","1,062,997",
"202405","85177990","品目85.17所列设备用其他零件","302","丹麦","15","进料加工贸易","84","千克","0","?","30,597",
"202405","85177990","品目85.17所列设备用其他零件","302","丹麦","33","保税监管场所进出境货物","9","千克","0","?","6,013",
"202405","85177990","品目85.17所列设备用其他零件","302","丹麦","34","海关特殊监管区域物流货物","2","千克","0","?","295",
"202405","85177990","品目85.17所列设备用其他零件","302","丹麦","39","其他","0","千克","0","?","260",
"202405","85177990","品目85.17所列设备用其他零件","303","英国","10","一般贸易","1078","千克","0","?","672,379",
"202405","85177990","品目85.17所列设备用其他零件","303","英国","15","进料加工贸易","34","千克","0","?","164,782",
"202405","85177990","品目85.17所列设备用其他零件","303","英国","33","保税监管场所进出境货物","5","千克","0","?","2,021",
"202405","85177990","品目85.17所列设备用其他零件","303","英国","34","海关特殊监管区域物流货物","554","千克","0","?","21,160",
"202405","85177990","品目85.17所列设备用其他零件","303","英国","39","其他","74","千克","0","?","14,282",
"202405","85177990","品目85.17所列设备用其他零件","304","德国","10","一般贸易","2637","千克","0","?","2,247,219",
"202405","85177990","品目85.17所列设备用其他零件","304","德国","14","来料加工贸易","0","千克","0","?","406",
"202405","85177990","品目85.17所列设备用其他零件","304","德国","15","进料加工贸易","677","千克","0","?","115,805",
"202405","85177990","品目85.17所列设备用其他零件","304","德国","33","保税监管场所进出境货物","544","千克","0","?","115,215",
"202405","85177990","品目85.17所列设备用其他零件","304","德国","34","海关特殊监管区域物流货物","8","千克","0","?","571",
"202405","85177990","品目85.17所列设备用其他零件","304","德国","39","其他","87","千克","0","?","17,873",
"202405","85177990","品目85.17所列设备用其他零件","305","法国","10","一般贸易","146","千克","0","?","115,402",
"202405","85177990","品目85.17所列设备用其他零件","305","法国","15","进料加工贸易","792","千克","0","?","379,674",
"202405","85177990","品目85.17所列设备用其他零件","305","法国","33","保税监管场所进出境货物","136","千克","0","?","94,730",
"202405","85177990","品目85.17所列设备用其他零件","305","法国","34","海关特殊监管区域物流货物","11","千克","0","?","10,396",
"202405","85177990","品目85.17所列设备用其他零件","305","法国","39","其他","1","千克","0","?","784",
"202405","85177990","品目85.17所列设备用其他零件","306","爱尔兰","15","进料加工贸易","18","千克","0","?","21,060",
"202405","85177990","品目85.17所列设备用其他零件","307","意大利","10","一般贸易","977","千克","0","?","273,637",
"202405","85177990","品目85.17所列设备用其他零件","307","意大利","15","进料加工贸易","917","千克","0","?","6,788",
"202405","85177990","品目85.17所列设备用其他零件","307","意大利","34","海关特殊监管区域物流货物","2","千克","0","?","5,215",
"202405","85177990","品目85.17所列设备用其他零件","307","意大利","39","其他","1","千克","0","?","2,015",
"202405","85177990","品目85.17所列设备用其他零件","309","荷兰","10","一般贸易","7","千克","0","?","28,261",
"202405","85177990","品目85.17所列设备用其他零件","309","荷兰","15","进料加工贸易","37","千克","0","?","1,962",
"202405","85177990","品目85.17所列设备用其他零件","309","荷兰","33","保税监管场所进出境货物","726","千克","0","?","62,052",
"202405","85177990","品目85.17所列设备用其他零件","309","荷兰","34","海关特殊监管区域物流货物","0","千克","0","?","6,267",
"202405","85177990","品目85.17所列设备用其他零件","309","荷兰","39","其他","2","千克","0","?","472",
"202405","85177990","品目85.17所列设备用其他零件","310","希腊","10","一般贸易","33","千克","0","?","5,561",
"202405","85177990","品目85.17所列设备用其他零件","310","希腊","33","保税监管场所进出境货物","335","千克","0","?","24,939",
"202405","85177990","品目85.17所列设备用其他零件","310","希腊","34","海关特殊监管区域物流货物","30","千克","0","?","1,745",
"202405","85177990","品目85.17所列设备用其他零件","311","葡萄牙","10","一般贸易","3","千克","0","?","2,418",
"202405","85177990","品目85.17所列设备用其他零件","311","葡萄牙","33","保税监管场所进出境货物","62","千克","0","?","17,273",
"202405","85177990","品目85.17所列设备用其他零件","311","葡萄牙","34","海关特殊监管区域物流货物","27","千克","0","?","3,068",
"202405","85177990","品目85.17所列设备用其他零件","312","西班牙","10","一般贸易","189","千克","0","?","26,330",
"202405","85177990","品目85.17所列设备用其他零件","315","奥地利","10","一般贸易","183","千克","0","?","234,760",
"202405","85177990","品目85.17所列设备用其他零件","315","奥地利","15","进料加工贸易","87","千克","0","?","340,663",
"202405","85177990","品目85.17所列设备用其他零件","315","奥地利","34","海关特殊监管区域物流货物","0","千克","0","?","843",
"202405","85177990","品目85.17所列设备用其他零件","318","芬兰","10","一般贸易","2371","千克","0","?","87,483",
"202405","85177990","品目85.17所列设备用其他零件","318","芬兰","15","进料加工贸易","0","千克","0","?","237",
"202405","85177990","品目85.17所列设备用其他零件","318","芬兰","34","海关特殊监管区域物流货物","3162","千克","0","?","1,403,711",
"202405","85177990","品目85.17所列设备用其他零件","318","芬兰","39","其他","10","千克","0","?","4,929",
"202405","85177990","品目85.17所列设备用其他零件","321","匈牙利","10","一般贸易","1798","千克","0","?","176,543",
"202405","85177990","品目85.17所列设备用其他零件","321","匈牙利","15","进料加工贸易","84","千克","0","?","74,751",
"202405","85177990","品目85.17所列设备用其他零件","321","匈牙利","34","海关特殊监管区域物流货物","348","千克","0","?","201,980",
"202405","85177990","品目85.17所列设备用其他零件","326","挪威","10","一般贸易","13","千克","0","?","17,438",
"202405","85177990","品目85.17所列设备用其他零件","326","挪威","15","进料加工贸易","33","千克","0","?","8,378",
"202405","85177990","品目85.17所列设备用其他零件","326","挪威","33","保税监管场所进出境货物","104","千克","0","?","56,221",
"202405","85177990","品目85.17所列设备用其他零件","326","挪威","34","海关特殊监管区域物流货物","93","千克","0","?","389",
"202405","85177990","品目85.17所列设备用其他零件","326","挪威","39","其他","2","千克","0","?","10,058",
"202405","85177990","品目85.17所列设备用其他零件","327","波兰","10","一般贸易","7841","千克","0","?","896,658",
"202405","85177990","品目85.17所列设备用其他零件","327","波兰","15","进料加工贸易","1","千克","0","?","1,248",
"202405","85177990","品目85.17所列设备用其他零件","327","波兰","34","海关特殊监管区域物流货物","92","千克","0","?","9,830",
"202405","85177990","品目85.17所列设备用其他零件","327","波兰","39","其他","997","千克","0","?","220,211",
"202405","85177990","品目85.17所列设备用其他零件","328","罗马尼亚","10","一般贸易","3419","千克","0","?","3,291,911",
"202405","85177990","品目85.17所列设备用其他零件","328","罗马尼亚","14","来料加工贸易","61","千克","0","?","147,535",
"202405","85177990","品目85.17所列设备用其他零件","328","罗马尼亚","15","进料加工贸易","2","千克","0","?","9,844",
"202405","85177990","品目85.17所列设备用其他零件","328","罗马尼亚","34","海关特殊监管区域物流货物","24","千克","0","?","8,775",
"202405","85177990","品目85.17所列设备用其他零件","328","罗马尼亚","39","其他","15","千克","0","?","3,032",
"202405","85177990","品目85.17所列设备用其他零件","330","瑞典","10","一般贸易","634","千克","0","?","1,163,446",
"202405","85177990","品目85.17所列设备用其他零件","330","瑞典","15","进料加工贸易","47","千克","0","?","8,727",
"202405","85177990","品目85.17所列设备用其他零件","330","瑞典","33","保税监管场所进出境货物","39","千克","0","?","5,680",
"202405","85177990","品目85.17所列设备用其他零件","330","瑞典","34","海关特殊监管区域物流货物","396","千克","0","?","4,343",
"202405","85177990","品目85.17所列设备用其他零件","330","瑞典","39","其他","7","千克","0","?","7,947",
"202405","85177990","品目85.17所列设备用其他零件","331","瑞士","10","一般贸易","257","千克","0","?","1,867,013",
"202405","85177990","品目85.17所列设备用其他零件","331","瑞士","15","进料加工贸易","11","千克","0","?","660,268",
"202405","85177990","品目85.17所列设备用其他零件","331","瑞士","34","海关特殊监管区域物流货物","58","千克","0","?","268,559",
"202405","85177990","品目85.17所列设备用其他零件","331","瑞士","39","其他","11","千克","0","?","8,030",
"202405","85177990","品目85.17所列设备用其他零件","334","爱沙尼亚","10","一般贸易","775","千克","0","?","372,564",
"202405","85177990","品目85.17所列设备用其他零件","334","爱沙尼亚","15","进料加工贸易","11","千克","0","?","12,449",
"202405","85177990","品目85.17所列设备用其他零件","334","爱沙尼亚","34","海关特殊监管区域物流货物","15","千克","0","?","2,632",
"202405","85177990","品目85.17所列设备用其他零件","334","爱沙尼亚","39","其他","105","千克","0","?","16,820",
"202405","85177990","品目85.17所列设备用其他零件","335","拉脱维亚","10","一般贸易","487","千克","0","?","233,967",
"202405","85177990","品目85.17所列设备用其他零件","336","立陶宛","10","一般贸易","50","千克","0","?","18,895",
"202405","85177990","品目85.17所列设备用其他零件","336","立陶宛","39","其他","0","千克","0","?","491",
"202405","85177990","品目85.17所列设备用其他零件","347","乌克兰","10","一般贸易","671","千克","0","?","51,601",
"202405","85177990","品目85.17所列设备用其他零件","350","斯洛文尼亚","15","进料加工贸易","1","千克","0","?","2,369",
"202405","85177990","品目85.17所列设备用其他零件","350","斯洛文尼亚","33","保税监管场所进出境货物","7","千克","0","?","3,078",
"202405","85177990","品目85.17所列设备用其他零件","352","捷克","10","一般贸易","1362","千克","0","?","65,723",
"202405","85177990","品目85.17所列设备用其他零件","352","捷克","15","进料加工贸易","80","千克","0","?","1,280",
"202405","85177990","品目85.17所列设备用其他零件","352","捷克","33","保税监管场所进出境货物","19","千克","0","?","306,176",
"202405","85177990","品目85.17所列设备用其他零件","352","捷克","34","海关特殊监管区域物流货物","109","千克","0","?","50,702",
"202405","85177990","品目85.17所列设备用其他零件","352","捷克","39","其他","2","千克","0","?","1,477",
"202405","85177990","品目85.17所列设备用其他零件","353","斯洛伐克","10","一般贸易","11","千克","0","?","3,622",
"202405","85177990","品目85.17所列设备用其他零件","353","斯洛伐克","15","进料加工贸易","21","千克","0","?","97,328",
"202405","85177990","品目85.17所列设备用其他零件","410","巴西","15","进料加工贸易","1","千克","0","?","647",
"202405","85177990","品目85.17所列设备用其他零件","410","巴西","34","海关特殊监管区域物流货物","1016","千克","0","?","75,036",
"202405","85177990","品目85.17所列设备用其他零件","415","哥斯达黎加","10","一般贸易","2","千克","0","?","23,529",
"202405","85177990","品目85.17所列设备用其他零件","415","哥斯达黎加","15","进料加工贸易","0","千克","0","?","7,400",
"202405","85177990","品目85.17所列设备用其他零件","429","墨西哥","10","一般贸易","4959","千克","0","?","1,157,783",
"202405","85177990","品目85.17所列设备用其他零件","429","墨西哥","15","进料加工贸易","2338","千克","0","?","1,325,917",
"202405","85177990","品目85.17所列设备用其他零件","429","墨西哥","33","保税监管场所进出境货物","6","千克","0","?","10,187",
"202405","85177990","品目85.17所列设备用其他零件","429","墨西哥","34","海关特殊监管区域物流货物","19488","千克","0","?","2,544,089",
"202405","85177990","品目85.17所列设备用其他零件","429","墨西哥","39","其他","331","千克","0","?","455,671",
"202405","85177990","品目85.17所列设备用其他零件","501","加拿大","10","一般贸易","185","千克","0","?","284,816",
"202405","85177990","品目85.17所列设备用其他零件","501","加拿大","15","进料加工贸易","63","千克","0","?","165,696",
"202405","85177990","品目85.17所列设备用其他零件","501","加拿大","33","保税监管场所进出境货物","26","千克","0","?","202",
"202405","85177990","品目85.17所列设备用其他零件","501","加拿大","34","海关特殊监管区域物流货物","8","千克","0","?","447",
"202405","85177990","品目85.17所列设备用其他零件","501","加拿大","39","其他","7","千克","0","?","10,161",
"202405","85177990","品目85.17所列设备用其他零件","502","美国","10","一般贸易","2267","千克","0","?","2,100,444",
"202405","85177990","品目85.17所列设备用其他零件","502","美国","14","来料加工贸易","115","千克","0","?","137,464",
"202405","85177990","品目85.17所列设备用其他零件","502","美国","15","进料加工贸易","843","千克","0","?","570,429",
"202405","85177990","品目85.17所列设备用其他零件","502","美国","33","保税监管场所进出境货物","678","千克","0","?","111,182",
"202405","85177990","品目85.17所列设备用其他零件","502","美国","34","海关特殊监管区域物流货物","821","千克","0","?","56,489",
"202405","85177990","品目85.17所列设备用其他零件","502","美国","35","海关特殊监管区域进口设备","0","千克","0","?","10",
"202405","85177990","品目85.17所列设备用其他零件","502","美国","39","其他","57","千克","0","?","16,974",
"202405","85177990","品目85.17所列设备用其他零件","601","澳大利亚","10","一般贸易","698","千克","0","?","2,574,081",
"202405","85177990","品目85.17所列设备用其他零件","601","澳大利亚","15","进料加工贸易","24","千克","0","?","35,311",
"202405","85177990","品目85.17所列设备用其他零件","601","澳大利亚","34","海关特殊监管区域物流货物","16","千克","0","?","2,758",
"202405","85177990","品目85.17所列设备用其他零件","609","新西兰","10","一般贸易","8","千克","0","?","3,856",
"202405","85177990","品目85.17所列设备用其他零件","609","新西兰","34","海关特殊监管区域物流货物","92","千克","0","?","37,231",
"202405","85414900","其他光敏半导体器件","107","柬埔寨","15","进料加工贸易","1000","个","1","千克","200",
"202405","85414900","其他光敏半导体器件","110","中国香港","10","一般贸易","8","个","0","千克","319",
"202405","85414900","其他光敏半导体器件","110","中国香港","15","进料加工贸易","1000","个","1","千克","319",
"202405","85414900","其他光敏半导体器件","111","印度","10","一般贸易","100","个","0","千克","86",
"202405","85414900","其他光敏半导体器件","111","印度","34","海关特殊监管区域物流货物","10","个","0","千克","121",
"202405","85414900","其他光敏半导体器件","112","印度尼西亚","10","一般贸易","428696","个","275","千克","322,142",
"202405","85414900","其他光敏半导体器件","112","印度尼西亚","14","来料加工贸易","374000","个","482","千克","33,453",
"202405","85414900","其他光敏半导体器件","112","印度尼西亚","15","进料加工贸易","126000","个","72","千克","42,536",
"202405","85414900","其他光敏半导体器件","116","日本","10","一般贸易","14951351","个","7304","千克","9,218,011",
"202405","85414900","其他光敏半导体器件","116","日本","14","来料加工贸易","399844","个","76","千克","95,128",
"202405","85414900","其他光敏半导体器件","116","日本","15","进料加工贸易","11686543","个","1457","千克","3,535,368",
"202405","85414900","其他光敏半导体器件","116","日本","33","保税监管场所进出境货物","125776","个","75","千克","1,390,682",
"202405","85414900","其他光敏半导体器件","116","日本","34","海关特殊监管区域物流货物","11069492","个","3485","千克","6,894,888",
"202405","85414900","其他光敏半导体器件","116","日本","35","海关特殊监管区域进口设备","6","个","1","千克","9,720",
"202405","85414900","其他光敏半导体器件","116","日本","39","其他","10137","个","2","千克","50,173",
"202405","85414900","其他光敏半导体器件","122","马来西亚","10","一般贸易","10494846","个","3575","千克","2,346,174",
"202405","85414900","其他光敏半导体器件","122","马来西亚","14","来料加工贸易","32300","个","5","千克","5,385",
"202405","85414900","其他光敏半导体器件","122","马来西亚","15","进料加工贸易","3284456","个","828","千克","7,790,843",
"202405","85414900","其他光敏半导体器件","122","马来西亚","33","保税监管场所进出境货物","167003","个","26","千克","45,421",
"202405","85414900","其他光敏半导体器件","122","马来西亚","34","海关特殊监管区域物流货物","8833814","个","71673","千克","5,006,928",
"202405","85414900","其他光敏半导体器件","122","马来西亚","35","海关特殊监管区域进口设备","12","个","0","千克","1,812",
"202405","85414900","其他光敏半导体器件","122","马来西亚","39","其他","26","个","0","千克","36",
"202405","85414900","其他光敏半导体器件","129","菲律宾","10","一般贸易","5698395","个","3644","千克","3,193,578",
"202405","85414900","其他光敏半导体器件","129","菲律宾","14","来料加工贸易","33045","个","8","千克","7,614",
"202405","85414900","其他光敏半导体器件","129","菲律宾","15","进料加工贸易","1273983","个","557","千克","536,342",
"202405","85414900","其他光敏半导体器件","129","菲律宾","33","保税监管场所进出境货物","283281","个","95","千克","60,482",
"202405","85414900","其他光敏半导体器件","129","菲律宾","34","海关特殊监管区域物流货物","2656986","个","552","千克","2,235,207",
"202405","85414900","其他光敏半导体器件","132","新加坡","10","一般贸易","31339","个","19","千克","195,344",
"202405","85414900","其他光敏半导体器件","132","新加坡","15","进料加工贸易","904914","个","5","千克","915,773",
"202405","85414900","其他光敏半导体器件","132","新加坡","34","海关特殊监管区域物流货物","19875","个","4","千克","36,231",
"202405","85414900","其他光敏半导体器件","132","新加坡","35","海关特殊监管区域进口设备","22","个","0","千克","1,960",
"202405","85414900","其他光敏半导体器件","132","新加坡","39","其他","38","个","0","千克","1,598",
"202405","85414900","其他光敏半导体器件","133","韩国","10","一般贸易","15787417","个","410","千克","617,417",
"202405","85414900","其他光敏半导体器件","133","韩国","14","来料加工贸易","460900","个","109","千克","113,358",
"202405","85414900","其他光敏半导体器件","133","韩国","15","进料加工贸易","66088593","个","1633","千克","1,206,077",
"202405","85414900","其他光敏半导体器件","133","韩国","34","海关特殊监管区域物流货物","1131500","个","559","千克","154,494",
"202405","85414900","其他光敏半导体器件","133","韩国","39","其他","77235","个","40","千克","7,747",
"202405","85414900","其他光敏半导体器件","136","泰国","10","一般贸易","106478240","个","46443","千克","14,304,022",
"202405","85414900","其他光敏半导体器件","136","泰国","14","来料加工贸易","538625","个","161","千克","61,317",
"202405","85414900","其他光敏半导体器件","136","泰国","15","进料加工贸易","9100009","个","2820","千克","1,709,823",
"202405","85414900","其他光敏半导体器件","136","泰国","33","保税监管场所进出境货物","4758200","个","1267","千克","283,105",
"202405","85414900","其他光敏半导体器件","136","泰国","34","海关特殊监管区域物流货物","41491870","个","9607","千克","11,473,566",
"202405","85414900","其他光敏半导体器件","136","泰国","39","其他","50857","个","12","千克","13,507",
"202405","85414900","其他光敏半导体器件","141","越南","10","一般贸易","93","个","1","千克","2,328",
"202405","85414900","其他光敏半导体器件","141","越南","33","保税监管场所进出境货物","1","个","0","千克","301",
"202405","85414900","其他光敏半导体器件","142","中国","10","一般贸易","657801390","个","251139","千克","21,238,393",
"202405","85414900","其他光敏半导体器件","142","中国","14","来料加工贸易","9913973","个","2378","千克","484,559",
"202405","85414900","其他光敏半导体器件","142","中国","15","进料加工贸易","75962918","个","17768","千克","4,063,176",
"202405","85414900","其他光敏半导体器件","142","中国","33","保税监管场所进出境货物","11713133","个","3101","千克","452,507",
"202405","85414900","其他光敏半导体器件","142","中国","34","海关特殊监管区域物流货物","121305250","个","50356","千克","4,894,481",
"202405","85414900","其他光敏半导体器件","142","中国","35","海关特殊监管区域进口设备","4","个","1","千克","2,035",
"202405","85414900","其他光敏半导体器件","142","中国","39","其他","54109","个","15","千克","2,693",
"202405","85414900","其他光敏半导体器件","143","中国台湾","10","一般贸易","83921044","个","10998","千克","9,802,897",
"202405","85414900","其他光敏半导体器件","143","中国台湾","14","来料加工贸易","188771","个","33","千克","98,063",
"202405","85414900","其他光敏半导体器件","143","中国台湾","15","进料加工贸易","8811273","个","728","千克","3,129,720",
"202405","85414900","其他光敏半导体器件","143","中国台湾","34","海关特殊监管区域物流货物","3337750","个","417","千克","1,696,455",
"202405","85414900","其他光敏半导体器件","143","中国台湾","39","其他","20","个","0","千克","17",
"202405","85414900","其他光敏半导体器件","302","丹麦","10","一般贸易","70","个","1","千克","1,035",
"202405","85414900","其他光敏半导体器件","303","英国","10","一般贸易","4119420","个","66","千克","158,856",
"202405","85414900","其他光敏半导体器件","303","英国","15","进料加工贸易","16012","个","0","千克","8,087",
"202405","85414900","其他光敏半导体器件","303","英国","34","海关特殊监管区域物流货物","601","个","3","千克","5,886",
"202405","85414900","其他光敏半导体器件","304","德国","10","一般贸易","149860","个","43","千克","574,560",
"202405","85414900","其他光敏半导体器件","304","德国","15","进料加工贸易","158001","个","17","千克","72,158",
"202405","85414900","其他光敏半导体器件","304","德国","33","保税监管场所进出境货物","17","个","1","千克","6,612",
"202405","85414900","其他光敏半导体器件","304","德国","34","海关特殊监管区域物流货物","16","个","2","千克","980",
"202405","85414900","其他光敏半导体器件","304","德国","35","海关特殊监管区域进口设备","2","个","0","千克","36",
"202405","85414900","其他光敏半导体器件","304","德国","39","其他","1","个","0","千克","54",
"202405","85414900","其他光敏半导体器件","305","法国","10","一般贸易","1626","个","1","千克","6,701",
"202405","85414900","其他光敏半导体器件","305","法国","33","保税监管场所进出境货物","8","个","1","千克","26,256",
"202405","85414900","其他光敏半导体器件","305","法国","39","其他","10","个","1","千克","622",
"202405","85414900","其他光敏半导体器件","306","爱尔兰","10","一般贸易","219","个","4","千克","68,985",
"202405","85414900","其他光敏半导体器件","307","意大利","10","一般贸易","4111","个","415","千克","187,017",
"202405","85414900","其他光敏半导体器件","307","意大利","15","进料加工贸易","95","个","174","千克","27,768",
"202405","85414900","其他光敏半导体器件","307","意大利","34","海关特殊监管区域物流货物","1","个","0","千克","61",
"202405","85414900","其他光敏半导体器件","307","意大利","39","其他","4","个","1","千克","72",
"202405","85414900","其他光敏半导体器件","309","荷兰","10","一般贸易","398","个","14","千克","117,847",
"202405","85414900","其他光敏半导体器件","309","荷兰","35","海关特殊监管区域进口设备","2","个","2","千克","131",
"202405","85414900","其他光敏半导体器件","315","奥地利","10","一般贸易","1000","个","0","千克","3,998",
"202405","85414900","其他光敏半导体器件","316","保加利亚","10","一般贸易","204000","个","16","千克","6,932",
"202405","85414900","其他光敏半导体器件","321","匈牙利","10","一般贸易","2","个","0","千克","80",
"202405","85414900","其他光敏半导体器件","321","匈牙利","15","进料加工贸易","17840","个","101","千克","58,473",
"202405","85414900","其他光敏半导体器件","321","匈牙利","34","海关特殊监管区域物流货物","21","个","0","千克","197",
"202405","85414900","其他光敏半导体器件","324","马耳他","10","一般贸易","3","个","2","千克","454",
"202405","85414900","其他光敏半导体器件","327","波兰","10","一般贸易","9","个","0","千克","1,847",
"202405","85414900","其他光敏半导体器件","330","瑞典","10","一般贸易","17","个","0","千克","11,545",
"202405","85414900","其他光敏半导体器件","330","瑞典","15","进料加工贸易","17","个","0","千克","3,843",
"202405","85414900","其他光敏半导体器件","330","瑞典","33","保税监管场所进出境货物","10","个","2","千克","1,944",
"202405","85414900","其他光敏半导体器件","331","瑞士","10","一般贸易","1118308","个","15","千克","1,676,025",
"202405","85414900","其他光敏半导体器件","331","瑞士","15","进料加工贸易","862600","个","12","千克","2,140,477",
"202405","85414900","其他光敏半导体器件","331","瑞士","35","海关特殊监管区域进口设备","1","个","0","千克","851",
"202405","85414900","其他光敏半导体器件","331","瑞士","39","其他","741","个","3","千克","4,257",
"202405","85414900","其他光敏半导体器件","336","立陶宛","15","进料加工贸易","118","个","1","千克","24,264",
"202405","85414900","其他光敏半导体器件","352","捷克","10","一般贸易","361","个","9","千克","68,014",
"202405","85414900","其他光敏半导体器件","410","巴西","10","一般贸易","4","个","1","千克","808",
"202405","85414900","其他光敏半导体器件","418","多米尼加
","10","一般贸易","1","个","0","千克","27",
"202405","85414900","其他光敏半导体器件","418","多米尼加
","34","海关特殊监管区域物流货物","121","个","17","千克","3,137",
"202405","85414900","其他光敏半导体器件","429","墨西哥","10","一般贸易","241271","个","1371","千克","656,083",
"202405","85414900","其他光敏半导体器件","429","墨西哥","15","进料加工贸易","11880","个","23","千克","20,312",
"202405","85414900","其他光敏半导体器件","429","墨西哥","34","海关特殊监管区域物流货物","630","个","78","千克","11,935",
"202405","85414900","其他光敏半导体器件","429","墨西哥","39","其他","1","个","4","千克","1,827",
"202405","85414900","其他光敏半导体器件","501","加拿大","10","一般贸易","7496","个","8","千克","162,797",
"202405","85414900","其他光敏半导体器件","501","加拿大","33","保税监管场所进出境货物","3","个","0","千克","856",
"202405","85414900","其他光敏半导体器件","501","加拿大","34","海关特殊监管区域物流货物","1","个","0","千克","716",
"202405","85414900","其他光敏半导体器件","502","美国","10","一般贸易","129270","个","76","千克","698,326",
"202405","85414900","其他光敏半导体器件","502","美国","14","来料加工贸易","6730340","个","25","千克","212,721",
"202405","85414900","其他光敏半导体器件","502","美国","15","进料加工贸易","1314572","个","164","千克","1,231,705",
"202405","85414900","其他光敏半导体器件","502","美国","33","保税监管场所进出境货物","151","个","10","千克","7,847",
"202405","85414900","其他光敏半导体器件","502","美国","34","海关特殊监管区域物流货物","173513","个","957","千克","84,092",
"202405","85414900","其他光敏半导体器件","502","美国","35","海关特殊监管区域进口设备","16","个","3","千克","1,055",
"202405","85414900","其他光敏半导体器件","502","美国","39","其他","129","个","0","千克","17,495",
"202406","85177950","光通信设备的激光收发模块","107","柬埔寨","10","一般贸易","3","千克","0","?","39,823",
"202406","85177950","光通信设备的激光收发模块","110","中国香港","10","一般贸易","72","千克","0","?","36,390",
"202406","85177950","光通信设备的激光收发模块","111","印度","10","一般贸易","15","千克","0","?","26,781",
"202406","85177950","光通信设备的激光收发模块","111","印度","33","保税监管场所进出境货物","0","千克","0","?","874",
"202406","85177950","光通信设备的激光收发模块","112","印度尼西亚","33","保税监管场所进出境货物","8","千克","0","?","15,226",
"202406","85177950","光通信设备的激光收发模块","116","日本","10","一般贸易","371","千克","0","?","629,848",
"202406","85177950","光通信设备的激光收发模块","116","日本","15","进料加工贸易","6","千克","0","?","2,712",
"202406","85177950","光通信设备的激光收发模块","116","日本","35","海关特殊监管区域进口设备","0","千克","0","?","594",
"202406","85177950","光通信设备的激光收发模块","116","日本","39","其他","0","千克","0","?","202",
"202406","85177950","光通信设备的激光收发模块","120","黎巴嫩","10","一般贸易","174","千克","0","?","238,413",
"202406","85177950","光通信设备的激光收发模块","120","黎巴嫩","39","其他","2","千克","0","?","244",
"202406","85177950","光通信设备的激光收发模块","122","马来西亚","10","一般贸易","2468","千克","0","?","19,704,033",
"202406","85177950","光通信设备的激光收发模块","122","马来西亚","15","进料加工贸易","39","千克","0","?","41,253",
"202406","85177950","光通信设备的激光收发模块","122","马来西亚","33","保税监管场所进出境货物","500","千克","0","?","4,675,162",
"202406","85177950","光通信设备的激光收发模块","122","马来西亚","34","海关特殊监管区域物流货物","448","千克","0","?","1,574,654",
"202406","85177950","光通信设备的激光收发模块","122","马来西亚","35","海关特殊监管区域进口设备","0","千克","0","?","6,082",
"202406","85177950","光通信设备的激光收发模块","122","马来西亚","39","其他","1","千克","0","?","12,365",
"202406","85177950","光通信设备的激光收发模块","129","菲律宾","10","一般贸易","1042","千克","0","?","2,076,669",
"202406","85177950","光通信设备的激光收发模块","129","菲律宾","15","进料加工贸易","51","千克","0","?","53,137",
"202406","85177950","光通信设备的激光收发模块","129","菲律宾","34","海关特殊监管区域物流货物","177","千克","0","?","437,674",
"202406","85177950","光通信设备的激光收发模块","129","菲律宾","39","其他","1","千克","0","?","1,016",
"202406","85177950","光通信设备的激光收发模块","132","新加坡","15","进料加工贸易","1","千克","0","?","4,236",
"202406","85177950","光通信设备的激光收发模块","132","新加坡","39","其他","0","千克","0","?","508",
"202406","85177950","光通信设备的激光收发模块","133","韩国","34","海关特殊监管区域物流货物","107","千克","0","?","376,331",
"202406","85177950","光通信设备的激光收发模块","136","泰国","10","一般贸易","3492","千克","0","?","33,712,823",
"202406","85177950","光通信设备的激光收发模块","136","泰国","15","进料加工贸易","78","千克","0","?","74,436",
"202406","85177950","光通信设备的激光收发模块","136","泰国","33","保税监管场所进出境货物","383","千克","0","?","1,997,852",
"202406","85177950","光通信设备的激光收发模块","136","泰国","34","海关特殊监管区域物流货物","317","千克","0","?","2,159,779",
"202406","85177950","光通信设备的激光收发模块","136","泰国","35","海关特殊监管区域进口设备","0","千克","0","?","17,648",
"202406","85177950","光通信设备的激光收发模块","136","泰国","39","其他","20","千克","0","?","45,067",
"202406","85177950","光通信设备的激光收发模块","141","越南","10","一般贸易","2","千克","0","?","2,384",
"202406","85177950","光通信设备的激光收发模块","141","越南","14","来料加工贸易","3","千克","0","?","3,038",
"202406","85177950","光通信设备的激光收发模块","141","越南","34","海关特殊监管区域物流货物","0","千克","0","?","655",
"202406","85177950","光通信设备的激光收发模块","142","中国","10","一般贸易","4375","千克","0","?","30,007,793",
"202406","85177950","光通信设备的激光收发模块","142","中国","14","来料加工贸易","9","千克","0","?","24,988",
"202406","85177950","光通信设备的激光收发模块","142","中国","15","进料加工贸易","978","千克","0","?","1,226,722",
"202406","85177950","光通信设备的激光收发模块","142","中国","33","保税监管场所进出境货物","376","千克","0","?","2,236,043",
"202406","85177950","光通信设备的激光收发模块","142","中国","34","海关特殊监管区域物流货物","732","千克","0","?","1,011,593",
"202406","85177950","光通信设备的激光收发模块","142","中国","35","海关特殊监管区域进口设备","0","千克","0","?","415",
"202406","85177950","光通信设备的激光收发模块","142","中国","39","其他","50","千克","0","?","95,101",
"202406","85177950","光通信设备的激光收发模块","143","中国台湾","10","一般贸易","745","千克","0","?","1,264,914",
"202406","85177950","光通信设备的激光收发模块","143","中国台湾","14","来料加工贸易","0","千克","0","?","54",
"202406","85177950","光通信设备的激光收发模块","143","中国台湾","15","进料加工贸易","576","千克","0","?","1,321,060",
"202406","85177950","光通信设备的激光收发模块","143","中国台湾","33","保税监管场所进出境货物","3","千克","0","?","44,928",
"202406","85177950","光通信设备的激光收发模块","143","中国台湾","34","海关特殊监管区域物流货物","142","千克","0","?","130,479",
"202406","85177950","光通信设备的激光收发模块","143","中国台湾","39","其他","1","千克","0","?","428",
"202406","85177950","光通信设备的激光收发模块","301","比利时","10","一般贸易","2","千克","0","?","1,309",
"202406","85177950","光通信设备的激光收发模块","301","比利时","39","其他","2","千克","0","?","435",
"202406","85177950","光通信设备的激光收发模块","302","丹麦","39","其他","1","千克","0","?","1,685",
"202406","85177950","光通信设备的激光收发模块","303","英国","10","一般贸易","3","千克","0","?","12,464",
"202406","85177950","光通信设备的激光收发模块","304","德国","10","一般贸易","66","千克","0","?","38,950",
"202406","85177950","光通信设备的激光收发模块","305","法国","10","一般贸易","84","千克","0","?","4,625,428",
"202406","85177950","光通信设备的激光收发模块","306","爱尔兰","34","海关特殊监管区域物流货物","0","千克","0","?","8",
"202406","85177950","光通信设备的激光收发模块","307","意大利","10","一般贸易","4","千克","0","?","739",
"202406","85177950","光通信设备的激光收发模块","309","荷兰","10","一般贸易","21","千克","0","?","9,781",
"202406","85177950","光通信设备的激光收发模块","315","奥地利","10","一般贸易","4","千克","0","?","4,528",
"202406","85177950","光通信设备的激光收发模块","326","挪威","10","一般贸易","0","千克","0","?","1,288",
"202406","85177950","光通信设备的激光收发模块","331","瑞士","10","一般贸易","1","千克","0","?","620",
"202406","85177950","光通信设备的激光收发模块","335","拉脱维亚","10","一般贸易","0","千克","0","?","7,172",
"202406","85177950","光通信设备的激光收发模块","352","捷克","10","一般贸易","2","千克","0","?","199",
"202406","85177950","光通信设备的激光收发模块","410","巴西","15","进料加工贸易","6","千克","0","?","723",
"202406","85177950","光通信设备的激光收发模块","429","墨西哥","10","一般贸易","4","千克","0","?","1,138",
"202406","85177950","光通信设备的激光收发模块","429","墨西哥","15","进料加工贸易","100","千克","0","?","298,711",
"202406","85177950","光通信设备的激光收发模块","501","加拿大","10","一般贸易","1","千克","0","?","54,396",
"202406","85177950","光通信设备的激光收发模块","501","加拿大","15","进料加工贸易","1","千克","0","?","3,463",
"202406","85177950","光通信设备的激光收发模块","502","美国","10","一般贸易","38","千克","0","?","148,073",
"202406","85177950","光通信设备的激光收发模块","502","美国","15","进料加工贸易","2","千克","0","?","1,604",
"202406","85177950","光通信设备的激光收发模块","502","美国","34","海关特殊监管区域物流货物","2","千克","0","?","2,161",
"202406","85177950","光通信设备的激光收发模块","502","美国","35","海关特殊监管区域进口设备","0","千克","0","?","200",
"202406","85177950","光通信设备的激光收发模块","502","美国","39","其他","29","千克","0","?","60,552",
"202406","85177950","光通信设备的激光收发模块","601","澳大利亚","10","一般贸易","3","千克","0","?","19,236",
"202406","85177950","光通信设备的激光收发模块","601","澳大利亚","34","海关特殊监管区域物流货物","32","千克","0","?","85,053",
"202406","85177990","品目85.17所列设备用其他零件","101","阿富汗","15","进料加工贸易","8","千克","0","?","10,443",
"202406","85177990","品目85.17所列设备用其他零件","106","缅甸","10","一般贸易","298","千克","0","?","24,698",
"202406","85177990","品目85.17所列设备用其他零件","107","柬埔寨","10","一般贸易","16","千克","0","?","38,261",
"202406","85177990","品目85.17所列设备用其他零件","107","柬埔寨","15","进料加工贸易","3","千克","0","?","12,712",
"202406","85177990","品目85.17所列设备用其他零件","108","塞浦路斯","33","保税监管场所进出境货物","61","千克","0","?","6,562",
"202406","85177990","品目85.17所列设备用其他零件","110","中国香港","10","一般贸易","71","千克","0","?","13,004",
"202406","85177990","品目85.17所列设备用其他零件","110","中国香港","33","保税监管场所进出境货物","132","千克","0","?","2,273",
"202406","85177990","品目85.17所列设备用其他零件","110","中国香港","34","海关特殊监管区域物流货物","110","千克","0","?","1,688",
"202406","85177990","品目85.17所列设备用其他零件","111","印度","10","一般贸易","11005","千克","0","?","1,107,131",
"202406","85177990","品目85.17所列设备用其他零件","111","印度","15","进料加工贸易","1009","千克","0","?","264,145",
"202406","85177990","品目85.17所列设备用其他零件","111","印度","33","保税监管场所进出境货物","11","千克","0","?","31",
"202406","85177990","品目85.17所列设备用其他零件","111","印度","34","海关特殊监管区域物流货物","45470","千克","0","?","2,209,843",
"202406","85177990","品目85.17所列设备用其他零件","111","印度","35","海关特殊监管区域进口设备","8","千克","0","?","219",
"202406","85177990","品目85.17所列设备用其他零件","111","印度","39","其他","155","千克","0","?","19,267",
"202406","85177990","品目85.17所列设备用其他零件","112","印度尼西亚","10","一般贸易","14","千克","0","?","27,311",
"202406","85177990","品目85.17所列设备用其他零件","112","印度尼西亚","14","来料加工贸易","6","千克","0","?","8,448",
"202406","85177990","品目85.17所列设备用其他零件","112","印度尼西亚","15","进料加工贸易","11","千克","0","?","1,786",
"202406","85177990","品目85.17所列设备用其他零件","112","印度尼西亚","34","海关特殊监管区域物流货物","1","千克","0","?","154",
"202406","85177990","品目85.17所列设备用其他零件","113","伊朗","39","其他","6","千克","0","?","450",
"202406","85177990","品目85.17所列设备用其他零件","115","以色列","10","一般贸易","104","千克","0","?","187,271",
"202406","85177990","品目85.17所列设备用其他零件","115","以色列","15","进料加工贸易","7","千克","0","?","13,744",
"202406","85177990","品目85.17所列设备用其他零件","115","以色列","34","海关特殊监管区域物流货物","1","千克","0","?","3,600",
"202406","85177990","品目85.17所列设备用其他零件","116","日本","10","一般贸易","4491","千克","0","?","8,111,967",
"202406","85177990","品目85.17所列设备用其他零件","116","日本","14","来料加工贸易","48","千克","0","?","41,574",
"202406","85177990","品目85.17所列设备用其他零件","116","日本","15","进料加工贸易","871","千克","0","?","4,008,420",
"202406","85177990","品目85.17所列设备用其他零件","116","日本","33","保税监管场所进出境货物","1338","千克","0","?","416,197",
"202406","85177990","品目85.17所列设备用其他零件","116","日本","34","海关特殊监管区域物流货物","320","千克","0","?","848,562",
"202406","85177990","品目85.17所列设备用其他零件","116","日本","39","其他","55","千克","0","?","26,283",
"202406","85177990","品目85.17所列设备用其他零件","122","马来西亚","10","一般贸易","5405","千克","0","?","8,178,004",
"202406","85177990","品目85.17所列设备用其他零件","122","马来西亚","14","来料加工贸易","191","千克","0","?","10,667",
"202406","85177990","品目85.17所列设备用其他零件","122","马来西亚","15","进料加工贸易","5901","千克","0","?","37,042,588",
"202406","85177990","品目85.17所列设备用其他零件","122","马来西亚","33","保税监管场所进出境货物","6061","千克","0","?","240,432",
"202406","85177990","品目85.17所列设备用其他零件","122","马来西亚","34","海关特殊监管区域物流货物","203","千克","0","?","276,619",
"202406","85177990","品目85.17所列设备用其他零件","122","马来西亚","39","其他","33","千克","0","?","45,327",
"202406","85177990","品目85.17所列设备用其他零件","129","菲律宾","10","一般贸易","1162","千克","0","?","1,652,712",
"202406","85177990","品目85.17所列设备用其他零件","129","菲律宾","15","进料加工贸易","954","千克","0","?","68,121",
"202406","85177990","品目85.17所列设备用其他零件","129","菲律宾","33","保税监管场所进出境货物","32","千克","0","?","8,062",
"202406","85177990","品目85.17所列设备用其他零件","129","菲律宾","34","海关特殊监管区域物流货物","154","千克","0","?","277,036",
"202406","85177990","品目85.17所列设备用其他零件","132","新加坡","10","一般贸易","2110","千克","0","?","960,749",
"202406","85177990","品目85.17所列设备用其他零件","132","新加坡","15","进料加工贸易","2068","千克","0","?","302,867",
"202406","85177990","品目85.17所列设备用其他零件","132","新加坡","33","保税监管场所进出境货物","2353","千克","0","?","371,244",
"202406","85177990","品目85.17所列设备用其他零件","132","新加坡","34","海关特殊监管区域物流货物","917","千克","0","?","14,070,312",
"202406","85177990","品目85.17所列设备用其他零件","132","新加坡","39","其他","2","千克","0","?","806",
"202406","85177990","品目85.17所列设备用其他零件","133","韩国","10","一般贸易","4069","千克","0","?","1,859,959",
"202406","85177990","品目85.17所列设备用其他零件","133","韩国","14","来料加工贸易","927","千克","0","?","21,575",
"202406","85177990","品目85.17所列设备用其他零件","133","韩国","15","进料加工贸易","1740","千克","0","?","3,310,513",
"202406","85177990","品目85.17所列设备用其他零件","133","韩国","33","保税监管场所进出境货物","2061","千克","0","?","141,601",
"202406","85177990","品目85.17所列设备用其他零件","133","韩国","34","海关特殊监管区域物流货物","39","千克","0","?","23,787",
"202406","85177990","品目85.17所列设备用其他零件","133","韩国","39","其他","154","千克","0","?","249,346",
"202406","85177990","品目85.17所列设备用其他零件","136","泰国","10","一般贸易","4935","千克","0","?","6,462,002",
"202406","85177990","品目85.17所列设备用其他零件","136","泰国","14","来料加工贸易","2","千克","0","?","6,376",
"202406","85177990","品目85.17所列设备用其他零件","136","泰国","15","进料加工贸易","618","千克","0","?","1,772,853",
"202406","85177990","品目85.17所列设备用其他零件","136","泰国","33","保税监管场所进出境货物","157","千克","0","?","72,562",
"202406","85177990","品目85.17所列设备用其他零件","136","泰国","34","海关特殊监管区域物流货物","396","千克","0","?","1,024,461",
"202406","85177990","品目85.17所列设备用其他零件","136","泰国","39","其他","35","千克","0","?","164,458",
"202406","85177990","品目85.17所列设备用其他零件","137","土耳其","10","一般贸易","23","千克","0","?","8,323",
"202406","85177990","品目85.17所列设备用其他零件","137","土耳其","33","保税监管场所进出境货物","96","千克","0","?","5,286",
"202406","85177990","品目85.17所列设备用其他零件","138","阿联酋","33","保税监管场所进出境货物","190","千克","0","?","22,880",
"202406","85177990","品目85.17所列设备用其他零件","138","阿联酋","34","海关特殊监管区域物流货物","5","千克","0","?","830",
"202406","85177990","品目85.17所列设备用其他零件","141","越南","10","一般贸易","30026","千克","0","?","2,344,901",
"202406","85177990","品目85.17所列设备用其他零件","141","越南","15","进料加工贸易","2195","千克","0","?","1,647,776",
"202406","85177990","品目85.17所列设备用其他零件","141","越南","33","保税监管场所进出境货物","17","千克","0","?","15,390",
"202406","85177990","品目85.17所列设备用其他零件","141","越南","34","海关特殊监管区域物流货物","147131","千克","0","?","23,687,482",
"202406","85177990","品目85.17所列设备用其他零件","141","越南","35","海关特殊监管区域进口设备","8","千克","0","?","2,082",
"202406","85177990","品目85.17所列设备用其他零件","141","越南","39","其他","162","千克","0","?","125,803",
"202406","85177990","品目85.17所列设备用其他零件","142","中国","10","一般贸易","135425","千克","0","?","20,976,957",
"202406","85177990","品目85.17所列设备用其他零件","142","中国","14","来料加工贸易","4842","千克","0","?","297,867",
"202406","85177990","品目85.17所列设备用其他零件","142","中国","15","进料加工贸易","165016","千克","0","?","18,738,373",
"202406","85177990","品目85.17所列设备用其他零件","142","中国","33","保税监管场所进出境货物","38966","千克","0","?","2,678,582",
"202406","85177990","品目85.17所列设备用其他零件","142","中国","34","海关特殊监管区域物流货物","85486","千克","0","?","11,991,437",
"202406","85177990","品目85.17所列设备用其他零件","142","中国","35","海关特殊监管区域进口设备","1","千克","0","?","55",
"202406","85177990","品目85.17所列设备用其他零件","142","中国","39","其他","831","千克","0","?","191,732",
"202406","85177990","品目85.17所列设备用其他零件","143","中国台湾","10","一般贸易","9047","千克","0","?","4,035,119",
"202406","85177990","品目85.17所列设备用其他零件","143","中国台湾","14","来料加工贸易","18","千克","0","?","2,701",
"202406","85177990","品目85.17所列设备用其他零件","143","中国台湾","15","进料加工贸易","32923","千克","0","?","17,355,664",
"202406","85177990","品目85.17所列设备用其他零件","143","中国台湾","33","保税监管场所进出境货物","206","千克","0","?","227,609",
"202406","85177990","品目85.17所列设备用其他零件","143","中国台湾","34","海关特殊监管区域物流货物","1460","千克","0","?","75,484",
"202406","85177990","品目85.17所列设备用其他零件","143","中国台湾","39","其他","66","千克","0","?","48,872",
"202406","85177990","品目85.17所列设备用其他零件","232","摩洛哥","34","海关特殊监管区域物流货物","17","千克","0","?","137,093",
"202406","85177990","品目85.17所列设备用其他零件","232","摩洛哥","39","其他","2","千克","0","?","12",
"202406","85177990","品目85.17所列设备用其他零件","249","突尼斯","10","一般贸易","172","千克","0","?","4,136",
"202406","85177990","品目85.17所列设备用其他零件","301","比利时","10","一般贸易","11","千克","0","?","6,603",
"202406","85177990","品目85.17所列设备用其他零件","301","比利时","15","进料加工贸易","83","千克","0","?","8,602",
"202406","85177990","品目85.17所列设备用其他零件","301","比利时","33","保税监管场所进出境货物","40","千克","0","?","2,806",
"202406","85177990","品目85.17所列设备用其他零件","302","丹麦","10","一般贸易","3570","千克","0","?","683,573",
"202406","85177990","品目85.17所列设备用其他零件","302","丹麦","15","进料加工贸易","3","千克","0","?","16,829",
"202406","85177990","品目85.17所列设备用其他零件","302","丹麦","33","保税监管场所进出境货物","1","千克","0","?","1,077",
"202406","85177990","品目85.17所列设备用其他零件","302","丹麦","34","海关特殊监管区域物流货物","575","千克","0","?","25,237",
"202406","85177990","品目85.17所列设备用其他零件","303","英国","10","一般贸易","550","千克","0","?","1,019,522",
"202406","85177990","品目85.17所列设备用其他零件","303","英国","15","进料加工贸易","1192","千克","0","?","316,097",
"202406","85177990","品目85.17所列设备用其他零件","303","英国","33","保税监管场所进出境货物","43","千克","0","?","11,725",
"202406","85177990","品目85.17所列设备用其他零件","303","英国","34","海关特殊监管区域物流货物","132","千克","0","?","4,300",
"202406","85177990","品目85.17所列设备用其他零件","303","英国","39","其他","0","千克","0","?","3,749",
"202406","85177990","品目85.17所列设备用其他零件","304","德国","10","一般贸易","3394","千克","0","?","1,710,588",
"202406","85177990","品目85.17所列设备用其他零件","304","德国","14","来料加工贸易","0","千克","0","?","1,485",
"202406","85177990","品目85.17所列设备用其他零件","304","德国","15","进料加工贸易","51","千克","0","?","51,084",
"202406","85177990","品目85.17所列设备用其他零件","304","德国","33","保税监管场所进出境货物","274","千克","0","?","84,008",
"202406","85177990","品目85.17所列设备用其他零件","304","德国","34","海关特殊监管区域物流货物","200","千克","0","?","219,051",
"202406","85177990","品目85.17所列设备用其他零件","304","德国","35","海关特殊监管区域进口设备","1","千克","0","?","35",
"202406","85177990","品目85.17所列设备用其他零件","304","德国","39","其他","10","千克","0","?","59,230",
"202406","85177990","品目85.17所列设备用其他零件","305","法国","10","一般贸易","2718","千克","0","?","1,119,358",
"202406","85177990","品目85.17所列设备用其他零件","305","法国","15","进料加工贸易","13","千克","0","?","229,740",
"202406","85177990","品目85.17所列设备用其他零件","305","法国","33","保税监管场所进出境货物","0","千克","0","?","878",
"202406","85177990","品目85.17所列设备用其他零件","305","法国","34","海关特殊监管区域物流货物","1","千克","0","?","307",
"202406","85177990","品目85.17所列设备用其他零件","305","法国","39","其他","0","千克","0","?","276",
"202406","85177990","品目85.17所列设备用其他零件","306","爱尔兰","10","一般贸易","2","千克","0","?","4,481",
"202406","85177990","品目85.17所列设备用其他零件","307","意大利","10","一般贸易","1046","千克","0","?","279,272",
"202406","85177990","品目85.17所列设备用其他零件","307","意大利","14","来料加工贸易","1","千克","0","?","34",
"202406","85177990","品目85.17所列设备用其他零件","307","意大利","15","进料加工贸易","488","千克","0","?","7,770",
"202406","85177990","品目85.17所列设备用其他零件","307","意大利","33","保税监管场所进出境货物","44","千克","0","?","25,057",
"202406","85177990","品目85.17所列设备用其他零件","307","意大利","34","海关特殊监管区域物流货物","29","千克","0","?","10,854",
"202406","85177990","品目85.17所列设备用其他零件","307","意大利","39","其他","2","千克","0","?","800",
"202406","85177990","品目85.17所列设备用其他零件","309","荷兰","10","一般贸易","4","千克","0","?","27,851",
"202406","85177990","品目85.17所列设备用其他零件","309","荷兰","15","进料加工贸易","35","千克","0","?","4,414",
"202406","85177990","品目85.17所列设备用其他零件","309","荷兰","33","保税监管场所进出境货物","814","千克","0","?","118,664",
"202406","85177990","品目85.17所列设备用其他零件","309","荷兰","34","海关特殊监管区域物流货物","434","千克","0","?","50,969",
"202406","85177990","品目85.17所列设备用其他零件","310","希腊","10","一般贸易","10","千克","0","?","5,441",
"202406","85177990","品目85.17所列设备用其他零件","310","希腊","33","保税监管场所进出境货物","1066","千克","0","?","65,648",
"202406","85177990","品目85.17所列设备用其他零件","310","希腊","34","海关特殊监管区域物流货物","636","千克","0","?","25,862",
"202406","85177990","品目85.17所列设备用其他零件","311","葡萄牙","10","一般贸易","1","千克","0","?","722",
"202406","85177990","品目85.17所列设备用其他零件","311","葡萄牙","33","保税监管场所进出境货物","29","千克","0","?","9,594",
"202406","85177990","品目85.17所列设备用其他零件","311","葡萄牙","34","海关特殊监管区域物流货物","35","千克","0","?","8,362",
"202406","85177990","品目85.17所列设备用其他零件","312","西班牙","10","一般贸易","23","千克","0","?","35,855",
"202406","85177990","品目85.17所列设备用其他零件","312","西班牙","15","进料加工贸易","2","千克","0","?","381",
"202406","85177990","品目85.17所列设备用其他零件","312","西班牙","33","保税监管场所进出境货物","25","千克","0","?","2,719",
"202406","85177990","品目85.17所列设备用其他零件","312","西班牙","34","海关特殊监管区域物流货物","2","千克","0","?","979",
"202406","85177990","品目85.17所列设备用其他零件","312","西班牙","39","其他","6","千克","0","?","118",
"202406","85177990","品目85.17所列设备用其他零件","315","奥地利","10","一般贸易","96","千克","0","?","433,317",
"202406","85177990","品目85.17所列设备用其他零件","315","奥地利","14","来料加工贸易","1","千克","0","?","640",
"202406","85177990","品目85.17所列设备用其他零件","315","奥地利","15","进料加工贸易","85","千克","0","?","247,429",
"202406","85177990","品目85.17所列设备用其他零件","315","奥地利","34","海关特殊监管区域物流货物","3","千克","0","?","2,469",
"202406","85177990","品目85.17所列设备用其他零件","318","芬兰","10","一般贸易","772","千克","0","?","123,964",
"202406","85177990","品目85.17所列设备用其他零件","318","芬兰","15","进料加工贸易","1","千克","0","?","357",
"202406","85177990","品目85.17所列设备用其他零件","318","芬兰","34","海关特殊监管区域物流货物","4434","千克","0","?","1,901,335",
"202406","85177990","品目85.17所列设备用其他零件","318","芬兰","39","其他","4","千克","0","?","1,779",
"202406","85177990","品目85.17所列设备用其他零件","321","匈牙利","10","一般贸易","13619","千克","0","?","435,690",
"202406","85177990","品目85.17所列设备用其他零件","321","匈牙利","15","进料加工贸易","200","千克","0","?","222,825",
"202406","85177990","品目85.17所列设备用其他零件","321","匈牙利","34","海关特殊监管区域物流货物","653","千克","0","?","104,276",
"202406","85177990","品目85.17所列设备用其他零件","321","匈牙利","39","其他","4","千克","0","?","6,533",
"202406","85177990","品目85.17所列设备用其他零件","324","马耳他","10","一般贸易","1","千克","0","?","122",
"202406","85177990","品目85.17所列设备用其他零件","326","挪威","10","一般贸易","21","千克","0","?","24,269",
"202406","85177990","品目85.17所列设备用其他零件","326","挪威","15","进料加工贸易","8","千克","0","?","33,399",
"202406","85177990","品目85.17所列设备用其他零件","326","挪威","33","保税监管场所进出境货物","91","千克","0","?","16,734",
"202406","85177990","品目85.17所列设备用其他零件","327","波兰","10","一般贸易","11926","千克","0","?","1,249,183",
"202406","85177990","品目85.17所列设备用其他零件","327","波兰","33","保税监管场所进出境货物","7","千克","0","?","1,512",
"202406","85177990","品目85.17所列设备用其他零件","327","波兰","34","海关特殊监管区域物流货物","2523","千克","0","?","142,448",
"202406","85177990","品目85.17所列设备用其他零件","327","波兰","39","其他","1","千克","0","?","310",
"202406","85177990","品目85.17所列设备用其他零件","328","罗马尼亚","10","一般贸易","2489","千克","0","?","1,253,536",
"202406","85177990","品目85.17所列设备用其他零件","328","罗马尼亚","15","进料加工贸易","75","千克","0","?","156,510",
"202406","85177990","品目85.17所列设备用其他零件","328","罗马尼亚","34","海关特殊监管区域物流货物","54","千克","0","?","7,218",
"202406","85177990","品目85.17所列设备用其他零件","328","罗马尼亚","39","其他","4","千克","0","?","625",
"202406","85177990","品目85.17所列设备用其他零件","330","瑞典","10","一般贸易","436","千克","0","?","615,643",
"202406","85177990","品目85.17所列设备用其他零件","330","瑞典","15","进料加工贸易","11","千克","0","?","7,349",
"202406","85177990","品目85.17所列设备用其他零件","330","瑞典","33","保税监管场所进出境货物","1","千克","0","?","6,110",
"202406","85177990","品目85.17所列设备用其他零件","330","瑞典","39","其他","0","千克","0","?","54",
"202406","85177990","品目85.17所列设备用其他零件","331","瑞士","10","一般贸易","218","千克","0","?","1,484,390",
"202406","85177990","品目85.17所列设备用其他零件","331","瑞士","15","进料加工贸易","98","千克","0","?","513,826",
"202406","85177990","品目85.17所列设备用其他零件","331","瑞士","34","海关特殊监管区域物流货物","8","千克","0","?","10,980",
"202406","85177990","品目85.17所列设备用其他零件","331","瑞士","39","其他","8","千克","0","?","1,550",
"202406","85177990","品目85.17所列设备用其他零件","334","爱沙尼亚","10","一般贸易","3447","千克","0","?","922,960",
"202406","85177990","品目85.17所列设备用其他零件","334","爱沙尼亚","39","其他","8","千克","0","?","5,654",
"202406","85177990","品目85.17所列设备用其他零件","335","拉脱维亚","10","一般贸易","422","千克","0","?","193,045",
"202406","85177990","品目85.17所列设备用其他零件","336","立陶宛","10","一般贸易","28","千克","0","?","37,161",
"202406","85177990","品目85.17所列设备用其他零件","336","立陶宛","34","海关特殊监管区域物流货物","260","千克","0","?","28,080",
"202406","85177990","品目85.17所列设备用其他零件","336","立陶宛","39","其他","0","千克","0","?","489",
"202406","85177990","品目85.17所列设备用其他零件","344","俄罗斯","10","一般贸易","6","千克","0","?","600",
"202406","85177990","品目85.17所列设备用其他零件","347","乌克兰","10","一般贸易","622","千克","0","?","34,707",
"202406","85177990","品目85.17所列设备用其他零件","352","捷克","10","一般贸易","947","千克","0","?","118,741",
"202406","85177990","品目85.17所列设备用其他零件","352","捷克","15","进料加工贸易","107","千克","0","?","4,025",
"202406","85177990","品目85.17所列设备用其他零件","352","捷克","33","保税监管场所进出境货物","540","千克","0","?","6,608,217",
"202406","85177990","品目85.17所列设备用其他零件","352","捷克","34","海关特殊监管区域物流货物","9","千克","0","?","33,162",
"202406","85177990","品目85.17所列设备用其他零件","352","捷克","39","其他","1","千克","0","?","125",
"202406","85177990","品目85.17所列设备用其他零件","353","斯洛伐克","10","一般贸易","16","千克","0","?","3,907",
"202406","85177990","品目85.17所列设备用其他零件","402","阿根廷","39","其他","12","千克","0","?","1,024",
"202406","85177990","品目85.17所列设备用其他零件","410","巴西","34","海关特殊监管区域物流货物","113","千克","0","?","9,884",
"202406","85177990","品目85.17所列设备用其他零件","415","哥斯达黎加","10","一般贸易","4","千克","0","?","5,354",
"202406","85177990","品目85.17所列设备用其他零件","415","哥斯达黎加","15","进料加工贸易","1","千克","0","?","14,624",
"202406","85177990","品目85.17所列设备用其他零件","429","墨西哥","10","一般贸易","2424","千克","0","?","786,650",
"202406","85177990","品目85.17所列设备用其他零件","429","墨西哥","15","进料加工贸易","2567","千克","0","?","1,157,407",
"202406","85177990","品目85.17所列设备用其他零件","429","墨西哥","33","保税监管场所进出境货物","12","千克","0","?","13,919",
"202406","85177990","品目85.17所列设备用其他零件","429","墨西哥","34","海关特殊监管区域物流货物","43263","千克","0","?","5,534,292",
"202406","85177990","品目85.17所列设备用其他零件","429","墨西哥","39","其他","153","千克","0","?","121,790",
"202406","85177990","品目85.17所列设备用其他零件","501","加拿大","10","一般贸易","147","千克","0","?","123,855",
"202406","85177990","品目85.17所列设备用其他零件","501","加拿大","15","进料加工贸易","60","千克","0","?","124,066",
"202406","85177990","品目85.17所列设备用其他零件","501","加拿大","34","海关特殊监管区域物流货物","2","千克","0","?","69,782",
"202406","85177990","品目85.17所列设备用其他零件","501","加拿大","39","其他","7","千克","0","?","211",
"202406","85177990","品目85.17所列设备用其他零件","502","美国","10","一般贸易","4235","千克","0","?","2,061,890",
"202406","85177990","品目85.17所列设备用其他零件","502","美国","14","来料加工贸易","73","千克","0","?","120,879",
"202406","85177990","品目85.17所列设备用其他零件","502","美国","15","进料加工贸易","1240","千克","0","?","772,490",
"202406","85177990","品目85.17所列设备用其他零件","502","美国","33","保税监管场所进出境货物","368","千克","0","?","154,686",
"202406","85177990","品目85.17所列设备用其他零件","502","美国","34","海关特殊监管区域物流货物","655","千克","0","?","305,088",
"202406","85177990","品目85.17所列设备用其他零件","502","美国","35","海关特殊监管区域进口设备","14","千克","0","?","24,537",
"202406","85177990","品目85.17所列设备用其他零件","502","美国","39","其他","141","千克","0","?","89,772",
"202406","85177990","品目85.17所列设备用其他零件","601","澳大利亚","10","一般贸易","311","千克","0","?","2,003,990",
"202406","85177990","品目85.17所列设备用其他零件","601","澳大利亚","15","进料加工贸易","14","千克","0","?","26,523",
"202406","85177990","品目85.17所列设备用其他零件","601","澳大利亚","33","保税监管场所进出境货物","2","千克","0","?","3,323",
"202406","85177990","品目85.17所列设备用其他零件","601","澳大利亚","39","其他","1","千克","0","?","895",
"202406","85177990","品目85.17所列设备用其他零件","609","新西兰","10","一般贸易","3","千克","0","?","16,746",
"202406","85414900","其他光敏半导体器件","110","中国香港","10","一般贸易","1","个","0","千克","40",
"202406","85414900","其他光敏半导体器件","111","印度","10","一般贸易","40","个","0","千克","104",
"202406","85414900","其他光敏半导体器件","111","印度","34","海关特殊监管区域物流货物","10","个","0","千克","122",
"202406","85414900","其他光敏半导体器件","112","印度尼西亚","10","一般贸易","14655040","个","6454","千克","518,965",
"202406","85414900","其他光敏半导体器件","112","印度尼西亚","14","来料加工贸易","316000","个","408","千克","28,293",
"202406","85414900","其他光敏半导体器件","112","印度尼西亚","15","进料加工贸易","37000","个","13","千克","23,252",
"202406","85414900","其他光敏半导体器件","115","以色列","10","一般贸易","532","个","5","千克","985",
"202406","85414900","其他光敏半导体器件","116","日本","10","一般贸易","21003844","个","11263","千克","13,316,503",
"202406","85414900","其他光敏半导体器件","116","日本","14","来料加工贸易","330651","个","78","千克","86,217",
"202406","85414900","其他光敏半导体器件","116","日本","15","进料加工贸易","10819190","个","1367","千克","3,011,565",
"202406","85414900","其他光敏半导体器件","116","日本","33","保税监管场所进出境货物","866265","个","370","千克","1,718,157",
"202406","85414900","其他光敏半导体器件","116","日本","34","海关特殊监管区域物流货物","8608882","个","3275","千克","4,875,135",
"202406","85414900","其他光敏半导体器件","116","日本","35","海关特殊监管区域进口设备","3","个","0","千克","2,157",
"202406","85414900","其他光敏半导体器件","116","日本","39","其他","4224","个","0","千克","6,818",
"202406","85414900","其他光敏半导体器件","122","马来西亚","10","一般贸易","11214381","个","3882","千克","1,900,065",
"202406","85414900","其他光敏半导体器件","122","马来西亚","14","来料加工贸易","33000","个","2","千克","5,538",
"202406","85414900","其他光敏半导体器件","122","马来西亚","15","进料加工贸易","2698775","个","618","千克","3,833,904",
"202406","85414900","其他光敏半导体器件","122","马来西亚","33","保税监管场所进出境货物","17100","个","1","千克","11,437",
"202406","85414900","其他光敏半导体器件","122","马来西亚","34","海关特殊监管区域物流货物","9657545","个","90891","千克","7,030,432",
"202406","85414900","其他光敏半导体器件","122","马来西亚","39","其他","540","个","1","千克","956",
"202406","85414900","其他光敏半导体器件","129","菲律宾","10","一般贸易","6720354","个","3456","千克","2,956,393",
"202406","85414900","其他光敏半导体器件","129","菲律宾","14","来料加工贸易","41147","个","9","千克","7,455",
"202406","85414900","其他光敏半导体器件","129","菲律宾","15","进料加工贸易","1554304","个","676","千克","920,721",
"202406","85414900","其他光敏半导体器件","129","菲律宾","33","保税监管场所进出境货物","111717","个","39","千克","58,949",
"202406","85414900","其他光敏半导体器件","129","菲律宾","34","海关特殊监管区域物流货物","1965982","个","377","千克","1,033,282",
"202406","85414900","其他光敏半导体器件","132","新加坡","10","一般贸易","10662","个","12","千克","123,395",
"202406","85414900","其他光敏半导体器件","132","新加坡","15","进料加工贸易","918313","个","4","千克","904,538",
"202406","85414900","其他光敏半导体器件","132","新加坡","34","海关特殊监管区域物流货物","6953","个","4","千克","36,617",
"202406","85414900","其他光敏半导体器件","132","新加坡","35","海关特殊监管区域进口设备","11","个","1","千克","938",
"202406","85414900","其他光敏半导体器件","133","韩国","10","一般贸易","19797009","个","411","千克","446,300",
"202406","85414900","其他光敏半导体器件","133","韩国","14","来料加工贸易","305150","个","14","千克","53,504",
"202406","85414900","其他光敏半导体器件","133","韩国","15","进料加工贸易","68698988","个","1367","千克","1,162,554",
"202406","85414900","其他光敏半导体器件","133","韩国","33","保税监管场所进出境货物","372000","个","21","千克","45,298",
"202406","85414900","其他光敏半导体器件","133","韩国","34","海关特殊监管区域物流货物","798600","个","589","千克","144,896",
"202406","85414900","其他光敏半导体器件","133","韩国","35","海关特殊监管区域进口设备","1","个","0","千克","16",
"202406","85414900","其他光敏半导体器件","133","韩国","39","其他","4330","个","5","千克","136",
"202406","85414900","其他光敏半导体器件","136","泰国","10","一般贸易","115812719","个","49378","千克","13,869,431",
"202406","85414900","其他光敏半导体器件","136","泰国","14","来料加工贸易","469566","个","72","千克","44,429",
"202406","85414900","其他光敏半导体器件","136","泰国","15","进料加工贸易","9952079","个","3117","千克","1,648,568",
"202406","85414900","其他光敏半导体器件","136","泰国","33","保税监管场所进出境货物","1326067","个","288","千克","141,205",
"202406","85414900","其他光敏半导体器件","136","泰国","34","海关特殊监管区域物流货物","36544043","个","7645","千克","7,122,417",
"202406","85414900","其他光敏半导体器件","136","泰国","39","其他","7782","个","1","千克","1,575",
"202406","85414900","其他光敏半导体器件","141","越南","10","一般贸易","2171","个","7","千克","25,491",
"202406","85414900","其他光敏半导体器件","141","越南","33","保税监管场所进出境货物","3","个","0","千克","297",
"202406","85414900","其他光敏半导体器件","142","中国","10","一般贸易","572109899","个","216828","千克","19,096,668",
"202406","85414900","其他光敏半导体器件","142","中国","14","来料加工贸易","6269302","个","1532","千克","425,364",
"202406","85414900","其他光敏半导体器件","142","中国","15","进料加工贸易","64052809","个","15087","千克","2,997,205",
"202406","85414900","其他光敏半导体器件","142","中国","33","保税监管场所进出境货物","9520216","个","2678","千克","301,487",
"202406","85414900","其他光敏半导体器件","142","中国","34","海关特殊监管区域物流货物","71884069","个","24902","千克","3,471,042",
"202406","85414900","其他光敏半导体器件","142","中国","39","其他","187831","个","85","千克","2,329",
"202406","85414900","其他光敏半导体器件","143","中国台湾","10","一般贸易","91640181","个","13373","千克","14,378,619",
"202406","85414900","其他光敏半导体器件","143","中国台湾","14","来料加工贸易","145732","个","34","千克","80,946",
"202406","85414900","其他光敏半导体器件","143","中国台湾","15","进料加工贸易","14196741","个","3308","千克","2,169,940",
"202406","85414900","其他光敏半导体器件","143","中国台湾","33","保税监管场所进出境货物","289020","个","19","千克","33,715",
"202406","85414900","其他光敏半导体器件","143","中国台湾","34","海关特殊监管区域物流货物","1722228","个","364","千克","1,104,227",
"202406","85414900","其他光敏半导体器件","143","中国台湾","39","其他","850","个","1","千克","778",
"202406","85414900","其他光敏半导体器件","206","喀麦隆","34","海关特殊监管区域物流货物","1000","个","0","千克","111",
"202406","85414900","其他光敏半导体器件","232","摩洛哥","34","海关特殊监管区域物流货物","7","个","0","千克","106",
"202406","85414900","其他光敏半导体器件","301","比利时","10","一般贸易","1","个","20","千克","790",
"202406","85414900","其他光敏半导体器件","302","丹麦","10","一般贸易","143","个","2","千克","2,309",
"202406","85414900","其他光敏半导体器件","303","英国","10","一般贸易","4339788","个","137","千克","310,244",
"202406","85414900","其他光敏半导体器件","303","英国","15","进料加工贸易","4013","个","0","千克","2,027",
"202406","85414900","其他光敏半导体器件","303","英国","34","海关特殊监管区域物流货物","1346","个","12","千克","25,615",
"202406","85414900","其他光敏半导体器件","303","英国","39","其他","65","个","0","千克","246",
"202406","85414900","其他光敏半导体器件","304","德国","10","一般贸易","84119","个","49","千克","467,469",
"202406","85414900","其他光敏半导体器件","304","德国","15","进料加工贸易","125962","个","10","千克","67,933",
"202406","85414900","其他光敏半导体器件","304","德国","33","保税监管场所进出境货物","9","个","0","千克","948",
"202406","85414900","其他光敏半导体器件","304","德国","34","海关特殊监管区域物流货物","126575","个","15","千克","28,037",
"202406","85414900","其他光敏半导体器件","304","德国","35","海关特殊监管区域进口设备","1","个","0","千克","368",
"202406","85414900","其他光敏半导体器件","304","德国","39","其他","100","个","0","千克","1,211",
"202406","85414900","其他光敏半导体器件","305","法国","10","一般贸易","6","个","0","千克","836",
"202406","85414900","其他光敏半导体器件","306","爱尔兰","10","一般贸易","85","个","4","千克","27,365",
"202406","85414900","其他光敏半导体器件","306","爱尔兰","15","进料加工贸易","2000","个","0","千克","2,379",
"202406","85414900","其他光敏半导体器件","307","意大利","10","一般贸易","1083","个","82","千克","210,895",
"202406","85414900","其他光敏半导体器件","307","意大利","34","海关特殊监管区域物流货物","9","个","0","千克","547",
"202406","85414900","其他光敏半导体器件","307","意大利","39","其他","2","个","0","千克","29",
"202406","85414900","其他光敏半导体器件","309","荷兰","33","保税监管场所进出境货物","2","个","0","千克","7,695",
"202406","85414900","其他光敏半导体器件","315","奥地利","14","来料加工贸易","12000","个","0","千克","2,400",
"202406","85414900","其他光敏半导体器件","321","匈牙利","10","一般贸易","514","个","2","千克","224",
"202406","85414900","其他光敏半导体器件","321","匈牙利","15","进料加工贸易","1323","个","5","千克","6,218",
"202406","85414900","其他光敏半导体器件","321","匈牙利","34","海关特殊监管区域物流货物","106","个","0","千克","999",
"202406","85414900","其他光敏半导体器件","324","马耳他","10","一般贸易","62","个","0","千克","387",
"202406","85414900","其他光敏半导体器件","327","波兰","10","一般贸易","52","个","3","千克","85,667",
"202406","85414900","其他光敏半导体器件","330","瑞典","15","进料加工贸易","91","个","0","千克","12,069",
"202406","85414900","其他光敏半导体器件","331","瑞士","10","一般贸易","3154253","个","32","千克","2,683,571",
"202406","85414900","其他光敏半导体器件","331","瑞士","15","进料加工贸易","577075","个","7","千克","1,597,548",
"202406","85414900","其他光敏半导体器件","331","瑞士","39","其他","697","个","0","千克","2,170",
"202406","85414900","其他光敏半导体器件","352","捷克","10","一般贸易","346","个","14","千克","8,362",
"202406","85414900","其他光敏半导体器件","418","多米尼加
","34","海关特殊监管区域物流货物","271","个","65","千克","6,112",
"202406","85414900","其他光敏半导体器件","429","墨西哥","10","一般贸易","336151","个","554","千克","482,989",
"202406","85414900","其他光敏半导体器件","429","墨西哥","14","来料加工贸易","1000","个","0","千克","560",
"202406","85414900","其他光敏半导体器件","429","墨西哥","15","进料加工贸易","6654","个","0","千克","9,798",
"202406","85414900","其他光敏半导体器件","429","墨西哥","34","海关特殊监管区域物流货物","981","个","62","千克","12,456",
"202406","85414900","其他光敏半导体器件","501","加拿大","10","一般贸易","535","个","2","千克","19,681",
"202406","85414900","其他光敏半导体器件","501","加拿大","33","保税监管场所进出境货物","6","个","1","千克","2,524",
"202406","85414900","其他光敏半导体器件","501","加拿大","34","海关特殊监管区域物流货物","1","个","0","千克","716",
"202406","85414900","其他光敏半导体器件","502","美国","10","一般贸易","53521","个","63","千克","880,780",
"202406","85414900","其他光敏半导体器件","502","美国","14","来料加工贸易","1388389","个","7","千克","46,228",
"202406","85414900","其他光敏半导体器件","502","美国","15","进料加工贸易","766746","个","12","千克","977,769",
"202406","85414900","其他光敏半导体器件","502","美国","33","保税监管场所进出境货物","62","个","1","千克","5,106",
"202406","85414900","其他光敏半导体器件","502","美国","34","海关特殊监管区域物流货物","18024","个","7","千克","3,254",
"202406","85414900","其他光敏半导体器件","502","美国","35","海关特殊监管区域进口设备","9","个","2","千克","6,954",
"202406","85414900","其他光敏半导体器件","502","美国","39","其他","147","个","121","千克","4,934",
"202406","85414900","其他光敏半导体器件","601","澳大利亚","10","一般贸易","275","个","0","千克","12",
"202406","85414900","其他光敏半导体器件","701","国家（地区）不明
","10","一般贸易","3","个","0","千克","25",
"202407","85177950","光通信设备的激光收发模块","110","中国香港","10","一般贸易","0","千克","0","?","728",
"202407","85177950","光通信设备的激光收发模块","111","印度","10","一般贸易","2","千克","0","?","14,088",
"202407","85177950","光通信设备的激光收发模块","112","印度尼西亚","10","一般贸易","3","千克","0","?","2,902",
"202407","85177950","光通信设备的激光收发模块","112","印度尼西亚","15","进料加工贸易","2","千克","0","?","4,624",
"202407","85177950","光通信设备的激光收发模块","112","印度尼西亚","33","保税监管场所进出境货物","11","千克","0","?","20,700",
"202407","85177950","光通信设备的激光收发模块","115","以色列","10","一般贸易","6","千克","0","?","2,648",
"202407","85177950","光通信设备的激光收发模块","116","日本","10","一般贸易","341","千克","0","?","652,521",
"202407","85177950","光通信设备的激光收发模块","116","日本","15","进料加工贸易","0","千克","0","?","23",
"202407","85177950","光通信设备的激光收发模块","116","日本","34","海关特殊监管区域物流货物","2","千克","0","?","19,777",
"202407","85177950","光通信设备的激光收发模块","116","日本","39","其他","0","千克","0","?","4,800",
"202407","85177950","光通信设备的激光收发模块","120","黎巴嫩","10","一般贸易","114","千克","0","?","155,735",
"202407","85177950","光通信设备的激光收发模块","120","黎巴嫩","39","其他","0","千克","0","?","363",
"202407","85177950","光通信设备的激光收发模块","122","马来西亚","10","一般贸易","1976","千克","0","?","5,253,127",
"202407","85177950","光通信设备的激光收发模块","122","马来西亚","15","进料加工贸易","39","千克","0","?","47,051",
"202407","85177950","光通信设备的激光收发模块","122","马来西亚","33","保税监管场所进出境货物","275","千克","0","?","823,174",
"202407","85177950","光通信设备的激光收发模块","122","马来西亚","34","海关特殊监管区域物流货物","785","千克","0","?","2,361,162",
"202407","85177950","光通信设备的激光收发模块","122","马来西亚","39","其他","20","千克","0","?","37,216",
"202407","85177950","光通信设备的激光收发模块","129","菲律宾","10","一般贸易","982","千克","0","?","1,975,534",
"202407","85177950","光通信设备的激光收发模块","129","菲律宾","15","进料加工贸易","211","千克","0","?","247,714",
"202407","85177950","光通信设备的激光收发模块","129","菲律宾","33","保税监管场所进出境货物","0","千克","0","?","653",
"202407","85177950","光通信设备的激光收发模块","129","菲律宾","34","海关特殊监管区域物流货物","328","千克","0","?","743,849",
"202407","85177950","光通信设备的激光收发模块","132","新加坡","10","一般贸易","3","千克","0","?","7,333",
"202407","85177950","光通信设备的激光收发模块","132","新加坡","15","进料加工贸易","0","千克","0","?","1,942",
"202407","85177950","光通信设备的激光收发模块","132","新加坡","39","其他","1","千克","0","?","260",
"202407","85177950","光通信设备的激光收发模块","133","韩国","10","一般贸易","4","千克","0","?","125,698",
"202407","85177950","光通信设备的激光收发模块","133","韩国","34","海关特殊监管区域物流货物","94","千克","0","?","132,944",
"202407","85177950","光通信设备的激光收发模块","136","泰国","10","一般贸易","1007","千克","0","?","5,803,838",
"202407","85177950","光通信设备的激光收发模块","136","泰国","15","进料加工贸易","213","千克","0","?","284,142",
"202407","85177950","光通信设备的激光收发模块","136","泰国","33","保税监管场所进出境货物","1737","千克","0","?","10,834,509",
"202407","85177950","光通信设备的激光收发模块","136","泰国","34","海关特殊监管区域物流货物","205","千克","0","?","794,118",
"202407","85177950","光通信设备的激光收发模块","136","泰国","39","其他","8","千克","0","?","87,609",
"202407","85177950","光通信设备的激光收发模块","141","越南","10","一般贸易","3","千克","0","?","6,064",
"202407","85177950","光通信设备的激光收发模块","141","越南","14","来料加工贸易","9","千克","0","?","9,114",
"202407","85177950","光通信设备的激光收发模块","141","越南","15","进料加工贸易","0","千克","0","?","1,057",
"202407","85177950","光通信设备的激光收发模块","141","越南","34","海关特殊监管区域物流货物","4","千克","0","?","153",
"202407","85177950","光通信设备的激光收发模块","142","中国","10","一般贸易","4928","千克","0","?","18,935,909",
"202407","85177950","光通信设备的激光收发模块","142","中国","14","来料加工贸易","6","千克","0","?","15,948",
"202407","85177950","光通信设备的激光收发模块","142","中国","15","进料加工贸易","484","千克","0","?","547,710",
"202407","85177950","光通信设备的激光收发模块","142","中国","33","保税监管场所进出境货物","1070","千克","0","?","8,474,671",
"202407","85177950","光通信设备的激光收发模块","142","中国","34","海关特殊监管区域物流货物","370","千克","0","?","1,634,076",
"202407","85177950","光通信设备的激光收发模块","142","中国","35","海关特殊监管区域进口设备","3","千克","0","?","13,695",
"202407","85177950","光通信设备的激光收发模块","142","中国","39","其他","127","千克","0","?","93,416",
"202407","85177950","光通信设备的激光收发模块","143","中国台湾","10","一般贸易","754","千克","0","?","772,955",
"202407","85177950","光通信设备的激光收发模块","143","中国台湾","14","来料加工贸易","11","千克","0","?","5,330",
"202407","85177950","光通信设备的激光收发模块","143","中国台湾","15","进料加工贸易","372","千克","0","?","531,946",
"202407","85177950","光通信设备的激光收发模块","143","中国台湾","33","保税监管场所进出境货物","1","千克","0","?","277",
"202407","85177950","光通信设备的激光收发模块","143","中国台湾","34","海关特殊监管区域物流货物","221","千克","0","?","199,856",
"202407","85177950","光通信设备的激光收发模块","143","中国台湾","39","其他","28","千克","0","?","4,463",
"202407","85177950","光通信设备的激光收发模块","301","比利时","10","一般贸易","4","千克","0","?","6,632",
"202407","85177950","光通信设备的激光收发模块","302","丹麦","10","一般贸易","1","千克","0","?","1,075",
"202407","85177950","光通信设备的激光收发模块","303","英国","10","一般贸易","1","千克","0","?","4,785",
"202407","85177950","光通信设备的激光收发模块","304","德国","10","一般贸易","23","千克","0","?","68,714",
"202407","85177950","光通信设备的激光收发模块","304","德国","14","来料加工贸易","116","千克","0","?","62,175",
"202407","85177950","光通信设备的激光收发模块","304","德国","15","进料加工贸易","0","千克","0","?","941",
"202407","85177950","光通信设备的激光收发模块","304","德国","33","保税监管场所进出境货物","3","千克","0","?","9,182",
"202407","85177950","光通信设备的激光收发模块","305","法国","10","一般贸易","18","千克","0","?","533,650",
"202407","85177950","光通信设备的激光收发模块","307","意大利","10","一般贸易","2","千克","0","?","259",
"202407","85177950","光通信设备的激光收发模块","307","意大利","34","海关特殊监管区域物流货物","80","千克","0","?","45,475",
"202407","85177950","光通信设备的激光收发模块","309","荷兰","10","一般贸易","51","千克","0","?","23,934",
"202407","85177950","光通信设备的激光收发模块","309","荷兰","33","保税监管场所进出境货物","0","千克","0","?","806",
"202407","85177950","光通信设备的激光收发模块","309","荷兰","39","其他","0","千克","0","?","244",
"202407","85177950","光通信设备的激光收发模块","312","西班牙","10","一般贸易","20","千克","0","?","49,115",
"202407","85177950","光通信设备的激光收发模块","315","奥地利","10","一般贸易","1","千克","0","?","1,181",
"202407","85177950","光通信设备的激光收发模块","328","罗马尼亚","10","一般贸易","2","千克","0","?","5,324",
"202407","85177950","光通信设备的激光收发模块","330","瑞典","39","其他","5","千克","0","?","1,075",
"202407","85177950","光通信设备的激光收发模块","331","瑞士","39","其他","0","千克","0","?","1,000",
"202407","85177950","光通信设备的激光收发模块","415","哥斯达黎加","15","进料加工贸易","1","千克","0","?","36",
"202407","85177950","光通信设备的激光收发模块","429","墨西哥","10","一般贸易","62","千克","0","?","242,649",
"202407","85177950","光通信设备的激光收发模块","502","美国","10","一般贸易","68","千克","0","?","263,093",
"202407","85177950","光通信设备的激光收发模块","502","美国","14","来料加工贸易","0","千克","0","?","1,425",
"202407","85177950","光通信设备的激光收发模块","502","美国","15","进料加工贸易","6","千克","0","?","4,262",
"202407","85177950","光通信设备的激光收发模块","502","美国","34","海关特殊监管区域物流货物","4","千克","0","?","9,151",
"202407","85177950","光通信设备的激光收发模块","502","美国","39","其他","5","千克","0","?","24,723",
"202407","85177950","光通信设备的激光收发模块","601","澳大利亚","10","一般贸易","6","千克","0","?","30,194",
"202407","85177950","光通信设备的激光收发模块","601","澳大利亚","39","其他","1","千克","0","?","563",
"202407","85177990","品目85.17所列设备用其他零件","101","阿富汗","15","进料加工贸易","42","千克","0","?","54,304",
"202407","85177990","品目85.17所列设备用其他零件","106","缅甸","10","一般贸易","257","千克","0","?","22,884",
"202407","85177990","品目85.17所列设备用其他零件","107","柬埔寨","10","一般贸易","25","千克","0","?","56,458",
"202407","85177990","品目85.17所列设备用其他零件","107","柬埔寨","15","进料加工贸易","50","千克","0","?","461,175",
"202407","85177990","品目85.17所列设备用其他零件","108","塞浦路斯","33","保税监管场所进出境货物","98","千克","0","?","7,315",
"202407","85177990","品目85.17所列设备用其他零件","110","中国香港","10","一般贸易","23","千克","0","?","170,426",
"202407","85177990","品目85.17所列设备用其他零件","110","中国香港","33","保税监管场所进出境货物","76","千克","0","?","8,900",
"202407","85177990","品目85.17所列设备用其他零件","110","中国香港","34","海关特殊监管区域物流货物","63","千克","0","?","4,000",
"202407","85177990","品目85.17所列设备用其他零件","111","印度","10","一般贸易","2301","千克","0","?","294,775",
"202407","85177990","品目85.17所列设备用其他零件","111","印度","15","进料加工贸易","628","千克","0","?","141,495",
"202407","85177990","品目85.17所列设备用其他零件","111","印度","33","保税监管场所进出境货物","46","千克","0","?","490",
"202407","85177990","品目85.17所列设备用其他零件","111","印度","34","海关特殊监管区域物流货物","66373","千克","0","?","3,841,765",
"202407","85177990","品目85.17所列设备用其他零件","111","印度","39","其他","69","千克","0","?","18,426",
"202407","85177990","品目85.17所列设备用其他零件","112","印度尼西亚","10","一般贸易","624","千克","0","?","19,117",
"202407","85177990","品目85.17所列设备用其他零件","112","印度尼西亚","14","来料加工贸易","6","千克","0","?","8,707",
"202407","85177990","品目85.17所列设备用其他零件","112","印度尼西亚","15","进料加工贸易","45","千克","0","?","10,433",
"202407","85177990","品目85.17所列设备用其他零件","112","印度尼西亚","39","其他","1","千克","0","?","800",
"202407","85177990","品目85.17所列设备用其他零件","113","伊朗","10","一般贸易","20","千克","0","?","600",
"202407","85177990","品目85.17所列设备用其他零件","115","以色列","10","一般贸易","470","千克","0","?","1,382,956",
"202407","85177990","品目85.17所列设备用其他零件","115","以色列","15","进料加工贸易","0","千克","0","?","5,666",
"202407","85177990","品目85.17所列设备用其他零件","115","以色列","33","保税监管场所进出境货物","4","千克","0","?","2,588",
"202407","85177990","品目85.17所列设备用其他零件","115","以色列","34","海关特殊监管区域物流货物","2","千克","0","?","2,372",
"202407","85177990","品目85.17所列设备用其他零件","115","以色列","39","其他","41","千克","0","?","39,913",
"202407","85177990","品目85.17所列设备用其他零件","116","日本","10","一般贸易","5028","千克","0","?","7,538,409",
"202407","85177990","品目85.17所列设备用其他零件","116","日本","14","来料加工贸易","146","千克","0","?","39,840",
"202407","85177990","品目85.17所列设备用其他零件","116","日本","15","进料加工贸易","1190","千克","0","?","3,807,292",
"202407","85177990","品目85.17所列设备用其他零件","116","日本","33","保税监管场所进出境货物","1103","千克","0","?","537,031",
"202407","85177990","品目85.17所列设备用其他零件","116","日本","34","海关特殊监管区域物流货物","142","千克","0","?","1,406,995",
"202407","85177990","品目85.17所列设备用其他零件","116","日本","39","其他","55","千克","0","?","52,386",
"202407","85177990","品目85.17所列设备用其他零件","120","黎巴嫩","10","一般贸易","10","千克","0","?","34,207",
"202407","85177990","品目85.17所列设备用其他零件","122","马来西亚","10","一般贸易","5100","千克","0","?","10,051,423",
"202407","85177990","品目85.17所列设备用其他零件","122","马来西亚","14","来料加工贸易","2","千克","0","?","8,893",
"202407","85177990","品目85.17所列设备用其他零件","122","马来西亚","15","进料加工贸易","7152","千克","0","?","41,761,249",
"202407","85177990","品目85.17所列设备用其他零件","122","马来西亚","33","保税监管场所进出境货物","1150","千克","0","?","125,958",
"202407","85177990","品目85.17所列设备用其他零件","122","马来西亚","34","海关特殊监管区域物流货物","1254","千克","0","?","398,572",
"202407","85177990","品目85.17所列设备用其他零件","122","马来西亚","35","海关特殊监管区域进口设备","0","千克","0","?","2,994",
"202407","85177990","品目85.17所列设备用其他零件","122","马来西亚","39","其他","102","千克","0","?","67,881",
"202407","85177990","品目85.17所列设备用其他零件","129","菲律宾","10","一般贸易","1414","千克","0","?","2,032,278",
"202407","85177990","品目85.17所列设备用其他零件","129","菲律宾","15","进料加工贸易","450","千克","0","?","120,951",
"202407","85177990","品目85.17所列设备用其他零件","129","菲律宾","33","保税监管场所进出境货物","28","千克","0","?","14,777",
"202407","85177990","品目85.17所列设备用其他零件","129","菲律宾","34","海关特殊监管区域物流货物","194","千克","0","?","490,482",
"202407","85177990","品目85.17所列设备用其他零件","129","菲律宾","39","其他","0","千克","0","?","820",
"202407","85177990","品目85.17所列设备用其他零件","132","新加坡","10","一般贸易","2435","千克","0","?","3,747,760",
"202407","85177990","品目85.17所列设备用其他零件","132","新加坡","15","进料加工贸易","4018","千克","0","?","913,716",
"202407","85177990","品目85.17所列设备用其他零件","132","新加坡","33","保税监管场所进出境货物","3077","千克","0","?","401,205",
"202407","85177990","品目85.17所列设备用其他零件","132","新加坡","34","海关特殊监管区域物流货物","1540","千克","0","?","221,850",
"202407","85177990","品目85.17所列设备用其他零件","132","新加坡","39","其他","21","千克","0","?","1,714",
"202407","85177990","品目85.17所列设备用其他零件","133","韩国","10","一般贸易","5634","千克","0","?","1,475,459",
"202407","85177990","品目85.17所列设备用其他零件","133","韩国","14","来料加工贸易","456","千克","0","?","13,202",
"202407","85177990","品目85.17所列设备用其他零件","133","韩国","15","进料加工贸易","2746","千克","0","?","12,022,329",
"202407","85177990","品目85.17所列设备用其他零件","133","韩国","33","保税监管场所进出境货物","1055","千克","0","?","179,805",
"202407","85177990","品目85.17所列设备用其他零件","133","韩国","34","海关特殊监管区域物流货物","1410","千克","0","?","203,608",
"202407","85177990","品目85.17所列设备用其他零件","133","韩国","39","其他","401","千克","0","?","138,692",
"202407","85177990","品目85.17所列设备用其他零件","136","泰国","10","一般贸易","7525","千克","0","?","19,987,424",
"202407","85177990","品目85.17所列设备用其他零件","136","泰国","14","来料加工贸易","6","千克","0","?","18,845",
"202407","85177990","品目85.17所列设备用其他零件","136","泰国","15","进料加工贸易","1616","千克","0","?","3,457,823",
"202407","85177990","品目85.17所列设备用其他零件","136","泰国","33","保税监管场所进出境货物","62","千克","0","?","31,958",
"202407","85177990","品目85.17所列设备用其他零件","136","泰国","34","海关特殊监管区域物流货物","877","千克","0","?","1,271,772",
"202407","85177990","品目85.17所列设备用其他零件","136","泰国","39","其他","41","千克","0","?","93,727",
"202407","85177990","品目85.17所列设备用其他零件","137","土耳其","10","一般贸易","54","千克","0","?","9,356",
"202407","85177990","品目85.17所列设备用其他零件","137","土耳其","39","其他","13","千克","0","?","41",
"202407","85177990","品目85.17所列设备用其他零件","138","阿联酋","33","保税监管场所进出境货物","110","千克","0","?","12,545",
"202407","85177990","品目85.17所列设备用其他零件","141","越南","10","一般贸易","17411","千克","0","?","1,747,399",
"202407","85177990","品目85.17所列设备用其他零件","141","越南","14","来料加工贸易","7","千克","0","?","341",
"202407","85177990","品目85.17所列设备用其他零件","141","越南","15","进料加工贸易","3103","千克","0","?","1,987,843",
"202407","85177990","品目85.17所列设备用其他零件","141","越南","33","保税监管场所进出境货物","33","千克","0","?","87,174",
"202407","85177990","品目85.17所列设备用其他零件","141","越南","34","海关特殊监管区域物流货物","134734","千克","0","?","26,985,012",
"202407","85177990","品目85.17所列设备用其他零件","141","越南","39","其他","76","千克","0","?","75,166",
"202407","85177990","品目85.17所列设备用其他零件","142","中国","10","一般贸易","130469","千克","0","?","30,793,654",
"202407","85177990","品目85.17所列设备用其他零件","142","中国","14","来料加工贸易","6291","千克","0","?","209,896",
"202407","85177990","品目85.17所列设备用其他零件","142","中国","15","进料加工贸易","207861","千克","0","?","28,852,610",
"202407","85177990","品目85.17所列设备用其他零件","142","中国","33","保税监管场所进出境货物","56578","千克","0","?","3,066,532",
"202407","85177990","品目85.17所列设备用其他零件","142","中国","34","海关特殊监管区域物流货物","26465","千克","0","?","2,511,421",
"202407","85177990","品目85.17所列设备用其他零件","142","中国","35","海关特殊监管区域进口设备","0","千克","0","?","105",
"202407","85177990","品目85.17所列设备用其他零件","142","中国","39","其他","1426","千克","0","?","184,420",
"202407","85177990","品目85.17所列设备用其他零件","143","中国台湾","10","一般贸易","9840","千克","0","?","5,984,626",
"202407","85177990","品目85.17所列设备用其他零件","143","中国台湾","14","来料加工贸易","29","千克","0","?","9,209",
"202407","85177990","品目85.17所列设备用其他零件","143","中国台湾","15","进料加工贸易","45164","千克","0","?","32,600,629",
"202407","85177990","品目85.17所列设备用其他零件","143","中国台湾","33","保税监管场所进出境货物","107","千克","0","?","81,410",
"202407","85177990","品目85.17所列设备用其他零件","143","中国台湾","34","海关特殊监管区域物流货物","6769","千克","0","?","280,941",
"202407","85177990","品目85.17所列设备用其他零件","143","中国台湾","39","其他","219","千克","0","?","56,012",
"202407","85177990","品目85.17所列设备用其他零件","215","埃及","34","海关特殊监管区域物流货物","4","千克","0","?","2,821",
"202407","85177990","品目85.17所列设备用其他零件","232","摩洛哥","34","海关特殊监管区域物流货物","57","千克","0","?","486,807",
"202407","85177990","品目85.17所列设备用其他零件","232","摩洛哥","39","其他","2","千克","0","?","12",
"202407","85177990","品目85.17所列设备用其他零件","244","南非","10","一般贸易","8","千克","0","?","54,292",
"202407","85177990","品目85.17所列设备用其他零件","249","突尼斯","10","一般贸易","20","千克","0","?","3,741",
"202407","85177990","品目85.17所列设备用其他零件","301","比利时","10","一般贸易","131","千克","0","?","19,343",
"202407","85177990","品目85.17所列设备用其他零件","301","比利时","15","进料加工贸易","29","千克","0","?","5,408",
"202407","85177990","品目85.17所列设备用其他零件","301","比利时","39","其他","4","千克","0","?","164",
"202407","85177990","品目85.17所列设备用其他零件","302","丹麦","10","一般贸易","4922","千克","0","?","755,520",
"202407","85177990","品目85.17所列设备用其他零件","302","丹麦","14","来料加工贸易","33","千克","0","?","2,308",
"202407","85177990","品目85.17所列设备用其他零件","302","丹麦","15","进料加工贸易","6","千克","0","?","20,223",
"202407","85177990","品目85.17所列设备用其他零件","302","丹麦","33","保税监管场所进出境货物","44","千克","0","?","67,974",
"202407","85177990","品目85.17所列设备用其他零件","302","丹麦","34","海关特殊监管区域物流货物","37","千克","0","?","4,868",
"202407","85177990","品目85.17所列设备用其他零件","303","英国","10","一般贸易","2326","千克","0","?","1,679,136",
"202407","85177990","品目85.17所列设备用其他零件","303","英国","15","进料加工贸易","291","千克","0","?","95,529",
"202407","85177990","品目85.17所列设备用其他零件","303","英国","33","保税监管场所进出境货物","165","千克","0","?","30,218",
"202407","85177990","品目85.17所列设备用其他零件","303","英国","34","海关特殊监管区域物流货物","297","千克","0","?","14,788",
"202407","85177990","品目85.17所列设备用其他零件","303","英国","39","其他","3","千克","0","?","2,081",
"202407","85177990","品目85.17所列设备用其他零件","304","德国","10","一般贸易","5962","千克","0","?","2,261,367",
"202407","85177990","品目85.17所列设备用其他零件","304","德国","14","来料加工贸易","0","千克","0","?","613",
"202407","85177990","品目85.17所列设备用其他零件","304","德国","15","进料加工贸易","106","千克","0","?","102,931",
"202407","85177990","品目85.17所列设备用其他零件","304","德国","33","保税监管场所进出境货物","478","千克","0","?","246,142",
"202407","85177990","品目85.17所列设备用其他零件","304","德国","34","海关特殊监管区域物流货物","498","千克","0","?","86,457",
"202407","85177990","品目85.17所列设备用其他零件","304","德国","39","其他","34","千克","0","?","79,154",
"202407","85177990","品目85.17所列设备用其他零件","305","法国","10","一般贸易","466","千克","0","?","1,170,766",
"202407","85177990","品目85.17所列设备用其他零件","305","法国","15","进料加工贸易","210","千克","0","?","3,807,791",
"202407","85177990","品目85.17所列设备用其他零件","305","法国","33","保税监管场所进出境货物","26","千克","0","?","11,077",
"202407","85177990","品目85.17所列设备用其他零件","305","法国","34","海关特殊监管区域物流货物","4","千克","0","?","4,820",
"202407","85177990","品目85.17所列设备用其他零件","307","意大利","10","一般贸易","3354","千克","0","?","376,255",
"202407","85177990","品目85.17所列设备用其他零件","307","意大利","14","来料加工贸易","5","千克","0","?","3,371",
"202407","85177990","品目85.17所列设备用其他零件","307","意大利","15","进料加工贸易","731","千克","0","?","6,023",
"202407","85177990","品目85.17所列设备用其他零件","307","意大利","33","保税监管场所进出境货物","42","千克","0","?","6,650",
"202407","85177990","品目85.17所列设备用其他零件","307","意大利","34","海关特殊监管区域物流货物","21","千克","0","?","46,096",
"202407","85177990","品目85.17所列设备用其他零件","307","意大利","39","其他","4","千克","0","?","54",
"202407","85177990","品目85.17所列设备用其他零件","309","荷兰","10","一般贸易","13","千克","0","?","24,754",
"202407","85177990","品目85.17所列设备用其他零件","309","荷兰","14","来料加工贸易","9","千克","0","?","16,526",
"202407","85177990","品目85.17所列设备用其他零件","309","荷兰","33","保税监管场所进出境货物","851","千克","0","?","89,490",
"202407","85177990","品目85.17所列设备用其他零件","309","荷兰","34","海关特殊监管区域物流货物","281","千克","0","?","23,803",
"202407","85177990","品目85.17所列设备用其他零件","310","希腊","10","一般贸易","36","千克","0","?","15,462",
"202407","85177990","品目85.17所列设备用其他零件","310","希腊","33","保税监管场所进出境货物","1208","千克","0","?","66,350",
"202407","85177990","品目85.17所列设备用其他零件","310","希腊","34","海关特殊监管区域物流货物","6","千克","0","?","1,164",
"202407","85177990","品目85.17所列设备用其他零件","311","葡萄牙","10","一般贸易","1","千克","0","?","331",
"202407","85177990","品目85.17所列设备用其他零件","311","葡萄牙","15","进料加工贸易","2","千克","0","?","618",
"202407","85177990","品目85.17所列设备用其他零件","311","葡萄牙","33","保税监管场所进出境货物","39","千克","0","?","35,741",
"202407","85177990","品目85.17所列设备用其他零件","311","葡萄牙","34","海关特殊监管区域物流货物","96","千克","0","?","26,298",
"202407","85177990","品目85.17所列设备用其他零件","312","西班牙","10","一般贸易","240","千克","0","?","7,691",
"202407","85177990","品目85.17所列设备用其他零件","312","西班牙","39","其他","30","千克","0","?","664",
"202407","85177990","品目85.17所列设备用其他零件","314","安道尔","15","进料加工贸易","18","千克","0","?","1,833",
"202407","85177990","品目85.17所列设备用其他零件","315","奥地利","10","一般贸易","443","千克","0","?","720,040",
"202407","85177990","品目85.17所列设备用其他零件","315","奥地利","14","来料加工贸易","1","千克","0","?","158",
"202407","85177990","品目85.17所列设备用其他零件","315","奥地利","15","进料加工贸易","143","千克","0","?","583,875",
"202407","85177990","品目85.17所列设备用其他零件","315","奥地利","34","海关特殊监管区域物流货物","14","千克","0","?","10,730",
"202407","85177990","品目85.17所列设备用其他零件","315","奥地利","39","其他","6","千克","0","?","2,939",
"202407","85177990","品目85.17所列设备用其他零件","316","保加利亚","10","一般贸易","90","千克","0","?","2,749",
"202407","85177990","品目85.17所列设备用其他零件","318","芬兰","10","一般贸易","1150","千克","0","?","142,802",
"202407","85177990","品目85.17所列设备用其他零件","318","芬兰","34","海关特殊监管区域物流货物","3129","千克","0","?","1,509,025",
"202407","85177990","品目85.17所列设备用其他零件","318","芬兰","39","其他","54","千克","0","?","19,058",
"202407","85177990","品目85.17所列设备用其他零件","321","匈牙利","10","一般贸易","1957","千克","0","?","210,495",
"202407","85177990","品目85.17所列设备用其他零件","321","匈牙利","15","进料加工贸易","165","千克","0","?","240,677",
"202407","85177990","品目85.17所列设备用其他零件","321","匈牙利","34","海关特殊监管区域物流货物","1916","千克","0","?","350,251",
"202407","85177990","品目85.17所列设备用其他零件","321","匈牙利","39","其他","21","千克","0","?","13,784",
"202407","85177990","品目85.17所列设备用其他零件","326","挪威","14","来料加工贸易","5","千克","0","?","1,003",
"202407","85177990","品目85.17所列设备用其他零件","326","挪威","33","保税监管场所进出境货物","114","千克","0","?","45,727",
"202407","85177990","品目85.17所列设备用其他零件","326","挪威","34","海关特殊监管区域物流货物","69","千克","0","?","23,540",
"202407","85177990","品目85.17所列设备用其他零件","327","波兰","10","一般贸易","7855","千克","0","?","994,607",
"202407","85177990","品目85.17所列设备用其他零件","327","波兰","34","海关特殊监管区域物流货物","2864","千克","0","?","248,838",
"202407","85177990","品目85.17所列设备用其他零件","327","波兰","39","其他","300","千克","0","?","66,312",
"202407","85177990","品目85.17所列设备用其他零件","328","罗马尼亚","10","一般贸易","1484","千克","0","?","967,664",
"202407","85177990","品目85.17所列设备用其他零件","328","罗马尼亚","15","进料加工贸易","69","千克","0","?","174,269",
"202407","85177990","品目85.17所列设备用其他零件","328","罗马尼亚","34","海关特殊监管区域物流货物","469","千克","0","?","162,609",
"202407","85177990","品目85.17所列设备用其他零件","328","罗马尼亚","39","其他","4","千克","0","?","7,250",
"202407","85177990","品目85.17所列设备用其他零件","330","瑞典","10","一般贸易","482","千克","0","?","806,396",
"202407","85177990","品目85.17所列设备用其他零件","330","瑞典","15","进料加工贸易","262","千克","0","?","6,019",
"202407","85177990","品目85.17所列设备用其他零件","330","瑞典","33","保税监管场所进出境货物","34","千克","0","?","24,689",
"202407","85177990","品目85.17所列设备用其他零件","330","瑞典","34","海关特殊监管区域物流货物","7","千克","0","?","8,089",
"202407","85177990","品目85.17所列设备用其他零件","330","瑞典","39","其他","4","千克","0","?","9,817",
"202407","85177990","品目85.17所列设备用其他零件","331","瑞士","10","一般贸易","258","千克","0","?","1,052,914",
"202407","85177990","品目85.17所列设备用其他零件","331","瑞士","15","进料加工贸易","465","千克","0","?","3,145,588",
"202407","85177990","品目85.17所列设备用其他零件","331","瑞士","33","保税监管场所进出境货物","74","千克","0","?","12,800",
"202407","85177990","品目85.17所列设备用其他零件","331","瑞士","34","海关特殊监管区域物流货物","2","千克","0","?","42,836",
"202407","85177990","品目85.17所列设备用其他零件","331","瑞士","39","其他","2","千克","0","?","546",
"202407","85177990","品目85.17所列设备用其他零件","334","爱沙尼亚","10","一般贸易","1372","千克","0","?","565,064",
"202407","85177990","品目85.17所列设备用其他零件","334","爱沙尼亚","34","海关特殊监管区域物流货物","1049","千克","0","?","97,865",
"202407","85177990","品目85.17所列设备用其他零件","334","爱沙尼亚","39","其他","95","千克","0","?","14,835",
"202407","85177990","品目85.17所列设备用其他零件","335","拉脱维亚","10","一般贸易","762","千克","0","?","353,564",
"202407","85177990","品目85.17所列设备用其他零件","335","拉脱维亚","33","保税监管场所进出境货物","127","千克","0","?","8,263",
"202407","85177990","品目85.17所列设备用其他零件","335","拉脱维亚","39","其他","16","千克","0","?","14,298",
"202407","85177990","品目85.17所列设备用其他零件","336","立陶宛","10","一般贸易","66","千克","0","?","42,014",
"202407","85177990","品目85.17所列设备用其他零件","344","俄罗斯","10","一般贸易","10","千克","0","?","430",
"202407","85177990","品目85.17所列设备用其他零件","347","乌克兰","10","一般贸易","458","千克","0","?","9,194",
"202407","85177990","品目85.17所列设备用其他零件","352","捷克","10","一般贸易","1866","千克","0","?","7,631,491",
"202407","85177990","品目85.17所列设备用其他零件","352","捷克","14","来料加工贸易","0","千克","0","?","94",
"202407","85177990","品目85.17所列设备用其他零件","352","捷克","15","进料加工贸易","7","千克","0","?","106",
"202407","85177990","品目85.17所列设备用其他零件","352","捷克","33","保税监管场所进出境货物","324","千克","0","?","3,964,930",
"202407","85177990","品目85.17所列设备用其他零件","352","捷克","34","海关特殊监管区域物流货物","7","千克","0","?","51,379",
"202407","85177990","品目85.17所列设备用其他零件","352","捷克","39","其他","5","千克","0","?","3,653",
"202407","85177990","品目85.17所列设备用其他零件","353","斯洛伐克","15","进料加工贸易","12","千克","0","?","55,568",
"202407","85177990","品目85.17所列设备用其他零件","358","塞尔维亚","10","一般贸易","11","千克","0","?","684",
"202407","85177990","品目85.17所列设备用其他零件","402","阿根廷","39","其他","1","千克","0","?","54",
"202407","85177990","品目85.17所列设备用其他零件","410","巴西","10","一般贸易","33","千克","0","?","2,006",
"202407","85177990","品目85.17所列设备用其他零件","410","巴西","34","海关特殊监管区域物流货物","18","千克","0","?","602",
"202407","85177990","品目85.17所列设备用其他零件","415","哥斯达黎加","10","一般贸易","5","千克","0","?","14,962",
"202407","85177990","品目85.17所列设备用其他零件","429","墨西哥","10","一般贸易","4707","千克","0","?","3,054,670",
"202407","85177990","品目85.17所列设备用其他零件","429","墨西哥","15","进料加工贸易","3263","千克","0","?","2,618,581",
"202407","85177990","品目85.17所列设备用其他零件","429","墨西哥","33","保税监管场所进出境货物","304","千克","0","?","152,080",
"202407","85177990","品目85.17所列设备用其他零件","429","墨西哥","34","海关特殊监管区域物流货物","3535","千克","0","?","646,516",
"202407","85177990","品目85.17所列设备用其他零件","429","墨西哥","39","其他","524","千克","0","?","157,543",
"202407","85177990","品目85.17所列设备用其他零件","501","加拿大","10","一般贸易","131","千克","0","?","99,229",
"202407","85177990","品目85.17所列设备用其他零件","501","加拿大","14","来料加工贸易","1","千克","0","?","574",
"202407","85177990","品目85.17所列设备用其他零件","501","加拿大","15","进料加工贸易","860","千克","0","?","173,509",
"202407","85177990","品目85.17所列设备用其他零件","501","加拿大","34","海关特殊监管区域物流货物","19","千克","0","?","281,652",
"202407","85177990","品目85.17所列设备用其他零件","501","加拿大","39","其他","3","千克","0","?","5,875",
"202407","85177990","品目85.17所列设备用其他零件","502","美国","10","一般贸易","4373","千克","0","?","3,058,795",
"202407","85177990","品目85.17所列设备用其他零件","502","美国","14","来料加工贸易","201","千克","0","?","234,733",
"202407","85177990","品目85.17所列设备用其他零件","502","美国","15","进料加工贸易","4090","千克","0","?","1,883,979",
"202407","85177990","品目85.17所列设备用其他零件","502","美国","20","加工贸易进口设备","1","千克","0","?","702",
"202407","85177990","品目85.17所列设备用其他零件","502","美国","33","保税监管场所进出境货物","400","千克","0","?","258,707",
"202407","85177990","品目85.17所列设备用其他零件","502","美国","34","海关特殊监管区域物流货物","366","千克","0","?","118,554",
"202407","85177990","品目85.17所列设备用其他零件","502","美国","35","海关特殊监管区域进口设备","4","千克","0","?","8,910",
"202407","85177990","品目85.17所列设备用其他零件","502","美国","39","其他","74","千克","0","?","43,337",
"202407","85177990","品目85.17所列设备用其他零件","601","澳大利亚","10","一般贸易","387","千克","0","?","2,461,522",
"202407","85177990","品目85.17所列设备用其他零件","601","澳大利亚","15","进料加工贸易","14","千克","0","?","54,315",
"202407","85177990","品目85.17所列设备用其他零件","601","澳大利亚","33","保税监管场所进出境货物","4","千克","0","?","3,745",
"202407","85177990","品目85.17所列设备用其他零件","609","新西兰","10","一般贸易","4","千克","0","?","34,489",
"202407","85177990","品目85.17所列设备用其他零件","609","新西兰","34","海关特殊监管区域物流货物","1","千克","0","?","367",
"202407","85414900","其他光敏半导体器件","103","孟加拉国","10","一般贸易","2","个","0","千克","5",
"202407","85414900","其他光敏半导体器件","107","柬埔寨","15","进料加工贸易","3000","个","2","千克","600",
"202407","85414900","其他光敏半导体器件","111","印度","10","一般贸易","3000","个","0","千克","105",
"202407","85414900","其他光敏半导体器件","111","印度","15","进料加工贸易","3089","个","1","千克","3,892",
"202407","85414900","其他光敏半导体器件","112","印度尼西亚","10","一般贸易","165214","个","96","千克","97,593",
"202407","85414900","其他光敏半导体器件","112","印度尼西亚","14","来料加工贸易","440000","个","569","千克","39,444",
"202407","85414900","其他光敏半导体器件","112","印度尼西亚","15","进料加工贸易","148000","个","73","千克","59,269",
"202407","85414900","其他光敏半导体器件","116","日本","10","一般贸易","13598852","个","7622","千克","8,922,521",
"202407","85414900","其他光敏半导体器件","116","日本","14","来料加工贸易","332919","个","68","千克","83,561",
"202407","85414900","其他光敏半导体器件","116","日本","15","进料加工贸易","14435242","个","1762","千克","5,052,848",
"202407","85414900","其他光敏半导体器件","116","日本","33","保税监管场所进出境货物","164544","个","94","千克","1,352,635",
"202407","85414900","其他光敏半导体器件","116","日本","34","海关特殊监管区域物流货物","10543903","个","3594","千克","5,702,962",
"202407","85414900","其他光敏半导体器件","116","日本","35","海关特殊监管区域进口设备","15","个","0","千克","3,365",
"202407","85414900","其他光敏半导体器件","116","日本","39","其他","70391","个","9","千克","39,288",
"202407","85414900","其他光敏半导体器件","122","马来西亚","10","一般贸易","11410906","个","3694","千克","2,104,565",
"202407","85414900","其他光敏半导体器件","122","马来西亚","14","来料加工贸易","51000","个","7","千克","7,269",
"202407","85414900","其他光敏半导体器件","122","马来西亚","15","进料加工贸易","3780990","个","1397","千克","7,674,999",
"202407","85414900","其他光敏半导体器件","122","马来西亚","33","保税监管场所进出境货物","37002","个","8","千克","16,057",
"202407","85414900","其他光敏半导体器件","122","马来西亚","34","海关特殊监管区域物流货物","6071137","个","16290","千克","2,242,824",
"202407","85414900","其他光敏半导体器件","122","马来西亚","35","海关特殊监管区域进口设备","10","个","0","千克","1,599",
"202407","85414900","其他光敏半导体器件","122","马来西亚","39","其他","18864","个","1","千克","9,008",
"202407","85414900","其他光敏半导体器件","129","菲律宾","10","一般贸易","8252968","个","4083","千克","4,087,013",
"202407","85414900","其他光敏半导体器件","129","菲律宾","14","来料加工贸易","33250","个","11","千克","7,532",
"202407","85414900","其他光敏半导体器件","129","菲律宾","15","进料加工贸易","1137237","个","444","千克","752,495",
"202407","85414900","其他光敏半导体器件","129","菲律宾","33","保税监管场所进出境货物","93600","个","44","千克","57,971",
"202407","85414900","其他光敏半导体器件","129","菲律宾","34","海关特殊监管区域物流货物","1966106","个","359","千克","948,210",
"202407","85414900","其他光敏半导体器件","129","菲律宾","35","海关特殊监管区域进口设备","2","个","0","千克","476",
"202407","85414900","其他光敏半导体器件","129","菲律宾","39","其他","665","个","0","千克","281",
"202407","85414900","其他光敏半导体器件","132","新加坡","10","一般贸易","6321","个","30","千克","185,163",
"202407","85414900","其他光敏半导体器件","132","新加坡","15","进料加工贸易","926682","个","5","千克","913,172",
"202407","85414900","其他光敏半导体器件","132","新加坡","34","海关特殊监管区域物流货物","17096","个","10","千克","7,536",
"202407","85414900","其他光敏半导体器件","132","新加坡","35","海关特殊监管区域进口设备","19","个","1","千克","1,298",
"202407","85414900","其他光敏半导体器件","132","新加坡","39","其他","1","个","0","千克","980",
"202407","85414900","其他光敏半导体器件","133","韩国","10","一般贸易","22049376","个","410","千克","541,680",
"202407","85414900","其他光敏半导体器件","133","韩国","14","来料加工贸易","398000","个","35","千克","83,878",
"202407","85414900","其他光敏半导体器件","133","韩国","15","进料加工贸易","86398904","个","1544","千克","1,478,089",
"202407","85414900","其他光敏半导体器件","133","韩国","34","海关特殊监管区域物流货物","771000","个","666","千克","126,427",
"202407","85414900","其他光敏半导体器件","133","韩国","35","海关特殊监管区域进口设备","1","个","0","千克","398",
"202407","85414900","其他光敏半导体器件","133","韩国","39","其他","59513","个","151","千克","3,339",
"202407","85414900","其他光敏半导体器件","136","泰国","10","一般贸易","122250649","个","52589","千克","15,880,267",
"202407","85414900","其他光敏半导体器件","136","泰国","14","来料加工贸易","582690","个","188","千克","52,747",
"202407","85414900","其他光敏半导体器件","136","泰国","15","进料加工贸易","10069337","个","2934","千克","1,762,799",
"202407","85414900","其他光敏半导体器件","136","泰国","33","保税监管场所进出境货物","5036400","个","1283","千克","261,196",
"202407","85414900","其他光敏半导体器件","136","泰国","34","海关特殊监管区域物流货物","45817315","个","11450","千克","10,160,448",
"202407","85414900","其他光敏半导体器件","136","泰国","39","其他","7706","个","2","千克","1,897",
"202407","85414900","其他光敏半导体器件","141","越南","10","一般贸易","174","个","0","千克","3,297",
"202407","85414900","其他光敏半导体器件","141","越南","33","保税监管场所进出境货物","7","个","1","千克","1,258",
"202407","85414900","其他光敏半导体器件","141","越南","34","海关特殊监管区域物流货物","2","个","0","千克","13",
"202407","85414900","其他光敏半导体器件","142","中国","10","一般贸易","621346425","个","228026","千克","20,742,549",
"202407","85414900","其他光敏半导体器件","142","中国","14","来料加工贸易","9449837","个","2005","千克","559,700",
"202407","85414900","其他光敏半导体器件","142","中国","15","进料加工贸易","74369836","个","17574","千克","3,567,743",
"202407","85414900","其他光敏半导体器件","142","中国","33","保税监管场所进出境货物","12980416","个","3601","千克","425,057",
"202407","85414900","其他光敏半导体器件","142","中国","34","海关特殊监管区域物流货物","81933851","个","30533","千克","4,157,466",
"202407","85414900","其他光敏半导体器件","142","中国","35","海关特殊监管区域进口设备","18","个","0","千克","813",
"202407","85414900","其他光敏半导体器件","142","中国","39","其他","1014","个","0","千克","195",
"202407","85414900","其他光敏半导体器件","143","中国台湾","10","一般贸易","86724862","个","11120","千克","9,129,192",
"202407","85414900","其他光敏半导体器件","143","中国台湾","14","来料加工贸易","496579","个","95","千克","189,842",
"202407","85414900","其他光敏半导体器件","143","中国台湾","15","进料加工贸易","22201653","个","4995","千克","3,693,835",
"202407","85414900","其他光敏半导体器件","143","中国台湾","33","保税监管场所进出境货物","81000","个","18","千克","13,413",
"202407","85414900","其他光敏半导体器件","143","中国台湾","34","海关特殊监管区域物流货物","1386345","个","150","千克","1,342,761",
"202407","85414900","其他光敏半导体器件","143","中国台湾","39","其他","501","个","0","千克","1,681",
"202407","85414900","其他光敏半导体器件","217","埃塞俄比亚","10","一般贸易","510","个","2","千克","1,882",
"202407","85414900","其他光敏半导体器件","302","丹麦","10","一般贸易","30","个","0","千克","425",
"202407","85414900","其他光敏半导体器件","303","英国","10","一般贸易","4100698","个","67","千克","161,406",
"202407","85414900","其他光敏半导体器件","303","英国","15","进料加工贸易","10235","个","0","千克","5,226",
"202407","85414900","其他光敏半导体器件","303","英国","34","海关特殊监管区域物流货物","348","个","34","千克","919,650",
"202407","85414900","其他光敏半导体器件","303","英国","39","其他","6","个","0","千克","20",
"202407","85414900","其他光敏半导体器件","304","德国","10","一般贸易","893347","个","192","千克","905,717",
"202407","85414900","其他光敏半导体器件","304","德国","15","进料加工贸易","189580","个","14","千克","96,153",
"202407","85414900","其他光敏半导体器件","304","德国","33","保税监管场所进出境货物","21509","个","5","千克","5,415",
"202407","85414900","其他光敏半导体器件","304","德国","34","海关特殊监管区域物流货物","538075","个","80","千克","107,631",
"202407","85414900","其他光敏半导体器件","304","德国","39","其他","9453","个","2","千克","8,652",
"202407","85414900","其他光敏半导体器件","305","法国","10","一般贸易","111010","个","51","千克","29,898",
"202407","85414900","其他光敏半导体器件","305","法国","15","进料加工贸易","55700","个","1","千克","383,721",
"202407","85414900","其他光敏半导体器件","305","法国","33","保税监管场所进出境货物","1","个","0","千克","53",
"202407","85414900","其他光敏半导体器件","306","爱尔兰","10","一般贸易","1","个","0","千克","1,707",
"202407","85414900","其他光敏半导体器件","307","意大利","10","一般贸易","1873","个","98","千克","373,516",
"202407","85414900","其他光敏半导体器件","307","意大利","33","保税监管场所进出境货物","1","个","0","千克","366",
"202407","85414900","其他光敏半导体器件","307","意大利","39","其他","1","个","0","千克","10",
"202407","85414900","其他光敏半导体器件","309","荷兰","10","一般贸易","445","个","4","千克","128,860",
"202407","85414900","其他光敏半导体器件","315","奥地利","10","一般贸易","19948","个","10","千克","566,089",
"202407","85414900","其他光敏半导体器件","315","奥地利","14","来料加工贸易","72000","个","1","千克","14,400",
"202407","85414900","其他光敏半导体器件","315","奥地利","39","其他","11133","个","3","千克","1,030",
"202407","85414900","其他光敏半导体器件","316","保加利亚","10","一般贸易","6000","个","0","千克","202",
"202407","85414900","其他光敏半导体器件","321","匈牙利","15","进料加工贸易","10740","个","52","千克","35,704",
"202407","85414900","其他光敏半导体器件","321","匈牙利","34","海关特殊监管区域物流货物","4","个","0","千克","74",
"202407","85414900","其他光敏半导体器件","327","波兰","10","一般贸易","113","个","1","千克","64,173",
"202407","85414900","其他光敏半导体器件","330","瑞典","10","一般贸易","116","个","4","千克","58,701",
"202407","85414900","其他光敏半导体器件","330","瑞典","15","进料加工贸易","530","个","0","千克","49,702",
"202407","85414900","其他光敏半导体器件","331","瑞士","10","一般贸易","1587355","个","18","千克","1,953,710",
"202407","85414900","其他光敏半导体器件","331","瑞士","15","进料加工贸易","987230","个","15","千克","2,261,849",
"202407","85414900","其他光敏半导体器件","331","瑞士","39","其他","384","个","0","千克","1,191",
"202407","85414900","其他光敏半导体器件","344","俄罗斯","10","一般贸易","195","个","370","千克","108,609",
"202407","85414900","其他光敏半导体器件","352","捷克","10","一般贸易","814","个","24","千克","15,169",
"202407","85414900","其他光敏半导体器件","352","捷克","39","其他","9000","个","9","千克","2,419",
"202407","85414900","其他光敏半导体器件","418","多米尼加
","10","一般贸易","10","个","2","千克","189",
"202407","85414900","其他光敏半导体器件","418","多米尼加
","34","海关特殊监管区域物流货物","114","个","31","千克","2,693",
"202407","85414900","其他光敏半导体器件","429","墨西哥","10","一般贸易","254501","个","1232","千克","524,433",
"202407","85414900","其他光敏半导体器件","429","墨西哥","14","来料加工贸易","1200","个","1","千克","461",
"202407","85414900","其他光敏半导体器件","429","墨西哥","15","进料加工贸易","19500","个","52","千克","26,922",
"202407","85414900","其他光敏半导体器件","429","墨西哥","34","海关特殊监管区域物流货物","241","个","28","千克","5,295",
"202407","85414900","其他光敏半导体器件","429","墨西哥","35","海关特殊监管区域进口设备","2","个","0","千克","988",
"202407","85414900","其他光敏半导体器件","501","加拿大","10","一般贸易","182","个","1","千克","18,992",
"202407","85414900","其他光敏半导体器件","501","加拿大","33","保税监管场所进出境货物","30","个","8","千克","14,099",
"202407","85414900","其他光敏半导体器件","501","加拿大","34","海关特殊监管区域物流货物","3","个","0","千克","1,240",
"202407","85414900","其他光敏半导体器件","502","美国","10","一般贸易","870239","个","27","千克","708,279",
"202407","85414900","其他光敏半导体器件","502","美国","14","来料加工贸易","3617144","个","22","千克","179,741",
"202407","85414900","其他光敏半导体器件","502","美国","15","进料加工贸易","754957","个","31","千克","1,112,727",
"202407","85414900","其他光敏半导体器件","502","美国","33","保税监管场所进出境货物","91","个","16","千克","17,188",
"202407","85414900","其他光敏半导体器件","502","美国","34","海关特殊监管区域物流货物","30504","个","6","千克","3,090",
"202407","85414900","其他光敏半导体器件","502","美国","35","海关特殊监管区域进口设备","5","个","1","千克","2,435",
"202407","85414900","其他光敏半导体器件","502","美国","39","其他","166","个","1","千克","2,640",
"202407","85414900","其他光敏半导体器件","601","澳大利亚","33","保税监管场所进出境货物","2","个","4","千克","2,891",
"202408","85177950","光通信设备的激光收发模块","107","柬埔寨","10","一般贸易","0","千克","0","?","2,304",
"202408","85177950","光通信设备的激光收发模块","110","中国香港","39","其他","0","千克","0","?","115",
"202408","85177950","光通信设备的激光收发模块","111","印度","10","一般贸易","3","千克","0","?","172",
"202408","85177950","光通信设备的激光收发模块","111","印度","39","其他","8","千克","0","?","320",
"202408","85177950","光通信设备的激光收发模块","112","印度尼西亚","39","其他","14","千克","0","?","1,564",
"202408","85177950","光通信设备的激光收发模块","115","以色列","10","一般贸易","6","千克","0","?","29,617",
"202408","85177950","光通信设备的激光收发模块","116","日本","10","一般贸易","373","千克","0","?","732,271",
"202408","85177950","光通信设备的激光收发模块","116","日本","39","其他","0","千克","0","?","201",
"202408","85177950","光通信设备的激光收发模块","120","黎巴嫩","10","一般贸易","1","千克","0","?","13,869",
"202408","85177950","光通信设备的激光收发模块","122","马来西亚","10","一般贸易","1855","千克","0","?","6,060,468",
"202408","85177950","光通信设备的激光收发模块","122","马来西亚","15","进料加工贸易","34","千克","0","?","42,714",
"202408","85177950","光通信设备的激光收发模块","122","马来西亚","33","保税监管场所进出境货物","481","千克","0","?","736,843",
"202408","85177950","光通信设备的激光收发模块","122","马来西亚","34","海关特殊监管区域物流货物","120","千克","0","?","245,097",
"202408","85177950","光通信设备的激光收发模块","122","马来西亚","35","海关特殊监管区域进口设备","6","千克","0","?","38,481",
"202408","85177950","光通信设备的激光收发模块","122","马来西亚","39","其他","14","千克","0","?","22,790",
"202408","85177950","光通信设备的激光收发模块","129","菲律宾","10","一般贸易","1639","千克","0","?","2,686,196",
"202408","85177950","光通信设备的激光收发模块","129","菲律宾","15","进料加工贸易","174","千克","0","?","138,006",
"202408","85177950","光通信设备的激光收发模块","129","菲律宾","34","海关特殊监管区域物流货物","99","千克","0","?","250,444",
"202408","85177950","光通信设备的激光收发模块","132","新加坡","10","一般贸易","1","千克","0","?","91",
"202408","85177950","光通信设备的激光收发模块","132","新加坡","33","保税监管场所进出境货物","1","千克","0","?","20",
"202408","85177950","光通信设备的激光收发模块","133","韩国","10","一般贸易","0","千克","0","?","907",
"202408","85177950","光通信设备的激光收发模块","133","韩国","34","海关特殊监管区域物流货物","88","千克","0","?","244,555",
"202408","85177950","光通信设备的激光收发模块","136","泰国","10","一般贸易","1919","千克","0","?","10,715,497",
"202408","85177950","光通信设备的激光收发模块","136","泰国","15","进料加工贸易","56","千克","0","?","77,679",
"202408","85177950","光通信设备的激光收发模块","136","泰国","33","保税监管场所进出境货物","25","千克","0","?","67,015",
"202408","85177950","光通信设备的激光收发模块","136","泰国","34","海关特殊监管区域物流货物","302","千克","0","?","2,980,580",
"202408","85177950","光通信设备的激光收发模块","136","泰国","39","其他","24","千克","0","?","188,330",
"202408","85177950","光通信设备的激光收发模块","141","越南","10","一般贸易","12","千克","0","?","46,909",
"202408","85177950","光通信设备的激光收发模块","141","越南","14","来料加工贸易","3","千克","0","?","3,377",
"202408","85177950","光通信设备的激光收发模块","141","越南","15","进料加工贸易","32","千克","0","?","58,369",
"202408","85177950","光通信设备的激光收发模块","142","中国","10","一般贸易","3544","千克","0","?","15,457,946",
"202408","85177950","光通信设备的激光收发模块","142","中国","14","来料加工贸易","27","千克","0","?","57,074",
"202408","85177950","光通信设备的激光收发模块","142","中国","15","进料加工贸易","394","千克","0","?","437,685",
"202408","85177950","光通信设备的激光收发模块","142","中国","33","保税监管场所进出境货物","177","千克","0","?","285,406",
"202408","85177950","光通信设备的激光收发模块","142","中国","34","海关特殊监管区域物流货物","1644","千克","0","?","9,832,530",
"202408","85177950","光通信设备的激光收发模块","142","中国","35","海关特殊监管区域进口设备","37","千克","0","?","138,681",
"202408","85177950","光通信设备的激光收发模块","142","中国","39","其他","102","千克","0","?","78,201",
"202408","85177950","光通信设备的激光收发模块","143","中国台湾","10","一般贸易","867","千克","0","?","1,292,575",
"202408","85177950","光通信设备的激光收发模块","143","中国台湾","14","来料加工贸易","0","千克","0","?","56",
"202408","85177950","光通信设备的激光收发模块","143","中国台湾","15","进料加工贸易","79","千克","0","?","109,369",
"202408","85177950","光通信设备的激光收发模块","143","中国台湾","33","保税监管场所进出境货物","1","千克","0","?","95",
"202408","85177950","光通信设备的激光收发模块","143","中国台湾","34","海关特殊监管区域物流货物","314","千克","0","?","283,006",
"202408","85177950","光通信设备的激光收发模块","143","中国台湾","35","海关特殊监管区域进口设备","1","千克","0","?","1,193",
"202408","85177950","光通信设备的激光收发模块","143","中国台湾","39","其他","4","千克","0","?","14,010",
"202408","85177950","光通信设备的激光收发模块","144","东帝汶","39","其他","0","千克","0","?","1,416",
"202408","85177950","光通信设备的激光收发模块","301","比利时","10","一般贸易","6","千克","0","?","1,980",
"202408","85177950","光通信设备的激光收发模块","303","英国","10","一般贸易","1","千克","0","?","322",
"202408","85177950","光通信设备的激光收发模块","303","英国","15","进料加工贸易","2","千克","0","?","1,800",
"202408","85177950","光通信设备的激光收发模块","304","德国","10","一般贸易","40","千克","0","?","48,274",
"202408","85177950","光通信设备的激光收发模块","304","德国","14","来料加工贸易","40","千克","0","?","17,499",
"202408","85177950","光通信设备的激光收发模块","304","德国","33","保税监管场所进出境货物","8","千克","0","?","9,141",
"202408","85177950","光通信设备的激光收发模块","305","法国","10","一般贸易","6","千克","0","?","83,958",
"202408","85177950","光通信设备的激光收发模块","312","西班牙","10","一般贸易","2","千克","0","?","699",
"202408","85177950","光通信设备的激光收发模块","315","奥地利","10","一般贸易","0","千克","0","?","4,773",
"202408","85177950","光通信设备的激光收发模块","328","罗马尼亚","10","一般贸易","1","千克","0","?","1,822",
"202408","85177950","光通信设备的激光收发模块","330","瑞典","39","其他","1","千克","0","?","200",
"202408","85177950","光通信设备的激光收发模块","331","瑞士","10","一般贸易","0","千克","0","?","1,763",
"202408","85177950","光通信设备的激光收发模块","353","斯洛伐克","10","一般贸易","0","千克","0","?","2,381",
"202408","85177950","光通信设备的激光收发模块","429","墨西哥","10","一般贸易","0","千克","0","?","203",
"202408","85177950","光通信设备的激光收发模块","501","加拿大","10","一般贸易","0","千克","0","?","1,792",
"202408","85177950","光通信设备的激光收发模块","502","美国","10","一般贸易","67","千克","0","?","329,572",
"202408","85177950","光通信设备的激光收发模块","502","美国","15","进料加工贸易","39","千克","0","?","23,854",
"202408","85177950","光通信设备的激光收发模块","502","美国","39","其他","3","千克","0","?","7,768",
"202408","85177950","光通信设备的激光收发模块","601","澳大利亚","10","一般贸易","11","千克","0","?","48,927",
"202408","85177990","品目85.17所列设备用其他零件","106","缅甸","10","一般贸易","339","千克","0","?","27,464",
"202408","85177990","品目85.17所列设备用其他零件","107","柬埔寨","10","一般贸易","86","千克","0","?","79,165",
"202408","85177990","品目85.17所列设备用其他零件","108","塞浦路斯","33","保税监管场所进出境货物","113","千克","0","?","6,702",
"202408","85177990","品目85.17所列设备用其他零件","110","中国香港","10","一般贸易","90","千克","0","?","157,717",
"202408","85177990","品目85.17所列设备用其他零件","110","中国香港","33","保税监管场所进出境货物","3","千克","0","?","847",
"202408","85177990","品目85.17所列设备用其他零件","111","印度","10","一般贸易","1652","千克","0","?","157,824",
"202408","85177990","品目85.17所列设备用其他零件","111","印度","15","进料加工贸易","1221","千克","0","?","350,622",
"202408","85177990","品目85.17所列设备用其他零件","111","印度","34","海关特殊监管区域物流货物","33137","千克","0","?","1,407,615",
"202408","85177990","品目85.17所列设备用其他零件","111","印度","39","其他","312","千克","0","?","51,828",
"202408","85177990","品目85.17所列设备用其他零件","112","印度尼西亚","10","一般贸易","609","千克","0","?","87,595",
"202408","85177990","品目85.17所列设备用其他零件","112","印度尼西亚","15","进料加工贸易","51","千克","0","?","21,223",
"202408","85177990","品目85.17所列设备用其他零件","112","印度尼西亚","34","海关特殊监管区域物流货物","1","千克","0","?","363",
"202408","85177990","品目85.17所列设备用其他零件","115","以色列","10","一般贸易","103","千克","0","?","603,500",
"202408","85177990","品目85.17所列设备用其他零件","115","以色列","15","进料加工贸易","0","千克","0","?","31",
"202408","85177990","品目85.17所列设备用其他零件","115","以色列","34","海关特殊监管区域物流货物","1","千克","0","?","3,625",
"202408","85177990","品目85.17所列设备用其他零件","115","以色列","39","其他","1","千克","0","?","1,849",
"202408","85177990","品目85.17所列设备用其他零件","116","日本","10","一般贸易","4858","千克","0","?","7,683,129",
"202408","85177990","品目85.17所列设备用其他零件","116","日本","14","来料加工贸易","17","千克","0","?","4,456",
"202408","85177990","品目85.17所列设备用其他零件","116","日本","15","进料加工贸易","957","千克","0","?","4,768,334",
"202408","85177990","品目85.17所列设备用其他零件","116","日本","33","保税监管场所进出境货物","982","千克","0","?","635,953",
"202408","85177990","品目85.17所列设备用其他零件","116","日本","34","海关特殊监管区域物流货物","319","千克","0","?","1,336,699",
"202408","85177990","品目85.17所列设备用其他零件","116","日本","39","其他","54","千克","0","?","37,962",
"202408","85177990","品目85.17所列设备用其他零件","122","马来西亚","10","一般贸易","3047","千克","0","?","23,699,694",
"202408","85177990","品目85.17所列设备用其他零件","122","马来西亚","14","来料加工贸易","14","千克","0","?","1,386",
"202408","85177990","品目85.17所列设备用其他零件","122","马来西亚","15","进料加工贸易","11247","千克","0","?","37,811,871",
"202408","85177990","品目85.17所列设备用其他零件","122","马来西亚","33","保税监管场所进出境货物","6144","千克","0","?","205,319",
"202408","85177990","品目85.17所列设备用其他零件","122","马来西亚","34","海关特殊监管区域物流货物","170","千克","0","?","49,161",
"202408","85177990","品目85.17所列设备用其他零件","122","马来西亚","35","海关特殊监管区域进口设备","0","千克","0","?","333",
"202408","85177990","品目85.17所列设备用其他零件","122","马来西亚","39","其他","52","千克","0","?","29,933",
"202408","85177990","品目85.17所列设备用其他零件","129","菲律宾","10","一般贸易","1228","千克","0","?","1,126,194",
"202408","85177990","品目85.17所列设备用其他零件","129","菲律宾","15","进料加工贸易","527","千克","0","?","120,982",
"202408","85177990","品目85.17所列设备用其他零件","129","菲律宾","33","保税监管场所进出境货物","17","千克","0","?","7,805",
"202408","85177990","品目85.17所列设备用其他零件","129","菲律宾","34","海关特殊监管区域物流货物","237","千克","0","?","200,481",
"202408","85177990","品目85.17所列设备用其他零件","132","新加坡","10","一般贸易","3439","千克","0","?","4,909,984",
"202408","85177990","品目85.17所列设备用其他零件","132","新加坡","15","进料加工贸易","182","千克","0","?","155,525",
"202408","85177990","品目85.17所列设备用其他零件","132","新加坡","33","保税监管场所进出境货物","3001","千克","0","?","612,774",
"202408","85177990","品目85.17所列设备用其他零件","132","新加坡","34","海关特殊监管区域物流货物","4527","千克","0","?","7,493,086",
"202408","85177990","品目85.17所列设备用其他零件","132","新加坡","39","其他","4","千克","0","?","3,259",
"202408","85177990","品目85.17所列设备用其他零件","133","韩国","10","一般贸易","5810","千克","0","?","1,682,322",
"202408","85177990","品目85.17所列设备用其他零件","133","韩国","14","来料加工贸易","323","千克","0","?","78,842",
"202408","85177990","品目85.17所列设备用其他零件","133","韩国","15","进料加工贸易","3406","千克","0","?","22,108,239",
"202408","85177990","品目85.17所列设备用其他零件","133","韩国","33","保税监管场所进出境货物","557","千克","0","?","74,124",
"202408","85177990","品目85.17所列设备用其他零件","133","韩国","34","海关特殊监管区域物流货物","2578","千克","0","?","111,876",
"202408","85177990","品目85.17所列设备用其他零件","133","韩国","39","其他","90","千克","0","?","53,142",
"202408","85177990","品目85.17所列设备用其他零件","136","泰国","10","一般贸易","3775","千克","0","?","25,905,043",
"202408","85177990","品目85.17所列设备用其他零件","136","泰国","14","来料加工贸易","2","千克","0","?","6,444",
"202408","85177990","品目85.17所列设备用其他零件","136","泰国","15","进料加工贸易","1412","千克","0","?","2,585,840",
"202408","85177990","品目85.17所列设备用其他零件","136","泰国","33","保税监管场所进出境货物","39","千克","0","?","364,566",
"202408","85177990","品目85.17所列设备用其他零件","136","泰国","34","海关特殊监管区域物流货物","555","千克","0","?","321,608",
"202408","85177990","品目85.17所列设备用其他零件","136","泰国","39","其他","29","千克","0","?","65,459",
"202408","85177990","品目85.17所列设备用其他零件","137","土耳其","10","一般贸易","32","千克","0","?","8,560",
"202408","85177990","品目85.17所列设备用其他零件","137","土耳其","15","进料加工贸易","30","千克","0","?","9,600",
"202408","85177990","品目85.17所列设备用其他零件","137","土耳其","39","其他","0","千克","0","?","15",
"202408","85177990","品目85.17所列设备用其他零件","138","阿联酋","33","保税监管场所进出境货物","162","千克","0","?","13,066",
"202408","85177990","品目85.17所列设备用其他零件","138","阿联酋","34","海关特殊监管区域物流货物","36","千克","0","?","7,866",
"202408","85177990","品目85.17所列设备用其他零件","141","越南","10","一般贸易","22752","千克","0","?","2,426,353",
"202408","85177990","品目85.17所列设备用其他零件","141","越南","15","进料加工贸易","3574","千克","0","?","4,477,164",
"202408","85177990","品目85.17所列设备用其他零件","141","越南","33","保税监管场所进出境货物","63","千克","0","?","55,583",
"202408","85177990","品目85.17所列设备用其他零件","141","越南","34","海关特殊监管区域物流货物","257922","千克","0","?","36,300,628",
"202408","85177990","品目85.17所列设备用其他零件","141","越南","39","其他","112","千克","0","?","30,772",
"202408","85177990","品目85.17所列设备用其他零件","142","中国","10","一般贸易","125808","千克","0","?","40,711,971",
"202408","85177990","品目85.17所列设备用其他零件","142","中国","14","来料加工贸易","5915","千克","0","?","277,964",
"202408","85177990","品目85.17所列设备用其他零件","142","中国","15","进料加工贸易","181940","千克","0","?","27,539,113",
"202408","85177990","品目85.17所列设备用其他零件","142","中国","33","保税监管场所进出境货物","40372","千克","0","?","2,411,306",
"202408","85177990","品目85.17所列设备用其他零件","142","中国","34","海关特殊监管区域物流货物","43533","千克","0","?","4,910,652",
"202408","85177990","品目85.17所列设备用其他零件","142","中国","35","海关特殊监管区域进口设备","0","千克","0","?","512",
"202408","85177990","品目85.17所列设备用其他零件","142","中国","39","其他","674","千克","0","?","235,786",
"202408","85177990","品目85.17所列设备用其他零件","143","中国台湾","10","一般贸易","12037","千克","0","?","5,460,701",
"202408","85177990","品目85.17所列设备用其他零件","143","中国台湾","14","来料加工贸易","589","千克","0","?","23,650",
"202408","85177990","品目85.17所列设备用其他零件","143","中国台湾","15","进料加工贸易","35758","千克","0","?","26,933,171",
"202408","85177990","品目85.17所列设备用其他零件","143","中国台湾","33","保税监管场所进出境货物","62","千克","0","?","67,312",
"202408","85177990","品目85.17所列设备用其他零件","143","中国台湾","34","海关特殊监管区域物流货物","5386","千克","0","?","346,049",
"202408","85177990","品目85.17所列设备用其他零件","143","中国台湾","39","其他","58","千克","0","?","105,879",
"202408","85177990","品目85.17所列设备用其他零件","244","南非","10","一般贸易","18","千克","0","?","4,739",
"202408","85177990","品目85.17所列设备用其他零件","301","比利时","10","一般贸易","2","千克","0","?","6,066",
"202408","85177990","品目85.17所列设备用其他零件","301","比利时","15","进料加工贸易","44","千克","0","?","3,149",
"202408","85177990","品目85.17所列设备用其他零件","302","丹麦","10","一般贸易","1421","千克","0","?","437,372",
"202408","85177990","品目85.17所列设备用其他零件","302","丹麦","15","进料加工贸易","0","千克","0","?","34,694",
"202408","85177990","品目85.17所列设备用其他零件","302","丹麦","33","保税监管场所进出境货物","76","千克","0","?","28,699",
"202408","85177990","品目85.17所列设备用其他零件","302","丹麦","34","海关特殊监管区域物流货物","16","千克","0","?","5,416",
"202408","85177990","品目85.17所列设备用其他零件","302","丹麦","39","其他","3","千克","0","?","5,963",
"202408","85177990","品目85.17所列设备用其他零件","303","英国","10","一般贸易","3407","千克","0","?","1,208,486",
"202408","85177990","品目85.17所列设备用其他零件","303","英国","14","来料加工贸易","0","千克","0","?","2,004",
"202408","85177990","品目85.17所列设备用其他零件","303","英国","15","进料加工贸易","40","千克","0","?","61,484",
"202408","85177990","品目85.17所列设备用其他零件","303","英国","33","保税监管场所进出境货物","24","千克","0","?","15,406",
"202408","85177990","品目85.17所列设备用其他零件","303","英国","34","海关特殊监管区域物流货物","0","千克","0","?","779",
"202408","85177990","品目85.17所列设备用其他零件","303","英国","39","其他","3","千克","0","?","20,066",
"202408","85177990","品目85.17所列设备用其他零件","304","德国","10","一般贸易","3700","千克","0","?","1,861,013",
"202408","85177990","品目85.17所列设备用其他零件","304","德国","14","来料加工贸易","2","千克","0","?","253",
"202408","85177990","品目85.17所列设备用其他零件","304","德国","15","进料加工贸易","57","千克","0","?","106,561",
"202408","85177990","品目85.17所列设备用其他零件","304","德国","33","保税监管场所进出境货物","1150","千克","0","?","172,705",
"202408","85177990","品目85.17所列设备用其他零件","304","德国","34","海关特殊监管区域物流货物","522","千克","0","?","29,150",
"202408","85177990","品目85.17所列设备用其他零件","304","德国","39","其他","86","千克","0","?","29,061",
"202408","85177990","品目85.17所列设备用其他零件","305","法国","10","一般贸易","2616","千克","0","?","1,008,940",
"202408","85177990","品目85.17所列设备用其他零件","305","法国","15","进料加工贸易","103","千克","0","?","1,580,765",
"202408","85177990","品目85.17所列设备用其他零件","305","法国","33","保税监管场所进出境货物","166","千克","0","?","84,592",
"202408","85177990","品目85.17所列设备用其他零件","305","法国","34","海关特殊监管区域物流货物","0","千克","0","?","33",
"202408","85177990","品目85.17所列设备用其他零件","306","爱尔兰","10","一般贸易","1","千克","0","?","70",
"202408","85177990","品目85.17所列设备用其他零件","306","爱尔兰","15","进料加工贸易","8","千克","0","?","1,369",
"202408","85177990","品目85.17所列设备用其他零件","307","意大利","10","一般贸易","739","千克","0","?","265,713",
"202408","85177990","品目85.17所列设备用其他零件","307","意大利","15","进料加工贸易","2134","千克","0","?","158,217",
"202408","85177990","品目85.17所列设备用其他零件","307","意大利","33","保税监管场所进出境货物","93","千克","0","?","55,538",
"202408","85177990","品目85.17所列设备用其他零件","307","意大利","34","海关特殊监管区域物流货物","20","千克","0","?","20,709",
"202408","85177990","品目85.17所列设备用其他零件","307","意大利","35","海关特殊监管区域进口设备","0","千克","0","?","740",
"202408","85177990","品目85.17所列设备用其他零件","307","意大利","39","其他","0","千克","0","?","87",
"202408","85177990","品目85.17所列设备用其他零件","308","卢森堡","10","一般贸易","1","千克","0","?","812",
"202408","85177990","品目85.17所列设备用其他零件","309","荷兰","10","一般贸易","3","千克","0","?","3,995",
"202408","85177990","品目85.17所列设备用其他零件","309","荷兰","14","来料加工贸易","28","千克","0","?","39,204",
"202408","85177990","品目85.17所列设备用其他零件","309","荷兰","33","保税监管场所进出境货物","607","千克","0","?","116,848",
"202408","85177990","品目85.17所列设备用其他零件","309","荷兰","34","海关特殊监管区域物流货物","83","千克","0","?","23,132",
"202408","85177990","品目85.17所列设备用其他零件","310","希腊","33","保税监管场所进出境货物","1452","千克","0","?","123,426",
"202408","85177990","品目85.17所列设备用其他零件","310","希腊","34","海关特殊监管区域物流货物","279","千克","0","?","18,456",
"202408","85177990","品目85.17所列设备用其他零件","311","葡萄牙","10","一般贸易","5","千克","0","?","2,998",
"202408","85177990","品目85.17所列设备用其他零件","311","葡萄牙","33","保税监管场所进出境货物","22","千克","0","?","6,383",
"202408","85177990","品目85.17所列设备用其他零件","312","西班牙","10","一般贸易","508","千克","0","?","28,161",
"202408","85177990","品目85.17所列设备用其他零件","315","奥地利","10","一般贸易","220","千克","0","?","414,342",
"202408","85177990","品目85.17所列设备用其他零件","315","奥地利","15","进料加工贸易","148","千克","0","?","591,800",
"202408","85177990","品目85.17所列设备用其他零件","315","奥地利","34","海关特殊监管区域物流货物","2","千克","0","?","1,000",
"202408","85177990","品目85.17所列设备用其他零件","316","保加利亚","10","一般贸易","16","千克","0","?","1,319",
"202408","85177990","品目85.17所列设备用其他零件","316","保加利亚","15","进料加工贸易","28","千克","0","?","14,210",
"202408","85177990","品目85.17所列设备用其他零件","318","芬兰","10","一般贸易","1229","千克","0","?","262,335",
"202408","85177990","品目85.17所列设备用其他零件","318","芬兰","15","进料加工贸易","1","千克","0","?","372",
"202408","85177990","品目85.17所列设备用其他零件","318","芬兰","33","保税监管场所进出境货物","2","千克","0","?","2,432",
"202408","85177990","品目85.17所列设备用其他零件","318","芬兰","34","海关特殊监管区域物流货物","3536","千克","0","?","1,184,017",
"202408","85177990","品目85.17所列设备用其他零件","318","芬兰","39","其他","2","千克","0","?","1,854",
"202408","85177990","品目85.17所列设备用其他零件","321","匈牙利","10","一般贸易","1559","千克","0","?","103,728",
"202408","85177990","品目85.17所列设备用其他零件","321","匈牙利","15","进料加工贸易","185","千克","0","?","286,172",
"202408","85177990","品目85.17所列设备用其他零件","321","匈牙利","34","海关特殊监管区域物流货物","130","千克","0","?","11,699",
"202408","85177990","品目85.17所列设备用其他零件","324","马耳他","10","一般贸易","32","千克","0","?","1,544",
"202408","85177990","品目85.17所列设备用其他零件","326","挪威","10","一般贸易","32","千克","0","?","63,626",
"202408","85177990","品目85.17所列设备用其他零件","326","挪威","15","进料加工贸易","8","千克","0","?","10,000",
"202408","85177990","品目85.17所列设备用其他零件","326","挪威","33","保税监管场所进出境货物","28","千克","0","?","17,365",
"202408","85177990","品目85.17所列设备用其他零件","326","挪威","34","海关特殊监管区域物流货物","390","千克","0","?","3,414",
"202408","85177990","品目85.17所列设备用其他零件","327","波兰","10","一般贸易","10592","千克","0","?","1,370,766",
"202408","85177990","品目85.17所列设备用其他零件","327","波兰","15","进料加工贸易","31","千克","0","?","4,992",
"202408","85177990","品目85.17所列设备用其他零件","327","波兰","33","保税监管场所进出境货物","3","千克","0","?","543",
"202408","85177990","品目85.17所列设备用其他零件","327","波兰","34","海关特殊监管区域物流货物","5198","千克","0","?","359,247",
"202408","85177990","品目85.17所列设备用其他零件","328","罗马尼亚","10","一般贸易","1792","千克","0","?","965,504",
"202408","85177990","品目85.17所列设备用其他零件","328","罗马尼亚","15","进料加工贸易","38","千克","0","?","97,643",
"202408","85177990","品目85.17所列设备用其他零件","328","罗马尼亚","34","海关特殊监管区域物流货物","21","千克","0","?","11,333",
"202408","85177990","品目85.17所列设备用其他零件","328","罗马尼亚","39","其他","14","千克","0","?","754",
"202408","85177990","品目85.17所列设备用其他零件","330","瑞典","10","一般贸易","504","千克","0","?","810,978",
"202408","85177990","品目85.17所列设备用其他零件","330","瑞典","15","进料加工贸易","3742","千克","0","?","114,515",
"202408","85177990","品目85.17所列设备用其他零件","330","瑞典","33","保税监管场所进出境货物","706","千克","0","?","252,234",
"202408","85177990","品目85.17所列设备用其他零件","330","瑞典","34","海关特殊监管区域物流货物","12","千克","0","?","3,693",
"202408","85177990","品目85.17所列设备用其他零件","330","瑞典","39","其他","0","千克","0","?","1,557",
"202408","85177990","品目85.17所列设备用其他零件","331","瑞士","10","一般贸易","622","千克","0","?","1,472,022",
"202408","85177990","品目85.17所列设备用其他零件","331","瑞士","15","进料加工贸易","187","千克","0","?","2,295,701",
"202408","85177990","品目85.17所列设备用其他零件","331","瑞士","33","保税监管场所进出境货物","1","千克","0","?","450",
"202408","85177990","品目85.17所列设备用其他零件","331","瑞士","34","海关特殊监管区域物流货物","2","千克","0","?","2,257",
"202408","85177990","品目85.17所列设备用其他零件","334","爱沙尼亚","10","一般贸易","8722","千克","0","?","953,787",
"202408","85177990","品目85.17所列设备用其他零件","334","爱沙尼亚","15","进料加工贸易","0","千克","0","?","96",
"202408","85177990","品目85.17所列设备用其他零件","334","爱沙尼亚","34","海关特殊监管区域物流货物","210","千克","0","?","20,480",
"202408","85177990","品目85.17所列设备用其他零件","334","爱沙尼亚","39","其他","0","千克","0","?","92",
"202408","85177990","品目85.17所列设备用其他零件","335","拉脱维亚","10","一般贸易","133","千克","0","?","44,890",
"202408","85177990","品目85.17所列设备用其他零件","336","立陶宛","10","一般贸易","54","千克","0","?","37,116",
"202408","85177990","品目85.17所列设备用其他零件","336","立陶宛","39","其他","0","千克","0","?","502",
"202408","85177990","品目85.17所列设备用其他零件","347","乌克兰","10","一般贸易","190","千克","0","?","21,532",
"202408","85177990","品目85.17所列设备用其他零件","352","捷克","10","一般贸易","1989","千克","0","?","985,923",
"202408","85177990","品目85.17所列设备用其他零件","352","捷克","14","来料加工贸易","0","千克","0","?","95",
"202408","85177990","品目85.17所列设备用其他零件","352","捷克","15","进料加工贸易","24","千克","0","?","301",
"202408","85177990","品目85.17所列设备用其他零件","352","捷克","33","保税监管场所进出境货物","19","千克","0","?","159,923",
"202408","85177990","品目85.17所列设备用其他零件","352","捷克","34","海关特殊监管区域物流货物","9","千克","0","?","8,716",
"202408","85177990","品目85.17所列设备用其他零件","353","斯洛伐克","10","一般贸易","9","千克","0","?","2,800",
"202408","85177990","品目85.17所列设备用其他零件","357","法罗群岛","10","一般贸易","4","千克","0","?","4,799",
"202408","85177990","品目85.17所列设备用其他零件","410","巴西","10","一般贸易","0","千克","0","?","6",
"202408","85177990","品目85.17所列设备用其他零件","410","巴西","34","海关特殊监管区域物流货物","402","千克","0","?","21,728",
"202408","85177990","品目85.17所列设备用其他零件","415","哥斯达黎加","10","一般贸易","0","千克","0","?","7,828",
"202408","85177990","品目85.17所列设备用其他零件","415","哥斯达黎加","15","进料加工贸易","1","千克","0","?","7,500",
"202408","85177990","品目85.17所列设备用其他零件","429","墨西哥","10","一般贸易","3153","千克","0","?","705,762",
"202408","85177990","品目85.17所列设备用其他零件","429","墨西哥","15","进料加工贸易","4960","千克","0","?","2,663,779",
"202408","85177990","品目85.17所列设备用其他零件","429","墨西哥","33","保税监管场所进出境货物","39","千克","0","?","41,054",
"202408","85177990","品目85.17所列设备用其他零件","429","墨西哥","34","海关特殊监管区域物流货物","10255","千克","0","?","1,203,554",
"202408","85177990","品目85.17所列设备用其他零件","429","墨西哥","39","其他","810","千克","0","?","1,132,271",
"202408","85177990","品目85.17所列设备用其他零件","501","加拿大","10","一般贸易","62","千克","0","?","372,567",
"202408","85177990","品目85.17所列设备用其他零件","501","加拿大","14","来料加工贸易","20","千克","0","?","532",
"202408","85177990","品目85.17所列设备用其他零件","501","加拿大","15","进料加工贸易","282","千克","0","?","354,538",
"202408","85177990","品目85.17所列设备用其他零件","501","加拿大","33","保税监管场所进出境货物","6","千克","0","?","2,811",
"202408","85177990","品目85.17所列设备用其他零件","501","加拿大","34","海关特殊监管区域物流货物","8","千克","0","?","1,541",
"202408","85177990","品目85.17所列设备用其他零件","501","加拿大","39","其他","4","千克","0","?","5,371",
"202408","85177990","品目85.17所列设备用其他零件","502","美国","10","一般贸易","2651","千克","0","?","1,655,049",
"202408","85177990","品目85.17所列设备用其他零件","502","美国","14","来料加工贸易","152","千克","0","?","215,737",
"202408","85177990","品目85.17所列设备用其他零件","502","美国","15","进料加工贸易","2693","千克","0","?","1,534,594",
"202408","85177990","品目85.17所列设备用其他零件","502","美国","33","保税监管场所进出境货物","192","千克","0","?","176,517",
"202408","85177990","品目85.17所列设备用其他零件","502","美国","34","海关特殊监管区域物流货物","204","千克","0","?","31,920",
"202408","85177990","品目85.17所列设备用其他零件","502","美国","39","其他","99","千克","0","?","63,012",
"202408","85177990","品目85.17所列设备用其他零件","601","澳大利亚","10","一般贸易","437","千克","0","?","3,146,357",
"202408","85177990","品目85.17所列设备用其他零件","601","澳大利亚","15","进料加工贸易","12","千克","0","?","32,009",
"202408","85177990","品目85.17所列设备用其他零件","601","澳大利亚","39","其他","31","千克","0","?","3,319",
"202408","85177990","品目85.17所列设备用其他零件","609","新西兰","10","一般贸易","7","千克","0","?","30,717",
"202408","85414900","其他光敏半导体器件","110","中国香港","10","一般贸易","4","个","0","千克","188",
"202408","85414900","其他光敏半导体器件","110","中国香港","15","进料加工贸易","201","个","0","千克","82",
"202408","85414900","其他光敏半导体器件","111","印度","10","一般贸易","50","个","0","千克","287",
"202408","85414900","其他光敏半导体器件","112","印度尼西亚","10","一般贸易","15215661","个","7034","千克","774,841",
"202408","85414900","其他光敏半导体器件","112","印度尼西亚","14","来料加工贸易","360000","个","465","千克","32,260",
"202408","85414900","其他光敏半导体器件","112","印度尼西亚","15","进料加工贸易","82000","个","32","千克","43,527",
"202408","85414900","其他光敏半导体器件","115","以色列","10","一般贸易","1520","个","10","千克","109,343",
"202408","85414900","其他光敏半导体器件","116","日本","10","一般贸易","12365991","个","6890","千克","11,277,611",
"202408","85414900","其他光敏半导体器件","116","日本","14","来料加工贸易","555605","个","102","千克","176,942",
"202408","85414900","其他光敏半导体器件","116","日本","15","进料加工贸易","11340680","个","1594","千克","4,053,344",
"202408","85414900","其他光敏半导体器件","116","日本","33","保税监管场所进出境货物","130027","个","65","千克","1,234,088",
"202408","85414900","其他光敏半导体器件","116","日本","34","海关特殊监管区域物流货物","9905588","个","3878","千克","6,499,716",
"202408","85414900","其他光敏半导体器件","116","日本","35","海关特殊监管区域进口设备","13","个","1","千克","14,803",
"202408","85414900","其他光敏半导体器件","116","日本","39","其他","42305","个","2","千克","51,238",
"202408","85414900","其他光敏半导体器件","122","马来西亚","10","一般贸易","10893123","个","4158","千克","3,248,150",
"202408","85414900","其他光敏半导体器件","122","马来西亚","14","来料加工贸易","51219","个","6","千克","8,514",
"202408","85414900","其他光敏半导体器件","122","马来西亚","15","进料加工贸易","3379226","个","1061","千克","3,182,844",
"202408","85414900","其他光敏半导体器件","122","马来西亚","33","保税监管场所进出境货物","111002","个","18","千克","15,675",
"202408","85414900","其他光敏半导体器件","122","马来西亚","34","海关特殊监管区域物流货物","3361473","个","861","千克","590,967",
"202408","85414900","其他光敏半导体器件","122","马来西亚","35","海关特殊监管区域进口设备","5","个","0","千克","220",
"202408","85414900","其他光敏半导体器件","122","马来西亚","39","其他","10640","个","5","千克","7,209",
"202408","85414900","其他光敏半导体器件","129","菲律宾","10","一般贸易","5783526","个","2755","千克","2,857,821",
"202408","85414900","其他光敏半导体器件","129","菲律宾","14","来料加工贸易","28050","个","9","千克","10,462",
"202408","85414900","其他光敏半导体器件","129","菲律宾","15","进料加工贸易","846135","个","302","千克","651,585",
"202408","85414900","其他光敏半导体器件","129","菲律宾","33","保税监管场所进出境货物","79800","个","34","千克","21,459",
"202408","85414900","其他光敏半导体器件","129","菲律宾","34","海关特殊监管区域物流货物","3213047","个","962","千克","4,941,837",
"202408","85414900","其他光敏半导体器件","129","菲律宾","35","海关特殊监管区域进口设备","2","个","0","千克","222",
"202408","85414900","其他光敏半导体器件","132","新加坡","10","一般贸易","3741","个","14","千克","156,863",
"202408","85414900","其他光敏半导体器件","132","新加坡","15","进料加工贸易","892295","个","7","千克","879,559",
"202408","85414900","其他光敏半导体器件","132","新加坡","33","保税监管场所进出境货物","1","个","0","千克","3,989",
"202408","85414900","其他光敏半导体器件","132","新加坡","34","海关特殊监管区域物流货物","8251","个","3","千克","37,678",
"202408","85414900","其他光敏半导体器件","132","新加坡","35","海关特殊监管区域进口设备","17","个","1","千克","1,107",
"202408","85414900","其他光敏半导体器件","133","韩国","10","一般贸易","14347139","个","299","千克","372,044",
"202408","85414900","其他光敏半导体器件","133","韩国","14","来料加工贸易","765341","个","165","千克","478,768",
"202408","85414900","其他光敏半导体器件","133","韩国","15","进料加工贸易","74925440","个","838","千克","1,148,061",
"202408","85414900","其他光敏半导体器件","133","韩国","33","保税监管场所进出境货物","324000","个","18","千克","47,285",
"202408","85414900","其他光敏半导体器件","133","韩国","34","海关特殊监管区域物流货物","726360","个","707","千克","137,695",
"202408","85414900","其他光敏半导体器件","133","韩国","35","海关特殊监管区域进口设备","1","个","0","千克","92",
"202408","85414900","其他光敏半导体器件","133","韩国","39","其他","7233","个","6","千克","12,651",
"202408","85414900","其他光敏半导体器件","136","泰国","10","一般贸易","108439599","个","45914","千克","11,367,455",
"202408","85414900","其他光敏半导体器件","136","泰国","14","来料加工贸易","1172150","个","192","千克","84,969",
"202408","85414900","其他光敏半导体器件","136","泰国","15","进料加工贸易","9477573","个","2507","千克","1,407,403",
"202408","85414900","其他光敏半导体器件","136","泰国","33","保税监管场所进出境货物","4333200","个","1010","千克","158,280",
"202408","85414900","其他光敏半导体器件","136","泰国","34","海关特殊监管区域物流货物","37693106","个","10560","千克","9,881,829",
"202408","85414900","其他光敏半导体器件","136","泰国","39","其他","2905","个","1","千克","1,685",
"202408","85414900","其他光敏半导体器件","137","土耳其","10","一般贸易","670","个","1","千克","219",
"202408","85414900","其他光敏半导体器件","141","越南","10","一般贸易","678","个","0","千克","11,693",
"202408","85414900","其他光敏半导体器件","141","越南","33","保税监管场所进出境货物","35","个","0","千克","417",
"202408","85414900","其他光敏半导体器件","141","越南","34","海关特殊监管区域物流货物","18","个","0","千克","210",
"202408","85414900","其他光敏半导体器件","142","中国","10","一般贸易","443567470","个","166100","千克","15,210,318",
"202408","85414900","其他光敏半导体器件","142","中国","14","来料加工贸易","8139963","个","1964","千克","566,124",
"202408","85414900","其他光敏半导体器件","142","中国","15","进料加工贸易","87043642","个","19310","千克","4,162,932",
"202408","85414900","其他光敏半导体器件","142","中国","33","保税监管场所进出境货物","15614962","个","4180","千克","435,766",
"202408","85414900","其他光敏半导体器件","142","中国","34","海关特殊监管区域物流货物","102677193","个","38977","千克","4,756,715",
"202408","85414900","其他光敏半导体器件","142","中国","39","其他","23820","个","11","千克","6,725",
"202408","85414900","其他光敏半导体器件","143","中国台湾","10","一般贸易","79778588","个","10653","千克","9,648,029",
"202408","85414900","其他光敏半导体器件","143","中国台湾","14","来料加工贸易","176497","个","33","千克","54,298",
"202408","85414900","其他光敏半导体器件","143","中国台湾","15","进料加工贸易","16822229","个","3691","千克","2,709,454",
"202408","85414900","其他光敏半导体器件","143","中国台湾","33","保税监管场所进出境货物","127799","个","10","千克","12,634",
"202408","85414900","其他光敏半导体器件","143","中国台湾","34","海关特殊监管区域物流货物","3320877","个","397","千克","3,416,646",
"202408","85414900","其他光敏半导体器件","143","中国台湾","35","海关特殊监管区域进口设备","9","个","0","千克","176",
"202408","85414900","其他光敏半导体器件","143","中国台湾","39","其他","754","个","0","千克","329",
"202408","85414900","其他光敏半导体器件","217","埃塞俄比亚","10","一般贸易","305","个","0","千克","1,291",
"202408","85414900","其他光敏半导体器件","302","丹麦","10","一般贸易","70","个","1","千克","1,010",
"202408","85414900","其他光敏半导体器件","303","英国","10","一般贸易","2123168","个","22","千克","144,631",
"202408","85414900","其他光敏半导体器件","303","英国","34","海关特殊监管区域物流货物","729","个","3","千克","7,171",
"202408","85414900","其他光敏半导体器件","304","德国","10","一般贸易","3801041","个","279","千克","1,039,627",
"202408","85414900","其他光敏半导体器件","304","德国","14","来料加工贸易","6000","个","0","千克","1,200",
"202408","85414900","其他光敏半导体器件","304","德国","15","进料加工贸易","499049","个","26","千克","231,329",
"202408","85414900","其他光敏半导体器件","304","德国","33","保税监管场所进出境货物","150016","个","27","千克","39,391",
"202408","85414900","其他光敏半导体器件","304","德国","34","海关特殊监管区域物流货物","615098","个","45","千克","114,229",
"202408","85414900","其他光敏半导体器件","304","德国","35","海关特殊监管区域进口设备","8","个","0","千克","3,888",
"202408","85414900","其他光敏半导体器件","305","法国","10","一般贸易","1","个","0","千克","1",
"202408","85414900","其他光敏半导体器件","305","法国","33","保税监管场所进出境货物","51","个","1","千克","493",
"202408","85414900","其他光敏半导体器件","305","法国","34","海关特殊监管区域物流货物","1011","个","10","千克","600",
"202408","85414900","其他光敏半导体器件","307","意大利","10","一般贸易","3350","个","288","千克","765,496",
"202408","85414900","其他光敏半导体器件","307","意大利","15","进料加工贸易","1","个","1","千克","349",
"202408","85414900","其他光敏半导体器件","307","意大利","39","其他","101","个","0","千克","36,292",
"202408","85414900","其他光敏半导体器件","309","荷兰","10","一般贸易","145","个","2","千克","43,001",
"202408","85414900","其他光敏半导体器件","312","西班牙","39","其他","360","个","0","千克","799",
"202408","85414900","其他光敏半导体器件","315","奥地利","10","一般贸易","5465","个","3","千克","176,419",
"202408","85414900","其他光敏半导体器件","315","奥地利","14","来料加工贸易","60000","个","0","千克","12,000",
"202408","85414900","其他光敏半导体器件","315","奥地利","34","海关特殊监管区域物流货物","1","个","0","千克","955",
"202408","85414900","其他光敏半导体器件","318","芬兰","10","一般贸易","202","个","0","千克","14,119",
"202408","85414900","其他光敏半导体器件","321","匈牙利","15","进料加工贸易","2120","个","41","千克","5,258",
"202408","85414900","其他光敏半导体器件","321","匈牙利","34","海关特殊监管区域物流货物","8","个","3","千克","517",
"202408","85414900","其他光敏半导体器件","324","马耳他","10","一般贸易","46","个","1","千克","802",
"202408","85414900","其他光敏半导体器件","327","波兰","10","一般贸易","20","个","0","千克","21,421",
"202408","85414900","其他光敏半导体器件","330","瑞典","10","一般贸易","13","个","0","千克","5,797",
"202408","85414900","其他光敏半导体器件","330","瑞典","15","进料加工贸易","228","个","0","千克","18,329",
"202408","85414900","其他光敏半导体器件","331","瑞士","10","一般贸易","2135259","个","18","千克","1,513,714",
"202408","85414900","其他光敏半导体器件","331","瑞士","15","进料加工贸易","480752","个","2","千克","1,183,744",
"202408","85414900","其他光敏半导体器件","331","瑞士","39","其他","467","个","0","千克","1,453",
"202408","85414900","其他光敏半导体器件","336","立陶宛","15","进料加工贸易","300","个","3","千克","64,800",
"202408","85414900","其他光敏半导体器件","344","俄罗斯","10","一般贸易","743","个","0","千克","16,661",
"202408","85414900","其他光敏半导体器件","352","捷克","10","一般贸易","48810","个","159","千克","32,195",
"202408","85414900","其他光敏半导体器件","418","多米尼加
","10","一般贸易","7","个","2","千克","121",
"202408","85414900","其他光敏半导体器件","418","多米尼加
","34","海关特殊监管区域物流货物","157","个","8","千克","3,712",
"202408","85414900","其他光敏半导体器件","429","墨西哥","10","一般贸易","205170","个","1110","千克","603,110",
"202408","85414900","其他光敏半导体器件","429","墨西哥","14","来料加工贸易","3477","个","0","千克","4,044",
"202408","85414900","其他光敏半导体器件","429","墨西哥","15","进料加工贸易","166293","个","68","千克","18,282",
"202408","85414900","其他光敏半导体器件","429","墨西哥","33","保税监管场所进出境货物","1","个","0","千克","330",
"202408","85414900","其他光敏半导体器件","429","墨西哥","34","海关特殊监管区域物流货物","1057","个","68","千克","11,283",
"202408","85414900","其他光敏半导体器件","429","墨西哥","35","海关特殊监管区域进口设备","1","个","0","千克","494",
"202408","85414900","其他光敏半导体器件","501","加拿大","10","一般贸易","1133","个","3","千克","77,597",
"202408","85414900","其他光敏半导体器件","501","加拿大","33","保税监管场所进出境货物","7","个","3","千克","4,525",
"202408","85414900","其他光敏半导体器件","501","加拿大","34","海关特殊监管区域物流货物","3","个","0","千克","1,643",
"202408","85414900","其他光敏半导体器件","502","美国","10","一般贸易","421992","个","226","千克","589,432",
"202408","85414900","其他光敏半导体器件","502","美国","14","来料加工贸易","1774911","个","19","千克","158,304",
"202408","85414900","其他光敏半导体器件","502","美国","15","进料加工贸易","1642917","个","390","千克","1,352,785",
"202408","85414900","其他光敏半导体器件","502","美国","33","保税监管场所进出境货物","232","个","12","千克","9,622",
"202408","85414900","其他光敏半导体器件","502","美国","34","海关特殊监管区域物流货物","39003","个","5","千克","3,745",
"202408","85414900","其他光敏半导体器件","502","美国","35","海关特殊监管区域进口设备","5","个","0","千克","1,060",
"202408","85414900","其他光敏半导体器件","502","美国","39","其他","86196","个","0","千克","1,649",
"202409","85177950","光通信设备的激光收发模块","107","柬埔寨","10","一般贸易","0","千克","0","?","1,258",
"202409","85177950","光通信设备的激光收发模块","110","中国香港","10","一般贸易","3","千克","0","?","6,618",
"202409","85177950","光通信设备的激光收发模块","111","印度","39","其他","0","千克","0","?","400",
"202409","85177950","光通信设备的激光收发模块","112","印度尼西亚","10","一般贸易","6","千克","0","?","5,105",
"202409","85177950","光通信设备的激光收发模块","115","以色列","10","一般贸易","0","千克","0","?","28",
"202409","85177950","光通信设备的激光收发模块","115","以色列","34","海关特殊监管区域物流货物","5","千克","0","?","1,692",
"202409","85177950","光通信设备的激光收发模块","116","日本","10","一般贸易","366","千克","0","?","1,145,972",
"202409","85177950","光通信设备的激光收发模块","116","日本","33","保税监管场所进出境货物","0","千克","0","?","5,624",
"202409","85177950","光通信设备的激光收发模块","116","日本","39","其他","0","千克","0","?","877",
"202409","85177950","光通信设备的激光收发模块","120","黎巴嫩","10","一般贸易","1","千克","0","?","7,397",
"202409","85177950","光通信设备的激光收发模块","122","马来西亚","10","一般贸易","1224","千克","0","?","3,150,670",
"202409","85177950","光通信设备的激光收发模块","122","马来西亚","15","进料加工贸易","110","千克","0","?","250,932",
"202409","85177950","光通信设备的激光收发模块","122","马来西亚","33","保税监管场所进出境货物","134","千克","0","?","556,563",
"202409","85177950","光通信设备的激光收发模块","122","马来西亚","34","海关特殊监管区域物流货物","522","千克","0","?","1,168,045",
"202409","85177950","光通信设备的激光收发模块","122","马来西亚","35","海关特殊监管区域进口设备","1","千克","0","?","2,343",
"202409","85177950","光通信设备的激光收发模块","122","马来西亚","39","其他","10","千克","0","?","15,097",
"202409","85177950","光通信设备的激光收发模块","129","菲律宾","10","一般贸易","1158","千克","0","?","2,831,993",
"202409","85177950","光通信设备的激光收发模块","129","菲律宾","15","进料加工贸易","141","千克","0","?","88,392",
"202409","85177950","光通信设备的激光收发模块","129","菲律宾","33","保税监管场所进出境货物","0","千克","0","?","3,184",
"202409","85177950","光通信设备的激光收发模块","129","菲律宾","34","海关特殊监管区域物流货物","673","千克","0","?","1,831,701",
"202409","85177950","光通信设备的激光收发模块","132","新加坡","10","一般贸易","1","千克","0","?","1,978",
"202409","85177950","光通信设备的激光收发模块","132","新加坡","15","进料加工贸易","0","千克","0","?","116",
"202409","85177950","光通信设备的激光收发模块","133","韩国","10","一般贸易","9","千克","0","?","15,257",
"202409","85177950","光通信设备的激光收发模块","133","韩国","34","海关特殊监管区域物流货物","41","千克","0","?","121,775",
"202409","85177950","光通信设备的激光收发模块","136","泰国","10","一般贸易","4231","千克","0","?","10,405,959",
"202409","85177950","光通信设备的激光收发模块","136","泰国","15","进料加工贸易","92","千克","0","?","62,890",
"202409","85177950","光通信设备的激光收发模块","136","泰国","33","保税监管场所进出境货物","5","千克","0","?","65,803",
"202409","85177950","光通信设备的激光收发模块","136","泰国","34","海关特殊监管区域物流货物","360","千克","0","?","1,954,635",
"202409","85177950","光通信设备的激光收发模块","136","泰国","35","海关特殊监管区域进口设备","0","千克","0","?","5,120",
"202409","85177950","光通信设备的激光收发模块","136","泰国","39","其他","53","千克","0","?","31,357",
"202409","85177950","光通信设备的激光收发模块","141","越南","10","一般贸易","9","千克","0","?","35,264",
"202409","85177950","光通信设备的激光收发模块","141","越南","14","来料加工贸易","16","千克","0","?","15,190",
"202409","85177950","光通信设备的激光收发模块","141","越南","34","海关特殊监管区域物流货物","9","千克","0","?","69,482",
"202409","85177950","光通信设备的激光收发模块","142","中国","10","一般贸易","3108","千克","0","?","7,891,231",
"202409","85177950","光通信设备的激光收发模块","142","中国","15","进料加工贸易","369","千克","0","?","367,274",
"202409","85177950","光通信设备的激光收发模块","142","中国","33","保税监管场所进出境货物","106","千克","0","?","254,847",
"202409","85177950","光通信设备的激光收发模块","142","中国","34","海关特殊监管区域物流货物","1193","千克","0","?","1,681,704",
"202409","85177950","光通信设备的激光收发模块","142","中国","35","海关特殊监管区域进口设备","0","千克","0","?","502",
"202409","85177950","光通信设备的激光收发模块","142","中国","39","其他","39","千克","0","?","79,652",
"202409","85177950","光通信设备的激光收发模块","143","中国台湾","10","一般贸易","714","千克","0","?","1,230,178",
"202409","85177950","光通信设备的激光收发模块","143","中国台湾","14","来料加工贸易","0","千克","0","?","61",
"202409","85177950","光通信设备的激光收发模块","143","中国台湾","15","进料加工贸易","138","千克","0","?","149,570",
"202409","85177950","光通信设备的激光收发模块","143","中国台湾","34","海关特殊监管区域物流货物","61","千克","0","?","45,046",
"202409","85177950","光通信设备的激光收发模块","143","中国台湾","39","其他","3","千克","0","?","180",
"202409","85177950","光通信设备的激光收发模块","303","英国","10","一般贸易","5","千克","0","?","7,699",
"202409","85177950","光通信设备的激光收发模块","303","英国","34","海关特殊监管区域物流货物","0","千克","0","?","365",
"202409","85177950","光通信设备的激光收发模块","304","德国","10","一般贸易","31","千克","0","?","68,841",
"202409","85177950","光通信设备的激光收发模块","304","德国","14","来料加工贸易","48","千克","0","?","21,458",
"202409","85177950","光通信设备的激光收发模块","305","法国","10","一般贸易","26","千克","0","?","823,004",
"202409","85177950","光通信设备的激光收发模块","307","意大利","10","一般贸易","1","千克","0","?","134",
"202409","85177950","光通信设备的激光收发模块","309","荷兰","10","一般贸易","78","千克","0","?","50,288",
"202409","85177950","光通信设备的激光收发模块","312","西班牙","10","一般贸易","9","千克","0","?","50,527",
"202409","85177950","光通信设备的激光收发模块","321","匈牙利","33","保税监管场所进出境货物","11","千克","0","?","20,000",
"202409","85177950","光通信设备的激光收发模块","330","瑞典","10","一般贸易","0","千克","0","?","55,845",
"202409","85177950","光通信设备的激光收发模块","330","瑞典","39","其他","2","千克","0","?","107",
"202409","85177950","光通信设备的激光收发模块","331","瑞士","10","一般贸易","0","千克","0","?","1,784",
"202409","85177950","光通信设备的激光收发模块","334","爱沙尼亚","10","一般贸易","1","千克","0","?","418",
"202409","85177950","光通信设备的激光收发模块","352","捷克","33","保税监管场所进出境货物","21","千克","0","?","28,070",
"202409","85177950","光通信设备的激光收发模块","353","斯洛伐克","10","一般贸易","0","千克","0","?","437",
"202409","85177950","光通信设备的激光收发模块","429","墨西哥","10","一般贸易","13","千克","0","?","116,505",
"202409","85177950","光通信设备的激光收发模块","501","加拿大","10","一般贸易","2","千克","0","?","44,228",
"202409","85177950","光通信设备的激光收发模块","502","美国","10","一般贸易","149","千克","0","?","266,177",
"202409","85177950","光通信设备的激光收发模块","502","美国","15","进料加工贸易","53","千克","0","?","38,322",
"202409","85177950","光通信设备的激光收发模块","502","美国","34","海关特殊监管区域物流货物","18","千克","0","?","61,440",
"202409","85177950","光通信设备的激光收发模块","502","美国","39","其他","2","千克","0","?","452",
"202409","85177990","品目85.17所列设备用其他零件","106","缅甸","10","一般贸易","220","千克","0","?","16,237",
"202409","85177990","品目85.17所列设备用其他零件","107","柬埔寨","10","一般贸易","119","千克","0","?","131,537",
"202409","85177990","品目85.17所列设备用其他零件","107","柬埔寨","15","进料加工贸易","185","千克","0","?","529,605",
"202409","85177990","品目85.17所列设备用其他零件","108","塞浦路斯","33","保税监管场所进出境货物","119","千克","0","?","4,817",
"202409","85177990","品目85.17所列设备用其他零件","110","中国香港","10","一般贸易","200","千克","0","?","317,343",
"202409","85177990","品目85.17所列设备用其他零件","110","中国香港","15","进料加工贸易","38","千克","0","?","924",
"202409","85177990","品目85.17所列设备用其他零件","110","中国香港","33","保税监管场所进出境货物","40","千克","0","?","4,190",
"202409","85177990","品目85.17所列设备用其他零件","110","中国香港","39","其他","0","千克","0","?","2,934",
"202409","85177990","品目85.17所列设备用其他零件","111","印度","10","一般贸易","2173","千克","0","?","203,024",
"202409","85177990","品目85.17所列设备用其他零件","111","印度","15","进料加工贸易","543","千克","0","?","262,460",
"202409","85177990","品目85.17所列设备用其他零件","111","印度","34","海关特殊监管区域物流货物","37182","千克","0","?","1,417,825",
"202409","85177990","品目85.17所列设备用其他零件","111","印度","39","其他","566","千克","0","?","44,883",
"202409","85177990","品目85.17所列设备用其他零件","112","印度尼西亚","10","一般贸易","6","千克","0","?","25,257",
"202409","85177990","品目85.17所列设备用其他零件","112","印度尼西亚","15","进料加工贸易","82","千克","0","?","14,151",
"202409","85177990","品目85.17所列设备用其他零件","115","以色列","10","一般贸易","109","千克","0","?","687,724",
"202409","85177990","品目85.17所列设备用其他零件","115","以色列","15","进料加工贸易","5","千克","0","?","9,815",
"202409","85177990","品目85.17所列设备用其他零件","115","以色列","33","保税监管场所进出境货物","160","千克","0","?","32,000",
"202409","85177990","品目85.17所列设备用其他零件","115","以色列","34","海关特殊监管区域物流货物","0","千克","0","?","3,127",
"202409","85177990","品目85.17所列设备用其他零件","116","日本","10","一般贸易","5319","千克","0","?","8,459,080",
"202409","85177990","品目85.17所列设备用其他零件","116","日本","14","来料加工贸易","143","千克","0","?","9,851",
"202409","85177990","品目85.17所列设备用其他零件","116","日本","15","进料加工贸易","2101","千克","0","?","6,153,169",
"202409","85177990","品目85.17所列设备用其他零件","116","日本","33","保税监管场所进出境货物","1037","千克","0","?","473,325",
"202409","85177990","品目85.17所列设备用其他零件","116","日本","34","海关特殊监管区域物流货物","283","千克","0","?","2,049,119",
"202409","85177990","品目85.17所列设备用其他零件","116","日本","39","其他","13","千克","0","?","32,495",
"202409","85177990","品目85.17所列设备用其他零件","119","老挝","10","一般贸易","1","千克","0","?","496",
"202409","85177990","品目85.17所列设备用其他零件","122","马来西亚","10","一般贸易","2939","千克","0","?","10,392,878",
"202409","85177990","品目85.17所列设备用其他零件","122","马来西亚","14","来料加工贸易","47","千克","0","?","6,401",
"202409","85177990","品目85.17所列设备用其他零件","122","马来西亚","15","进料加工贸易","4495","千克","0","?","36,749,642",
"202409","85177990","品目85.17所列设备用其他零件","122","马来西亚","33","保税监管场所进出境货物","6377","千克","0","?","149,770",
"202409","85177990","品目85.17所列设备用其他零件","122","马来西亚","34","海关特殊监管区域物流货物","942","千克","0","?","216,843",
"202409","85177990","品目85.17所列设备用其他零件","122","马来西亚","39","其他","268","千克","0","?","229,167",
"202409","85177990","品目85.17所列设备用其他零件","129","菲律宾","10","一般贸易","1059","千克","0","?","1,152,103",
"202409","85177990","品目85.17所列设备用其他零件","129","菲律宾","15","进料加工贸易","829","千克","0","?","228,429",
"202409","85177990","品目85.17所列设备用其他零件","129","菲律宾","33","保税监管场所进出境货物","54","千克","0","?","17,878",
"202409","85177990","品目85.17所列设备用其他零件","129","菲律宾","34","海关特殊监管区域物流货物","501","千克","0","?","1,421,290",
"202409","85177990","品目85.17所列设备用其他零件","129","菲律宾","39","其他","89","千克","0","?","11,529",
"202409","85177990","品目85.17所列设备用其他零件","132","新加坡","10","一般贸易","1206","千克","0","?","1,105,482",
"202409","85177990","品目85.17所列设备用其他零件","132","新加坡","14","来料加工贸易","1","千克","0","?","1,059",
"202409","85177990","品目85.17所列设备用其他零件","132","新加坡","15","进料加工贸易","349","千克","0","?","120,833",
"202409","85177990","品目85.17所列设备用其他零件","132","新加坡","33","保税监管场所进出境货物","3843","千克","0","?","675,550",
"202409","85177990","品目85.17所列设备用其他零件","132","新加坡","34","海关特殊监管区域物流货物","2809","千克","0","?","4,741,155",
"202409","85177990","品目85.17所列设备用其他零件","132","新加坡","39","其他","8","千克","0","?","5,125",
"202409","85177990","品目85.17所列设备用其他零件","133","韩国","10","一般贸易","7132","千克","0","?","1,904,822",
"202409","85177990","品目85.17所列设备用其他零件","133","韩国","14","来料加工贸易","271","千克","0","?","106,343",
"202409","85177990","品目85.17所列设备用其他零件","133","韩国","15","进料加工贸易","2911","千克","0","?","26,359,989",
"202409","85177990","品目85.17所列设备用其他零件","133","韩国","33","保税监管场所进出境货物","1447","千克","0","?","226,576",
"202409","85177990","品目85.17所列设备用其他零件","133","韩国","34","海关特殊监管区域物流货物","1137","千克","0","?","630,678",
"202409","85177990","品目85.17所列设备用其他零件","133","韩国","39","其他","127","千克","0","?","85,583",
"202409","85177990","品目85.17所列设备用其他零件","134","斯里兰卡","10","一般贸易","13","千克","0","?","1,721",
"202409","85177990","品目85.17所列设备用其他零件","136","泰国","10","一般贸易","2724","千克","0","?","5,726,899",
"202409","85177990","品目85.17所列设备用其他零件","136","泰国","14","来料加工贸易","8","千克","0","?","22,005",
"202409","85177990","品目85.17所列设备用其他零件","136","泰国","15","进料加工贸易","2318","千克","0","?","2,039,153",
"202409","85177990","品目85.17所列设备用其他零件","136","泰国","33","保税监管场所进出境货物","335","千克","0","?","58,620",
"202409","85177990","品目85.17所列设备用其他零件","136","泰国","34","海关特殊监管区域物流货物","148","千克","0","?","653,486",
"202409","85177990","品目85.17所列设备用其他零件","136","泰国","35","海关特殊监管区域进口设备","180","千克","0","?","11,804",
"202409","85177990","品目85.17所列设备用其他零件","136","泰国","39","其他","479","千克","0","?","100,332",
"202409","85177990","品目85.17所列设备用其他零件","137","土耳其","10","一般贸易","31","千克","0","?","17,406",
"202409","85177990","品目85.17所列设备用其他零件","137","土耳其","39","其他","2","千克","0","?","216",
"202409","85177990","品目85.17所列设备用其他零件","138","阿联酋","39","其他","0","千克","0","?","1,100",
"202409","85177990","品目85.17所列设备用其他零件","141","越南","10","一般贸易","9772","千克","0","?","2,769,638",
"202409","85177990","品目85.17所列设备用其他零件","141","越南","15","进料加工贸易","3990","千克","0","?","10,709,132",
"202409","85177990","品目85.17所列设备用其他零件","141","越南","33","保税监管场所进出境货物","178","千克","0","?","242,149",
"202409","85177990","品目85.17所列设备用其他零件","141","越南","34","海关特殊监管区域物流货物","396667","千克","0","?","43,016,101",
"202409","85177990","品目85.17所列设备用其他零件","141","越南","39","其他","1431","千克","0","?","82,287",
"202409","85177990","品目85.17所列设备用其他零件","142","中国","10","一般贸易","110559","千克","0","?","27,819,799",
"202409","85177990","品目85.17所列设备用其他零件","142","中国","14","来料加工贸易","7347","千克","0","?","310,274",
"202409","85177990","品目85.17所列设备用其他零件","142","中国","15","进料加工贸易","154358","千克","0","?","27,114,643",
"202409","85177990","品目85.17所列设备用其他零件","142","中国","20","加工贸易进口设备","0","千克","0","?","11",
"202409","85177990","品目85.17所列设备用其他零件","142","中国","33","保税监管场所进出境货物","51269","千克","0","?","2,837,613",
"202409","85177990","品目85.17所列设备用其他零件","142","中国","34","海关特殊监管区域物流货物","32272","千克","0","?","3,582,224",
"202409","85177990","品目85.17所列设备用其他零件","142","中国","39","其他","917","千克","0","?","1,154,133",
"202409","85177990","品目85.17所列设备用其他零件","143","中国台湾","10","一般贸易","10616","千克","0","?","4,255,649",
"202409","85177990","品目85.17所列设备用其他零件","143","中国台湾","14","来料加工贸易","57","千克","0","?","8,831",
"202409","85177990","品目85.17所列设备用其他零件","143","中国台湾","15","进料加工贸易","38203","千克","0","?","28,101,552",
"202409","85177990","品目85.17所列设备用其他零件","143","中国台湾","33","保税监管场所进出境货物","92","千克","0","?","118,440",
"202409","85177990","品目85.17所列设备用其他零件","143","中国台湾","34","海关特殊监管区域物流货物","2646","千克","0","?","183,118",
"202409","85177990","品目85.17所列设备用其他零件","143","中国台湾","39","其他","74","千克","0","?","32,775",
"202409","85177990","品目85.17所列设备用其他零件","249","突尼斯","10","一般贸易","3","千克","0","?","600",
"202409","85177990","品目85.17所列设备用其他零件","301","比利时","10","一般贸易","4","千克","0","?","4,877",
"202409","85177990","品目85.17所列设备用其他零件","301","比利时","15","进料加工贸易","116","千克","0","?","2,043",
"202409","85177990","品目85.17所列设备用其他零件","301","比利时","39","其他","3","千克","0","?","1,181",
"202409","85177990","品目85.17所列设备用其他零件","302","丹麦","10","一般贸易","1805","千克","0","?","667,871",
"202409","85177990","品目85.17所列设备用其他零件","302","丹麦","15","进料加工贸易","38","千克","0","?","105,655",
"202409","85177990","品目85.17所列设备用其他零件","302","丹麦","34","海关特殊监管区域物流货物","42","千克","0","?","7,120",
"202409","85177990","品目85.17所列设备用其他零件","302","丹麦","39","其他","10","千克","0","?","11,088",
"202409","85177990","品目85.17所列设备用其他零件","303","英国","10","一般贸易","2507","千克","0","?","822,901",
"202409","85177990","品目85.17所列设备用其他零件","303","英国","15","进料加工贸易","98","千克","0","?","66,895",
"202409","85177990","品目85.17所列设备用其他零件","303","英国","33","保税监管场所进出境货物","1","千克","0","?","1,006",
"202409","85177990","品目85.17所列设备用其他零件","303","英国","34","海关特殊监管区域物流货物","393","千克","0","?","12,246",
"202409","85177990","品目85.17所列设备用其他零件","303","英国","39","其他","125","千克","0","?","88,113",
"202409","85177990","品目85.17所列设备用其他零件","304","德国","10","一般贸易","3733","千克","0","?","2,001,568",
"202409","85177990","品目85.17所列设备用其他零件","304","德国","14","来料加工贸易","0","千克","0","?","697",
"202409","85177990","品目85.17所列设备用其他零件","304","德国","15","进料加工贸易","221","千克","0","?","80,316",
"202409","85177990","品目85.17所列设备用其他零件","304","德国","33","保税监管场所进出境货物","757","千克","0","?","92,504",
"202409","85177990","品目85.17所列设备用其他零件","304","德国","34","海关特殊监管区域物流货物","235","千克","0","?","141,384",
"202409","85177990","品目85.17所列设备用其他零件","304","德国","39","其他","51","千克","0","?","26,083",
"202409","85177990","品目85.17所列设备用其他零件","305","法国","10","一般贸易","582","千克","0","?","1,115,740",
"202409","85177990","品目85.17所列设备用其他零件","305","法国","15","进料加工贸易","376","千克","0","?","1,715,951",
"202409","85177990","品目85.17所列设备用其他零件","305","法国","33","保税监管场所进出境货物","172","千克","0","?","76,992",
"202409","85177990","品目85.17所列设备用其他零件","305","法国","39","其他","117","千克","0","?","1,143",
"202409","85177990","品目85.17所列设备用其他零件","306","爱尔兰","10","一般贸易","1","千克","0","?","3,684",
"202409","85177990","品目85.17所列设备用其他零件","306","爱尔兰","15","进料加工贸易","5","千克","0","?","1,097",
"202409","85177990","品目85.17所列设备用其他零件","306","爱尔兰","39","其他","1","千克","0","?","2,000",
"202409","85177990","品目85.17所列设备用其他零件","307","意大利","10","一般贸易","2183","千克","0","?","207,652",
"202409","85177990","品目85.17所列设备用其他零件","307","意大利","15","进料加工贸易","415","千克","0","?","1,660",
"202409","85177990","品目85.17所列设备用其他零件","307","意大利","33","保税监管场所进出境货物","44","千克","0","?","28,026",
"202409","85177990","品目85.17所列设备用其他零件","307","意大利","34","海关特殊监管区域物流货物","0","千克","0","?","7,680",
"202409","85177990","品目85.17所列设备用其他零件","307","意大利","39","其他","33","千克","0","?","17,041",
"202409","85177990","品目85.17所列设备用其他零件","309","荷兰","10","一般贸易","9","千克","0","?","14,903",
"202409","85177990","品目85.17所列设备用其他零件","309","荷兰","33","保税监管场所进出境货物","442","千克","0","?","107,804",
"202409","85177990","品目85.17所列设备用其他零件","309","荷兰","34","海关特殊监管区域物流货物","36","千克","0","?","4,686",
"202409","85177990","品目85.17所列设备用其他零件","310","希腊","33","保税监管场所进出境货物","292","千克","0","?","41,590",
"202409","85177990","品目85.17所列设备用其他零件","311","葡萄牙","10","一般贸易","2","千克","0","?","992",
"202409","85177990","品目85.17所列设备用其他零件","311","葡萄牙","33","保税监管场所进出境货物","19","千克","0","?","11,365",
"202409","85177990","品目85.17所列设备用其他零件","311","葡萄牙","34","海关特殊监管区域物流货物","62","千克","0","?","13,607",
"202409","85177990","品目85.17所列设备用其他零件","312","西班牙","10","一般贸易","754","千克","0","?","21,271",
"202409","85177990","品目85.17所列设备用其他零件","312","西班牙","15","进料加工贸易","1","千克","0","?","263",
"202409","85177990","品目85.17所列设备用其他零件","312","西班牙","33","保税监管场所进出境货物","4","千克","0","?","226",
"202409","85177990","品目85.17所列设备用其他零件","315","奥地利","10","一般贸易","203","千克","0","?","482,461",
"202409","85177990","品目85.17所列设备用其他零件","315","奥地利","14","来料加工贸易","12","千克","0","?","641",
"202409","85177990","品目85.17所列设备用其他零件","315","奥地利","15","进料加工贸易","71","千克","0","?","295,448",
"202409","85177990","品目85.17所列设备用其他零件","315","奥地利","33","保税监管场所进出境货物","20","千克","0","?","6,688",
"202409","85177990","品目85.17所列设备用其他零件","316","保加利亚","15","进料加工贸易","39","千克","0","?","21,300",
"202409","85177990","品目85.17所列设备用其他零件","318","芬兰","10","一般贸易","1417","千克","0","?","387,105",
"202409","85177990","品目85.17所列设备用其他零件","318","芬兰","33","保税监管场所进出境货物","2","千克","0","?","638",
"202409","85177990","品目85.17所列设备用其他零件","318","芬兰","34","海关特殊监管区域物流货物","4306","千克","0","?","1,515,142",
"202409","85177990","品目85.17所列设备用其他零件","318","芬兰","39","其他","946","千克","0","?","75,278",
"202409","85177990","品目85.17所列设备用其他零件","321","匈牙利","10","一般贸易","2133","千克","0","?","254,673",
"202409","85177990","品目85.17所列设备用其他零件","321","匈牙利","15","进料加工贸易","144","千克","0","?","245,715",
"202409","85177990","品目85.17所列设备用其他零件","321","匈牙利","34","海关特殊监管区域物流货物","1","千克","0","?","640",
"202409","85177990","品目85.17所列设备用其他零件","324","马耳他","10","一般贸易","2","千克","0","?","338",
"202409","85177990","品目85.17所列设备用其他零件","326","挪威","10","一般贸易","1","千克","0","?","442",
"202409","85177990","品目85.17所列设备用其他零件","326","挪威","33","保税监管场所进出境货物","586","千克","0","?","339,470",
"202409","85177990","品目85.17所列设备用其他零件","327","波兰","10","一般贸易","1417","千克","0","?","287,053",
"202409","85177990","品目85.17所列设备用其他零件","327","波兰","33","保税监管场所进出境货物","0","千克","0","?","252",
"202409","85177990","品目85.17所列设备用其他零件","327","波兰","34","海关特殊监管区域物流货物","951","千克","0","?","58,982",
"202409","85177990","品目85.17所列设备用其他零件","327","波兰","39","其他","52","千克","0","?","12,000",
"202409","85177990","品目85.17所列设备用其他零件","328","罗马尼亚","10","一般贸易","2576","千克","0","?","2,309,987",
"202409","85177990","品目85.17所列设备用其他零件","328","罗马尼亚","15","进料加工贸易","25","千克","0","?","73,877",
"202409","85177990","品目85.17所列设备用其他零件","328","罗马尼亚","34","海关特殊监管区域物流货物","8","千克","0","?","2,927",
"202409","85177990","品目85.17所列设备用其他零件","328","罗马尼亚","39","其他","4","千克","0","?","271",
"202409","85177990","品目85.17所列设备用其他零件","330","瑞典","10","一般贸易","426","千克","0","?","1,103,694",
"202409","85177990","品目85.17所列设备用其他零件","330","瑞典","15","进料加工贸易","122","千克","0","?","10,584",
"202409","85177990","品目85.17所列设备用其他零件","330","瑞典","33","保税监管场所进出境货物","7","千克","0","?","43,978",
"202409","85177990","品目85.17所列设备用其他零件","330","瑞典","34","海关特殊监管区域物流货物","1","千克","0","?","1,045",
"202409","85177990","品目85.17所列设备用其他零件","330","瑞典","39","其他","11","千克","0","?","10,095",
"202409","85177990","品目85.17所列设备用其他零件","331","瑞士","10","一般贸易","333","千克","0","?","2,543,839",
"202409","85177990","品目85.17所列设备用其他零件","331","瑞士","15","进料加工贸易","243","千克","0","?","2,517,412",
"202409","85177990","品目85.17所列设备用其他零件","331","瑞士","33","保税监管场所进出境货物","1","千克","0","?","1,471",
"202409","85177990","品目85.17所列设备用其他零件","331","瑞士","34","海关特殊监管区域物流货物","2","千克","0","?","784",
"202409","85177990","品目85.17所列设备用其他零件","331","瑞士","39","其他","1","千克","0","?","2,686",
"202409","85177990","品目85.17所列设备用其他零件","334","爱沙尼亚","10","一般贸易","678","千克","0","?","150,919",
"202409","85177990","品目85.17所列设备用其他零件","334","爱沙尼亚","15","进料加工贸易","377","千克","0","?","17,797",
"202409","85177990","品目85.17所列设备用其他零件","335","拉脱维亚","10","一般贸易","652","千克","0","?","256,127",
"202409","85177990","品目85.17所列设备用其他零件","336","立陶宛","10","一般贸易","17","千克","0","?","26,610",
"202409","85177990","品目85.17所列设备用其他零件","336","立陶宛","39","其他","0","千克","0","?","1,045",
"202409","85177990","品目85.17所列设备用其他零件","347","乌克兰","10","一般贸易","241","千克","0","?","38,080",
"202409","85177990","品目85.17所列设备用其他零件","347","乌克兰","39","其他","19","千克","0","?","903",
"202409","85177990","品目85.17所列设备用其他零件","350","斯洛文尼亚","10","一般贸易","63","千克","0","?","8,844",
"202409","85177990","品目85.17所列设备用其他零件","350","斯洛文尼亚","39","其他","2","千克","0","?","643",
"202409","85177990","品目85.17所列设备用其他零件","351","克罗地亚","34","海关特殊监管区域物流货物","1","千克","0","?","937",
"202409","85177990","品目85.17所列设备用其他零件","352","捷克","10","一般贸易","1657","千克","0","?","101,720",
"202409","85177990","品目85.17所列设备用其他零件","352","捷克","15","进料加工贸易","63","千克","0","?","968",
"202409","85177990","品目85.17所列设备用其他零件","352","捷克","33","保税监管场所进出境货物","39","千克","0","?","384,564",
"202409","85177990","品目85.17所列设备用其他零件","352","捷克","34","海关特殊监管区域物流货物","63","千克","0","?","417,399",
"202409","85177990","品目85.17所列设备用其他零件","353","斯洛伐克","10","一般贸易","0","千克","0","?","321",
"202409","85177990","品目85.17所列设备用其他零件","353","斯洛伐克","34","海关特殊监管区域物流货物","0","千克","0","?","1,647",
"202409","85177990","品目85.17所列设备用其他零件","410","巴西","10","一般贸易","9","千克","0","?","3,928",
"202409","85177990","品目85.17所列设备用其他零件","410","巴西","34","海关特殊监管区域物流货物","33","千克","0","?","3,139",
"202409","85177990","品目85.17所列设备用其他零件","415","哥斯达黎加","10","一般贸易","0","千克","0","?","5,008",
"202409","85177990","品目85.17所列设备用其他零件","415","哥斯达黎加","15","进料加工贸易","0","千克","0","?","10,800",
"202409","85177990","品目85.17所列设备用其他零件","429","墨西哥","10","一般贸易","2623","千克","0","?","757,942",
"202409","85177990","品目85.17所列设备用其他零件","429","墨西哥","15","进料加工贸易","3930","千克","0","?","3,098,078",
"202409","85177990","品目85.17所列设备用其他零件","429","墨西哥","33","保税监管场所进出境货物","43","千克","0","?","44,585",
"202409","85177990","品目85.17所列设备用其他零件","429","墨西哥","34","海关特殊监管区域物流货物","9370","千克","0","?","1,236,970",
"202409","85177990","品目85.17所列设备用其他零件","429","墨西哥","39","其他","3360","千克","0","?","564,489",
"202409","85177990","品目85.17所列设备用其他零件","432","巴拿马","34","海关特殊监管区域物流货物","500","千克","0","?","2,500",
"202409","85177990","品目85.17所列设备用其他零件","501","加拿大","10","一般贸易","44","千克","0","?","136,209",
"202409","85177990","品目85.17所列设备用其他零件","501","加拿大","15","进料加工贸易","367","千克","0","?","321,531",
"202409","85177990","品目85.17所列设备用其他零件","501","加拿大","34","海关特殊监管区域物流货物","18","千克","0","?","131,414",
"202409","85177990","品目85.17所列设备用其他零件","501","加拿大","39","其他","21","千克","0","?","785",
"202409","85177990","品目85.17所列设备用其他零件","502","美国","10","一般贸易","3752","千克","0","?","1,649,994",
"202409","85177990","品目85.17所列设备用其他零件","502","美国","14","来料加工贸易","129","千克","0","?","182,228",
"202409","85177990","品目85.17所列设备用其他零件","502","美国","15","进料加工贸易","1066","千克","0","?","964,782",
"202409","85177990","品目85.17所列设备用其他零件","502","美国","33","保税监管场所进出境货物","449","千克","0","?","89,019",
"202409","85177990","品目85.17所列设备用其他零件","502","美国","34","海关特殊监管区域物流货物","582","千克","0","?","51,704",
"202409","85177990","品目85.17所列设备用其他零件","502","美国","35","海关特殊监管区域进口设备","9","千克","0","?","29,584",
"202409","85177990","品目85.17所列设备用其他零件","502","美国","39","其他","103","千克","0","?","42,301",
"202409","85177990","品目85.17所列设备用其他零件","601","澳大利亚","10","一般贸易","418","千克","0","?","2,791,671",
"202409","85177990","品目85.17所列设备用其他零件","601","澳大利亚","15","进料加工贸易","5","千克","0","?","14,061",
"202409","85177990","品目85.17所列设备用其他零件","601","澳大利亚","33","保税监管场所进出境货物","87","千克","0","?","241,648",
"202409","85177990","品目85.17所列设备用其他零件","601","澳大利亚","34","海关特殊监管区域物流货物","330","千克","0","?","1,283",
"202409","85177990","品目85.17所列设备用其他零件","609","新西兰","10","一般贸易","1","千克","0","?","11,628",
"202409","85177990","品目85.17所列设备用其他零件","621","马绍尔群岛","33","保税监管场所进出境货物","23","千克","0","?","1,200",
"202409","85177990","品目85.17所列设备用其他零件","621","马绍尔群岛","34","海关特殊监管区域物流货物","300","千克","0","?","1,518",
"202409","85414900","其他光敏半导体器件","110","中国香港","10","一般贸易","5","个","0","千克","200",
"202409","85414900","其他光敏半导体器件","111","印度","10","一般贸易","125","个","2","千克","491",
"202409","85414900","其他光敏半导体器件","111","印度","15","进料加工贸易","500","个","0","千克","1,445",
"202409","85414900","其他光敏半导体器件","112","印度尼西亚","10","一般贸易","12598807","个","5602","千克","309,923",
"202409","85414900","其他光敏半导体器件","112","印度尼西亚","14","来料加工贸易","188050","个","244","千克","16,882",
"202409","85414900","其他光敏半导体器件","112","印度尼西亚","15","进料加工贸易","29000","个","8","千克","25,567",
"202409","85414900","其他光敏半导体器件","112","印度尼西亚","35","海关特殊监管区域进口设备","1","个","0","千克","152",
"202409","85414900","其他光敏半导体器件","116","日本","10","一般贸易","11544522","个","6605","千克","13,101,569",
"202409","85414900","其他光敏半导体器件","116","日本","14","来料加工贸易","214378","个","43","千克","139,481",
"202409","85414900","其他光敏半导体器件","116","日本","15","进料加工贸易","13702590","个","1574","千克","3,936,480",
"202409","85414900","其他光敏半导体器件","116","日本","33","保税监管场所进出境货物","375714","个","136","千克","1,691,472",
"202409","85414900","其他光敏半导体器件","116","日本","34","海关特殊监管区域物流货物","9563977","个","3561","千克","5,599,999",
"202409","85414900","其他光敏半导体器件","116","日本","35","海关特殊监管区域进口设备","7","个","0","千克","2,285",
"202409","85414900","其他光敏半导体器件","116","日本","39","其他","24391","个","9","千克","42,462",
"202409","85414900","其他光敏半导体器件","122","马来西亚","10","一般贸易","8213784","个","4854","千克","2,942,429",
"202409","85414900","其他光敏半导体器件","122","马来西亚","14","来料加工贸易","31000","个","3","千克","5,150",
"202409","85414900","其他光敏半导体器件","122","马来西亚","15","进料加工贸易","3544665","个","953","千克","1,990,237",
"202409","85414900","其他光敏半导体器件","122","马来西亚","33","保税监管场所进出境货物","12006","个","2","千克","2,268",
"202409","85414900","其他光敏半导体器件","122","马来西亚","34","海关特殊监管区域物流货物","2783491","个","539","千克","686,956",
"202409","85414900","其他光敏半导体器件","122","马来西亚","35","海关特殊监管区域进口设备","3","个","0","千克","1,219",
"202409","85414900","其他光敏半导体器件","122","马来西亚","39","其他","3096","个","0","千克","1,610",
"202409","85414900","其他光敏半导体器件","129","菲律宾","10","一般贸易","7416178","个","3748","千克","3,593,041",
"202409","85414900","其他光敏半导体器件","129","菲律宾","14","来料加工贸易","18456","个","4","千克","2,437",
"202409","85414900","其他光敏半导体器件","129","菲律宾","15","进料加工贸易","1311910","个","467","千克","985,565",
"202409","85414900","其他光敏半导体器件","129","菲律宾","33","保税监管场所进出境货物","47250","个","24","千克","13,909",
"202409","85414900","其他光敏半导体器件","129","菲律宾","34","海关特殊监管区域物流货物","4212440","个","1089","千克","3,275,606",
"202409","85414900","其他光敏半导体器件","132","新加坡","10","一般贸易","13192","个","16","千克","106,701",
"202409","85414900","其他光敏半导体器件","132","新加坡","15","进料加工贸易","914013","个","5","千克","870,323",
"202409","85414900","其他光敏半导体器件","132","新加坡","33","保税监管场所进出境货物","1","个","0","千克","17",
"202409","85414900","其他光敏半导体器件","132","新加坡","34","海关特殊监管区域物流货物","9371","个","11","千克","5,630",
"202409","85414900","其他光敏半导体器件","132","新加坡","35","海关特殊监管区域进口设备","11","个","0","千克","798",
"202409","85414900","其他光敏半导体器件","133","韩国","10","一般贸易","18245895","个","434","千克","489,319",
"202409","85414900","其他光敏半导体器件","133","韩国","14","来料加工贸易","295558","个","84","千克","165,714",
"202409","85414900","其他光敏半导体器件","133","韩国","15","进料加工贸易","92614684","个","1209","千克","1,326,163",
"202409","85414900","其他光敏半导体器件","133","韩国","34","海关特殊监管区域物流货物","705500","个","525","千克","106,129",
"202409","85414900","其他光敏半导体器件","133","韩国","39","其他","92701","个","34","千克","1,258",
"202409","85414900","其他光敏半导体器件","136","泰国","10","一般贸易","88446420","个","39382","千克","10,206,385",
"202409","85414900","其他光敏半导体器件","136","泰国","14","来料加工贸易","404963","个","83","千克","43,647",
"202409","85414900","其他光敏半导体器件","136","泰国","15","进料加工贸易","11730136","个","3470","千克","1,789,116",
"202409","85414900","其他光敏半导体器件","136","泰国","33","保税监管场所进出境货物","2819730","个","677","千克","101,163",
"202409","85414900","其他光敏半导体器件","136","泰国","34","海关特殊监管区域物流货物","46868870","个","10352","千克","9,465,606",
"202409","85414900","其他光敏半导体器件","136","泰国","39","其他","2350","个","1","千克","674",
"202409","85414900","其他光敏半导体器件","141","越南","10","一般贸易","611","个","0","千克","10,108",
"202409","85414900","其他光敏半导体器件","141","越南","33","保税监管场所进出境货物","12","个","0","千克","263",
"202409","85414900","其他光敏半导体器件","141","越南","34","海关特殊监管区域物流货物","13","个","0","千克","150",
"202409","85414900","其他光敏半导体器件","142","中国","10","一般贸易","475501284","个","178640","千克","16,832,780",
"202409","85414900","其他光敏半导体器件","142","中国","14","来料加工贸易","5140979","个","1042","千克","335,942",
"202409","85414900","其他光敏半导体器件","142","中国","15","进料加工贸易","86444839","个","15671","千克","3,839,008",
"202409","85414900","其他光敏半导体器件","142","中国","33","保税监管场所进出境货物","13969417","个","3541","千克","410,219",
"202409","85414900","其他光敏半导体器件","142","中国","34","海关特殊监管区域物流货物","78859841","个","30067","千克","3,656,422",
"202409","85414900","其他光敏半导体器件","142","中国","35","海关特殊监管区域进口设备","1","个","0","千克","170",
"202409","85414900","其他光敏半导体器件","142","中国","39","其他","943229","个","44","千克","13,076",
"202409","85414900","其他光敏半导体器件","143","中国台湾","10","一般贸易","62283434","个","10054","千克","12,096,797",
"202409","85414900","其他光敏半导体器件","143","中国台湾","14","来料加工贸易","167196","个","53","千克","86,369",
"202409","85414900","其他光敏半导体器件","143","中国台湾","15","进料加工贸易","14359842","个","3594","千克","1,915,329",
"202409","85414900","其他光敏半导体器件","143","中国台湾","33","保税监管场所进出境货物","432009","个","37","千克","33,782",
"202409","85414900","其他光敏半导体器件","143","中国台湾","34","海关特殊监管区域物流货物","4528675","个","211","千克","2,651,578",
"202409","85414900","其他光敏半导体器件","143","中国台湾","39","其他","800","个","1","千克","94",
"202409","85414900","其他光敏半导体器件","150","格鲁吉亚","10","一般贸易","6000","个","0","千克","1,400",
"202409","85414900","其他光敏半导体器件","302","丹麦","10","一般贸易","140","个","1","千克","2,070",
"202409","85414900","其他光敏半导体器件","303","英国","10","一般贸易","4978277","个","21","千克","156,026",
"202409","85414900","其他光敏半导体器件","303","英国","34","海关特殊监管区域物流货物","372","个","0","千克","2,833",
"202409","85414900","其他光敏半导体器件","303","英国","35","海关特殊监管区域进口设备","1","个","0","千克","237",
"202409","85414900","其他光敏半导体器件","304","德国","10","一般贸易","6579151","个","735","千克","1,410,332",
"202409","85414900","其他光敏半导体器件","304","德国","15","进料加工贸易","191460","个","16","千克","155,432",
"202409","85414900","其他光敏半导体器件","304","德国","33","保税监管场所进出境货物","8013","个","2","千克","2,155",
"202409","85414900","其他光敏半导体器件","304","德国","34","海关特殊监管区域物流货物","702730","个","79","千克","125,209",
"202409","85414900","其他光敏半导体器件","304","德国","35","海关特殊监管区域进口设备","5","个","0","千克","1,839",
"202409","85414900","其他光敏半导体器件","304","德国","39","其他","726","个","1","千克","3,269",
"202409","85414900","其他光敏半导体器件","305","法国","10","一般贸易","14","个","0","千克","492",
"202409","85414900","其他光敏半导体器件","305","法国","35","海关特殊监管区域进口设备","1","个","4","千克","7,055",
"202409","85414900","其他光敏半导体器件","306","爱尔兰","39","其他","61","个","0","千克","192",
"202409","85414900","其他光敏半导体器件","307","意大利","10","一般贸易","2871","个","277","千克","704,063",
"202409","85414900","其他光敏半导体器件","307","意大利","33","保税监管场所进出境货物","2","个","4","千克","1,431",
"202409","85414900","其他光敏半导体器件","307","意大利","39","其他","124","个","3","千克","42,842",
"202409","85414900","其他光敏半导体器件","309","荷兰","33","保税监管场所进出境货物","2","个","1","千克","117,483",
"202409","85414900","其他光敏半导体器件","310","希腊","10","一般贸易","200","个","0","千克","7",
"202409","85414900","其他光敏半导体器件","315","奥地利","14","来料加工贸易","36000","个","1","千克","7,200",
"202409","85414900","其他光敏半导体器件","321","匈牙利","10","一般贸易","515","个","2","千克","256",
"202409","85414900","其他光敏半导体器件","321","匈牙利","15","进料加工贸易","6180","个","30","千克","20,221",
"202409","85414900","其他光敏半导体器件","324","马耳他","10","一般贸易","66","个","1","千克","820",
"202409","85414900","其他光敏半导体器件","327","波兰","10","一般贸易","141","个","1","千克","159,120",
"202409","85414900","其他光敏半导体器件","330","瑞典","10","一般贸易","7","个","0","千克","2,989",
"202409","85414900","其他光敏半导体器件","330","瑞典","15","进料加工贸易","388","个","0","千克","31,197",
"202409","85414900","其他光敏半导体器件","331","瑞士","10","一般贸易","2258454","个","17","千克","2,902,721",
"202409","85414900","其他光敏半导体器件","331","瑞士","15","进料加工贸易","563730","个","0","千克","983,929",
"202409","85414900","其他光敏半导体器件","331","瑞士","39","其他","620","个","0","千克","1,925",
"202409","85414900","其他光敏半导体器件","336","立陶宛","15","进料加工贸易","200","个","2","千克","43,200",
"202409","85414900","其他光敏半导体器件","344","俄罗斯","10","一般贸易","741","个","260","千克","75,712",
"202409","85414900","其他光敏半导体器件","352","捷克","10","一般贸易","552","个","16","千克","8,342",
"202409","85414900","其他光敏半导体器件","418","多米尼加
","10","一般贸易","2","个","0","千克","103",
"202409","85414900","其他光敏半导体器件","418","多米尼加
","34","海关特殊监管区域物流货物","381","个","102","千克","7,261",
"202409","85414900","其他光敏半导体器件","429","墨西哥","10","一般贸易","203779","个","1198","千克","447,623",
"202409","85414900","其他光敏半导体器件","429","墨西哥","14","来料加工贸易","500","个","0","千克","620",
"202409","85414900","其他光敏半导体器件","429","墨西哥","15","进料加工贸易","10122","个","40","千克","21,860",
"202409","85414900","其他光敏半导体器件","429","墨西哥","33","保税监管场所进出境货物","2","个","0","千克","580",
"202409","85414900","其他光敏半导体器件","429","墨西哥","34","海关特殊监管区域物流货物","231","个","89","千克","13,421",
"202409","85414900","其他光敏半导体器件","429","墨西哥","35","海关特殊监管区域进口设备","2","个","0","千克","5,134",
"202409","85414900","其他光敏半导体器件","501","加拿大","10","一般贸易","22146","个","7","千克","97,998",
"202409","85414900","其他光敏半导体器件","501","加拿大","33","保税监管场所进出境货物","2","个","0","千克","555",
"202409","85414900","其他光敏半导体器件","502","美国","10","一般贸易","37511","个","38","千克","907,011",
"202409","85414900","其他光敏半导体器件","502","美国","14","来料加工贸易","3201383","个","20","千克","150,059",
"202409","85414900","其他光敏半导体器件","502","美国","15","进料加工贸易","850241","个","16","千克","1,070,708",
"202409","85414900","其他光敏半导体器件","502","美国","33","保税监管场所进出境货物","84","个","5","千克","8,594",
"202409","85414900","其他光敏半导体器件","502","美国","34","海关特殊监管区域物流货物","29003","个","2","千克","3,053",
"202409","85414900","其他光敏半导体器件","502","美国","35","海关特殊监管区域进口设备","31","个","0","千克","14,111",
"202409","85414900","其他光敏半导体器件","502","美国","39","其他","88614","个","32","千克","14,600",
"202409","85414900","其他光敏半导体器件","601","澳大利亚","10","一般贸易","6010","个","4","千克","749",
"202409","85414900","其他光敏半导体器件","601","澳大利亚","39","其他","13","个","0","千克","1,364",
"202410","85177950","光通信设备的激光收发模块","111","印度","10","一般贸易","0","千克","0","?","1,987",
"202410","85177950","光通信设备的激光收发模块","112","印度尼西亚","15","进料加工贸易","2","千克","0","?","4,625",
"202410","85177950","光通信设备的激光收发模块","112","印度尼西亚","34","海关特殊监管区域物流货物","7","千克","0","?","10,465",
"202410","85177950","光通信设备的激光收发模块","115","以色列","10","一般贸易","1","千克","0","?","1,646",
"202410","85177950","光通信设备的激光收发模块","116","日本","10","一般贸易","256","千克","0","?","778,409",
"202410","85177950","光通信设备的激光收发模块","116","日本","33","保税监管场所进出境货物","300","千克","0","?","6,477",
"202410","85177950","光通信设备的激光收发模块","120","黎巴嫩","10","一般贸易","2","千克","0","?","1,062",
"202410","85177950","光通信设备的激光收发模块","122","马来西亚","10","一般贸易","1650","千克","0","?","2,215,143",
"202410","85177950","光通信设备的激光收发模块","122","马来西亚","15","进料加工贸易","72","千克","0","?","112,658",
"202410","85177950","光通信设备的激光收发模块","122","马来西亚","33","保税监管场所进出境货物","191","千克","0","?","1,233,654",
"202410","85177950","光通信设备的激光收发模块","122","马来西亚","34","海关特殊监管区域物流货物","72","千克","0","?","331,814",
"202410","85177950","光通信设备的激光收发模块","122","马来西亚","35","海关特殊监管区域进口设备","6","千克","0","?","16,162",
"202410","85177950","光通信设备的激光收发模块","122","马来西亚","39","其他","1","千克","0","?","7,615",
"202410","85177950","光通信设备的激光收发模块","129","菲律宾","10","一般贸易","1566","千克","0","?","3,110,285",
"202410","85177950","光通信设备的激光收发模块","129","菲律宾","15","进料加工贸易","51","千克","0","?","58,722",
"202410","85177950","光通信设备的激光收发模块","129","菲律宾","34","海关特殊监管区域物流货物","343","千克","0","?","900,358",
"202410","85177950","光通信设备的激光收发模块","132","新加坡","39","其他","0","千克","0","?","460",
"202410","85177950","光通信设备的激光收发模块","133","韩国","10","一般贸易","1","千克","0","?","79,113",
"202410","85177950","光通信设备的激光收发模块","133","韩国","34","海关特殊监管区域物流货物","14","千克","0","?","14,153",
"202410","85177950","光通信设备的激光收发模块","133","韩国","39","其他","1","千克","0","?","45",
"202410","85177950","光通信设备的激光收发模块","136","泰国","10","一般贸易","3992","千克","0","?","14,085,288",
"202410","85177950","光通信设备的激光收发模块","136","泰国","15","进料加工贸易","228","千克","0","?","421,957",
"202410","85177950","光通信设备的激光收发模块","136","泰国","33","保税监管场所进出境货物","74","千克","0","?","854,679",
"202410","85177950","光通信设备的激光收发模块","136","泰国","34","海关特殊监管区域物流货物","725","千克","0","?","6,318,134",
"202410","85177950","光通信设备的激光收发模块","136","泰国","35","海关特殊监管区域进口设备","2","千克","0","?","23,043",
"202410","85177950","光通信设备的激光收发模块","136","泰国","39","其他","27","千克","0","?","332,299",
"202410","85177950","光通信设备的激光收发模块","141","越南","10","一般贸易","2","千克","0","?","5,507",
"202410","85177950","光通信设备的激光收发模块","141","越南","33","保税监管场所进出境货物","14","千克","0","?","1,424,980",
"202410","85177950","光通信设备的激光收发模块","141","越南","34","海关特殊监管区域物流货物","17","千克","0","?","151,776",
"202410","85177950","光通信设备的激光收发模块","142","中国","10","一般贸易","2201","千克","0","?","10,273,547",
"202410","85177950","光通信设备的激光收发模块","142","中国","14","来料加工贸易","6","千克","0","?","17,853",
"202410","85177950","光通信设备的激光收发模块","142","中国","15","进料加工贸易","365","千克","0","?","202,135",
"202410","85177950","光通信设备的激光收发模块","142","中国","33","保税监管场所进出境货物","546","千克","0","?","557,426",
"202410","85177950","光通信设备的激光收发模块","142","中国","34","海关特殊监管区域物流货物","1606","千克","0","?","13,029,506",
"202410","85177950","光通信设备的激光收发模块","142","中国","35","海关特殊监管区域进口设备","0","千克","0","?","33,032",
"202410","85177950","光通信设备的激光收发模块","142","中国","39","其他","79","千克","0","?","104,104",
"202410","85177950","光通信设备的激光收发模块","143","中国台湾","10","一般贸易","519","千克","0","?","973,195",
"202410","85177950","光通信设备的激光收发模块","143","中国台湾","14","来料加工贸易","0","千克","0","?","59",
"202410","85177950","光通信设备的激光收发模块","143","中国台湾","15","进料加工贸易","165","千克","0","?","420,749",
"202410","85177950","光通信设备的激光收发模块","143","中国台湾","34","海关特殊监管区域物流货物","175","千克","0","?","179,308",
"202410","85177950","光通信设备的激光收发模块","143","中国台湾","39","其他","6","千克","0","?","15,283",
"202410","85177950","光通信设备的激光收发模块","302","丹麦","10","一般贸易","2","千克","0","?","3,118",
"202410","85177950","光通信设备的激光收发模块","303","英国","10","一般贸易","4","千克","0","?","5,842",
"202410","85177950","光通信设备的激光收发模块","303","英国","34","海关特殊监管区域物流货物","0","千克","0","?","550",
"202410","85177950","光通信设备的激光收发模块","304","德国","10","一般贸易","29","千克","0","?","89,001",
"202410","85177950","光通信设备的激光收发模块","305","法国","10","一般贸易","30","千克","0","?","22,081",
"202410","85177950","光通信设备的激光收发模块","306","爱尔兰","10","一般贸易","0","千克","0","?","542",
"202410","85177950","光通信设备的激光收发模块","315","奥地利","10","一般贸易","1","千克","0","?","4,243",
"202410","85177950","光通信设备的激光收发模块","326","挪威","10","一般贸易","1","千克","0","?","8,581",
"202410","85177950","光通信设备的激光收发模块","327","波兰","10","一般贸易","16","千克","0","?","10,000",
"202410","85177950","光通信设备的激光收发模块","331","瑞士","10","一般贸易","1","千克","0","?","326",
"202410","85177950","光通信设备的激光收发模块","331","瑞士","39","其他","3","千克","0","?","34,888",
"202410","85177950","光通信设备的激光收发模块","352","捷克","10","一般贸易","3","千克","0","?","919",
"202410","85177950","光通信设备的激光收发模块","352","捷克","33","保税监管场所进出境货物","3","千克","0","?","77,879",
"202410","85177950","光通信设备的激光收发模块","353","斯洛伐克","10","一般贸易","1","千克","0","?","8,925",
"202410","85177950","光通信设备的激光收发模块","429","墨西哥","10","一般贸易","23","千克","0","?","41,282",
"202410","85177950","光通信设备的激光收发模块","429","墨西哥","39","其他","1","千克","0","?","3,529",
"202410","85177950","光通信设备的激光收发模块","501","加拿大","15","进料加工贸易","0","千克","0","?","1,320",
"202410","85177950","光通信设备的激光收发模块","502","美国","10","一般贸易","39","千克","0","?","376,887",
"202410","85177950","光通信设备的激光收发模块","502","美国","15","进料加工贸易","1","千克","0","?","443",
"202410","85177950","光通信设备的激光收发模块","502","美国","33","保税监管场所进出境货物","0","千克","0","?","518",
"202410","85177950","光通信设备的激光收发模块","502","美国","34","海关特殊监管区域物流货物","0","千克","0","?","185",
"202410","85177950","光通信设备的激光收发模块","502","美国","39","其他","1","千克","0","?","951",
"202410","85177990","品目85.17所列设备用其他零件","106","缅甸","10","一般贸易","240","千克","0","?","19,846",
"202410","85177990","品目85.17所列设备用其他零件","107","柬埔寨","10","一般贸易","7","千克","0","?","25,067",
"202410","85177990","品目85.17所列设备用其他零件","108","塞浦路斯","33","保税监管场所进出境货物","165","千克","0","?","5,331",
"202410","85177990","品目85.17所列设备用其他零件","108","塞浦路斯","34","海关特殊监管区域物流货物","135","千克","0","?","6,043",
"202410","85177990","品目85.17所列设备用其他零件","110","中国香港","10","一般贸易","8","千克","0","?","235,801",
"202410","85177990","品目85.17所列设备用其他零件","110","中国香港","15","进料加工贸易","33","千克","0","?","288",
"202410","85177990","品目85.17所列设备用其他零件","110","中国香港","33","保税监管场所进出境货物","6","千克","0","?","2,039",
"202410","85177990","品目85.17所列设备用其他零件","111","印度","10","一般贸易","2057","千克","0","?","487,542",
"202410","85177990","品目85.17所列设备用其他零件","111","印度","15","进料加工贸易","721","千克","0","?","335,356",
"202410","85177990","品目85.17所列设备用其他零件","111","印度","34","海关特殊监管区域物流货物","64550","千克","0","?","3,695,772",
"202410","85177990","品目85.17所列设备用其他零件","111","印度","39","其他","93","千克","0","?","35,427",
"202410","85177990","品目85.17所列设备用其他零件","112","印度尼西亚","10","一般贸易","427","千克","0","?","156,988",
"202410","85177990","品目85.17所列设备用其他零件","112","印度尼西亚","15","进料加工贸易","119","千克","0","?","38,507",
"202410","85177990","品目85.17所列设备用其他零件","115","以色列","10","一般贸易","32","千克","0","?","42,140",
"202410","85177990","品目85.17所列设备用其他零件","115","以色列","15","进料加工贸易","1","千克","0","?","2,609",
"202410","85177990","品目85.17所列设备用其他零件","115","以色列","34","海关特殊监管区域物流货物","0","千克","0","?","3,540",
"202410","85177990","品目85.17所列设备用其他零件","115","以色列","39","其他","380","千克","0","?","395,089",
"202410","85177990","品目85.17所列设备用其他零件","116","日本","10","一般贸易","4343","千克","0","?","7,999,120",
"202410","85177990","品目85.17所列设备用其他零件","116","日本","14","来料加工贸易","50","千克","0","?","5,747",
"202410","85177990","品目85.17所列设备用其他零件","116","日本","15","进料加工贸易","915","千克","0","?","4,670,459",
"202410","85177990","品目85.17所列设备用其他零件","116","日本","33","保税监管场所进出境货物","401","千克","0","?","247,898",
"202410","85177990","品目85.17所列设备用其他零件","116","日本","34","海关特殊监管区域物流货物","127","千克","0","?","1,244,725",
"202410","85177990","品目85.17所列设备用其他零件","116","日本","39","其他","59","千克","0","?","46,705",
"202410","85177990","品目85.17所列设备用其他零件","122","马来西亚","10","一般贸易","6221","千克","0","?","18,828,989",
"202410","85177990","品目85.17所列设备用其他零件","122","马来西亚","15","进料加工贸易","9195","千克","0","?","35,123,829",
"202410","85177990","品目85.17所列设备用其他零件","122","马来西亚","33","保税监管场所进出境货物","2885","千克","0","?","232,046",
"202410","85177990","品目85.17所列设备用其他零件","122","马来西亚","34","海关特殊监管区域物流货物","2257","千克","0","?","621,524",
"202410","85177990","品目85.17所列设备用其他零件","122","马来西亚","35","海关特殊监管区域进口设备","1","千克","0","?","2,220",
"202410","85177990","品目85.17所列设备用其他零件","122","马来西亚","39","其他","129","千克","0","?","87,600",
"202410","85177990","品目85.17所列设备用其他零件","129","菲律宾","10","一般贸易","3218","千克","0","?","2,361,464",
"202410","85177990","品目85.17所列设备用其他零件","129","菲律宾","15","进料加工贸易","111","千克","0","?","157,970",
"202410","85177990","品目85.17所列设备用其他零件","129","菲律宾","33","保税监管场所进出境货物","35","千克","0","?","15,313",
"202410","85177990","品目85.17所列设备用其他零件","129","菲律宾","34","海关特殊监管区域物流货物","368","千克","0","?","717,971",
"202410","85177990","品目85.17所列设备用其他零件","132","新加坡","10","一般贸易","2837","千克","0","?","1,188,556",
"202410","85177990","品目85.17所列设备用其他零件","132","新加坡","15","进料加工贸易","212","千克","0","?","78,775",
"202410","85177990","品目85.17所列设备用其他零件","132","新加坡","33","保税监管场所进出境货物","2234","千克","0","?","376,668",
"202410","85177990","品目85.17所列设备用其他零件","132","新加坡","34","海关特殊监管区域物流货物","458","千克","0","?","51,888",
"202410","85177990","品目85.17所列设备用其他零件","132","新加坡","39","其他","50","千克","0","?","7,120",
"202410","85177990","品目85.17所列设备用其他零件","133","韩国","10","一般贸易","2408","千克","0","?","1,041,686",
"202410","85177990","品目85.17所列设备用其他零件","133","韩国","14","来料加工贸易","168","千克","0","?","10,881",
"202410","85177990","品目85.17所列设备用其他零件","133","韩国","15","进料加工贸易","3844","千克","0","?","30,867,804",
"202410","85177990","品目85.17所列设备用其他零件","133","韩国","33","保税监管场所进出境货物","558","千克","0","?","34,959",
"202410","85177990","品目85.17所列设备用其他零件","133","韩国","34","海关特殊监管区域物流货物","497","千克","0","?","111,571",
"202410","85177990","品目85.17所列设备用其他零件","133","韩国","39","其他","405","千克","0","?","28,144",
"202410","85177990","品目85.17所列设备用其他零件","136","泰国","10","一般贸易","2308","千克","0","?","5,016,196",
"202410","85177990","品目85.17所列设备用其他零件","136","泰国","14","来料加工贸易","3","千克","0","?","12,662",
"202410","85177990","品目85.17所列设备用其他零件","136","泰国","15","进料加工贸易","459","千克","0","?","2,270,537",
"202410","85177990","品目85.17所列设备用其他零件","136","泰国","34","海关特殊监管区域物流货物","491","千克","0","?","2,000,012",
"202410","85177990","品目85.17所列设备用其他零件","136","泰国","39","其他","56","千克","0","?","23,645",
"202410","85177990","品目85.17所列设备用其他零件","137","土耳其","10","一般贸易","35","千克","0","?","7,868",
"202410","85177990","品目85.17所列设备用其他零件","137","土耳其","15","进料加工贸易","59","千克","0","?","19,200",
"202410","85177990","品目85.17所列设备用其他零件","137","土耳其","34","海关特殊监管区域物流货物","480","千克","0","?","74,455",
"202410","85177990","品目85.17所列设备用其他零件","137","土耳其","39","其他","1","千克","0","?","137",
"202410","85177990","品目85.17所列设备用其他零件","138","阿联酋","33","保税监管场所进出境货物","89","千克","0","?","7,347",
"202410","85177990","品目85.17所列设备用其他零件","141","越南","10","一般贸易","13186","千克","0","?","2,019,671",
"202410","85177990","品目85.17所列设备用其他零件","141","越南","15","进料加工贸易","3744","千克","0","?","7,131,911",
"202410","85177990","品目85.17所列设备用其他零件","141","越南","33","保税监管场所进出境货物","103","千克","0","?","124,796",
"202410","85177990","品目85.17所列设备用其他零件","141","越南","34","海关特殊监管区域物流货物","288748","千克","0","?","29,650,924",
"202410","85177990","品目85.17所列设备用其他零件","141","越南","39","其他","36","千克","0","?","35,189",
"202410","85177990","品目85.17所列设备用其他零件","142","中国","10","一般贸易","168499","千克","0","?","30,938,380",
"202410","85177990","品目85.17所列设备用其他零件","142","中国","14","来料加工贸易","4421","千克","0","?","172,989",
"202410","85177990","品目85.17所列设备用其他零件","142","中国","15","进料加工贸易","148906","千克","0","?","24,916,102",
"202410","85177990","品目85.17所列设备用其他零件","142","中国","33","保税监管场所进出境货物","51908","千克","0","?","2,573,936",
"202410","85177990","品目85.17所列设备用其他零件","142","中国","34","海关特殊监管区域物流货物","22768","千克","0","?","2,784,793",
"202410","85177990","品目85.17所列设备用其他零件","142","中国","39","其他","1047","千克","0","?","164,491",
"202410","85177990","品目85.17所列设备用其他零件","143","中国台湾","10","一般贸易","10056","千克","0","?","5,737,767",
"202410","85177990","品目85.17所列设备用其他零件","143","中国台湾","14","来料加工贸易","36","千克","0","?","12,703",
"202410","85177990","品目85.17所列设备用其他零件","143","中国台湾","15","进料加工贸易","29300","千克","0","?","21,294,029",
"202410","85177990","品目85.17所列设备用其他零件","143","中国台湾","33","保税监管场所进出境货物","124","千克","0","?","84,160",
"202410","85177990","品目85.17所列设备用其他零件","143","中国台湾","34","海关特殊监管区域物流货物","5559","千克","0","?","256,380",
"202410","85177990","品目85.17所列设备用其他零件","143","中国台湾","39","其他","14","千克","0","?","8,031",
"202410","85177990","品目85.17所列设备用其他零件","232","摩洛哥","39","其他","3","千克","0","?","44",
"202410","85177990","品目85.17所列设备用其他零件","244","南非","10","一般贸易","8","千克","0","?","21,472",
"202410","85177990","品目85.17所列设备用其他零件","301","比利时","10","一般贸易","5","千克","0","?","2,544",
"202410","85177990","品目85.17所列设备用其他零件","301","比利时","15","进料加工贸易","1","千克","0","?","424",
"202410","85177990","品目85.17所列设备用其他零件","302","丹麦","10","一般贸易","3371","千克","0","?","364,190",
"202410","85177990","品目85.17所列设备用其他零件","302","丹麦","15","进料加工贸易","0","千克","0","?","48,772",
"202410","85177990","品目85.17所列设备用其他零件","302","丹麦","33","保税监管场所进出境货物","58","千克","0","?","9,193",
"202410","85177990","品目85.17所列设备用其他零件","302","丹麦","34","海关特殊监管区域物流货物","805","千克","0","?","30,473",
"202410","85177990","品目85.17所列设备用其他零件","303","英国","10","一般贸易","1571","千克","0","?","719,435",
"202410","85177990","品目85.17所列设备用其他零件","303","英国","15","进料加工贸易","24","千克","0","?","101,371",
"202410","85177990","品目85.17所列设备用其他零件","303","英国","33","保税监管场所进出境货物","10","千克","0","?","5,291",
"202410","85177990","品目85.17所列设备用其他零件","303","英国","34","海关特殊监管区域物流货物","1035","千克","0","?","34,842",
"202410","85177990","品目85.17所列设备用其他零件","303","英国","39","其他","95","千克","0","?","38,555",
"202410","85177990","品目85.17所列设备用其他零件","304","德国","10","一般贸易","2506","千克","0","?","1,370,119",
"202410","85177990","品目85.17所列设备用其他零件","304","德国","14","来料加工贸易","0","千克","0","?","2,967",
"202410","85177990","品目85.17所列设备用其他零件","304","德国","15","进料加工贸易","3072","千克","0","?","134,705",
"202410","85177990","品目85.17所列设备用其他零件","304","德国","33","保税监管场所进出境货物","669","千克","0","?","257,100",
"202410","85177990","品目85.17所列设备用其他零件","304","德国","34","海关特殊监管区域物流货物","26","千克","0","?","89,046",
"202410","85177990","品目85.17所列设备用其他零件","304","德国","35","海关特殊监管区域进口设备","0","千克","0","?","1,256",
"202410","85177990","品目85.17所列设备用其他零件","304","德国","39","其他","148","千克","0","?","51,023",
"202410","85177990","品目85.17所列设备用其他零件","305","法国","10","一般贸易","1184","千克","0","?","401,692",
"202410","85177990","品目85.17所列设备用其他零件","305","法国","15","进料加工贸易","311","千克","0","?","1,508,435",
"202410","85177990","品目85.17所列设备用其他零件","305","法国","33","保税监管场所进出境货物","0","千克","0","?","276",
"202410","85177990","品目85.17所列设备用其他零件","305","法国","34","海关特殊监管区域物流货物","1","千克","0","?","1,137",
"202410","85177990","品目85.17所列设备用其他零件","306","爱尔兰","10","一般贸易","0","千克","0","?","116",
"202410","85177990","品目85.17所列设备用其他零件","307","意大利","10","一般贸易","863","千克","0","?","183,146",
"202410","85177990","品目85.17所列设备用其他零件","307","意大利","15","进料加工贸易","1496","千克","0","?","6,427",
"202410","85177990","品目85.17所列设备用其他零件","307","意大利","33","保税监管场所进出境货物","46","千克","0","?","30,702",
"202410","85177990","品目85.17所列设备用其他零件","307","意大利","34","海关特殊监管区域物流货物","67","千克","0","?","14,048",
"202410","85177990","品目85.17所列设备用其他零件","307","意大利","39","其他","2","千克","0","?","5,524",
"202410","85177990","品目85.17所列设备用其他零件","308","卢森堡","10","一般贸易","1","千克","0","?","321",
"202410","85177990","品目85.17所列设备用其他零件","309","荷兰","10","一般贸易","16","千克","0","?","30,577",
"202410","85177990","品目85.17所列设备用其他零件","309","荷兰","15","进料加工贸易","100","千克","0","?","2,600",
"202410","85177990","品目85.17所列设备用其他零件","309","荷兰","33","保税监管场所进出境货物","347","千克","0","?","42,526",
"202410","85177990","品目85.17所列设备用其他零件","309","荷兰","34","海关特殊监管区域物流货物","2","千克","0","?","4,879",
"202410","85177990","品目85.17所列设备用其他零件","310","希腊","33","保税监管场所进出境货物","1685","千克","0","?","82,366",
"202410","85177990","品目85.17所列设备用其他零件","310","希腊","34","海关特殊监管区域物流货物","121","千克","0","?","11,231",
"202410","85177990","品目85.17所列设备用其他零件","311","葡萄牙","10","一般贸易","4","千克","0","?","1,885",
"202410","85177990","品目85.17所列设备用其他零件","311","葡萄牙","33","保税监管场所进出境货物","18","千克","0","?","9,030",
"202410","85177990","品目85.17所列设备用其他零件","312","西班牙","10","一般贸易","264","千克","0","?","20,687",
"202410","85177990","品目85.17所列设备用其他零件","312","西班牙","15","进料加工贸易","3","千克","0","?","1,171",
"202410","85177990","品目85.17所列设备用其他零件","315","奥地利","10","一般贸易","251","千克","0","?","319,751",
"202410","85177990","品目85.17所列设备用其他零件","315","奥地利","15","进料加工贸易","131","千克","0","?","728,724",
"202410","85177990","品目85.17所列设备用其他零件","315","奥地利","34","海关特殊监管区域物流货物","0","千克","0","?","29",
"202410","85177990","品目85.17所列设备用其他零件","315","奥地利","39","其他","3","千克","0","?","2,804",
"202410","85177990","品目85.17所列设备用其他零件","316","保加利亚","15","进料加工贸易","31","千克","0","?","17,234",
"202410","85177990","品目85.17所列设备用其他零件","318","芬兰","10","一般贸易","2032","千克","0","?","300,446",
"202410","85177990","品目85.17所列设备用其他零件","318","芬兰","15","进料加工贸易","10","千克","0","?","2,351",
"202410","85177990","品目85.17所列设备用其他零件","318","芬兰","33","保税监管场所进出境货物","5","千克","0","?","3,973",
"202410","85177990","品目85.17所列设备用其他零件","318","芬兰","34","海关特殊监管区域物流货物","13172","千克","0","?","2,024,451",
"202410","85177990","品目85.17所列设备用其他零件","318","芬兰","39","其他","2","千克","0","?","1,680",
"202410","85177990","品目85.17所列设备用其他零件","321","匈牙利","10","一般贸易","1526","千克","0","?","188,049",
"202410","85177990","品目85.17所列设备用其他零件","321","匈牙利","15","进料加工贸易","114","千克","0","?","235,821",
"202410","85177990","品目85.17所列设备用其他零件","321","匈牙利","34","海关特殊监管区域物流货物","472","千克","0","?","115,868",
"202410","85177990","品目85.17所列设备用其他零件","326","挪威","10","一般贸易","17","千克","0","?","7,174",
"202410","85177990","品目85.17所列设备用其他零件","326","挪威","15","进料加工贸易","0","千克","0","?","380",
"202410","85177990","品目85.17所列设备用其他零件","326","挪威","33","保税监管场所进出境货物","91","千克","0","?","20,270",
"202410","85177990","品目85.17所列设备用其他零件","326","挪威","34","海关特殊监管区域物流货物","36","千克","0","?","3,779",
"202410","85177990","品目85.17所列设备用其他零件","327","波兰","10","一般贸易","6171","千克","0","?","1,215,837",
"202410","85177990","品目85.17所列设备用其他零件","327","波兰","34","海关特殊监管区域物流货物","161","千克","0","?","31,158",
"202410","85177990","品目85.17所列设备用其他零件","327","波兰","39","其他","0","千克","0","?","136",
"202410","85177990","品目85.17所列设备用其他零件","328","罗马尼亚","10","一般贸易","746","千克","0","?","422,978",
"202410","85177990","品目85.17所列设备用其他零件","328","罗马尼亚","15","进料加工贸易","52","千克","0","?","125,922",
"202410","85177990","品目85.17所列设备用其他零件","328","罗马尼亚","34","海关特殊监管区域物流货物","103","千克","0","?","39,840",
"202410","85177990","品目85.17所列设备用其他零件","330","瑞典","10","一般贸易","424","千克","0","?","769,782",
"202410","85177990","品目85.17所列设备用其他零件","330","瑞典","15","进料加工贸易","6","千克","0","?","6,565",
"202410","85177990","品目85.17所列设备用其他零件","330","瑞典","33","保税监管场所进出境货物","40","千克","0","?","26,495",
"202410","85177990","品目85.17所列设备用其他零件","330","瑞典","39","其他","14","千克","0","?","11,579",
"202410","85177990","品目85.17所列设备用其他零件","331","瑞士","10","一般贸易","114","千克","0","?","767,875",
"202410","85177990","品目85.17所列设备用其他零件","331","瑞士","15","进料加工贸易","443","千克","0","?","2,361,503",
"202410","85177990","品目85.17所列设备用其他零件","331","瑞士","39","其他","0","千克","0","?","1,506",
"202410","85177990","品目85.17所列设备用其他零件","334","爱沙尼亚","10","一般贸易","1388","千克","0","?","365,896",
"202410","85177990","品目85.17所列设备用其他零件","334","爱沙尼亚","15","进料加工贸易","691","千克","0","?","32,762",
"202410","85177990","品目85.17所列设备用其他零件","334","爱沙尼亚","34","海关特殊监管区域物流货物","135","千克","0","?","8,450",
"202410","85177990","品目85.17所列设备用其他零件","334","爱沙尼亚","39","其他","14","千克","0","?","2,224",
"202410","85177990","品目85.17所列设备用其他零件","335","拉脱维亚","10","一般贸易","1063","千克","0","?","469,225",
"202410","85177990","品目85.17所列设备用其他零件","336","立陶宛","10","一般贸易","73","千克","0","?","43,309",
"202410","85177990","品目85.17所列设备用其他零件","336","立陶宛","34","海关特殊监管区域物流货物","5","千克","0","?","1,898",
"202410","85177990","品目85.17所列设备用其他零件","350","斯洛文尼亚","39","其他","116","千克","0","?","623",
"202410","85177990","品目85.17所列设备用其他零件","351","克罗地亚","10","一般贸易","1","千克","0","?","1,246",
"202410","85177990","品目85.17所列设备用其他零件","352","捷克","10","一般贸易","4049","千克","0","?","8,567,753",
"202410","85177990","品目85.17所列设备用其他零件","352","捷克","15","进料加工贸易","131","千克","0","?","2,070",
"202410","85177990","品目85.17所列设备用其他零件","352","捷克","34","海关特殊监管区域物流货物","250","千克","0","?","1,170,905",
"202410","85177990","品目85.17所列设备用其他零件","353","斯洛伐克","10","一般贸易","10","千克","0","?","2,293",
"202410","85177990","品目85.17所列设备用其他零件","353","斯洛伐克","15","进料加工贸易","12","千克","0","?","46,785",
"202410","85177990","品目85.17所列设备用其他零件","401","安提瓜和巴布达","34","海关特殊监管区域物流货物","213","千克","0","?","2,556",
"202410","85177990","品目85.17所列设备用其他零件","410","巴西","10","一般贸易","0","千克","0","?","89",
"202410","85177990","品目85.17所列设备用其他零件","415","哥斯达黎加","10","一般贸易","1","千克","0","?","14,054",
"202410","85177990","品目85.17所列设备用其他零件","415","哥斯达黎加","15","进料加工贸易","0","千克","0","?","3,600",
"202410","85177990","品目85.17所列设备用其他零件","419","厄瓜多尔","10","一般贸易","1","千克","0","?","50",
"202410","85177990","品目85.17所列设备用其他零件","429","墨西哥","10","一般贸易","8364","千克","0","?","2,935,064",
"202410","85177990","品目85.17所列设备用其他零件","429","墨西哥","15","进料加工贸易","4466","千克","0","?","2,843,820",
"202410","85177990","品目85.17所列设备用其他零件","429","墨西哥","33","保税监管场所进出境货物","26","千克","0","?","33,179",
"202410","85177990","品目85.17所列设备用其他零件","429","墨西哥","34","海关特殊监管区域物流货物","8957","千克","0","?","1,217,007",
"202410","85177990","品目85.17所列设备用其他零件","429","墨西哥","39","其他","195","千克","0","?","234,857",
"202410","85177990","品目85.17所列设备用其他零件","501","加拿大","10","一般贸易","182","千克","0","?","280,167",
"202410","85177990","品目85.17所列设备用其他零件","501","加拿大","15","进料加工贸易","255","千克","0","?","215,161",
"202410","85177990","品目85.17所列设备用其他零件","501","加拿大","34","海关特殊监管区域物流货物","1","千克","0","?","707",
"202410","85177990","品目85.17所列设备用其他零件","501","加拿大","39","其他","30","千克","0","?","17,644",
"202410","85177990","品目85.17所列设备用其他零件","502","美国","10","一般贸易","5765","千克","0","?","1,856,863",
"202410","85177990","品目85.17所列设备用其他零件","502","美国","14","来料加工贸易","95","千克","0","?","140,818",
"202410","85177990","品目85.17所列设备用其他零件","502","美国","15","进料加工贸易","3160","千克","0","?","1,872,598",
"202410","85177990","品目85.17所列设备用其他零件","502","美国","33","保税监管场所进出境货物","75","千克","0","?","113,223",
"202410","85177990","品目85.17所列设备用其他零件","502","美国","34","海关特殊监管区域物流货物","110","千克","0","?","38,732",
"202410","85177990","品目85.17所列设备用其他零件","502","美国","35","海关特殊监管区域进口设备","125","千克","0","?","1,600",
"202410","85177990","品目85.17所列设备用其他零件","502","美国","39","其他","30","千克","0","?","20,460",
"202410","85177990","品目85.17所列设备用其他零件","601","澳大利亚","10","一般贸易","1219","千克","0","?","4,344,997",
"202410","85177990","品目85.17所列设备用其他零件","601","澳大利亚","15","进料加工贸易","4","千克","0","?","11,834",
"202410","85177990","品目85.17所列设备用其他零件","601","澳大利亚","33","保税监管场所进出境货物","238","千克","0","?","843,872",
"202410","85177990","品目85.17所列设备用其他零件","601","澳大利亚","34","海关特殊监管区域物流货物","1","千克","0","?","116",
"202410","85177990","品目85.17所列设备用其他零件","601","澳大利亚","39","其他","2","千克","0","?","4,729",
"202410","85177990","品目85.17所列设备用其他零件","609","新西兰","10","一般贸易","4","千克","0","?","54,103",
"202410","85177990","品目85.17所列设备用其他零件","701","国家（地区）不明
","39","其他","1","千克","0","?","371",
"202410","85414900","其他光敏半导体器件","110","中国香港","10","一般贸易","2018","个","0","千克","215",
"202410","85414900","其他光敏半导体器件","110","中国香港","34","海关特殊监管区域物流货物","2","个","0","千克","81",
"202410","85414900","其他光敏半导体器件","111","印度","10","一般贸易","3863","个","10","千克","4,203",
"202410","85414900","其他光敏半导体器件","111","印度","15","进料加工贸易","400","个","0","千克","1,712",
"202410","85414900","其他光敏半导体器件","111","印度","34","海关特殊监管区域物流货物","25","个","0","千克","313",
"202410","85414900","其他光敏半导体器件","112","印度尼西亚","10","一般贸易","10486042","个","4553","千克","321,250",
"202410","85414900","其他光敏半导体器件","112","印度尼西亚","14","来料加工贸易","218000","个","279","千克","20,230",
"202410","85414900","其他光敏半导体器件","112","印度尼西亚","15","进料加工贸易","31500","个","12","千克","23,185",
"202410","85414900","其他光敏半导体器件","115","以色列","10","一般贸易","74","个","27","千克","64,953",
"202410","85414900","其他光敏半导体器件","116","日本","10","一般贸易","12687790","个","7725","千克","10,530,849",
"202410","85414900","其他光敏半导体器件","116","日本","14","来料加工贸易","274567","个","53","千克","90,004",
"202410","85414900","其他光敏半导体器件","116","日本","15","进料加工贸易","12292795","个","1392","千克","3,237,168",
"202410","85414900","其他光敏半导体器件","116","日本","33","保税监管场所进出境货物","493192","个","340","千克","2,134,645",
"202410","85414900","其他光敏半导体器件","116","日本","34","海关特殊监管区域物流货物","12502146","个","4875","千克","8,487,855",
"202410","85414900","其他光敏半导体器件","116","日本","35","海关特殊监管区域进口设备","11","个","2","千克","7,053",
"202410","85414900","其他光敏半导体器件","116","日本","39","其他","17801","个","20","千克","5,328",
"202410","85414900","其他光敏半导体器件","122","马来西亚","10","一般贸易","5532313","个","2146","千克","2,007,798",
"202410","85414900","其他光敏半导体器件","122","马来西亚","14","来料加工贸易","23515","个","6","千克","4,183",
"202410","85414900","其他光敏半导体器件","122","马来西亚","15","进料加工贸易","3631462","个","869","千克","5,908,736",
"202410","85414900","其他光敏半导体器件","122","马来西亚","33","保税监管场所进出境货物","120010","个","10","千克","22,233",
"202410","85414900","其他光敏半导体器件","122","马来西亚","34","海关特殊监管区域物流货物","2421556","个","574","千克","568,635",
"202410","85414900","其他光敏半导体器件","122","马来西亚","35","海关特殊监管区域进口设备","1","个","0","千克","483",
"202410","85414900","其他光敏半导体器件","129","菲律宾","10","一般贸易","7259545","个","4086","千克","4,218,647",
"202410","85414900","其他光敏半导体器件","129","菲律宾","14","来料加工贸易","25000","个","6","千克","4,206",
"202410","85414900","其他光敏半导体器件","129","菲律宾","15","进料加工贸易","1048661","个","326","千克","771,259",
"202410","85414900","其他光敏半导体器件","129","菲律宾","33","保税监管场所进出境货物","79200","个","32","千克","23,974",
"202410","85414900","其他光敏半导体器件","129","菲律宾","34","海关特殊监管区域物流货物","2156389","个","611","千克","1,638,066",
"202410","85414900","其他光敏半导体器件","129","菲律宾","39","其他","52","个","0","千克","151",
"202410","85414900","其他光敏半导体器件","132","新加坡","10","一般贸易","6077","个","9","千克","236,866",
"202410","85414900","其他光敏半导体器件","132","新加坡","15","进料加工贸易","374210","个","1","千克","357,103",
"202410","85414900","其他光敏半导体器件","132","新加坡","34","海关特殊监管区域物流货物","7760","个","3","千克","18,971",
"202410","85414900","其他光敏半导体器件","132","新加坡","35","海关特殊监管区域进口设备","8","个","0","千克","1,028",
"202410","85414900","其他光敏半导体器件","133","韩国","10","一般贸易","20988510","个","340","千克","498,329",
"202410","85414900","其他光敏半导体器件","133","韩国","14","来料加工贸易","241427","个","90","千克","119,864",
"202410","85414900","其他光敏半导体器件","133","韩国","15","进料加工贸易","71055589","个","985","千克","1,163,943",
"202410","85414900","其他光敏半导体器件","133","韩国","34","海关特殊监管区域物流货物","987800","个","573","千克","132,442",
"202410","85414900","其他光敏半导体器件","133","韩国","39","其他","48506","个","30","千克","9,822",
"202410","85414900","其他光敏半导体器件","136","泰国","10","一般贸易","78093957","个","34743","千克","10,938,722",
"202410","85414900","其他光敏半导体器件","136","泰国","14","来料加工贸易","500442","个","101","千克","43,290",
"202410","85414900","其他光敏半导体器件","136","泰国","15","进料加工贸易","11443321","个","2830","千克","1,510,310",
"202410","85414900","其他光敏半导体器件","136","泰国","33","保税监管场所进出境货物","4640080","个","1142","千克","240,218",
"202410","85414900","其他光敏半导体器件","136","泰国","34","海关特殊监管区域物流货物","36679495","个","11215","千克","8,521,030",
"202410","85414900","其他光敏半导体器件","136","泰国","39","其他","2436","个","1","千克","2,343",
"202410","85414900","其他光敏半导体器件","141","越南","10","一般贸易","1","个","0","千克","1,198",
"202410","85414900","其他光敏半导体器件","141","越南","33","保税监管场所进出境货物","58","个","0","千克","819",
"202410","85414900","其他光敏半导体器件","141","越南","34","海关特殊监管区域物流货物","4","个","0","千克","36",
"202410","85414900","其他光敏半导体器件","142","中国","10","一般贸易","502227308","个","182852","千克","16,286,557",
"202410","85414900","其他光敏半导体器件","142","中国","14","来料加工贸易","6571929","个","1425","千克","417,368",
"202410","85414900","其他光敏半导体器件","142","中国","15","进料加工贸易","78029306","个","17474","千克","3,819,272",
"202410","85414900","其他光敏半导体器件","142","中国","33","保税监管场所进出境货物","13841841","个","3939","千克","443,833",
"202410","85414900","其他光敏半导体器件","142","中国","34","海关特殊监管区域物流货物","136934064","个","53712","千克","5,427,295",
"202410","85414900","其他光敏半导体器件","142","中国","35","海关特殊监管区域进口设备","3","个","0","千克","91",
"202410","85414900","其他光敏半导体器件","142","中国","39","其他","70741","个","45","千克","2,201",
"202410","85414900","其他光敏半导体器件","143","中国台湾","10","一般贸易","84486039","个","11021","千克","14,953,562",
"202410","85414900","其他光敏半导体器件","143","中国台湾","14","来料加工贸易","177841","个","54","千克","85,448",
"202410","85414900","其他光敏半导体器件","143","中国台湾","15","进料加工贸易","18591007","个","4933","千克","2,709,678",
"202410","85414900","其他光敏半导体器件","143","中国台湾","33","保税监管场所进出境货物","134500","个","10","千克","11,686",
"202410","85414900","其他光敏半导体器件","143","中国台湾","34","海关特殊监管区域物流货物","2237724","个","177","千克","960,288",
"202410","85414900","其他光敏半导体器件","143","中国台湾","39","其他","80","个","0","千克","623",
"202410","85414900","其他光敏半导体器件","301","比利时","10","一般贸易","2000","个","2","千克","5,875",
"202410","85414900","其他光敏半导体器件","302","丹麦","10","一般贸易","70","个","1","千克","1,030",
"202410","85414900","其他光敏半导体器件","303","英国","10","一般贸易","6524563","个","57","千克","362,154",
"202410","85414900","其他光敏半导体器件","303","英国","34","海关特殊监管区域物流货物","93","个","0","千克","725",
"202410","85414900","其他光敏半导体器件","304","德国","10","一般贸易","5125905","个","275","千克","1,237,469",
"202410","85414900","其他光敏半导体器件","304","德国","14","来料加工贸易","6000","个","1","千克","463",
"202410","85414900","其他光敏半导体器件","304","德国","15","进料加工贸易","532142","个","45","千克","272,409",
"202410","85414900","其他光敏半导体器件","304","德国","33","保税监管场所进出境货物","11","个","4","千克","4,003",
"202410","85414900","其他光敏半导体器件","304","德国","34","海关特殊监管区域物流货物","805075","个","101","千克","133,874",
"202410","85414900","其他光敏半导体器件","304","德国","35","海关特殊监管区域进口设备","5","个","0","千克","1,839",
"202410","85414900","其他光敏半导体器件","304","德国","39","其他","5","个","9","千克","9,114",
"202410","85414900","其他光敏半导体器件","305","法国","10","一般贸易","3","个","0","千克","3",
"202410","85414900","其他光敏半导体器件","305","法国","33","保税监管场所进出境货物","5087","个","0","千克","34,375",
"202410","85414900","其他光敏半导体器件","306","爱尔兰","10","一般贸易","101","个","0","千克","32,162",
"202410","85414900","其他光敏半导体器件","307","意大利","10","一般贸易","5184","个","308","千克","1,022,021",
"202410","85414900","其他光敏半导体器件","307","意大利","33","保税监管场所进出境货物","2","个","4","千克","1,434",
"202410","85414900","其他光敏半导体器件","307","意大利","34","海关特殊监管区域物流货物","14","个","1","千克","334",
"202410","85414900","其他光敏半导体器件","307","意大利","39","其他","21","个","0","千克","502",
"202410","85414900","其他光敏半导体器件","309","荷兰","10","一般贸易","323","个","2","千克","85,618",
"202410","85414900","其他光敏半导体器件","315","奥地利","10","一般贸易","9606","个","5","千克","272,619",
"202410","85414900","其他光敏半导体器件","315","奥地利","14","来料加工贸易","72000","个","1","千克","14,400",
"202410","85414900","其他光敏半导体器件","321","匈牙利","15","进料加工贸易","8580","个","57","千克","34,449",
"202410","85414900","其他光敏半导体器件","321","匈牙利","34","海关特殊监管区域物流货物","2","个","0","千克","38",
"202410","85414900","其他光敏半导体器件","324","马耳他","10","一般贸易","3","个","0","千克","277",
"202410","85414900","其他光敏半导体器件","327","波兰","10","一般贸易","11","个","0","千克","4,550",
"202410","85414900","其他光敏半导体器件","328","罗马尼亚","10","一般贸易","100","个","0","千克","55",
"202410","85414900","其他光敏半导体器件","330","瑞典","10","一般贸易","81","个","2","千克","62,232",
"202410","85414900","其他光敏半导体器件","330","瑞典","15","进料加工贸易","220","个","0","千克","17,697",
"202410","85414900","其他光敏半导体器件","331","瑞士","10","一般贸易","1753681","个","15","千克","2,299,988",
"202410","85414900","其他光敏半导体器件","331","瑞士","15","进料加工贸易","829670","个","19","千克","1,141,257",
"202410","85414900","其他光敏半导体器件","331","瑞士","34","海关特殊监管区域物流货物","1","个","1","千克","379",
"202410","85414900","其他光敏半导体器件","331","瑞士","39","其他","1478","个","0","千克","6,449",
"202410","85414900","其他光敏半导体器件","336","立陶宛","15","进料加工贸易","201","个","2","千克","43,416",
"202410","85414900","其他光敏半导体器件","344","俄罗斯","10","一般贸易","636","个","0","千克","8,895",
"202410","85414900","其他光敏半导体器件","352","捷克","10","一般贸易","842","个","20","千克","14,114",
"202410","85414900","其他光敏半导体器件","352","捷克","34","海关特殊监管区域物流货物","1","个","0","千克","30",
"202410","85414900","其他光敏半导体器件","415","哥斯达黎加","10","一般贸易","3500","个","2","千克","633",
"202410","85414900","其他光敏半导体器件","418","多米尼加
","10","一般贸易","2","个","0","千克","77",
"202410","85414900","其他光敏半导体器件","418","多米尼加
","34","海关特殊监管区域物流货物","226","个","48","千克","5,913",
"202410","85414900","其他光敏半导体器件","429","墨西哥","10","一般贸易","229405","个","1320","千克","772,221",
"202410","85414900","其他光敏半导体器件","429","墨西哥","14","来料加工贸易","4410","个","0","千克","3,682",
"202410","85414900","其他光敏半导体器件","429","墨西哥","15","进料加工贸易","56117","个","235","千克","48,668",
"202410","85414900","其他光敏半导体器件","429","墨西哥","33","保税监管场所进出境货物","1","个","0","千克","290",
"202410","85414900","其他光敏半导体器件","429","墨西哥","34","海关特殊监管区域物流货物","497","个","164","千克","22,265",
"202410","85414900","其他光敏半导体器件","429","墨西哥","39","其他","1","个","4","千克","2,336",
"202410","85414900","其他光敏半导体器件","501","加拿大","10","一般贸易","454","个","2","千克","37,113",
"202410","85414900","其他光敏半导体器件","501","加拿大","33","保税监管场所进出境货物","9","个","2","千克","4,194",
"202410","85414900","其他光敏半导体器件","501","加拿大","34","海关特殊监管区域物流货物","1","个","1","千克","927",
"202410","85414900","其他光敏半导体器件","502","美国","10","一般贸易","139710","个","84","千克","1,212,105",
"202410","85414900","其他光敏半导体器件","502","美国","14","来料加工贸易","5243676","个","36","千克","260,619",
"202410","85414900","其他光敏半导体器件","502","美国","15","进料加工贸易","1349020","个","22","千克","1,539,318",
"202410","85414900","其他光敏半导体器件","502","美国","33","保税监管场所进出境货物","123","个","8","千克","8,595",
"202410","85414900","其他光敏半导体器件","502","美国","34","海关特殊监管区域物流货物","58005","个","12","千克","9,295",
"202410","85414900","其他光敏半导体器件","502","美国","35","海关特殊监管区域进口设备","25","个","0","千克","11,841",
"202410","85414900","其他光敏半导体器件","502","美国","39","其他","49","个","9","千克","18,108",
"202411","85177950","光通信设备的激光收发模块","110","中国香港","10","一般贸易","6","千克","0","?","16,371",
"202411","85177950","光通信设备的激光收发模块","111","印度","10","一般贸易","2","千克","0","?","8,596",
"202411","85177950","光通信设备的激光收发模块","115","以色列","10","一般贸易","5","千克","0","?","40,457",
"202411","85177950","光通信设备的激光收发模块","116","日本","10","一般贸易","197","千克","0","?","604,687",
"202411","85177950","光通信设备的激光收发模块","116","日本","39","其他","0","千克","0","?","402",
"202411","85177950","光通信设备的激光收发模块","122","马来西亚","10","一般贸易","3856","千克","0","?","5,229,557",
"202411","85177950","光通信设备的激光收发模块","122","马来西亚","15","进料加工贸易","73","千克","0","?","194,649",
"202411","85177950","光通信设备的激光收发模块","122","马来西亚","33","保税监管场所进出境货物","102","千克","0","?","941,707",
"202411","85177950","光通信设备的激光收发模块","122","马来西亚","34","海关特殊监管区域物流货物","928","千克","0","?","6,872,595",
"202411","85177950","光通信设备的激光收发模块","122","马来西亚","35","海关特殊监管区域进口设备","2","千克","0","?","14,245",
"202411","85177950","光通信设备的激光收发模块","122","马来西亚","39","其他","15","千克","0","?","38,079",
"202411","85177950","光通信设备的激光收发模块","129","菲律宾","10","一般贸易","647","千克","0","?","2,114,935",
"202411","85177950","光通信设备的激光收发模块","129","菲律宾","15","进料加工贸易","12","千克","0","?","6,391",
"202411","85177950","光通信设备的激光收发模块","129","菲律宾","33","保税监管场所进出境货物","0","千克","0","?","1,340",
"202411","85177950","光通信设备的激光收发模块","129","菲律宾","34","海关特殊监管区域物流货物","113","千克","0","?","275,607",
"202411","85177950","光通信设备的激光收发模块","133","韩国","10","一般贸易","12","千克","0","?","66,973",
"202411","85177950","光通信设备的激光收发模块","133","韩国","34","海关特殊监管区域物流货物","5","千克","0","?","12,603",
"202411","85177950","光通信设备的激光收发模块","136","泰国","10","一般贸易","3833","千克","0","?","11,297,892",
"202411","85177950","光通信设备的激光收发模块","136","泰国","15","进料加工贸易","139","千克","0","?","132,083",
"202411","85177950","光通信设备的激光收发模块","136","泰国","33","保税监管场所进出境货物","13","千克","0","?","34,200",
"202411","85177950","光通信设备的激光收发模块","136","泰国","34","海关特殊监管区域物流货物","614","千克","0","?","5,836,635",
"202411","85177950","光通信设备的激光收发模块","136","泰国","35","海关特殊监管区域进口设备","1","千克","0","?","11,522",
"202411","85177950","光通信设备的激光收发模块","136","泰国","39","其他","28","千克","0","?","90,863",
"202411","85177950","光通信设备的激光收发模块","141","越南","10","一般贸易","1","千克","0","?","5,040",
"202411","85177950","光通信设备的激光收发模块","141","越南","15","进料加工贸易","12","千克","0","?","9,029",
"202411","85177950","光通信设备的激光收发模块","141","越南","34","海关特殊监管区域物流货物","16","千克","0","?","85,880",
"202411","85177950","光通信设备的激光收发模块","142","中国","10","一般贸易","10367","千克","0","?","52,446,232",
"202411","85177950","光通信设备的激光收发模块","142","中国","14","来料加工贸易","21","千克","0","?","40,075",
"202411","85177950","光通信设备的激光收发模块","142","中国","15","进料加工贸易","326","千克","0","?","281,624",
"202411","85177950","光通信设备的激光收发模块","142","中国","33","保税监管场所进出境货物","186","千克","0","?","238,326",
"202411","85177950","光通信设备的激光收发模块","142","中国","34","海关特殊监管区域物流货物","399","千克","0","?","3,197,102",
"202411","85177950","光通信设备的激光收发模块","142","中国","35","海关特殊监管区域进口设备","0","千克","0","?","8,874",
"202411","85177950","光通信设备的激光收发模块","142","中国","39","其他","21","千克","0","?","58,008",
"202411","85177950","光通信设备的激光收发模块","143","中国台湾","10","一般贸易","569","千克","0","?","471,668",
"202411","85177950","光通信设备的激光收发模块","143","中国台湾","15","进料加工贸易","201","千克","0","?","421,386",
"202411","85177950","光通信设备的激光收发模块","143","中国台湾","34","海关特殊监管区域物流货物","37","千克","0","?","21,790",
"202411","85177950","光通信设备的激光收发模块","143","中国台湾","39","其他","0","千克","0","?","2,324",
"202411","85177950","光通信设备的激光收发模块","301","比利时","10","一般贸易","2","千克","0","?","901",
"202411","85177950","光通信设备的激光收发模块","303","英国","10","一般贸易","2","千克","0","?","9,067",
"202411","85177950","光通信设备的激光收发模块","303","英国","34","海关特殊监管区域物流货物","0","千克","0","?","130",
"202411","85177950","光通信设备的激光收发模块","304","德国","10","一般贸易","17","千克","0","?","79,788",
"202411","85177950","光通信设备的激光收发模块","304","德国","14","来料加工贸易","35","千克","0","?","15,655",
"202411","85177950","光通信设备的激光收发模块","305","法国","10","一般贸易","25","千克","0","?","1,284,695",
"202411","85177950","光通信设备的激光收发模块","306","爱尔兰","15","进料加工贸易","4","千克","0","?","13,178",
"202411","85177950","光通信设备的激光收发模块","307","意大利","39","其他","5","千克","0","?","54",
"202411","85177950","光通信设备的激光收发模块","309","荷兰","10","一般贸易","55","千克","0","?","15,245",
"202411","85177950","光通信设备的激光收发模块","309","荷兰","33","保税监管场所进出境货物","0","千克","0","?","744",
"202411","85177950","光通信设备的激光收发模块","312","西班牙","10","一般贸易","1","千克","0","?","1,320",
"202411","85177950","光通信设备的激光收发模块","315","奥地利","10","一般贸易","0","千克","0","?","239",
"202411","85177950","光通信设备的激光收发模块","318","芬兰","10","一般贸易","0","千克","0","?","1,488",
"202411","85177950","光通信设备的激光收发模块","331","瑞士","10","一般贸易","0","千克","0","?","1,434",
"202411","85177950","光通信设备的激光收发模块","353","斯洛伐克","10","一般贸易","0","千克","0","?","22,745",
"202411","85177950","光通信设备的激光收发模块","429","墨西哥","10","一般贸易","18","千克","0","?","89,718",
"202411","85177950","光通信设备的激光收发模块","501","加拿大","10","一般贸易","0","千克","0","?","7,101",
"202411","85177950","光通信设备的激光收发模块","502","美国","10","一般贸易","29","千克","0","?","203,884",
"202411","85177950","光通信设备的激光收发模块","502","美国","15","进料加工贸易","106","千克","0","?","1,641,317",
"202411","85177950","光通信设备的激光收发模块","502","美国","33","保税监管场所进出境货物","1","千克","0","?","3,736",
"202411","85177950","光通信设备的激光收发模块","502","美国","34","海关特殊监管区域物流货物","6","千克","0","?","21,017",
"202411","85177950","光通信设备的激光收发模块","502","美国","35","海关特殊监管区域进口设备","0","千克","0","?","750",
"202411","85177950","光通信设备的激光收发模块","502","美国","39","其他","9","千克","0","?","9,991",
"202411","85177950","光通信设备的激光收发模块","601","澳大利亚","10","一般贸易","4","千克","0","?","14,764",
"202411","85177990","品目85.17所列设备用其他零件","106","缅甸","10","一般贸易","180","千克","0","?","15,419",
"202411","85177990","品目85.17所列设备用其他零件","107","柬埔寨","10","一般贸易","1210","千克","0","?","123,698",
"202411","85177990","品目85.17所列设备用其他零件","108","塞浦路斯","33","保税监管场所进出境货物","25","千克","0","?","527",
"202411","85177990","品目85.17所列设备用其他零件","110","中国香港","10","一般贸易","13","千克","0","?","314,897",
"202411","85177990","品目85.17所列设备用其他零件","110","中国香港","33","保税监管场所进出境货物","16","千克","0","?","13,994",
"202411","85177990","品目85.17所列设备用其他零件","110","中国香港","39","其他","0","千克","0","?","2,938",
"202411","85177990","品目85.17所列设备用其他零件","111","印度","10","一般贸易","1738","千克","0","?","198,528",
"202411","85177990","品目85.17所列设备用其他零件","111","印度","15","进料加工贸易","1874","千克","0","?","665,282",
"202411","85177990","品目85.17所列设备用其他零件","111","印度","33","保税监管场所进出境货物","5","千克","0","?","365",
"202411","85177990","品目85.17所列设备用其他零件","111","印度","34","海关特殊监管区域物流货物","17964","千克","0","?","1,042,354",
"202411","85177990","品目85.17所列设备用其他零件","111","印度","39","其他","37","千克","0","?","6,719",
"202411","85177990","品目85.17所列设备用其他零件","112","印度尼西亚","10","一般贸易","83","千克","0","?","54,463",
"202411","85177990","品目85.17所列设备用其他零件","112","印度尼西亚","14","来料加工贸易","7","千克","0","?","10,197",
"202411","85177990","品目85.17所列设备用其他零件","112","印度尼西亚","15","进料加工贸易","122","千克","0","?","32,889",
"202411","85177990","品目85.17所列设备用其他零件","115","以色列","10","一般贸易","419","千克","0","?","1,017,053",
"202411","85177990","品目85.17所列设备用其他零件","115","以色列","34","海关特殊监管区域物流货物","0","千克","0","?","1,644",
"202411","85177990","品目85.17所列设备用其他零件","115","以色列","39","其他","61","千克","0","?","31,174",
"202411","85177990","品目85.17所列设备用其他零件","116","日本","10","一般贸易","5148","千克","0","?","10,721,186",
"202411","85177990","品目85.17所列设备用其他零件","116","日本","14","来料加工贸易","153","千克","0","?","19,671",
"202411","85177990","品目85.17所列设备用其他零件","116","日本","15","进料加工贸易","1196","千克","0","?","5,305,201",
"202411","85177990","品目85.17所列设备用其他零件","116","日本","33","保税监管场所进出境货物","321","千克","0","?","462,506",
"202411","85177990","品目85.17所列设备用其他零件","116","日本","34","海关特殊监管区域物流货物","551","千克","0","?","1,569,829",
"202411","85177990","品目85.17所列设备用其他零件","116","日本","35","海关特殊监管区域进口设备","620","千克","0","?","65,860",
"202411","85177990","品目85.17所列设备用其他零件","116","日本","39","其他","60","千克","0","?","71,894",
"202411","85177990","品目85.17所列设备用其他零件","122","马来西亚","10","一般贸易","1340","千克","0","?","14,564,754",
"202411","85177990","品目85.17所列设备用其他零件","122","马来西亚","14","来料加工贸易","55","千克","0","?","2,743",
"202411","85177990","品目85.17所列设备用其他零件","122","马来西亚","15","进料加工贸易","5244","千克","0","?","20,303,677",
"202411","85177990","品目85.17所列设备用其他零件","122","马来西亚","33","保税监管场所进出境货物","376","千克","0","?","343,077",
"202411","85177990","品目85.17所列设备用其他零件","122","马来西亚","34","海关特殊监管区域物流货物","7912","千克","0","?","442,831",
"202411","85177990","品目85.17所列设备用其他零件","122","马来西亚","35","海关特殊监管区域进口设备","0","千克","0","?","2,534",
"202411","85177990","品目85.17所列设备用其他零件","122","马来西亚","39","其他","132","千克","0","?","67,355",
"202411","85177990","品目85.17所列设备用其他零件","129","菲律宾","10","一般贸易","1021","千克","0","?","1,287,515",
"202411","85177990","品目85.17所列设备用其他零件","129","菲律宾","15","进料加工贸易","1394","千克","0","?","209,460",
"202411","85177990","品目85.17所列设备用其他零件","129","菲律宾","33","保税监管场所进出境货物","106","千克","0","?","51,713",
"202411","85177990","品目85.17所列设备用其他零件","129","菲律宾","34","海关特殊监管区域物流货物","146","千克","0","?","621,092",
"202411","85177990","品目85.17所列设备用其他零件","129","菲律宾","39","其他","1","千克","0","?","103",
"202411","85177990","品目85.17所列设备用其他零件","132","新加坡","10","一般贸易","1013","千克","0","?","781,854",
"202411","85177990","品目85.17所列设备用其他零件","132","新加坡","15","进料加工贸易","220","千克","0","?","73,188",
"202411","85177990","品目85.17所列设备用其他零件","132","新加坡","33","保税监管场所进出境货物","1540","千克","0","?","153,516",
"202411","85177990","品目85.17所列设备用其他零件","132","新加坡","34","海关特殊监管区域物流货物","1047","千克","0","?","2,019,921",
"202411","85177990","品目85.17所列设备用其他零件","132","新加坡","39","其他","112","千克","0","?","26,742",
"202411","85177990","品目85.17所列设备用其他零件","133","韩国","10","一般贸易","3469","千克","0","?","1,369,723",
"202411","85177990","品目85.17所列设备用其他零件","133","韩国","14","来料加工贸易","292","千克","0","?","15,855",
"202411","85177990","品目85.17所列设备用其他零件","133","韩国","15","进料加工贸易","2449","千克","0","?","17,722,218",
"202411","85177990","品目85.17所列设备用其他零件","133","韩国","33","保税监管场所进出境货物","759","千克","0","?","76,025",
"202411","85177990","品目85.17所列设备用其他零件","133","韩国","34","海关特殊监管区域物流货物","250","千克","0","?","182,112",
"202411","85177990","品目85.17所列设备用其他零件","133","韩国","35","海关特殊监管区域进口设备","20","千克","0","?","64,053",
"202411","85177990","品目85.17所列设备用其他零件","133","韩国","39","其他","117","千克","0","?","29,151",
"202411","85177990","品目85.17所列设备用其他零件","134","斯里兰卡","33","保税监管场所进出境货物","14","千克","0","?","10,299",
"202411","85177990","品目85.17所列设备用其他零件","136","泰国","10","一般贸易","4585","千克","0","?","8,362,372",
"202411","85177990","品目85.17所列设备用其他零件","136","泰国","14","来料加工贸易","2","千克","0","?","6,946",
"202411","85177990","品目85.17所列设备用其他零件","136","泰国","15","进料加工贸易","404","千克","0","?","1,640,697",
"202411","85177990","品目85.17所列设备用其他零件","136","泰国","33","保税监管场所进出境货物","32","千克","0","?","8,564",
"202411","85177990","品目85.17所列设备用其他零件","136","泰国","34","海关特殊监管区域物流货物","1002","千克","0","?","3,950,718",
"202411","85177990","品目85.17所列设备用其他零件","136","泰国","39","其他","55","千克","0","?","29,467",
"202411","85177990","品目85.17所列设备用其他零件","137","土耳其","10","一般贸易","175","千克","0","?","46,252",
"202411","85177990","品目85.17所列设备用其他零件","137","土耳其","15","进料加工贸易","2","千克","0","?","802",
"202411","85177990","品目85.17所列设备用其他零件","141","越南","10","一般贸易","18684","千克","0","?","2,128,969",
"202411","85177990","品目85.17所列设备用其他零件","141","越南","14","来料加工贸易","121","千克","0","?","280,434",
"202411","85177990","品目85.17所列设备用其他零件","141","越南","15","进料加工贸易","3753","千克","0","?","6,951,683",
"202411","85177990","品目85.17所列设备用其他零件","141","越南","33","保税监管场所进出境货物","79","千克","0","?","107,905",
"202411","85177990","品目85.17所列设备用其他零件","141","越南","34","海关特殊监管区域物流货物","226780","千克","0","?","31,120,927",
"202411","85177990","品目85.17所列设备用其他零件","141","越南","39","其他","207","千克","0","?","133,733",
"202411","85177990","品目85.17所列设备用其他零件","142","中国","10","一般贸易","103168","千克","0","?","21,895,214",
"202411","85177990","品目85.17所列设备用其他零件","142","中国","14","来料加工贸易","14817","千克","0","?","866,677",
"202411","85177990","品目85.17所列设备用其他零件","142","中国","15","进料加工贸易","167242","千克","0","?","28,707,929",
"202411","85177990","品目85.17所列设备用其他零件","142","中国","33","保税监管场所进出境货物","60872","千克","0","?","3,222,090",
"202411","85177990","品目85.17所列设备用其他零件","142","中国","34","海关特殊监管区域物流货物","23900","千克","0","?","3,086,146",
"202411","85177990","品目85.17所列设备用其他零件","142","中国","39","其他","451","千克","0","?","114,202",
"202411","85177990","品目85.17所列设备用其他零件","143","中国台湾","10","一般贸易","9974","千克","0","?","8,519,017",
"202411","85177990","品目85.17所列设备用其他零件","143","中国台湾","14","来料加工贸易","31","千克","0","?","29,457",
"202411","85177990","品目85.17所列设备用其他零件","143","中国台湾","15","进料加工贸易","41936","千克","0","?","20,686,996",
"202411","85177990","品目85.17所列设备用其他零件","143","中国台湾","33","保税监管场所进出境货物","67","千克","0","?","78,642",
"202411","85177990","品目85.17所列设备用其他零件","143","中国台湾","34","海关特殊监管区域物流货物","5277","千克","0","?","185,967",
"202411","85177990","品目85.17所列设备用其他零件","143","中国台湾","39","其他","32","千克","0","?","17,021",
"202411","85177990","品目85.17所列设备用其他零件","301","比利时","10","一般贸易","3","千克","0","?","6,457",
"202411","85177990","品目85.17所列设备用其他零件","301","比利时","15","进料加工贸易","4","千克","0","?","36",
"202411","85177990","品目85.17所列设备用其他零件","302","丹麦","10","一般贸易","2439","千克","0","?","644,475",
"202411","85177990","品目85.17所列设备用其他零件","302","丹麦","15","进料加工贸易","0","千克","0","?","28,433",
"202411","85177990","品目85.17所列设备用其他零件","302","丹麦","33","保税监管场所进出境货物","79","千克","0","?","20,779",
"202411","85177990","品目85.17所列设备用其他零件","302","丹麦","34","海关特殊监管区域物流货物","298","千克","0","?","9,110",
"202411","85177990","品目85.17所列设备用其他零件","302","丹麦","39","其他","2","千克","0","?","1,926",
"202411","85177990","品目85.17所列设备用其他零件","303","英国","10","一般贸易","1410","千克","0","?","631,442",
"202411","85177990","品目85.17所列设备用其他零件","303","英国","15","进料加工贸易","37","千克","0","?","82,135",
"202411","85177990","品目85.17所列设备用其他零件","303","英国","33","保税监管场所进出境货物","5","千克","0","?","8,936",
"202411","85177990","品目85.17所列设备用其他零件","303","英国","34","海关特殊监管区域物流货物","392","千克","0","?","34,851",
"202411","85177990","品目85.17所列设备用其他零件","303","英国","39","其他","7","千克","0","?","24,829",
"202411","85177990","品目85.17所列设备用其他零件","304","德国","10","一般贸易","4128","千克","0","?","2,314,255",
"202411","85177990","品目85.17所列设备用其他零件","304","德国","14","来料加工贸易","1","千克","0","?","2,533",
"202411","85177990","品目85.17所列设备用其他零件","304","德国","15","进料加工贸易","26","千克","0","?","50,033",
"202411","85177990","品目85.17所列设备用其他零件","304","德国","33","保税监管场所进出境货物","298","千克","0","?","52,656",
"202411","85177990","品目85.17所列设备用其他零件","304","德国","34","海关特殊监管区域物流货物","108","千克","0","?","73,965",
"202411","85177990","品目85.17所列设备用其他零件","304","德国","39","其他","118","千克","0","?","36,345",
"202411","85177990","品目85.17所列设备用其他零件","305","法国","10","一般贸易","175","千克","0","?","708,303",
"202411","85177990","品目85.17所列设备用其他零件","305","法国","15","进料加工贸易","391","千克","0","?","1,633,309",
"202411","85177990","品目85.17所列设备用其他零件","305","法国","33","保税监管场所进出境货物","18","千克","0","?","82,192",
"202411","85177990","品目85.17所列设备用其他零件","306","爱尔兰","15","进料加工贸易","4","千克","0","?","15",
"202411","85177990","品目85.17所列设备用其他零件","307","意大利","10","一般贸易","587","千克","0","?","268,518",
"202411","85177990","品目85.17所列设备用其他零件","307","意大利","15","进料加工贸易","123","千克","0","?","1,941",
"202411","85177990","品目85.17所列设备用其他零件","307","意大利","33","保税监管场所进出境货物","31","千克","0","?","15,413",
"202411","85177990","品目85.17所列设备用其他零件","307","意大利","34","海关特殊监管区域物流货物","31","千克","0","?","27,261",
"202411","85177990","品目85.17所列设备用其他零件","307","意大利","39","其他","6","千克","0","?","6,188",
"202411","85177990","品目85.17所列设备用其他零件","309","荷兰","10","一般贸易","6","千克","0","?","62,513",
"202411","85177990","品目85.17所列设备用其他零件","309","荷兰","33","保税监管场所进出境货物","251","千克","0","?","57,484",
"202411","85177990","品目85.17所列设备用其他零件","309","荷兰","34","海关特殊监管区域物流货物","308","千克","0","?","16,916",
"202411","85177990","品目85.17所列设备用其他零件","310","希腊","33","保税监管场所进出境货物","1301","千克","0","?","129,827",
"202411","85177990","品目85.17所列设备用其他零件","310","希腊","34","海关特殊监管区域物流货物","8","千克","0","?","1,590",
"202411","85177990","品目85.17所列设备用其他零件","311","葡萄牙","10","一般贸易","5","千克","0","?","3,310",
"202411","85177990","品目85.17所列设备用其他零件","311","葡萄牙","33","保税监管场所进出境货物","24","千克","0","?","14,272",
"202411","85177990","品目85.17所列设备用其他零件","312","西班牙","10","一般贸易","895","千克","0","?","71,479",
"202411","85177990","品目85.17所列设备用其他零件","315","奥地利","10","一般贸易","289","千克","0","?","734,040",
"202411","85177990","品目85.17所列设备用其他零件","315","奥地利","14","来料加工贸易","1","千克","0","?","160",
"202411","85177990","品目85.17所列设备用其他零件","315","奥地利","15","进料加工贸易","123","千克","0","?","531,196",
"202411","85177990","品目85.17所列设备用其他零件","315","奥地利","34","海关特殊监管区域物流货物","3","千克","0","?","4,293",
"202411","85177990","品目85.17所列设备用其他零件","316","保加利亚","10","一般贸易","76","千克","0","?","2,586",
"202411","85177990","品目85.17所列设备用其他零件","316","保加利亚","15","进料加工贸易","68","千克","0","?","26,305",
"202411","85177990","品目85.17所列设备用其他零件","318","芬兰","10","一般贸易","1484","千克","0","?","229,227",
"202411","85177990","品目85.17所列设备用其他零件","318","芬兰","15","进料加工贸易","2","千克","0","?","826",
"202411","85177990","品目85.17所列设备用其他零件","318","芬兰","34","海关特殊监管区域物流货物","10069","千克","0","?","1,596,183",
"202411","85177990","品目85.17所列设备用其他零件","318","芬兰","39","其他","39","千克","0","?","13,725",
"202411","85177990","品目85.17所列设备用其他零件","321","匈牙利","10","一般贸易","2256","千克","0","?","233,511",
"202411","85177990","品目85.17所列设备用其他零件","321","匈牙利","15","进料加工贸易","136","千克","0","?","274,375",
"202411","85177990","品目85.17所列设备用其他零件","321","匈牙利","34","海关特殊监管区域物流货物","2804","千克","0","?","327,165",
"202411","85177990","品目85.17所列设备用其他零件","324","马耳他","10","一般贸易","2","千克","0","?","2,120",
"202411","85177990","品目85.17所列设备用其他零件","326","挪威","10","一般贸易","7","千克","0","?","4,964",
"202411","85177990","品目85.17所列设备用其他零件","326","挪威","15","进料加工贸易","23","千克","0","?","62,642",
"202411","85177990","品目85.17所列设备用其他零件","326","挪威","33","保税监管场所进出境货物","9","千克","0","?","9,248",
"202411","85177990","品目85.17所列设备用其他零件","326","挪威","34","海关特殊监管区域物流货物","8","千克","0","?","31,758",
"202411","85177990","品目85.17所列设备用其他零件","326","挪威","39","其他","4","千克","0","?","11,474",
"202411","85177990","品目85.17所列设备用其他零件","327","波兰","10","一般贸易","18783","千克","0","?","1,743,560",
"202411","85177990","品目85.17所列设备用其他零件","327","波兰","15","进料加工贸易","27","千克","0","?","18,588",
"202411","85177990","品目85.17所列设备用其他零件","327","波兰","33","保税监管场所进出境货物","18","千克","0","?","8,323",
"202411","85177990","品目85.17所列设备用其他零件","327","波兰","39","其他","38","千克","0","?","3,991",
"202411","85177990","品目85.17所列设备用其他零件","328","罗马尼亚","10","一般贸易","3053","千克","0","?","2,847,336",
"202411","85177990","品目85.17所列设备用其他零件","328","罗马尼亚","15","进料加工贸易","97","千克","0","?","253,145",
"202411","85177990","品目85.17所列设备用其他零件","328","罗马尼亚","34","海关特殊监管区域物流货物","156","千克","0","?","79,468",
"202411","85177990","品目85.17所列设备用其他零件","330","瑞典","10","一般贸易","398","千克","0","?","593,928",
"202411","85177990","品目85.17所列设备用其他零件","330","瑞典","15","进料加工贸易","51","千克","0","?","8,837",
"202411","85177990","品目85.17所列设备用其他零件","330","瑞典","33","保税监管场所进出境货物","28","千克","0","?","24,353",
"202411","85177990","品目85.17所列设备用其他零件","330","瑞典","34","海关特殊监管区域物流货物","5","千克","0","?","3,466",
"202411","85177990","品目85.17所列设备用其他零件","330","瑞典","39","其他","25","千克","0","?","11,569",
"202411","85177990","品目85.17所列设备用其他零件","331","瑞士","10","一般贸易","221","千克","0","?","1,334,781",
"202411","85177990","品目85.17所列设备用其他零件","331","瑞士","15","进料加工贸易","245","千克","0","?","2,629,290",
"202411","85177990","品目85.17所列设备用其他零件","331","瑞士","39","其他","1","千克","0","?","4,855",
"202411","85177990","品目85.17所列设备用其他零件","334","爱沙尼亚","10","一般贸易","2541","千克","0","?","774,893",
"202411","85177990","品目85.17所列设备用其他零件","334","爱沙尼亚","39","其他","21","千克","0","?","5,029",
"202411","85177990","品目85.17所列设备用其他零件","335","拉脱维亚","10","一般贸易","805","千克","0","?","423,622",
"202411","85177990","品目85.17所列设备用其他零件","336","立陶宛","10","一般贸易","90","千克","0","?","41,710",
"202411","85177990","品目85.17所列设备用其他零件","336","立陶宛","33","保税监管场所进出境货物","7","千克","0","?","5,389",
"202411","85177990","品目85.17所列设备用其他零件","336","立陶宛","39","其他","1","千克","0","?","987",
"202411","85177990","品目85.17所列设备用其他零件","344","俄罗斯","10","一般贸易","1","千克","0","?","100",
"202411","85177990","品目85.17所列设备用其他零件","347","乌克兰","10","一般贸易","521","千克","0","?","19,932",
"202411","85177990","品目85.17所列设备用其他零件","352","捷克","10","一般贸易","2442","千克","0","?","2,236,269",
"202411","85177990","品目85.17所列设备用其他零件","352","捷克","15","进料加工贸易","19","千克","0","?","424",
"202411","85177990","品目85.17所列设备用其他零件","352","捷克","33","保税监管场所进出境货物","50","千克","0","?","776,882",
"202411","85177990","品目85.17所列设备用其他零件","352","捷克","34","海关特殊监管区域物流货物","412","千克","0","?","2,711,113",
"202411","85177990","品目85.17所列设备用其他零件","352","捷克","39","其他","40","千克","0","?","21,192",
"202411","85177990","品目85.17所列设备用其他零件","353","斯洛伐克","10","一般贸易","12","千克","0","?","2,474",
"202411","85177990","品目85.17所列设备用其他零件","353","斯洛伐克","15","进料加工贸易","4","千克","0","?","15,593",
"202411","85177990","品目85.17所列设备用其他零件","353","斯洛伐克","39","其他","4","千克","0","?","108",
"202411","85177990","品目85.17所列设备用其他零件","359","黑山","10","一般贸易","0","千克","0","?","62",
"202411","85177990","品目85.17所列设备用其他零件","410","巴西","10","一般贸易","0","千克","0","?","2",
"202411","85177990","品目85.17所列设备用其他零件","415","哥斯达黎加","10","一般贸易","0","千克","0","?","4,563",
"202411","85177990","品目85.17所列设备用其他零件","415","哥斯达黎加","39","其他","3","千克","0","?","1,589",
"202411","85177990","品目85.17所列设备用其他零件","429","墨西哥","10","一般贸易","2942","千克","0","?","2,241,350",
"202411","85177990","品目85.17所列设备用其他零件","429","墨西哥","15","进料加工贸易","3346","千克","0","?","2,463,469",
"202411","85177990","品目85.17所列设备用其他零件","429","墨西哥","33","保税监管场所进出境货物","119","千克","0","?","149,498",
"202411","85177990","品目85.17所列设备用其他零件","429","墨西哥","34","海关特殊监管区域物流货物","3010","千克","0","?","480,894",
"202411","85177990","品目85.17所列设备用其他零件","429","墨西哥","39","其他","166","千克","0","?","112,555",
"202411","85177990","品目85.17所列设备用其他零件","440","萨尔瓦多","10","一般贸易","1","千克","0","?","158",
"202411","85177990","品目85.17所列设备用其他零件","440","萨尔瓦多","15","进料加工贸易","0","千克","0","?","971",
"202411","85177990","品目85.17所列设备用其他零件","501","加拿大","10","一般贸易","357","千克","0","?","152,843",
"202411","85177990","品目85.17所列设备用其他零件","501","加拿大","15","进料加工贸易","101","千克","0","?","220,129",
"202411","85177990","品目85.17所列设备用其他零件","501","加拿大","34","海关特殊监管区域物流货物","18","千克","0","?","254,800",
"202411","85177990","品目85.17所列设备用其他零件","501","加拿大","39","其他","5","千克","0","?","5,138",
"202411","85177990","品目85.17所列设备用其他零件","502","美国","10","一般贸易","6821","千克","0","?","2,496,589",
"202411","85177990","品目85.17所列设备用其他零件","502","美国","14","来料加工贸易","89","千克","0","?","178,115",
"202411","85177990","品目85.17所列设备用其他零件","502","美国","15","进料加工贸易","3202","千克","0","?","1,896,498",
"202411","85177990","品目85.17所列设备用其他零件","502","美国","33","保税监管场所进出境货物","73","千克","0","?","149,708",
"202411","85177990","品目85.17所列设备用其他零件","502","美国","34","海关特殊监管区域物流货物","228","千克","0","?","58,916",
"202411","85177990","品目85.17所列设备用其他零件","502","美国","35","海关特殊监管区域进口设备","16","千克","0","?","30,466",
"202411","85177990","品目85.17所列设备用其他零件","502","美国","39","其他","166","千克","0","?","35,499",
"202411","85177990","品目85.17所列设备用其他零件","601","澳大利亚","10","一般贸易","940","千克","0","?","3,577,600",
"202411","85177990","品目85.17所列设备用其他零件","601","澳大利亚","15","进料加工贸易","40","千克","0","?","50,061",
"202411","85177990","品目85.17所列设备用其他零件","601","澳大利亚","33","保税监管场所进出境货物","88","千克","0","?","330,748",
"202411","85177990","品目85.17所列设备用其他零件","609","新西兰","10","一般贸易","461","千克","0","?","34,489",
"202411","85414900","其他光敏半导体器件","111","印度","34","海关特殊监管区域物流货物","11","个","0","千克","134",
"202411","85414900","其他光敏半导体器件","112","印度尼西亚","10","一般贸易","12327164","个","5366","千克","402,344",
"202411","85414900","其他光敏半导体器件","112","印度尼西亚","14","来料加工贸易","137000","个","178","千克","12,340",
"202411","85414900","其他光敏半导体器件","112","印度尼西亚","15","进料加工贸易","38000","个","5","千克","18,409",
"202411","85414900","其他光敏半导体器件","116","日本","10","一般贸易","13245452","个","8542","千克","10,617,077",
"202411","85414900","其他光敏半导体器件","116","日本","14","来料加工贸易","411026","个","88","千克","206,793",
"202411","85414900","其他光敏半导体器件","116","日本","15","进料加工贸易","10848958","个","1463","千克","4,256,299",
"202411","85414900","其他光敏半导体器件","116","日本","33","保税监管场所进出境货物","226199","个","146","千克","1,707,700",
"202411","85414900","其他光敏半导体器件","116","日本","34","海关特殊监管区域物流货物","10552102","个","4350","千克","6,381,045",
"202411","85414900","其他光敏半导体器件","116","日本","35","海关特殊监管区域进口设备","12","个","2","千克","24,846",
"202411","85414900","其他光敏半导体器件","116","日本","39","其他","18110","个","3","千克","14,322",
"202411","85414900","其他光敏半导体器件","122","马来西亚","10","一般贸易","7159198","个","2863","千克","2,798,821",
"202411","85414900","其他光敏半导体器件","122","马来西亚","14","来料加工贸易","25000","个","6","千克","3,499",
"202411","85414900","其他光敏半导体器件","122","马来西亚","15","进料加工贸易","4087192","个","1463","千克","8,524,478",
"202411","85414900","其他光敏半导体器件","122","马来西亚","33","保税监管场所进出境货物","34001","个","2","千克","6,682",
"202411","85414900","其他光敏半导体器件","122","马来西亚","34","海关特殊监管区域物流货物","3019027","个","392","千克","2,332,628",
"202411","85414900","其他光敏半导体器件","122","马来西亚","35","海关特殊监管区域进口设备","6","个","0","千克","1,645",
"202411","85414900","其他光敏半导体器件","122","马来西亚","39","其他","2988","个","0","千克","1,554",
"202411","85414900","其他光敏半导体器件","129","菲律宾","10","一般贸易","5199644","个","3656","千克","3,093,931",
"202411","85414900","其他光敏半导体器件","129","菲律宾","14","来料加工贸易","36600","个","9","千克","8,013",
"202411","85414900","其他光敏半导体器件","129","菲律宾","15","进料加工贸易","885579","个","323","千克","623,779",
"202411","85414900","其他光敏半导体器件","129","菲律宾","33","保税监管场所进出境货物","69200","个","28","千克","18,764",
"202411","85414900","其他光敏半导体器件","129","菲律宾","34","海关特殊监管区域物流货物","1936825","个","823","千克","1,424,204",
"202411","85414900","其他光敏半导体器件","129","菲律宾","35","海关特殊监管区域进口设备","1","个","0","千克","246",
"202411","85414900","其他光敏半导体器件","132","新加坡","10","一般贸易","2090","个","1","千克","70,656",
"202411","85414900","其他光敏半导体器件","132","新加坡","15","进料加工贸易","530578","个","3","千克","506,172",
"202411","85414900","其他光敏半导体器件","132","新加坡","34","海关特殊监管区域物流货物","7416","个","5","千克","5,270",
"202411","85414900","其他光敏半导体器件","132","新加坡","35","海关特殊监管区域进口设备","1","个","0","千克","98",
"202411","85414900","其他光敏半导体器件","133","韩国","10","一般贸易","19579320","个","310","千克","405,634",
"202411","85414900","其他光敏半导体器件","133","韩国","14","来料加工贸易","280183","个","68","千克","133,105",
"202411","85414900","其他光敏半导体器件","133","韩国","15","进料加工贸易","81952126","个","802","千克","1,332,055",
"202411","85414900","其他光敏半导体器件","133","韩国","34","海关特殊监管区域物流货物","1490940","个","1246","千克","245,628",
"202411","85414900","其他光敏半导体器件","133","韩国","39","其他","42996","个","28","千克","2,235",
"202411","85414900","其他光敏半导体器件","136","泰国","10","一般贸易","77838826","个","35558","千克","11,519,622",
"202411","85414900","其他光敏半导体器件","136","泰国","14","来料加工贸易","596930","个","126","千克","89,864",
"202411","85414900","其他光敏半导体器件","136","泰国","15","进料加工贸易","12061365","个","3447","千克","1,910,134",
"202411","85414900","其他光敏半导体器件","136","泰国","33","保税监管场所进出境货物","3258040","个","837","千克","153,614",
"202411","85414900","其他光敏半导体器件","136","泰国","34","海关特殊监管区域物流货物","40871608","个","12610","千克","11,049,029",
"202411","85414900","其他光敏半导体器件","136","泰国","39","其他","6885","个","2","千克","1,639",
"202411","85414900","其他光敏半导体器件","141","越南","33","保税监管场所进出境货物","62","个","1","千克","2,214",
"202411","85414900","其他光敏半导体器件","141","越南","34","海关特殊监管区域物流货物","1","个","0","千克","99",
"202411","85414900","其他光敏半导体器件","142","中国","10","一般贸易","481596337","个","173055","千克","16,094,289",
"202411","85414900","其他光敏半导体器件","142","中国","14","来料加工贸易","6396964","个","1408","千克","460,166",
"202411","85414900","其他光敏半导体器件","142","中国","15","进料加工贸易","72795071","个","17339","千克","3,917,964",
"202411","85414900","其他光敏半导体器件","142","中国","33","保税监管场所进出境货物","23092607","个","5838","千克","648,490",
"202411","85414900","其他光敏半导体器件","142","中国","34","海关特殊监管区域物流货物","103807970","个","35951","千克","4,605,248",
"202411","85414900","其他光敏半导体器件","142","中国","35","海关特殊监管区域进口设备","1","个","0","千克","170",
"202411","85414900","其他光敏半导体器件","142","中国","39","其他","29771","个","2","千克","2,796",
"202411","85414900","其他光敏半导体器件","143","中国台湾","10","一般贸易","83684208","个","13150","千克","9,133,397",
"202411","85414900","其他光敏半导体器件","143","中国台湾","14","来料加工贸易","113461","个","26","千克","65,313",
"202411","85414900","其他光敏半导体器件","143","中国台湾","15","进料加工贸易","10712851","个","2191","千克","1,835,234",
"202411","85414900","其他光敏半导体器件","143","中国台湾","33","保税监管场所进出境货物","209497","个","12","千克","128,220",
"202411","85414900","其他光敏半导体器件","143","中国台湾","34","海关特殊监管区域物流货物","5315525","个","1072","千克","1,753,227",
"202411","85414900","其他光敏半导体器件","143","中国台湾","39","其他","17234","个","6","千克","7,093",
"202411","85414900","其他光敏半导体器件","232","摩洛哥","15","进料加工贸易","4000","个","2","千克","616",
"202411","85414900","其他光敏半导体器件","244","南非","10","一般贸易","11250","个","15","千克","5,073",
"202411","85414900","其他光敏半导体器件","302","丹麦","10","一般贸易","210","个","3","千克","3,047",
"202411","85414900","其他光敏半导体器件","303","英国","10","一般贸易","2809526","个","56","千克","170,974",
"202411","85414900","其他光敏半导体器件","303","英国","34","海关特殊监管区域物流货物","1","个","6","千克","99,264",
"202411","85414900","其他光敏半导体器件","304","德国","10","一般贸易","5283535","个","306","千克","1,617,648",
"202411","85414900","其他光敏半导体器件","304","德国","14","来料加工贸易","24000","个","2","千克","3,928",
"202411","85414900","其他光敏半导体器件","304","德国","15","进料加工贸易","272540","个","17","千克","165,908",
"202411","85414900","其他光敏半导体器件","304","德国","33","保税监管场所进出境货物","79007","个","13","千克","20,344",
"202411","85414900","其他光敏半导体器件","304","德国","34","海关特殊监管区域物流货物","985570","个","122","千克","155,364",
"202411","85414900","其他光敏半导体器件","305","法国","10","一般贸易","3003","个","2","千克","590",
"202411","85414900","其他光敏半导体器件","306","爱尔兰","10","一般贸易","2","个","0","千克","2,193",
"202411","85414900","其他光敏半导体器件","306","爱尔兰","39","其他","7","个","0","千克","22",
"202411","85414900","其他光敏半导体器件","307","意大利","10","一般贸易","115263","个","1577","千克","1,580,910",
"202411","85414900","其他光敏半导体器件","307","意大利","15","进料加工贸易","200","个","0","千克","58",
"202411","85414900","其他光敏半导体器件","307","意大利","34","海关特殊监管区域物流货物","1","个","0","千克","79",
"202411","85414900","其他光敏半导体器件","307","意大利","39","其他","9","个","1","千克","293",
"202411","85414900","其他光敏半导体器件","309","荷兰","10","一般贸易","101","个","1","千克","30,321",
"202411","85414900","其他光敏半导体器件","312","西班牙","33","保税监管场所进出境货物","1","个","1","千克","87",
"202411","85414900","其他光敏半导体器件","315","奥地利","14","来料加工贸易","48000","个","1","千克","9,600",
"202411","85414900","其他光敏半导体器件","321","匈牙利","10","一般贸易","514","个","2","千克","223",
"202411","85414900","其他光敏半导体器件","321","匈牙利","15","进料加工贸易","10240","个","53","千克","43,260",
"202411","85414900","其他光敏半导体器件","321","匈牙利","34","海关特殊监管区域物流货物","1","个","0","千克","19",
"202411","85414900","其他光敏半导体器件","327","波兰","10","一般贸易","27","个","2","千克","59,963",
"202411","85414900","其他光敏半导体器件","330","瑞典","10","一般贸易","1","个","0","千克","3,707",
"202411","85414900","其他光敏半导体器件","331","瑞士","10","一般贸易","1337877","个","17","千克","1,321,620",
"202411","85414900","其他光敏半导体器件","331","瑞士","15","进料加工贸易","600585","个","9","千克","666,610",
"202411","85414900","其他光敏半导体器件","331","瑞士","33","保税监管场所进出境货物","4","个","0","千克","485",
"202411","85414900","其他光敏半导体器件","331","瑞士","39","其他","1170","个","1","千克","5,368",
"202411","85414900","其他光敏半导体器件","336","立陶宛","15","进料加工贸易","400","个","4","千克","86,400",
"202411","85414900","其他光敏半导体器件","352","捷克","10","一般贸易","565","个","17","千克","9,178",
"202411","85414900","其他光敏半导体器件","352","捷克","33","保税监管场所进出境货物","1","个","0","千克","104",
"202411","85414900","其他光敏半导体器件","352","捷克","34","海关特殊监管区域物流货物","2500","个","1","千克","999",
"202411","85414900","其他光敏半导体器件","352","捷克","39","其他","3000","个","21","千克","1,140",
"202411","85414900","其他光敏半导体器件","418","多米尼加
","34","海关特殊监管区域物流货物","194","个","48","千克","4,429",
"202411","85414900","其他光敏半导体器件","429","墨西哥","10","一般贸易","183620","个","997","千克","405,358",
"202411","85414900","其他光敏半导体器件","429","墨西哥","14","来料加工贸易","1500","个","0","千克","1,380",
"202411","85414900","其他光敏半导体器件","429","墨西哥","15","进料加工贸易","9190","个","23","千克","17,930",
"202411","85414900","其他光敏半导体器件","429","墨西哥","34","海关特殊监管区域物流货物","859","个","58","千克","11,541",
"202411","85414900","其他光敏半导体器件","501","加拿大","10","一般贸易","1800","个","3","千克","110,568",
"202411","85414900","其他光敏半导体器件","501","加拿大","33","保税监管场所进出境货物","4","个","0","千克","1,448",
"202411","85414900","其他光敏半导体器件","501","加拿大","34","海关特殊监管区域物流货物","1","个","0","千克","316",
"202411","85414900","其他光敏半导体器件","502","美国","10","一般贸易","73886","个","41","千克","695,004",
"202411","85414900","其他光敏半导体器件","502","美国","14","来料加工贸易","3852695","个","28","千克","190,857",
"202411","85414900","其他光敏半导体器件","502","美国","15","进料加工贸易","1624299","个","35","千克","1,906,784",
"202411","85414900","其他光敏半导体器件","502","美国","33","保税监管场所进出境货物","26","个","0","千克","2,101",
"202411","85414900","其他光敏半导体器件","502","美国","34","海关特殊监管区域物流货物","34020","个","8","千克","7,507",
"202411","85414900","其他光敏半导体器件","502","美国","35","海关特殊监管区域进口设备","10","个","0","千克","7,085",
"202411","85414900","其他光敏半导体器件","502","美国","39","其他","399","个","7","千克","9,435",
"202412","85177950","光通信设备的激光收发模块","107","柬埔寨","10","一般贸易","1","千克","0","?","4,005",
"202412","85177950","光通信设备的激光收发模块","111","印度","10","一般贸易","1","千克","0","?","7,914",
"202412","85177950","光通信设备的激光收发模块","112","印度尼西亚","10","一般贸易","0","千克","0","?","8,241",
"202412","85177950","光通信设备的激光收发模块","115","以色列","10","一般贸易","3","千克","0","?","644",
"202412","85177950","光通信设备的激光收发模块","116","日本","10","一般贸易","287","千克","0","?","747,872",
"202412","85177950","光通信设备的激光收发模块","116","日本","34","海关特殊监管区域物流货物","2","千克","0","?","20,095",
"202412","85177950","光通信设备的激光收发模块","120","黎巴嫩","10","一般贸易","4","千克","0","?","15,836",
"202412","85177950","光通信设备的激光收发模块","120","黎巴嫩","39","其他","5","千克","0","?","12,464",
"202412","85177950","光通信设备的激光收发模块","122","马来西亚","10","一般贸易","2585","千克","0","?","4,027,243",
"202412","85177950","光通信设备的激光收发模块","122","马来西亚","15","进料加工贸易","263","千克","0","?","552,622",
"202412","85177950","光通信设备的激光收发模块","122","马来西亚","33","保税监管场所进出境货物","133","千克","0","?","433,034",
"202412","85177950","光通信设备的激光收发模块","122","马来西亚","34","海关特殊监管区域物流货物","387","千克","0","?","501,732",
"202412","85177950","光通信设备的激光收发模块","122","马来西亚","35","海关特殊监管区域进口设备","1","千克","0","?","22,757",
"202412","85177950","光通信设备的激光收发模块","122","马来西亚","39","其他","10","千克","0","?","21,051",
"202412","85177950","光通信设备的激光收发模块","129","菲律宾","10","一般贸易","1268","千克","0","?","3,504,874",
"202412","85177950","光通信设备的激光收发模块","129","菲律宾","15","进料加工贸易","83","千克","0","?","61,274",
"202412","85177950","光通信设备的激光收发模块","129","菲律宾","34","海关特殊监管区域物流货物","163","千克","0","?","394,786",
"202412","85177950","光通信设备的激光收发模块","132","新加坡","10","一般贸易","1","千克","0","?","101",
"202412","85177950","光通信设备的激光收发模块","132","新加坡","15","进料加工贸易","0","千克","0","?","18",
"202412","85177950","光通信设备的激光收发模块","133","韩国","10","一般贸易","15","千克","0","?","85,762",
"202412","85177950","光通信设备的激光收发模块","133","韩国","34","海关特殊监管区域物流货物","3","千克","0","?","6,790",
"202412","85177950","光通信设备的激光收发模块","136","泰国","10","一般贸易","2065","千克","0","?","10,524,920",
"202412","85177950","光通信设备的激光收发模块","136","泰国","15","进料加工贸易","106","千克","0","?","163,261",
"202412","85177950","光通信设备的激光收发模块","136","泰国","33","保税监管场所进出境货物","134","千克","0","?","1,873,252",
"202412","85177950","光通信设备的激光收发模块","136","泰国","34","海关特殊监管区域物流货物","1150","千克","0","?","12,190,491",
"202412","85177950","光通信设备的激光收发模块","136","泰国","39","其他","21","千克","0","?","46,883",
"202412","85177950","光通信设备的激光收发模块","141","越南","10","一般贸易","6","千克","0","?","9,970",
"202412","85177950","光通信设备的激光收发模块","141","越南","14","来料加工贸易","16","千克","0","?","15,529",
"202412","85177950","光通信设备的激光收发模块","141","越南","15","进料加工贸易","20","千克","0","?","36,853",
"202412","85177950","光通信设备的激光收发模块","141","越南","33","保税监管场所进出境货物","1","千克","0","?","58,162",
"202412","85177950","光通信设备的激光收发模块","141","越南","34","海关特殊监管区域物流货物","6681","千克","0","?","447,138",
"202412","85177950","光通信设备的激光收发模块","142","中国","10","一般贸易","4025","千克","0","?","18,756,584",
"202412","85177950","光通信设备的激光收发模块","142","中国","14","来料加工贸易","6","千克","0","?","16,954",
"202412","85177950","光通信设备的激光收发模块","142","中国","15","进料加工贸易","361","千克","0","?","317,025",
"202412","85177950","光通信设备的激光收发模块","142","中国","33","保税监管场所进出境货物","194","千克","0","?","1,116,776",
"202412","85177950","光通信设备的激光收发模块","142","中国","34","海关特殊监管区域物流货物","463","千克","0","?","840,634",
"202412","85177950","光通信设备的激光收发模块","142","中国","39","其他","68","千克","0","?","160,863",
"202412","85177950","光通信设备的激光收发模块","143","中国台湾","10","一般贸易","801","千克","0","?","757,093",
"202412","85177950","光通信设备的激光收发模块","143","中国台湾","15","进料加工贸易","115","千克","0","?","165,265",
"202412","85177950","光通信设备的激光收发模块","143","中国台湾","34","海关特殊监管区域物流货物","17","千克","0","?","22,184",
"202412","85177950","光通信设备的激光收发模块","143","中国台湾","39","其他","6","千克","0","?","6,499",
"202412","85177950","光通信设备的激光收发模块","303","英国","10","一般贸易","7","千克","0","?","30,529",
"202412","85177950","光通信设备的激光收发模块","303","英国","15","进料加工贸易","8","千克","0","?","11,465",
"202412","85177950","光通信设备的激光收发模块","303","英国","34","海关特殊监管区域物流货物","0","千克","0","?","1,626",
"202412","85177950","光通信设备的激光收发模块","304","德国","10","一般贸易","62","千克","0","?","74,057",
"202412","85177950","光通信设备的激光收发模块","304","德国","14","来料加工贸易","132","千克","0","?","62,514",
"202412","85177950","光通信设备的激光收发模块","304","德国","39","其他","0","千克","0","?","193",
"202412","85177950","光通信设备的激光收发模块","305","法国","10","一般贸易","2","千克","0","?","360,436",
"202412","85177950","光通信设备的激光收发模块","306","爱尔兰","10","一般贸易","0","千克","0","?","11",
"202412","85177950","光通信设备的激光收发模块","307","意大利","10","一般贸易","1","千克","0","?","6,179",
"202412","85177950","光通信设备的激光收发模块","309","荷兰","10","一般贸易","99","千克","0","?","39,426",
"202412","85177950","光通信设备的激光收发模块","312","西班牙","10","一般贸易","4","千克","0","?","1,390",
"202412","85177950","光通信设备的激光收发模块","315","奥地利","10","一般贸易","2","千克","0","?","34,097",
"202412","85177950","光通信设备的激光收发模块","326","挪威","10","一般贸易","17","千克","0","?","48,792",
"202412","85177950","光通信设备的激光收发模块","328","罗马尼亚","10","一般贸易","0","千克","0","?","51,511",
"202412","85177950","光通信设备的激光收发模块","331","瑞士","10","一般贸易","1","千克","0","?","5,007",
"202412","85177950","光通信设备的激光收发模块","331","瑞士","39","其他","0","千克","0","?","1,116",
"202412","85177950","光通信设备的激光收发模块","347","乌克兰","10","一般贸易","4","千克","0","?","320",
"202412","85177950","光通信设备的激光收发模块","429","墨西哥","10","一般贸易","405","千克","0","?","324,131",
"202412","85177950","光通信设备的激光收发模块","429","墨西哥","15","进料加工贸易","96","千克","0","?","307,359",
"202412","85177950","光通信设备的激光收发模块","501","加拿大","10","一般贸易","11","千克","0","?","262,829",
"202412","85177950","光通信设备的激光收发模块","502","美国","10","一般贸易","32","千克","0","?","151,448",
"202412","85177950","光通信设备的激光收发模块","502","美国","15","进料加工贸易","13","千克","0","?","21,894",
"202412","85177950","光通信设备的激光收发模块","502","美国","33","保税监管场所进出境货物","1","千克","0","?","4,461",
"202412","85177950","光通信设备的激光收发模块","502","美国","34","海关特殊监管区域物流货物","0","千克","0","?","201",
"202412","85177950","光通信设备的激光收发模块","502","美国","35","海关特殊监管区域进口设备","0","千克","0","?","202",
"202412","85177950","光通信设备的激光收发模块","502","美国","39","其他","12","千克","0","?","7,192",
"202412","85177950","光通信设备的激光收发模块","601","澳大利亚","10","一般贸易","3","千克","0","?","15,562",
"202412","85177950","光通信设备的激光收发模块","609","新西兰","10","一般贸易","1","千克","0","?","21,982",
"202412","85177990","品目85.17所列设备用其他零件","103","孟加拉国","33","保税监管场所进出境货物","1","千克","0","?","60",
"202412","85177990","品目85.17所列设备用其他零件","106","缅甸","10","一般贸易","358","千克","0","?","28,814",
"202412","85177990","品目85.17所列设备用其他零件","107","柬埔寨","10","一般贸易","121","千克","0","?","278,733",
"202412","85177990","品目85.17所列设备用其他零件","107","柬埔寨","34","海关特殊监管区域物流货物","8","千克","0","?","29,131",
"202412","85177990","品目85.17所列设备用其他零件","107","柬埔寨","39","其他","5","千克","0","?","537",
"202412","85177990","品目85.17所列设备用其他零件","110","中国香港","10","一般贸易","19","千克","0","?","615,083",
"202412","85177990","品目85.17所列设备用其他零件","110","中国香港","39","其他","0","千克","0","?","4,210",
"202412","85177990","品目85.17所列设备用其他零件","111","印度","10","一般贸易","1986","千克","0","?","361,222",
"202412","85177990","品目85.17所列设备用其他零件","111","印度","15","进料加工贸易","578","千克","0","?","270,351",
"202412","85177990","品目85.17所列设备用其他零件","111","印度","33","保税监管场所进出境货物","5","千克","0","?","3,696",
"202412","85177990","品目85.17所列设备用其他零件","111","印度","34","海关特殊监管区域物流货物","17237","千克","0","?","1,298,601",
"202412","85177990","品目85.17所列设备用其他零件","111","印度","39","其他","153","千克","0","?","28,333",
"202412","85177990","品目85.17所列设备用其他零件","112","印度尼西亚","10","一般贸易","117","千克","0","?","91,268",
"202412","85177990","品目85.17所列设备用其他零件","112","印度尼西亚","15","进料加工贸易","2","千克","0","?","324",
"202412","85177990","品目85.17所列设备用其他零件","112","印度尼西亚","33","保税监管场所进出境货物","0","千克","0","?","111",
"202412","85177990","品目85.17所列设备用其他零件","115","以色列","10","一般贸易","168","千克","0","?","274,285",
"202412","85177990","品目85.17所列设备用其他零件","115","以色列","15","进料加工贸易","6","千克","0","?","16,710",
"202412","85177990","品目85.17所列设备用其他零件","115","以色列","33","保税监管场所进出境货物","10","千克","0","?","3,842",
"202412","85177990","品目85.17所列设备用其他零件","115","以色列","34","海关特殊监管区域物流货物","1","千克","0","?","5,208",
"202412","85177990","品目85.17所列设备用其他零件","115","以色列","39","其他","299","千克","0","?","91,656",
"202412","85177990","品目85.17所列设备用其他零件","116","日本","10","一般贸易","5739","千克","0","?","10,902,671",
"202412","85177990","品目85.17所列设备用其他零件","116","日本","14","来料加工贸易","150","千克","0","?","14,987",
"202412","85177990","品目85.17所列设备用其他零件","116","日本","15","进料加工贸易","1043","千克","0","?","3,576,623",
"202412","85177990","品目85.17所列设备用其他零件","116","日本","33","保税监管场所进出境货物","382","千克","0","?","344,293",
"202412","85177990","品目85.17所列设备用其他零件","116","日本","34","海关特殊监管区域物流货物","707","千克","0","?","2,060,280",
"202412","85177990","品目85.17所列设备用其他零件","116","日本","39","其他","18","千克","0","?","28,102",
"202412","85177990","品目85.17所列设备用其他零件","119","老挝","10","一般贸易","43","千克","0","?","7,429",
"202412","85177990","品目85.17所列设备用其他零件","122","马来西亚","10","一般贸易","5427","千克","0","?","21,106,045",
"202412","85177990","品目85.17所列设备用其他零件","122","马来西亚","14","来料加工贸易","4","千克","0","?","2,590",
"202412","85177990","品目85.17所列设备用其他零件","122","马来西亚","15","进料加工贸易","3524","千克","0","?","24,204,279",
"202412","85177990","品目85.17所列设备用其他零件","122","马来西亚","33","保税监管场所进出境货物","153","千克","0","?","177,705",
"202412","85177990","品目85.17所列设备用其他零件","122","马来西亚","34","海关特殊监管区域物流货物","1332","千克","0","?","325,541",
"202412","85177990","品目85.17所列设备用其他零件","122","马来西亚","39","其他","251","千克","0","?","87,416",
"202412","85177990","品目85.17所列设备用其他零件","129","菲律宾","10","一般贸易","1039","千克","0","?","1,554,667",
"202412","85177990","品目85.17所列设备用其他零件","129","菲律宾","15","进料加工贸易","255","千克","0","?","341,171",
"202412","85177990","品目85.17所列设备用其他零件","129","菲律宾","33","保税监管场所进出境货物","43","千克","0","?","22,787",
"202412","85177990","品目85.17所列设备用其他零件","129","菲律宾","34","海关特殊监管区域物流货物","424","千克","0","?","1,121,605",
"202412","85177990","品目85.17所列设备用其他零件","129","菲律宾","39","其他","2","千克","0","?","1,144",
"202412","85177990","品目85.17所列设备用其他零件","132","新加坡","10","一般贸易","1697","千克","0","?","1,783,574",
"202412","85177990","品目85.17所列设备用其他零件","132","新加坡","15","进料加工贸易","883","千克","0","?","91,923",
"202412","85177990","品目85.17所列设备用其他零件","132","新加坡","33","保税监管场所进出境货物","812","千克","0","?","104,355",
"202412","85177990","品目85.17所列设备用其他零件","132","新加坡","34","海关特殊监管区域物流货物","88","千克","0","?","11,753",
"202412","85177990","品目85.17所列设备用其他零件","132","新加坡","39","其他","47","千克","0","?","10,766",
"202412","85177990","品目85.17所列设备用其他零件","133","韩国","10","一般贸易","3983","千克","0","?","2,121,676",
"202412","85177990","品目85.17所列设备用其他零件","133","韩国","14","来料加工贸易","494","千克","0","?","28,635",
"202412","85177990","品目85.17所列设备用其他零件","133","韩国","15","进料加工贸易","2575","千克","0","?","19,191,176",
"202412","85177990","品目85.17所列设备用其他零件","133","韩国","33","保税监管场所进出境货物","926","千克","0","?","58,564",
"202412","85177990","品目85.17所列设备用其他零件","133","韩国","34","海关特殊监管区域物流货物","515","千克","0","?","71,857",
"202412","85177990","品目85.17所列设备用其他零件","133","韩国","35","海关特殊监管区域进口设备","0","千克","0","?","333",
"202412","85177990","品目85.17所列设备用其他零件","133","韩国","39","其他","344","千克","0","?","49,878",
"202412","85177990","品目85.17所列设备用其他零件","134","斯里兰卡","15","进料加工贸易","0","千克","0","?","578",
"202412","85177990","品目85.17所列设备用其他零件","136","泰国","10","一般贸易","4259","千克","0","?","8,206,919",
"202412","85177990","品目85.17所列设备用其他零件","136","泰国","14","来料加工贸易","8","千克","0","?","25,639",
"202412","85177990","品目85.17所列设备用其他零件","136","泰国","15","进料加工贸易","347","千克","0","?","2,560,092",
"202412","85177990","品目85.17所列设备用其他零件","136","泰国","33","保税监管场所进出境货物","122","千克","0","?","642,598",
"202412","85177990","品目85.17所列设备用其他零件","136","泰国","34","海关特殊监管区域物流货物","1027","千克","0","?","4,845,077",
"202412","85177990","品目85.17所列设备用其他零件","136","泰国","35","海关特殊监管区域进口设备","0","千克","0","?","608",
"202412","85177990","品目85.17所列设备用其他零件","136","泰国","39","其他","33","千克","0","?","19,740",
"202412","85177990","品目85.17所列设备用其他零件","137","土耳其","10","一般贸易","66","千克","0","?","21,180",
"202412","85177990","品目85.17所列设备用其他零件","137","土耳其","33","保税监管场所进出境货物","190","千克","0","?","11,200",
"202412","85177990","品目85.17所列设备用其他零件","138","阿联酋","10","一般贸易","2","千克","0","?","1,700",
"202412","85177990","品目85.17所列设备用其他零件","138","阿联酋","34","海关特殊监管区域物流货物","11","千克","0","?","300",
"202412","85177990","品目85.17所列设备用其他零件","138","阿联酋","39","其他","17","千克","0","?","1,588",
"202412","85177990","品目85.17所列设备用其他零件","141","越南","10","一般贸易","14136","千克","0","?","1,686,230",
"202412","85177990","品目85.17所列设备用其他零件","141","越南","14","来料加工贸易","44","千克","0","?","250,408",
"202412","85177990","品目85.17所列设备用其他零件","141","越南","15","进料加工贸易","6215","千克","0","?","17,494,149",
"202412","85177990","品目85.17所列设备用其他零件","141","越南","33","保税监管场所进出境货物","228","千克","0","?","267,690",
"202412","85177990","品目85.17所列设备用其他零件","141","越南","34","海关特殊监管区域物流货物","105152","千克","0","?","19,681,394",
"202412","85177990","品目85.17所列设备用其他零件","141","越南","39","其他","81","千克","0","?","52,119",
"202412","85177990","品目85.17所列设备用其他零件","142","中国","10","一般贸易","142713","千克","0","?","30,634,743",
"202412","85177990","品目85.17所列设备用其他零件","142","中国","14","来料加工贸易","9253","千克","0","?","1,180,296",
"202412","85177990","品目85.17所列设备用其他零件","142","中国","15","进料加工贸易","190864","千克","0","?","30,163,717",
"202412","85177990","品目85.17所列设备用其他零件","142","中国","33","保税监管场所进出境货物","81318","千克","0","?","4,892,974",
"202412","85177990","品目85.17所列设备用其他零件","142","中国","34","海关特殊监管区域物流货物","23890","千克","0","?","2,606,156",
"202412","85177990","品目85.17所列设备用其他零件","142","中国","35","海关特殊监管区域进口设备","0","千克","0","?","1,024",
"202412","85177990","品目85.17所列设备用其他零件","142","中国","39","其他","2705","千克","0","?","185,037",
"202412","85177990","品目85.17所列设备用其他零件","143","中国台湾","10","一般贸易","10975","千克","0","?","5,083,477",
"202412","85177990","品目85.17所列设备用其他零件","143","中国台湾","14","来料加工贸易","466","千克","0","?","24,003",
"202412","85177990","品目85.17所列设备用其他零件","143","中国台湾","15","进料加工贸易","39304","千克","0","?","18,635,513",
"202412","85177990","品目85.17所列设备用其他零件","143","中国台湾","33","保税监管场所进出境货物","270","千克","0","?","107,754",
"202412","85177990","品目85.17所列设备用其他零件","143","中国台湾","34","海关特殊监管区域物流货物","2287","千克","0","?","125,852",
"202412","85177990","品目85.17所列设备用其他零件","143","中国台湾","35","海关特殊监管区域进口设备","1","千克","0","?","516",
"202412","85177990","品目85.17所列设备用其他零件","143","中国台湾","39","其他","22","千克","0","?","13,289",
"202412","85177990","品目85.17所列设备用其他零件","244","南非","10","一般贸易","4","千克","0","?","10,736",
"202412","85177990","品目85.17所列设备用其他零件","249","突尼斯","10","一般贸易","1","千克","0","?","343",
"202412","85177990","品目85.17所列设备用其他零件","301","比利时","10","一般贸易","0","千克","0","?","300",
"202412","85177990","品目85.17所列设备用其他零件","301","比利时","15","进料加工贸易","25","千克","0","?","221",
"202412","85177990","品目85.17所列设备用其他零件","301","比利时","39","其他","6","千克","0","?","7,225",
"202412","85177990","品目85.17所列设备用其他零件","302","丹麦","10","一般贸易","2489","千克","0","?","550,258",
"202412","85177990","品目85.17所列设备用其他零件","302","丹麦","15","进料加工贸易","0","千克","0","?","82,882",
"202412","85177990","品目85.17所列设备用其他零件","302","丹麦","33","保税监管场所进出境货物","22","千克","0","?","6,174",
"202412","85177990","品目85.17所列设备用其他零件","302","丹麦","34","海关特殊监管区域物流货物","708","千克","0","?","16,556",
"202412","85177990","品目85.17所列设备用其他零件","303","英国","10","一般贸易","2091","千克","0","?","664,214",
"202412","85177990","品目85.17所列设备用其他零件","303","英国","15","进料加工贸易","136","千克","0","?","126,707",
"202412","85177990","品目85.17所列设备用其他零件","303","英国","33","保税监管场所进出境货物","260","千克","0","?","32,834",
"202412","85177990","品目85.17所列设备用其他零件","303","英国","34","海关特殊监管区域物流货物","115","千克","0","?","82,193",
"202412","85177990","品目85.17所列设备用其他零件","303","英国","39","其他","11","千克","0","?","143,763",
"202412","85177990","品目85.17所列设备用其他零件","304","德国","10","一般贸易","6089","千克","0","?","2,795,682",
"202412","85177990","品目85.17所列设备用其他零件","304","德国","14","来料加工贸易","26","千克","0","?","20,004",
"202412","85177990","品目85.17所列设备用其他零件","304","德国","15","进料加工贸易","1180","千克","0","?","328,296",
"202412","85177990","品目85.17所列设备用其他零件","304","德国","33","保税监管场所进出境货物","591","千克","0","?","51,013",
"202412","85177990","品目85.17所列设备用其他零件","304","德国","34","海关特殊监管区域物流货物","155","千克","0","?","33,919",
"202412","85177990","品目85.17所列设备用其他零件","304","德国","35","海关特殊监管区域进口设备","33","千克","0","?","87,408",
"202412","85177990","品目85.17所列设备用其他零件","304","德国","39","其他","100","千克","0","?","15,895",
"202412","85177990","品目85.17所列设备用其他零件","305","法国","10","一般贸易","868","千克","0","?","2,071,290",
"202412","85177990","品目85.17所列设备用其他零件","305","法国","15","进料加工贸易","67","千克","0","?","1,157,124",
"202412","85177990","品目85.17所列设备用其他零件","305","法国","33","保税监管场所进出境货物","3","千克","0","?","54,689",
"202412","85177990","品目85.17所列设备用其他零件","305","法国","34","海关特殊监管区域物流货物","73","千克","0","?","14,758",
"202412","85177990","品目85.17所列设备用其他零件","305","法国","39","其他","0","千克","0","?","750",
"202412","85177990","品目85.17所列设备用其他零件","306","爱尔兰","10","一般贸易","54","千克","0","?","140,284",
"202412","85177990","品目85.17所列设备用其他零件","307","意大利","10","一般贸易","592","千克","0","?","301,053",
"202412","85177990","品目85.17所列设备用其他零件","307","意大利","15","进料加工贸易","1686","千克","0","?","11,016",
"202412","85177990","品目85.17所列设备用其他零件","307","意大利","33","保税监管场所进出境货物","80","千克","0","?","34,950",
"202412","85177990","品目85.17所列设备用其他零件","307","意大利","34","海关特殊监管区域物流货物","11","千克","0","?","73,826",
"202412","85177990","品目85.17所列设备用其他零件","307","意大利","39","其他","5","千克","0","?","7,193",
"202412","85177990","品目85.17所列设备用其他零件","309","荷兰","10","一般贸易","2","千克","0","?","6,635",
"202412","85177990","品目85.17所列设备用其他零件","309","荷兰","15","进料加工贸易","23","千克","0","?","340",
"202412","85177990","品目85.17所列设备用其他零件","309","荷兰","33","保税监管场所进出境货物","435","千克","0","?","60,332",
"202412","85177990","品目85.17所列设备用其他零件","309","荷兰","34","海关特殊监管区域物流货物","8","千克","0","?","3,936",
"202412","85177990","品目85.17所列设备用其他零件","310","希腊","10","一般贸易","8","千克","0","?","6,813",
"202412","85177990","品目85.17所列设备用其他零件","310","希腊","33","保税监管场所进出境货物","1703","千克","0","?","61,344",
"202412","85177990","品目85.17所列设备用其他零件","310","希腊","34","海关特殊监管区域物流货物","84","千克","0","?","2,763",
"202412","85177990","品目85.17所列设备用其他零件","311","葡萄牙","10","一般贸易","2","千克","0","?","503",
"202412","85177990","品目85.17所列设备用其他零件","311","葡萄牙","33","保税监管场所进出境货物","15","千克","0","?","3,991",
"202412","85177990","品目85.17所列设备用其他零件","311","葡萄牙","34","海关特殊监管区域物流货物","31","千克","0","?","5,532",
"202412","85177990","品目85.17所列设备用其他零件","312","西班牙","10","一般贸易","10","千克","0","?","16,640",
"202412","85177990","品目85.17所列设备用其他零件","312","西班牙","15","进料加工贸易","5","千克","0","?","741",
"202412","85177990","品目85.17所列设备用其他零件","315","奥地利","10","一般贸易","522","千克","0","?","740,984",
"202412","85177990","品目85.17所列设备用其他零件","315","奥地利","15","进料加工贸易","48","千克","0","?","346,898",
"202412","85177990","品目85.17所列设备用其他零件","315","奥地利","34","海关特殊监管区域物流货物","1","千克","0","?","1,210",
"202412","85177990","品目85.17所列设备用其他零件","315","奥地利","39","其他","93","千克","0","?","21,559",
"202412","85177990","品目85.17所列设备用其他零件","316","保加利亚","10","一般贸易","844","千克","0","?","24,922",
"202412","85177990","品目85.17所列设备用其他零件","318","芬兰","10","一般贸易","591","千克","0","?","179,196",
"202412","85177990","品目85.17所列设备用其他零件","318","芬兰","34","海关特殊监管区域物流货物","4039","千克","0","?","971,402",
"202412","85177990","品目85.17所列设备用其他零件","318","芬兰","39","其他","50","千克","0","?","8,497",
"202412","85177990","品目85.17所列设备用其他零件","321","匈牙利","10","一般贸易","1327","千克","0","?","172,473",
"202412","85177990","品目85.17所列设备用其他零件","321","匈牙利","15","进料加工贸易","125","千克","0","?","277,677",
"202412","85177990","品目85.17所列设备用其他零件","321","匈牙利","34","海关特殊监管区域物流货物","5838","千克","0","?","488,826",
"202412","85177990","品目85.17所列设备用其他零件","321","匈牙利","39","其他","6","千克","0","?","9,835",
"202412","85177990","品目85.17所列设备用其他零件","324","马耳他","10","一般贸易","1","千克","0","?","1,689",
"202412","85177990","品目85.17所列设备用其他零件","326","挪威","10","一般贸易","0","千克","0","?","8,284",
"202412","85177990","品目85.17所列设备用其他零件","326","挪威","33","保税监管场所进出境货物","362","千克","0","?","77,078",
"202412","85177990","品目85.17所列设备用其他零件","327","波兰","10","一般贸易","9591","千克","0","?","1,078,496",
"202412","85177990","品目85.17所列设备用其他零件","327","波兰","15","进料加工贸易","2","千克","0","?","3,530",
"202412","85177990","品目85.17所列设备用其他零件","327","波兰","33","保税监管场所进出境货物","30","千克","0","?","1,746",
"202412","85177990","品目85.17所列设备用其他零件","327","波兰","34","海关特殊监管区域物流货物","9634","千克","0","?","749,122",
"202412","85177990","品目85.17所列设备用其他零件","327","波兰","39","其他","12","千克","0","?","4,314",
"202412","85177990","品目85.17所列设备用其他零件","328","罗马尼亚","10","一般贸易","2848","千克","0","?","2,783,658",
"202412","85177990","品目85.17所列设备用其他零件","328","罗马尼亚","15","进料加工贸易","36","千克","0","?","103,891",
"202412","85177990","品目85.17所列设备用其他零件","328","罗马尼亚","33","保税监管场所进出境货物","7","千克","0","?","7,969",
"202412","85177990","品目85.17所列设备用其他零件","328","罗马尼亚","34","海关特殊监管区域物流货物","31","千克","0","?","10,718",
"202412","85177990","品目85.17所列设备用其他零件","328","罗马尼亚","39","其他","1","千克","0","?","1,736",
"202412","85177990","品目85.17所列设备用其他零件","330","瑞典","10","一般贸易","447","千克","0","?","779,112",
"202412","85177990","品目85.17所列设备用其他零件","330","瑞典","15","进料加工贸易","0","千克","0","?","2,956",
"202412","85177990","品目85.17所列设备用其他零件","330","瑞典","33","保税监管场所进出境货物","107","千克","0","?","12,545",
"202412","85177990","品目85.17所列设备用其他零件","330","瑞典","34","海关特殊监管区域物流货物","12","千克","0","?","3,730",
"202412","85177990","品目85.17所列设备用其他零件","330","瑞典","39","其他","6","千克","0","?","4,448",
"202412","85177990","品目85.17所列设备用其他零件","331","瑞士","10","一般贸易","167","千克","0","?","1,318,764",
"202412","85177990","品目85.17所列设备用其他零件","331","瑞士","15","进料加工贸易","325","千克","0","?","2,391,374",
"202412","85177990","品目85.17所列设备用其他零件","331","瑞士","34","海关特殊监管区域物流货物","1","千克","0","?","2,311",
"202412","85177990","品目85.17所列设备用其他零件","331","瑞士","39","其他","1","千克","0","?","4,294",
"202412","85177990","品目85.17所列设备用其他零件","334","爱沙尼亚","10","一般贸易","3301","千克","0","?","882,224",
"202412","85177990","品目85.17所列设备用其他零件","334","爱沙尼亚","34","海关特殊监管区域物流货物","3016","千克","0","?","164,680",
"202412","85177990","品目85.17所列设备用其他零件","334","爱沙尼亚","39","其他","27","千克","0","?","4,639",
"202412","85177990","品目85.17所列设备用其他零件","335","拉脱维亚","10","一般贸易","199","千克","0","?","60,666",
"202412","85177990","品目85.17所列设备用其他零件","335","拉脱维亚","34","海关特殊监管区域物流货物","134","千克","0","?","10,365",
"202412","85177990","品目85.17所列设备用其他零件","336","立陶宛","10","一般贸易","110","千克","0","?","53,872",
"202412","85177990","品目85.17所列设备用其他零件","336","立陶宛","39","其他","0","千克","0","?","508",
"202412","85177990","品目85.17所列设备用其他零件","344","俄罗斯","10","一般贸易","3","千克","0","?","1,984",
"202412","85177990","品目85.17所列设备用其他零件","347","乌克兰","10","一般贸易","91","千克","0","?","30,862",
"202412","85177990","品目85.17所列设备用其他零件","351","克罗地亚","34","海关特殊监管区域物流货物","1","千克","0","?","894",
"202412","85177990","品目85.17所列设备用其他零件","352","捷克","10","一般贸易","2259","千克","0","?","1,021,115",
"202412","85177990","品目85.17所列设备用其他零件","352","捷克","15","进料加工贸易","269","千克","0","?","4,200",
"202412","85177990","品目85.17所列设备用其他零件","352","捷克","33","保税监管场所进出境货物","11","千克","0","?","5,102",
"202412","85177990","品目85.17所列设备用其他零件","352","捷克","34","海关特殊监管区域物流货物","150","千克","0","?","811,819",
"202412","85177990","品目85.17所列设备用其他零件","352","捷克","39","其他","2","千克","0","?","857",
"202412","85177990","品目85.17所列设备用其他零件","353","斯洛伐克","10","一般贸易","17","千克","0","?","5,123",
"202412","85177990","品目85.17所列设备用其他零件","358","塞尔维亚","10","一般贸易","6","千克","0","?","2,744",
"202412","85177990","品目85.17所列设备用其他零件","358","塞尔维亚","34","海关特殊监管区域物流货物","0","千克","0","?","163",
"202412","85177990","品目85.17所列设备用其他零件","410","巴西","39","其他","5","千克","0","?","1,018",
"202412","85177990","品目85.17所列设备用其他零件","415","哥斯达黎加","10","一般贸易","1","千克","0","?","5,772",
"202412","85177990","品目85.17所列设备用其他零件","415","哥斯达黎加","15","进料加工贸易","0","千克","0","?","14,423",
"202412","85177990","品目85.17所列设备用其他零件","429","墨西哥","10","一般贸易","2470","千克","0","?","989,726",
"202412","85177990","品目85.17所列设备用其他零件","429","墨西哥","15","进料加工贸易","4679","千克","0","?","4,659,126",
"202412","85177990","品目85.17所列设备用其他零件","429","墨西哥","33","保税监管场所进出境货物","60","千克","0","?","84,566",
"202412","85177990","品目85.17所列设备用其他零件","429","墨西哥","34","海关特殊监管区域物流货物","5529","千克","0","?","490,363",
"202412","85177990","品目85.17所列设备用其他零件","429","墨西哥","39","其他","271","千克","0","?","49,980",
"202412","85177990","品目85.17所列设备用其他零件","432","巴拿马","33","保税监管场所进出境货物","17","千克","0","?","17,937",
"202412","85177990","品目85.17所列设备用其他零件","440","萨尔瓦多","39","其他","5","千克","0","?","1,386",
"202412","85177990","品目85.17所列设备用其他零件","501","加拿大","10","一般贸易","184","千克","0","?","212,796",
"202412","85177990","品目85.17所列设备用其他零件","501","加拿大","15","进料加工贸易","241","千克","0","?","373,135",
"202412","85177990","品目85.17所列设备用其他零件","501","加拿大","33","保税监管场所进出境货物","1","千克","0","?","5,017",
"202412","85177990","品目85.17所列设备用其他零件","501","加拿大","34","海关特殊监管区域物流货物","10","千克","0","?","72,500",
"202412","85177990","品目85.17所列设备用其他零件","501","加拿大","39","其他","1","千克","0","?","507",
"202412","85177990","品目85.17所列设备用其他零件","502","美国","10","一般贸易","4623","千克","0","?","1,711,031",
"202412","85177990","品目85.17所列设备用其他零件","502","美国","14","来料加工贸易","61","千克","0","?","66,950",
"202412","85177990","品目85.17所列设备用其他零件","502","美国","15","进料加工贸易","1553","千克","0","?","1,203,347",
"202412","85177990","品目85.17所列设备用其他零件","502","美国","33","保税监管场所进出境货物","135","千克","0","?","102,086",
"202412","85177990","品目85.17所列设备用其他零件","502","美国","34","海关特殊监管区域物流货物","65","千克","0","?","30,962",
"202412","85177990","品目85.17所列设备用其他零件","502","美国","35","海关特殊监管区域进口设备","4","千克","0","?","8,956",
"202412","85177990","品目85.17所列设备用其他零件","502","美国","39","其他","103","千克","0","?","33,039",
"202412","85177990","品目85.17所列设备用其他零件","601","澳大利亚","10","一般贸易","1749","千克","0","?","7,200,004",
"202412","85177990","品目85.17所列设备用其他零件","601","澳大利亚","15","进料加工贸易","19","千克","0","?","33,444",
"202412","85177990","品目85.17所列设备用其他零件","601","澳大利亚","33","保税监管场所进出境货物","144","千克","0","?","498,427",
"202412","85177990","品目85.17所列设备用其他零件","609","新西兰","10","一般贸易","7","千克","0","?","56,043",
"202412","85414900","其他光敏半导体器件","110","中国香港","10","一般贸易","26","个","0","千克","238",
"202412","85414900","其他光敏半导体器件","110","中国香港","14","来料加工贸易","800000","个","0","千克","88,000",
"202412","85414900","其他光敏半导体器件","112","印度尼西亚","10","一般贸易","6775434","个","2992","千克","479,534",
"202412","85414900","其他光敏半导体器件","112","印度尼西亚","14","来料加工贸易","219000","个","283","千克","19,697",
"202412","85414900","其他光敏半导体器件","115","以色列","10","一般贸易","119","个","2","千克","105,558",
"202412","85414900","其他光敏半导体器件","116","日本","10","一般贸易","13137129","个","8325","千克","9,294,185",
"202412","85414900","其他光敏半导体器件","116","日本","14","来料加工贸易","349703","个","50","千克","213,463",
"202412","85414900","其他光敏半导体器件","116","日本","15","进料加工贸易","14293989","个","1428","千克","4,095,605",
"202412","85414900","其他光敏半导体器件","116","日本","33","保税监管场所进出境货物","599616","个","320","千克","4,037,082",
"202412","85414900","其他光敏半导体器件","116","日本","34","海关特殊监管区域物流货物","11229474","个","4385","千克","5,363,915",
"202412","85414900","其他光敏半导体器件","116","日本","35","海关特殊监管区域进口设备","2","个","0","千克","821",
"202412","85414900","其他光敏半导体器件","116","日本","39","其他","19591","个","8","千克","14,063",
"202412","85414900","其他光敏半导体器件","122","马来西亚","10","一般贸易","9134565","个","4513","千克","3,251,573",
"202412","85414900","其他光敏半导体器件","122","马来西亚","14","来料加工贸易","55500","个","10","千克","7,312",
"202412","85414900","其他光敏半导体器件","122","马来西亚","15","进料加工贸易","3423864","个","1176","千克","9,049,898",
"202412","85414900","其他光敏半导体器件","122","马来西亚","33","保税监管场所进出境货物","238003","个","72","千克","47,685",
"202412","85414900","其他光敏半导体器件","122","马来西亚","34","海关特殊监管区域物流货物","3337714","个","500","千克","2,327,216",
"202412","85414900","其他光敏半导体器件","122","马来西亚","35","海关特殊监管区域进口设备","4","个","0","千克","2,164",
"202412","85414900","其他光敏半导体器件","122","马来西亚","39","其他","2002","个","2","千克","12,660",
"202412","85414900","其他光敏半导体器件","129","菲律宾","10","一般贸易","7756272","个","4420","千克","4,485,252",
"202412","85414900","其他光敏半导体器件","129","菲律宾","14","来料加工贸易","59000","个","11","千克","11,010",
"202412","85414900","其他光敏半导体器件","129","菲律宾","15","进料加工贸易","1309252","个","442","千克","1,063,803",
"202412","85414900","其他光敏半导体器件","129","菲律宾","33","保税监管场所进出境货物","53200","个","25","千克","15,103",
"202412","85414900","其他光敏半导体器件","129","菲律宾","34","海关特殊监管区域物流货物","1821921","个","415","千克","1,748,929",
"202412","85414900","其他光敏半导体器件","132","新加坡","10","一般贸易","5610","个","7","千克","185,267",
"202412","85414900","其他光敏半导体器件","132","新加坡","15","进料加工贸易","413948","个","2","千克","392,135",
"202412","85414900","其他光敏半导体器件","132","新加坡","33","保税监管场所进出境货物","2","个","0","千克","177",
"202412","85414900","其他光敏半导体器件","132","新加坡","34","海关特殊监管区域物流货物","8814","个","3","千克","43,400",
"202412","85414900","其他光敏半导体器件","132","新加坡","35","海关特殊监管区域进口设备","3","个","0","千克","2,273",
"202412","85414900","其他光敏半导体器件","132","新加坡","39","其他","1","个","0","千克","600",
"202412","85414900","其他光敏半导体器件","133","韩国","10","一般贸易","20670565","个","416","千克","489,197",
"202412","85414900","其他光敏半导体器件","133","韩国","14","来料加工贸易","462500","个","9","千克","82,036",
"202412","85414900","其他光敏半导体器件","133","韩国","15","进料加工贸易","92488861","个","1150","千克","1,367,056",
"202412","85414900","其他光敏半导体器件","133","韩国","33","保税监管场所进出境货物","9000","个","0","千克","2,910",
"202412","85414900","其他光敏半导体器件","133","韩国","34","海关特殊监管区域物流货物","955260","个","750","千克","141,209",
"202412","85414900","其他光敏半导体器件","133","韩国","39","其他","74845","个","33","千克","5,394",
"202412","85414900","其他光敏半导体器件","136","泰国","10","一般贸易","80091821","个","40436","千克","11,075,539",
"202412","85414900","其他光敏半导体器件","136","泰国","14","来料加工贸易","499250","个","128","千克","44,736",
"202412","85414900","其他光敏半导体器件","136","泰国","15","进料加工贸易","13531325","个","3249","千克","2,449,916",
"202412","85414900","其他光敏半导体器件","136","泰国","33","保税监管场所进出境货物","1779340","个","555","千克","90,934",
"202412","85414900","其他光敏半导体器件","136","泰国","34","海关特殊监管区域物流货物","29451623","个","7493","千克","6,437,164",
"202412","85414900","其他光敏半导体器件","136","泰国","39","其他","2714","个","1","千克","480",
"202412","85414900","其他光敏半导体器件","141","越南","33","保税监管场所进出境货物","41","个","0","千克","1,470",
"202412","85414900","其他光敏半导体器件","142","中国","10","一般贸易","697816863","个","243977","千克","22,133,496",
"202412","85414900","其他光敏半导体器件","142","中国","14","来料加工贸易","6793346","个","1128","千克","433,494",
"202412","85414900","其他光敏半导体器件","142","中国","15","进料加工贸易","65454055","个","13681","千克","3,072,028",
"202412","85414900","其他光敏半导体器件","142","中国","33","保税监管场所进出境货物","13810242","个","3509","千克","462,084",
"202412","85414900","其他光敏半导体器件","142","中国","34","海关特殊监管区域物流货物","98613489","个","35682","千克","4,139,876",
"202412","85414900","其他光敏半导体器件","142","中国","35","海关特殊监管区域进口设备","3","个","0","千克","675",
"202412","85414900","其他光敏半导体器件","142","中国","39","其他","182012","个","14","千克","7,590",
"202412","85414900","其他光敏半导体器件","143","中国台湾","10","一般贸易","75911250","个","11471","千克","21,366,358",
"202412","85414900","其他光敏半导体器件","143","中国台湾","14","来料加工贸易","186048","个","40","千克","80,019",
"202412","85414900","其他光敏半导体器件","143","中国台湾","15","进料加工贸易","17034678","个","5775","千克","3,075,137",
"202412","85414900","其他光敏半导体器件","143","中国台湾","33","保税监管场所进出境货物","416000","个","55","千克","40,964",
"202412","85414900","其他光敏半导体器件","143","中国台湾","34","海关特殊监管区域物流货物","3476128","个","224","千克","1,826,475",
"202412","85414900","其他光敏半导体器件","143","中国台湾","39","其他","2615","个","0","千克","2,622",
"202412","85414900","其他光敏半导体器件","217","埃塞俄比亚","10","一般贸易","201","个","0","千克","580",
"202412","85414900","其他光敏半导体器件","303","英国","10","一般贸易","9898196","个","55","千克","535,707",
"202412","85414900","其他光敏半导体器件","303","英国","15","进料加工贸易","1000","个","0","千克","139",
"202412","85414900","其他光敏半导体器件","303","英国","34","海关特殊监管区域物流货物","359","个","2","千克","3,611",
"202412","85414900","其他光敏半导体器件","304","德国","10","一般贸易","4734621","个","354","千克","1,611,148",
"202412","85414900","其他光敏半导体器件","304","德国","14","来料加工贸易","12000","个","2","千克","1,496",
"202412","85414900","其他光敏半导体器件","304","德国","15","进料加工贸易","528759","个","20","千克","410,427",
"202412","85414900","其他光敏半导体器件","304","德国","33","保税监管场所进出境货物","37517","个","7","千克","9,937",
"202412","85414900","其他光敏半导体器件","304","德国","34","海关特殊监管区域物流货物","824976","个","86","千克","121,164",
"202412","85414900","其他光敏半导体器件","304","德国","39","其他","40","个","0","千克","974",
"202412","85414900","其他光敏半导体器件","305","法国","10","一般贸易","9","个","1","千克","3,483",
"202412","85414900","其他光敏半导体器件","305","法国","15","进料加工贸易","40","个","0","千克","5,600",
"202412","85414900","其他光敏半导体器件","305","法国","34","海关特殊监管区域物流货物","2","个","0","千克","536",
"202412","85414900","其他光敏半导体器件","307","意大利","10","一般贸易","8544","个","639","千克","2,794,714",
"202412","85414900","其他光敏半导体器件","307","意大利","34","海关特殊监管区域物流货物","16","个","2","千克","878",
"202412","85414900","其他光敏半导体器件","307","意大利","39","其他","7","个","1","千克","118",
"202412","85414900","其他光敏半导体器件","309","荷兰","10","一般贸易","100","个","1","千克","30,250",
"202412","85414900","其他光敏半导体器件","312","西班牙","10","一般贸易","4","个","0","千克","60",
"202412","85414900","其他光敏半导体器件","315","奥地利","14","来料加工贸易","36000","个","1","千克","7,200",
"202412","85414900","其他光敏半导体器件","321","匈牙利","15","进料加工贸易","17600","个","91","千克","72,041",
"202412","85414900","其他光敏半导体器件","321","匈牙利","34","海关特殊监管区域物流货物","12","个","0","千克","181",
"202412","85414900","其他光敏半导体器件","324","马耳他","10","一般贸易","6000","个","1","千克","1,862",
"202412","85414900","其他光敏半导体器件","327","波兰","10","一般贸易","53","个","0","千克","37,088",
"202412","85414900","其他光敏半导体器件","330","瑞典","10","一般贸易","5","个","2","千克","12,487",
"202412","85414900","其他光敏半导体器件","330","瑞典","15","进料加工贸易","248","个","0","千克","19,941",
"202412","85414900","其他光敏半导体器件","331","瑞士","10","一般贸易","2250572","个","11","千克","1,663,583",
"202412","85414900","其他光敏半导体器件","331","瑞士","15","进料加工贸易","616000","个","3","千克","581,642",
"202412","85414900","其他光敏半导体器件","331","瑞士","39","其他","748","个","0","千克","3,770",
"202412","85414900","其他光敏半导体器件","336","立陶宛","10","一般贸易","1","个","0","千克","122",
"202412","85414900","其他光敏半导体器件","336","立陶宛","15","进料加工贸易","501","个","5","千克","108,216",
"202412","85414900","其他光敏半导体器件","344","俄罗斯","10","一般贸易","676","个","0","千克","11,994",
"202412","85414900","其他光敏半导体器件","351","克罗地亚","39","其他","50","个","0","千克","26",
"202412","85414900","其他光敏半导体器件","352","捷克","10","一般贸易","913","个","27","千克","15,685",
"202412","85414900","其他光敏半导体器件","353","斯洛伐克","10","一般贸易","1","个","0","千克","65",
"202412","85414900","其他光敏半导体器件","353","斯洛伐克","33","保税监管场所进出境货物","1","个","0","千克","14",
"202412","85414900","其他光敏半导体器件","418","多米尼加
","34","海关特殊监管区域物流货物","223","个","46","千克","5,186",
"202412","85414900","其他光敏半导体器件","429","墨西哥","10","一般贸易","132706","个","549","千克","410,237",
"202412","85414900","其他光敏半导体器件","429","墨西哥","14","来料加工贸易","1560","个","0","千克","1,449",
"202412","85414900","其他光敏半导体器件","429","墨西哥","15","进料加工贸易","55151","个","255","千克","159,964",
"202412","85414900","其他光敏半导体器件","429","墨西哥","33","保税监管场所进出境货物","1002","个","0","千克","3,010",
"202412","85414900","其他光敏半导体器件","429","墨西哥","34","海关特殊监管区域物流货物","1301","个","66","千克","13,156",
"202412","85414900","其他光敏半导体器件","501","加拿大","10","一般贸易","1980","个","2","千克","51,018",
"202412","85414900","其他光敏半导体器件","501","加拿大","33","保税监管场所进出境货物","11","个","2","千克","4,403",
"202412","85414900","其他光敏半导体器件","501","加拿大","34","海关特殊监管区域物流货物","1","个","1","千克","927",
"202412","85414900","其他光敏半导体器件","502","美国","10","一般贸易","189938","个","79","千克","1,079,012",
"202412","85414900","其他光敏半导体器件","502","美国","14","来料加工贸易","6147894","个","32","千克","255,317",
"202412","85414900","其他光敏半导体器件","502","美国","15","进料加工贸易","767886","个","18","千克","1,559,406",
"202412","85414900","其他光敏半导体器件","502","美国","33","保税监管场所进出境货物","29","个","4","千克","7,372",
"202412","85414900","其他光敏半导体器件","502","美国","34","海关特殊监管区域物流货物","80505","个","26","千克","12,708",
"202412","85414900","其他光敏半导体器件","502","美国","35","海关特殊监管区域进口设备","6","个","0","千克","7,046",
"202412","85414900","其他光敏半导体器件","502","美国","39","其他","61","个","0","千克","791",
