"数据年月","商品编码","商品名称","贸易伙伴编码","贸易伙伴名称","贸易方式编码","贸易方式名称","注册地编码","注册地名称","第一数量","第一计量单位","第二数量","第二计量单位","美元",
"202501","85177950","光通信设备的激光收发模块","101","阿富汗","10","一般贸易","44","广东省","99","千克","0","?","19,905",
"202501","85177950","光通信设备的激光收发模块","102","巴林","10","一般贸易","31","上海市","0","千克","0","?","74",
"202501","85177950","光通信设备的激光收发模块","102","巴林","10","一般贸易","44","广东省","8","千克","0","?","9,209",
"202501","85177950","光通信设备的激光收发模块","103","孟加拉国","10","一般贸易","11","北京市","35","千克","0","?","5,440",
"202501","85177950","光通信设备的激光收发模块","103","孟加拉国","10","一般贸易","31","上海市","63","千克","0","?","27,469",
"202501","85177950","光通信设备的激光收发模块","103","孟加拉国","10","一般贸易","44","广东省","93","千克","0","?","169,488",
"202501","85177950","光通信设备的激光收发模块","103","孟加拉国","10","一般贸易","51","四川省","22","千克","0","?","3,794",
"202501","85177950","光通信设备的激光收发模块","103","孟加拉国","34","海关特殊监管区域物流货物","32","江苏省","0","千克","0","?","174",
"202501","85177950","光通信设备的激光收发模块","104","不丹","10","一般贸易","44","广东省","3","千克","0","?","625",
"202501","85177950","光通信设备的激光收发模块","105","文莱","10","一般贸易","33","浙江省","6","千克","0","?","3,367",
"202501","85177950","光通信设备的激光收发模块","105","文莱","10","一般贸易","44","广东省","0","千克","0","?","422",
"202501","85177950","光通信设备的激光收发模块","106","缅甸","10","一般贸易","33","浙江省","13","千克","0","?","623",
"202501","85177950","光通信设备的激光收发模块","106","缅甸","10","一般贸易","35","福建省","0","千克","0","?","339",
"202501","85177950","光通信设备的激光收发模块","106","缅甸","10","一般贸易","44","广东省","67","千克","0","?","776",
"202501","85177950","光通信设备的激光收发模块","107","柬埔寨","10","一般贸易","33","浙江省","28","千克","0","?","29,706",
"202501","85177950","光通信设备的激光收发模块","107","柬埔寨","10","一般贸易","35","福建省","10","千克","0","?","7,146",
"202501","85177950","光通信设备的激光收发模块","107","柬埔寨","10","一般贸易","37","山东省","1","千克","0","?","3,315",
"202501","85177950","光通信设备的激光收发模块","107","柬埔寨","10","一般贸易","44","广东省","75","千克","0","?","29,566",
"202501","85177950","光通信设备的激光收发模块","107","柬埔寨","33","保税监管场所进出境货物","44","广东省","0","千克","0","?","379",
"202501","85177950","光通信设备的激光收发模块","108","塞浦路斯","10","一般贸易","44","广东省","6","千克","0","?","743",
"202501","85177950","光通信设备的激光收发模块","110","中国香港","10","一般贸易","11","北京市","19","千克","0","?","22,411",
"202501","85177950","光通信设备的激光收发模块","110","中国香港","10","一般贸易","31","上海市","88","千克","0","?","320,619",
"202501","85177950","光通信设备的激光收发模块","110","中国香港","10","一般贸易","32","江苏省","1860","千克","0","?","6,408,608",
"202501","85177950","光通信设备的激光收发模块","110","中国香港","10","一般贸易","33","浙江省","1467","千克","0","?","1,976,711",
"202501","85177950","光通信设备的激光收发模块","110","中国香港","10","一般贸易","34","安徽省","143","千克","0","?","34,061",
"202501","85177950","光通信设备的激光收发模块","110","中国香港","10","一般贸易","35","福建省","12","千克","0","?","14,480",
"202501","85177950","光通信设备的激光收发模块","110","中国香港","10","一般贸易","37","山东省","101","千克","0","?","39,710",
"202501","85177950","光通信设备的激光收发模块","110","中国香港","10","一般贸易","41","河南省","8","千克","0","?","17,482",
"202501","85177950","光通信设备的激光收发模块","110","中国香港","10","一般贸易","42","湖北省","375","千克","0","?","937,191",
"202501","85177950","光通信设备的激光收发模块","110","中国香港","10","一般贸易","44","广东省","2948","千克","0","?","2,016,585",
"202501","85177950","光通信设备的激光收发模块","110","中国香港","10","一般贸易","51","四川省","270","千克","0","?","935,017",
"202501","85177950","光通信设备的激光收发模块","110","中国香港","10","一般贸易","52","贵州省","6","千克","0","?","1,605",
"202501","85177950","光通信设备的激光收发模块","110","中国香港","10","一般贸易","61","陕西省","64","千克","0","?","154,000",
"202501","85177950","光通信设备的激光收发模块","110","中国香港","15","进料加工贸易","32","江苏省","939","千克","0","?","2,344,339",
"202501","85177950","光通信设备的激光收发模块","110","中国香港","15","进料加工贸易","35","福建省","7","千克","0","?","17,032",
"202501","85177950","光通信设备的激光收发模块","110","中国香港","15","进料加工贸易","44","广东省","10","千克","0","?","57,662",
"202501","85177950","光通信设备的激光收发模块","110","中国香港","15","进料加工贸易","51","四川省","65","千克","0","?","71,357",
"202501","85177950","光通信设备的激光收发模块","110","中国香港","33","保税监管场所进出境货物","11","北京市","0","千克","0","?","4,775",
"202501","85177950","光通信设备的激光收发模块","110","中国香港","33","保税监管场所进出境货物","44","广东省","15","千克","0","?","17,785",
"202501","85177950","光通信设备的激光收发模块","110","中国香港","34","海关特殊监管区域物流货物","32","江苏省","38","千克","0","?","11,475",
"202501","85177950","光通信设备的激光收发模块","110","中国香港","34","海关特殊监管区域物流货物","44","广东省","1969","千克","0","?","1,422,124",
"202501","85177950","光通信设备的激光收发模块","111","印度","10","一般贸易","21","辽宁省","1","千克","0","?","268",
"202501","85177950","光通信设备的激光收发模块","111","印度","10","一般贸易","31","上海市","8","千克","0","?","4,268",
"202501","85177950","光通信设备的激光收发模块","111","印度","10","一般贸易","32","江苏省","1445","千克","0","?","75,491",
"202501","85177950","光通信设备的激光收发模块","111","印度","10","一般贸易","33","浙江省","3","千克","0","?","2,010",
"202501","85177950","光通信设备的激光收发模块","111","印度","10","一般贸易","34","安徽省","2","千克","0","?","6,080",
"202501","85177950","光通信设备的激光收发模块","111","印度","10","一般贸易","35","福建省","1","千克","0","?","513",
"202501","85177950","光通信设备的激光收发模块","111","印度","10","一般贸易","36","江西省","1","千克","0","?","2,627",
"202501","85177950","光通信设备的激光收发模块","111","印度","10","一般贸易","37","山东省","739","千克","0","?","12,673",
"202501","85177950","光通信设备的激光收发模块","111","印度","10","一般贸易","42","湖北省","1091","千克","0","?","289,492",
"202501","85177950","光通信设备的激光收发模块","111","印度","10","一般贸易","43","湖南省","2","千克","0","?","692",
"202501","85177950","光通信设备的激光收发模块","111","印度","10","一般贸易","44","广东省","2714","千克","0","?","1,159,678",
"202501","85177950","光通信设备的激光收发模块","111","印度","10","一般贸易","51","四川省","813","千克","0","?","360,862",
"202501","85177950","光通信设备的激光收发模块","111","印度","15","进料加工贸易","32","江苏省","2","千克","0","?","39,406",
"202501","85177950","光通信设备的激光收发模块","111","印度","15","进料加工贸易","44","广东省","5","千克","0","?","6,467",
"202501","85177950","光通信设备的激光收发模块","111","印度","15","进料加工贸易","51","四川省","26","千克","0","?","224,423",
"202501","85177950","光通信设备的激光收发模块","111","印度","34","海关特殊监管区域物流货物","32","江苏省","2364","千克","0","?","555,609",
"202501","85177950","光通信设备的激光收发模块","112","印度尼西亚","10","一般贸易","31","上海市","18","千克","0","?","46,603",
"202501","85177950","光通信设备的激光收发模块","112","印度尼西亚","10","一般贸易","32","江苏省","270","千克","0","?","52,925",
"202501","85177950","光通信设备的激光收发模块","112","印度尼西亚","10","一般贸易","33","浙江省","38","千克","0","?","14,652",
"202501","85177950","光通信设备的激光收发模块","112","印度尼西亚","10","一般贸易","35","福建省","17","千克","0","?","40,332",
"202501","85177950","光通信设备的激光收发模块","112","印度尼西亚","10","一般贸易","37","山东省","146","千克","0","?","3,604",
"202501","85177950","光通信设备的激光收发模块","112","印度尼西亚","10","一般贸易","41","河南省","0","千克","0","?","128",
"202501","85177950","光通信设备的激光收发模块","112","印度尼西亚","10","一般贸易","42","湖北省","446","千克","0","?","761,973",
"202501","85177950","光通信设备的激光收发模块","112","印度尼西亚","10","一般贸易","44","广东省","2294","千克","0","?","1,295,568",
"202501","85177950","光通信设备的激光收发模块","112","印度尼西亚","10","一般贸易","45","广西壮族自治区","197","千克","0","?","5,595",
"202501","85177950","光通信设备的激光收发模块","112","印度尼西亚","10","一般贸易","46","海南省","1","千克","0","?","2,006",
"202501","85177950","光通信设备的激光收发模块","112","印度尼西亚","10","一般贸易","52","贵州省","22","千克","0","?","6,665",
"202501","85177950","光通信设备的激光收发模块","112","印度尼西亚","15","进料加工贸易","35","福建省","0","千克","0","?","400",
"202501","85177950","光通信设备的激光收发模块","112","印度尼西亚","34","海关特殊监管区域物流货物","32","江苏省","267","千克","0","?","64,288",
"202501","85177950","光通信设备的激光收发模块","112","印度尼西亚","39","其他","32","江苏省","2","千克","0","?","8,043",
"202501","85177950","光通信设备的激光收发模块","113","伊朗","10","一般贸易","13","河北省","1","千克","0","?","3,000",
"202501","85177950","光通信设备的激光收发模块","113","伊朗","10","一般贸易","32","江苏省","752","千克","0","?","13,309",
"202501","85177950","光通信设备的激光收发模块","113","伊朗","10","一般贸易","51","四川省","205","千克","0","?","4,941",
"202501","85177950","光通信设备的激光收发模块","114","伊拉克","10","一般贸易","32","江苏省","447","千克","0","?","21,551",
"202501","85177950","光通信设备的激光收发模块","114","伊拉克","10","一般贸易","35","福建省","2","千克","0","?","5,500",
"202501","85177950","光通信设备的激光收发模块","114","伊拉克","10","一般贸易","37","山东省","286","千克","0","?","5,377",
"202501","85177950","光通信设备的激光收发模块","114","伊拉克","10","一般贸易","44","广东省","64","千克","0","?","10,173",
"202501","85177950","光通信设备的激光收发模块","114","伊拉克","10","一般贸易","45","广西壮族自治区","515","千克","0","?","11,918",
"202501","85177950","光通信设备的激光收发模块","114","伊拉克","22","对外承包工程出口货物","11","北京市","3","千克","0","?","1,408",
"202501","85177950","光通信设备的激光收发模块","114","伊拉克","34","海关特殊监管区域物流货物","32","江苏省","188","千克","0","?","29,857",
"202501","85177950","光通信设备的激光收发模块","115","以色列","10","一般贸易","31","上海市","0","千克","0","?","20",
"202501","85177950","光通信设备的激光收发模块","115","以色列","10","一般贸易","32","江苏省","1","千克","0","?","4,460",
"202501","85177950","光通信设备的激光收发模块","115","以色列","10","一般贸易","33","浙江省","13","千克","0","?","24,483",
"202501","85177950","光通信设备的激光收发模块","115","以色列","10","一般贸易","42","湖北省","67","千克","0","?","79,932",
"202501","85177950","光通信设备的激光收发模块","115","以色列","10","一般贸易","44","广东省","296","千克","0","?","267,704",
"202501","85177950","光通信设备的激光收发模块","115","以色列","10","一般贸易","51","四川省","114","千克","0","?","177,932",
"202501","85177950","光通信设备的激光收发模块","115","以色列","15","进料加工贸易","32","江苏省","3","千克","0","?","6,053",
"202501","85177950","光通信设备的激光收发模块","115","以色列","15","进料加工贸易","44","广东省","2","千克","0","?","19,671",
"202501","85177950","光通信设备的激光收发模块","115","以色列","15","进料加工贸易","51","四川省","0","千克","0","?","300",
"202501","85177950","光通信设备的激光收发模块","115","以色列","34","海关特殊监管区域物流货物","32","江苏省","296","千克","0","?","103,730",
"202501","85177950","光通信设备的激光收发模块","115","以色列","34","海关特殊监管区域物流货物","44","广东省","30","千克","0","?","24,944",
"202501","85177950","光通信设备的激光收发模块","116","日本","10","一般贸易","11","北京市","1","千克","0","?","53,040",
"202501","85177950","光通信设备的激光收发模块","116","日本","10","一般贸易","31","上海市","63","千克","0","?","124,645",
"202501","85177950","光通信设备的激光收发模块","116","日本","10","一般贸易","32","江苏省","384","千克","0","?","492,889",
"202501","85177950","光通信设备的激光收发模块","116","日本","10","一般贸易","33","浙江省","59","千克","0","?","135,504",
"202501","85177950","光通信设备的激光收发模块","116","日本","10","一般贸易","34","安徽省","3","千克","0","?","13,068",
"202501","85177950","光通信设备的激光收发模块","116","日本","10","一般贸易","35","福建省","3","千克","0","?","7,885",
"202501","85177950","光通信设备的激光收发模块","116","日本","10","一般贸易","37","山东省","9","千克","0","?","10,578",
"202501","85177950","光通信设备的激光收发模块","116","日本","10","一般贸易","42","湖北省","289","千克","0","?","275,278",
"202501","85177950","光通信设备的激光收发模块","116","日本","10","一般贸易","44","广东省","840","千克","0","?","463,758",
"202501","85177950","光通信设备的激光收发模块","116","日本","10","一般贸易","45","广西壮族自治区","0","千克","0","?","6",
"202501","85177950","光通信设备的激光收发模块","116","日本","10","一般贸易","50","重庆市","1","千克","0","?","1,224",
"202501","85177950","光通信设备的激光收发模块","116","日本","10","一般贸易","51","四川省","729","千克","0","?","387,340",
"202501","85177950","光通信设备的激光收发模块","116","日本","15","进料加工贸易","32","江苏省","417","千克","0","?","315,454",
"202501","85177950","光通信设备的激光收发模块","116","日本","15","进料加工贸易","35","福建省","24","千克","0","?","56,716",
"202501","85177950","光通信设备的激光收发模块","116","日本","15","进料加工贸易","44","广东省","8","千克","0","?","26,303",
"202501","85177950","光通信设备的激光收发模块","116","日本","15","进料加工贸易","51","四川省","72","千克","0","?","141,880",
"202501","85177950","光通信设备的激光收发模块","116","日本","34","海关特殊监管区域物流货物","31","上海市","2","千克","0","?","6,864",
"202501","85177950","光通信设备的激光收发模块","116","日本","34","海关特殊监管区域物流货物","32","江苏省","454","千克","0","?","691,071",
"202501","85177950","光通信设备的激光收发模块","116","日本","39","其他","33","浙江省","1","千克","0","?","77",
"202501","85177950","光通信设备的激光收发模块","116","日本","39","其他","44","广东省","3","千克","0","?","411",
"202501","85177950","光通信设备的激光收发模块","117","约旦","10","一般贸易","33","浙江省","0","千克","0","?","34",
"202501","85177950","光通信设备的激光收发模块","117","约旦","10","一般贸易","44","广东省","9","千克","0","?","14,923",
"202501","85177950","光通信设备的激光收发模块","118","科威特","10","一般贸易","32","江苏省","309","千克","0","?","6,427",
"202501","85177950","光通信设备的激光收发模块","118","科威特","10","一般贸易","33","浙江省","2","千克","0","?","1,129",
"202501","85177950","光通信设备的激光收发模块","118","科威特","10","一般贸易","44","广东省","7","千克","0","?","13,782",
"202501","85177950","光通信设备的激光收发模块","118","科威特","15","进料加工贸易","44","广东省","0","千克","0","?","14,666",
"202501","85177950","光通信设备的激光收发模块","119","老挝","10","一般贸易","42","湖北省","25","千克","0","?","2,250",
"202501","85177950","光通信设备的激光收发模块","119","老挝","10","一般贸易","44","广东省","4","千克","0","?","10,306",
"202501","85177950","光通信设备的激光收发模块","120","黎巴嫩","10","一般贸易","35","福建省","2","千克","0","?","2,744",
"202501","85177950","光通信设备的激光收发模块","120","黎巴嫩","10","一般贸易","37","山东省","269","千克","0","?","6,214",
"202501","85177950","光通信设备的激光收发模块","120","黎巴嫩","10","一般贸易","44","广东省","13","千克","0","?","5,904",
"202501","85177950","光通信设备的激光收发模块","120","黎巴嫩","10","一般贸易","45","广西壮族自治区","603","千克","0","?","12,145",
"202501","85177950","光通信设备的激光收发模块","121","中国澳门","10","一般贸易","33","浙江省","2","千克","0","?","3,150",
"202501","85177950","光通信设备的激光收发模块","121","中国澳门","10","一般贸易","44","广东省","3","千克","0","?","4,292",
"202501","85177950","光通信设备的激光收发模块","121","中国澳门","10","一般贸易","51","四川省","0","千克","0","?","690",
"202501","85177950","光通信设备的激光收发模块","122","马来西亚","10","一般贸易","31","上海市","1841","千克","0","?","917,392",
"202501","85177950","光通信设备的激光收发模块","122","马来西亚","10","一般贸易","32","江苏省","2201","千克","0","?","2,166,021",
"202501","85177950","光通信设备的激光收发模块","122","马来西亚","10","一般贸易","33","浙江省","219","千克","0","?","122,449",
"202501","85177950","光通信设备的激光收发模块","122","马来西亚","10","一般贸易","34","安徽省","8","千克","0","?","25,342",
"202501","85177950","光通信设备的激光收发模块","122","马来西亚","10","一般贸易","35","福建省","30","千克","0","?","32,690",
"202501","85177950","光通信设备的激光收发模块","122","马来西亚","10","一般贸易","36","江西省","6","千克","0","?","277",
"202501","85177950","光通信设备的激光收发模块","122","马来西亚","10","一般贸易","37","山东省","349","千克","0","?","55,709",
"202501","85177950","光通信设备的激光收发模块","122","马来西亚","10","一般贸易","41","河南省","0","千克","0","?","3",
"202501","85177950","光通信设备的激光收发模块","122","马来西亚","10","一般贸易","42","湖北省","5463","千克","0","?","3,405,114",
"202501","85177950","光通信设备的激光收发模块","122","马来西亚","10","一般贸易","43","湖南省","106","千克","0","?","74,130",
"202501","85177950","光通信设备的激光收发模块","122","马来西亚","10","一般贸易","44","广东省","1310","千克","0","?","1,183,133",
"202501","85177950","光通信设备的激光收发模块","122","马来西亚","10","一般贸易","45","广西壮族自治区","0","千克","0","?","6",
"202501","85177950","光通信设备的激光收发模块","122","马来西亚","10","一般贸易","51","四川省","10","千克","0","?","60,081",
"202501","85177950","光通信设备的激光收发模块","122","马来西亚","10","一般贸易","52","贵州省","0","千克","0","?","6",
"202501","85177950","光通信设备的激光收发模块","122","马来西亚","15","进料加工贸易","32","江苏省","25576","千克","0","?","63,994,478",
"202501","85177950","光通信设备的激光收发模块","122","马来西亚","15","进料加工贸易","35","福建省","0","千克","0","?","49",
"202501","85177950","光通信设备的激光收发模块","122","马来西亚","15","进料加工贸易","44","广东省","856","千克","0","?","1,090,653",
"202501","85177950","光通信设备的激光收发模块","122","马来西亚","33","保税监管场所进出境货物","44","广东省","5","千克","0","?","1,607",
"202501","85177950","光通信设备的激光收发模块","122","马来西亚","34","海关特殊监管区域物流货物","32","江苏省","25","千克","0","?","17,990",
"202501","85177950","光通信设备的激光收发模块","122","马来西亚","34","海关特殊监管区域物流货物","35","福建省","4","千克","0","?","5,853",
"202501","85177950","光通信设备的激光收发模块","122","马来西亚","39","其他","42","湖北省","2","千克","0","?","640",
"202501","85177950","光通信设备的激光收发模块","123","马尔代夫","10","一般贸易","44","广东省","2","千克","0","?","645",
"202501","85177950","光通信设备的激光收发模块","123","马尔代夫","10","一般贸易","51","四川省","1","千克","0","?","368",
"202501","85177950","光通信设备的激光收发模块","124","蒙古","10","一般贸易","33","浙江省","1","千克","0","?","1,082",
"202501","85177950","光通信设备的激光收发模块","124","蒙古","10","一般贸易","44","广东省","15","千克","0","?","4,667",
"202501","85177950","光通信设备的激光收发模块","125","尼泊尔","10","一般贸易","31","上海市","0","千克","0","?","420",
"202501","85177950","光通信设备的激光收发模块","125","尼泊尔","10","一般贸易","44","广东省","16","千克","0","?","12,926",
"202501","85177950","光通信设备的激光收发模块","125","尼泊尔","10","一般贸易","51","四川省","8","千克","0","?","23",
"202501","85177950","光通信设备的激光收发模块","126","阿曼","10","一般贸易","33","浙江省","40","千克","0","?","2,871",
"202501","85177950","光通信设备的激光收发模块","126","阿曼","10","一般贸易","42","湖北省","2","千克","0","?","6,280",
"202501","85177950","光通信设备的激光收发模块","126","阿曼","10","一般贸易","44","广东省","13","千克","0","?","2,953",
"202501","85177950","光通信设备的激光收发模块","127","巴基斯坦","10","一般贸易","31","上海市","20","千克","0","?","100",
"202501","85177950","光通信设备的激光收发模块","127","巴基斯坦","10","一般贸易","33","浙江省","39","千克","0","?","11,464",
"202501","85177950","光通信设备的激光收发模块","127","巴基斯坦","10","一般贸易","34","安徽省","3","千克","0","?","489",
"202501","85177950","光通信设备的激光收发模块","127","巴基斯坦","10","一般贸易","44","广东省","50","千克","0","?","27,336",
"202501","85177950","光通信设备的激光收发模块","127","巴基斯坦","10","一般贸易","51","四川省","13","千克","0","?","42",
"202501","85177950","光通信设备的激光收发模块","129","菲律宾","10","一般贸易","33","浙江省","19","千克","0","?","14,155",
"202501","85177950","光通信设备的激光收发模块","129","菲律宾","10","一般贸易","35","福建省","11","千克","0","?","8,022",
"202501","85177950","光通信设备的激光收发模块","129","菲律宾","10","一般贸易","42","湖北省","247","千克","0","?","100,837",
"202501","85177950","光通信设备的激光收发模块","129","菲律宾","10","一般贸易","44","广东省","1744","千克","0","?","3,959,937",
"202501","85177950","光通信设备的激光收发模块","129","菲律宾","15","进料加工贸易","44","广东省","0","千克","0","?","104",
"202501","85177950","光通信设备的激光收发模块","129","菲律宾","34","海关特殊监管区域物流货物","32","江苏省","101","千克","0","?","24,465",
"202501","85177950","光通信设备的激光收发模块","130","卡塔尔","10","一般贸易","31","上海市","4","千克","0","?","1,112",
"202501","85177950","光通信设备的激光收发模块","130","卡塔尔","10","一般贸易","33","浙江省","9","千克","0","?","6,205",
"202501","85177950","光通信设备的激光收发模块","130","卡塔尔","10","一般贸易","44","广东省","0","千克","0","?","996",
"202501","85177950","光通信设备的激光收发模块","130","卡塔尔","34","海关特殊监管区域物流货物","35","福建省","3","千克","0","?","2,618",
"202501","85177950","光通信设备的激光收发模块","131","沙特阿拉伯","10","一般贸易","33","浙江省","14","千克","0","?","12,926",
"202501","85177950","光通信设备的激光收发模块","131","沙特阿拉伯","10","一般贸易","35","福建省","31","千克","0","?","4,818",
"202501","85177950","光通信设备的激光收发模块","131","沙特阿拉伯","10","一般贸易","44","广东省","31","千克","0","?","61,735",
"202501","85177950","光通信设备的激光收发模块","131","沙特阿拉伯","10","一般贸易","52","贵州省","70","千克","0","?","19,262",
"202501","85177950","光通信设备的激光收发模块","131","沙特阿拉伯","10","一般贸易","65","新疆维吾尔自治区","10","千克","0","?","71",
"202501","85177950","光通信设备的激光收发模块","131","沙特阿拉伯","34","海关特殊监管区域物流货物","32","江苏省","134","千克","0","?","23,347",
"202501","85177950","光通信设备的激光收发模块","131","沙特阿拉伯","39","其他","33","浙江省","151","千克","0","?","1,136",
"202501","85177950","光通信设备的激光收发模块","132","新加坡","10","一般贸易","11","北京市","11","千克","0","?","12,715",
"202501","85177950","光通信设备的激光收发模块","132","新加坡","10","一般贸易","31","上海市","17","千克","0","?","24,507",
"202501","85177950","光通信设备的激光收发模块","132","新加坡","10","一般贸易","32","江苏省","197","千克","0","?","294,644",
"202501","85177950","光通信设备的激光收发模块","132","新加坡","10","一般贸易","33","浙江省","334","千克","0","?","672,137",
"202501","85177950","光通信设备的激光收发模块","132","新加坡","10","一般贸易","34","安徽省","5","千克","0","?","516",
"202501","85177950","光通信设备的激光收发模块","132","新加坡","10","一般贸易","35","福建省","19","千克","0","?","2,026",
"202501","85177950","光通信设备的激光收发模块","132","新加坡","10","一般贸易","36","江西省","157","千克","0","?","12,873",
"202501","85177950","光通信设备的激光收发模块","132","新加坡","10","一般贸易","37","山东省","8","千克","0","?","6,963",
"202501","85177950","光通信设备的激光收发模块","132","新加坡","10","一般贸易","41","河南省","1","千克","0","?","4,364",
"202501","85177950","光通信设备的激光收发模块","132","新加坡","10","一般贸易","42","湖北省","2046","千克","0","?","3,008,059",
"202501","85177950","光通信设备的激光收发模块","132","新加坡","10","一般贸易","44","广东省","916","千克","0","?","1,405,005",
"202501","85177950","光通信设备的激光收发模块","132","新加坡","10","一般贸易","45","广西壮族自治区","26","千克","0","?","2,497",
"202501","85177950","光通信设备的激光收发模块","132","新加坡","10","一般贸易","51","四川省","202","千克","0","?","663,899",
"202501","85177950","光通信设备的激光收发模块","132","新加坡","10","一般贸易","52","贵州省","38","千克","0","?","31,716",
"202501","85177950","光通信设备的激光收发模块","132","新加坡","15","进料加工贸易","32","江苏省","1033","千克","0","?","691,934",
"202501","85177950","光通信设备的激光收发模块","132","新加坡","15","进料加工贸易","33","浙江省","220","千克","0","?","190,884",
"202501","85177950","光通信设备的激光收发模块","132","新加坡","15","进料加工贸易","35","福建省","2","千克","0","?","3,664",
"202501","85177950","光通信设备的激光收发模块","132","新加坡","15","进料加工贸易","44","广东省","1019","千克","0","?","2,632,540",
"202501","85177950","光通信设备的激光收发模块","132","新加坡","34","海关特殊监管区域物流货物","32","江苏省","28","千克","0","?","13,884",
"202501","85177950","光通信设备的激光收发模块","132","新加坡","34","海关特殊监管区域物流货物","42","湖北省","1","千克","0","?","36,371",
"202501","85177950","光通信设备的激光收发模块","132","新加坡","34","海关特殊监管区域物流货物","45","广西壮族自治区","2","千克","0","?","685",
"202501","85177950","光通信设备的激光收发模块","132","新加坡","39","其他","33","浙江省","96","千克","0","?","936",
"202501","85177950","光通信设备的激光收发模块","133","韩国","10","一般贸易","13","河北省","354","千克","0","?","103,405",
"202501","85177950","光通信设备的激光收发模块","133","韩国","10","一般贸易","21","辽宁省","22","千克","0","?","9,867",
"202501","85177950","光通信设备的激光收发模块","133","韩国","10","一般贸易","31","上海市","8","千克","0","?","2,257",
"202501","85177950","光通信设备的激光收发模块","133","韩国","10","一般贸易","32","江苏省","155","千克","0","?","103,210",
"202501","85177950","光通信设备的激光收发模块","133","韩国","10","一般贸易","33","浙江省","10","千克","0","?","13,482",
"202501","85177950","光通信设备的激光收发模块","133","韩国","10","一般贸易","34","安徽省","106","千克","0","?","23,982",
"202501","85177950","光通信设备的激光收发模块","133","韩国","10","一般贸易","37","山东省","170","千克","0","?","194,245",
"202501","85177950","光通信设备的激光收发模块","133","韩国","10","一般贸易","41","河南省","1","千克","0","?","380",
"202501","85177950","光通信设备的激光收发模块","133","韩国","10","一般贸易","42","湖北省","712","千克","0","?","391,198",
"202501","85177950","光通信设备的激光收发模块","133","韩国","10","一般贸易","44","广东省","2820","千克","0","?","1,926,497",
"202501","85177950","光通信设备的激光收发模块","133","韩国","10","一般贸易","51","四川省","1117","千克","0","?","492,363",
"202501","85177950","光通信设备的激光收发模块","133","韩国","15","进料加工贸易","32","江苏省","6","千克","0","?","29,056",
"202501","85177950","光通信设备的激光收发模块","133","韩国","15","进料加工贸易","35","福建省","9","千克","0","?","44,272",
"202501","85177950","光通信设备的激光收发模块","133","韩国","15","进料加工贸易","44","广东省","0","千克","0","?","17,732",
"202501","85177950","光通信设备的激光收发模块","133","韩国","15","进料加工贸易","51","四川省","0","千克","0","?","1,518",
"202501","85177950","光通信设备的激光收发模块","133","韩国","34","海关特殊监管区域物流货物","31","上海市","0","千克","0","?","1,848",
"202501","85177950","光通信设备的激光收发模块","133","韩国","34","海关特殊监管区域物流货物","32","江苏省","23","千克","0","?","23,682",
"202501","85177950","光通信设备的激光收发模块","133","韩国","34","海关特殊监管区域物流货物","44","广东省","0","千克","0","?","58",
"202501","85177950","光通信设备的激光收发模块","134","斯里兰卡","10","一般贸易","33","浙江省","1","千克","0","?","451",
"202501","85177950","光通信设备的激光收发模块","134","斯里兰卡","10","一般贸易","44","广东省","185","千克","0","?","43,790",
"202501","85177950","光通信设备的激光收发模块","134","斯里兰卡","34","海关特殊监管区域物流货物","32","江苏省","10","千克","0","?","2,423",
"202501","85177950","光通信设备的激光收发模块","136","泰国","10","一般贸易","11","北京市","2","千克","0","?","1,226",
"202501","85177950","光通信设备的激光收发模块","136","泰国","10","一般贸易","31","上海市","243","千克","0","?","588,745",
"202501","85177950","光通信设备的激光收发模块","136","泰国","10","一般贸易","32","江苏省","1918","千克","0","?","3,485,529",
"202501","85177950","光通信设备的激光收发模块","136","泰国","10","一般贸易","33","浙江省","86","千克","0","?","84,816",
"202501","85177950","光通信设备的激光收发模块","136","泰国","10","一般贸易","34","安徽省","1757","千克","0","?","2,428,398",
"202501","85177950","光通信设备的激光收发模块","136","泰国","10","一般贸易","35","福建省","23","千克","0","?","7,315",
"202501","85177950","光通信设备的激光收发模块","136","泰国","10","一般贸易","36","江西省","140","千克","0","?","187,968",
"202501","85177950","光通信设备的激光收发模块","136","泰国","10","一般贸易","37","山东省","478","千克","0","?","16,407",
"202501","85177950","光通信设备的激光收发模块","136","泰国","10","一般贸易","42","湖北省","3319","千克","0","?","5,717,419",
"202501","85177950","光通信设备的激光收发模块","136","泰国","10","一般贸易","44","广东省","1742","千克","0","?","4,647,342",
"202501","85177950","光通信设备的激光收发模块","136","泰国","10","一般贸易","45","广西壮族自治区","4","千克","0","?","1,936",
"202501","85177950","光通信设备的激光收发模块","136","泰国","10","一般贸易","46","海南省","0","千克","0","?","1,198",
"202501","85177950","光通信设备的激光收发模块","136","泰国","10","一般贸易","50","重庆市","10","千克","0","?","2,696",
"202501","85177950","光通信设备的激光收发模块","136","泰国","10","一般贸易","51","四川省","5759","千克","0","?","8,978,727",
"202501","85177950","光通信设备的激光收发模块","136","泰国","10","一般贸易","52","贵州省","1","千克","0","?","208",
"202501","85177950","光通信设备的激光收发模块","136","泰国","10","一般贸易","65","新疆维吾尔自治区","6318","千克","0","?","24,640",
"202501","85177950","光通信设备的激光收发模块","136","泰国","15","进料加工贸易","32","江苏省","873","千克","0","?","11,720,968",
"202501","85177950","光通信设备的激光收发模块","136","泰国","15","进料加工贸易","35","福建省","0","千克","0","?","2,636",
"202501","85177950","光通信设备的激光收发模块","136","泰国","15","进料加工贸易","44","广东省","0","千克","0","?","132",
"202501","85177950","光通信设备的激光收发模块","136","泰国","15","进料加工贸易","51","四川省","1","千克","0","?","652",
"202501","85177950","光通信设备的激光收发模块","136","泰国","33","保税监管场所进出境货物","44","广东省","13","千克","0","?","6,607",
"202501","85177950","光通信设备的激光收发模块","136","泰国","34","海关特殊监管区域物流货物","32","江苏省","115","千克","0","?","38,636",
"202501","85177950","光通信设备的激光收发模块","136","泰国","34","海关特殊监管区域物流货物","35","福建省","40","千克","0","?","26,321",
"202501","85177950","光通信设备的激光收发模块","136","泰国","34","海关特殊监管区域物流货物","45","广西壮族自治区","0","千克","0","?","145",
"202501","85177950","光通信设备的激光收发模块","136","泰国","39","其他","32","江苏省","0","千克","0","?","201",
"202501","85177950","光通信设备的激光收发模块","136","泰国","39","其他","33","浙江省","4","千克","0","?","25",
"202501","85177950","光通信设备的激光收发模块","136","泰国","39","其他","42","湖北省","8","千克","0","?","10,518",
"202501","85177950","光通信设备的激光收发模块","137","土耳其","10","一般贸易","32","江苏省","150","千克","0","?","17,003",
"202501","85177950","光通信设备的激光收发模块","137","土耳其","10","一般贸易","33","浙江省","47","千克","0","?","13,951",
"202501","85177950","光通信设备的激光收发模块","137","土耳其","10","一般贸易","35","福建省","29","千克","0","?","33,171",
"202501","85177950","光通信设备的激光收发模块","137","土耳其","10","一般贸易","41","河南省","2","千克","0","?","9,633",
"202501","85177950","光通信设备的激光收发模块","137","土耳其","10","一般贸易","42","湖北省","5","千克","0","?","8,467",
"202501","85177950","光通信设备的激光收发模块","137","土耳其","10","一般贸易","44","广东省","862","千克","0","?","309,209",
"202501","85177950","光通信设备的激光收发模块","137","土耳其","10","一般贸易","51","四川省","0","千克","0","?","108",
"202501","85177950","光通信设备的激光收发模块","137","土耳其","10","一般贸易","65","新疆维吾尔自治区","3","千克","0","?","750",
"202501","85177950","光通信设备的激光收发模块","137","土耳其","33","保税监管场所进出境货物","44","广东省","32","千克","0","?","4,649",
"202501","85177950","光通信设备的激光收发模块","137","土耳其","34","海关特殊监管区域物流货物","32","江苏省","193","千克","0","?","177,899",
"202501","85177950","光通信设备的激光收发模块","137","土耳其","34","海关特殊监管区域物流货物","35","福建省","1","千克","0","?","378",
"202501","85177950","光通信设备的激光收发模块","138","阿联酋","10","一般贸易","21","辽宁省","0","千克","0","?","319",
"202501","85177950","光通信设备的激光收发模块","138","阿联酋","10","一般贸易","31","上海市","16","千克","0","?","9,641",
"202501","85177950","光通信设备的激光收发模块","138","阿联酋","10","一般贸易","32","江苏省","13","千克","0","?","619",
"202501","85177950","光通信设备的激光收发模块","138","阿联酋","10","一般贸易","33","浙江省","337","千克","0","?","15,751",
"202501","85177950","光通信设备的激光收发模块","138","阿联酋","10","一般贸易","35","福建省","2","千克","0","?","3,941",
"202501","85177950","光通信设备的激光收发模块","138","阿联酋","10","一般贸易","37","山东省","0","千克","0","?","5",
"202501","85177950","光通信设备的激光收发模块","138","阿联酋","10","一般贸易","41","河南省","0","千克","0","?","27",
"202501","85177950","光通信设备的激光收发模块","138","阿联酋","10","一般贸易","42","湖北省","127","千克","0","?","28,293",
"202501","85177950","光通信设备的激光收发模块","138","阿联酋","10","一般贸易","44","广东省","893","千克","0","?","756,083",
"202501","85177950","光通信设备的激光收发模块","138","阿联酋","10","一般贸易","51","四川省","215","千克","0","?","8,417",
"202501","85177950","光通信设备的激光收发模块","138","阿联酋","15","进料加工贸易","33","浙江省","107","千克","0","?","88,030",
"202501","85177950","光通信设备的激光收发模块","138","阿联酋","15","进料加工贸易","44","广东省","10","千克","0","?","42,029",
"202501","85177950","光通信设备的激光收发模块","138","阿联酋","15","进料加工贸易","51","四川省","434","千克","0","?","155,471",
"202501","85177950","光通信设备的激光收发模块","138","阿联酋","34","海关特殊监管区域物流货物","32","江苏省","30","千克","0","?","9,809",
"202501","85177950","光通信设备的激光收发模块","138","阿联酋","34","海关特殊监管区域物流货物","35","福建省","5","千克","0","?","5,775",
"202501","85177950","光通信设备的激光收发模块","138","阿联酋","39","其他","33","浙江省","788","千克","0","?","11,820",
"202501","85177950","光通信设备的激光收发模块","139","也门","10","一般贸易","32","江苏省","0","千克","0","?","1,193",
"202501","85177950","光通信设备的激光收发模块","139","也门","10","一般贸易","44","广东省","143","千克","0","?","1,074,544",
"202501","85177950","光通信设备的激光收发模块","141","越南","10","一般贸易","31","上海市","2049","千克","0","?","709,706",
"202501","85177950","光通信设备的激光收发模块","141","越南","10","一般贸易","32","江苏省","445","千克","0","?","278,567",
"202501","85177950","光通信设备的激光收发模块","141","越南","10","一般贸易","33","浙江省","157","千克","0","?","24,677",
"202501","85177950","光通信设备的激光收发模块","141","越南","10","一般贸易","35","福建省","21","千克","0","?","13,791",
"202501","85177950","光通信设备的激光收发模块","141","越南","10","一般贸易","42","湖北省","258","千克","0","?","37,648",
"202501","85177950","光通信设备的激光收发模块","141","越南","10","一般贸易","43","湖南省","6","千克","0","?","1,095",
"202501","85177950","光通信设备的激光收发模块","141","越南","10","一般贸易","44","广东省","679","千克","0","?","302,556",
"202501","85177950","光通信设备的激光收发模块","141","越南","10","一般贸易","45","广西壮族自治区","16","千克","0","?","3,782",
"202501","85177950","光通信设备的激光收发模块","141","越南","10","一般贸易","51","四川省","258","千克","0","?","649,202",
"202501","85177950","光通信设备的激光收发模块","141","越南","15","进料加工贸易","32","江苏省","20","千克","0","?","24,346",
"202501","85177950","光通信设备的激光收发模块","141","越南","15","进料加工贸易","51","四川省","207","千克","0","?","350,934",
"202501","85177950","光通信设备的激光收发模块","141","越南","33","保税监管场所进出境货物","32","江苏省","1","千克","0","?","855",
"202501","85177950","光通信设备的激光收发模块","141","越南","33","保税监管场所进出境货物","44","广东省","208","千克","0","?","155,480",
"202501","85177950","光通信设备的激光收发模块","141","越南","34","海关特殊监管区域物流货物","31","上海市","5","千克","0","?","2,980",
"202501","85177950","光通信设备的激光收发模块","141","越南","34","海关特殊监管区域物流货物","32","江苏省","121","千克","0","?","33,696",
"202501","85177950","光通信设备的激光收发模块","141","越南","34","海关特殊监管区域物流货物","45","广西壮族自治区","1225","千克","0","?","788,427",
"202501","85177950","光通信设备的激光收发模块","141","越南","39","其他","44","广东省","1","千克","0","?","1,944",
"202501","85177950","光通信设备的激光收发模块","143","中国台湾","10","一般贸易","13","河北省","181","千克","0","?","30,221",
"202501","85177950","光通信设备的激光收发模块","143","中国台湾","10","一般贸易","31","上海市","18","千克","0","?","8,127",
"202501","85177950","光通信设备的激光收发模块","143","中国台湾","10","一般贸易","32","江苏省","1259","千克","0","?","4,092,506",
"202501","85177950","光通信设备的激光收发模块","143","中国台湾","10","一般贸易","33","浙江省","791","千克","0","?","1,594,576",
"202501","85177950","光通信设备的激光收发模块","143","中国台湾","10","一般贸易","34","安徽省","8","千克","0","?","2,550",
"202501","85177950","光通信设备的激光收发模块","143","中国台湾","10","一般贸易","35","福建省","8","千克","0","?","5,220",
"202501","85177950","光通信设备的激光收发模块","143","中国台湾","10","一般贸易","37","山东省","315","千克","0","?","66,036",
"202501","85177950","光通信设备的激光收发模块","143","中国台湾","10","一般贸易","42","湖北省","280","千克","0","?","286,829",
"202501","85177950","光通信设备的激光收发模块","143","中国台湾","10","一般贸易","43","湖南省","23","千克","0","?","11,550",
"202501","85177950","光通信设备的激光收发模块","143","中国台湾","10","一般贸易","44","广东省","6706","千克","0","?","5,182,265",
"202501","85177950","光通信设备的激光收发模块","143","中国台湾","10","一般贸易","51","四川省","187","千克","0","?","120,758",
"202501","85177950","光通信设备的激光收发模块","143","中国台湾","15","进料加工贸易","32","江苏省","29","千克","0","?","175,565",
"202501","85177950","光通信设备的激光收发模块","143","中国台湾","15","进料加工贸易","33","浙江省","2645","千克","0","?","3,029,635",
"202501","85177950","光通信设备的激光收发模块","143","中国台湾","15","进料加工贸易","35","福建省","0","千克","0","?","4,553",
"202501","85177950","光通信设备的激光收发模块","143","中国台湾","15","进料加工贸易","44","广东省","3","千克","0","?","11,629",
"202501","85177950","光通信设备的激光收发模块","143","中国台湾","15","进料加工贸易","51","四川省","7408","千克","0","?","9,075,799",
"202501","85177950","光通信设备的激光收发模块","143","中国台湾","33","保税监管场所进出境货物","44","广东省","1","千克","0","?","467",
"202501","85177950","光通信设备的激光收发模块","143","中国台湾","34","海关特殊监管区域物流货物","32","江苏省","250","千克","0","?","462,508",
"202501","85177950","光通信设备的激光收发模块","145","哈萨克斯坦","10","一般贸易","21","辽宁省","1","千克","0","?","330",
"202501","85177950","光通信设备的激光收发模块","145","哈萨克斯坦","10","一般贸易","31","上海市","11","千克","0","?","18,705",
"202501","85177950","光通信设备的激光收发模块","145","哈萨克斯坦","10","一般贸易","33","浙江省","15","千克","0","?","17,824",
"202501","85177950","光通信设备的激光收发模块","145","哈萨克斯坦","10","一般贸易","34","安徽省","88","千克","0","?","19,825",
"202501","85177950","光通信设备的激光收发模块","145","哈萨克斯坦","10","一般贸易","35","福建省","2","千克","0","?","614",
"202501","85177950","光通信设备的激光收发模块","145","哈萨克斯坦","10","一般贸易","44","广东省","139","千克","0","?","271,072",
"202501","85177950","光通信设备的激光收发模块","145","哈萨克斯坦","15","进料加工贸易","44","广东省","0","千克","0","?","65",
"202501","85177950","光通信设备的激光收发模块","146","吉尔吉斯斯坦","10","一般贸易","42","湖北省","168","千克","0","?","25,803",
"202501","85177950","光通信设备的激光收发模块","146","吉尔吉斯斯坦","10","一般贸易","44","广东省","2","千克","0","?","1,885",
"202501","85177950","光通信设备的激光收发模块","146","吉尔吉斯斯坦","34","海关特殊监管区域物流货物","44","广东省","2","千克","0","?","490",
"202501","85177950","光通信设备的激光收发模块","147","塔吉克斯坦","10","一般贸易","33","浙江省","0","千克","0","?","762",
"202501","85177950","光通信设备的激光收发模块","147","塔吉克斯坦","34","海关特殊监管区域物流货物","31","上海市","63","千克","0","?","226,006",
"202501","85177950","光通信设备的激光收发模块","147","塔吉克斯坦","34","海关特殊监管区域物流货物","61","陕西省","22","千克","0","?","276,566",
"202501","85177950","光通信设备的激光收发模块","148","土库曼斯坦","10","一般贸易","44","广东省","4","千克","0","?","984",
"202501","85177950","光通信设备的激光收发模块","149","乌兹别克斯坦","10","一般贸易","31","上海市","85","千克","0","?","41,060",
"202501","85177950","光通信设备的激光收发模块","149","乌兹别克斯坦","10","一般贸易","33","浙江省","15","千克","0","?","5,902",
"202501","85177950","光通信设备的激光收发模块","149","乌兹别克斯坦","10","一般贸易","44","广东省","138","千克","0","?","142,492",
"202501","85177950","光通信设备的激光收发模块","149","乌兹别克斯坦","15","进料加工贸易","44","广东省","0","千克","0","?","132",
"202501","85177950","光通信设备的激光收发模块","150","格鲁吉亚","10","一般贸易","31","上海市","55","千克","0","?","135,801",
"202501","85177950","光通信设备的激光收发模块","150","格鲁吉亚","10","一般贸易","33","浙江省","6","千克","0","?","2,850",
"202501","85177950","光通信设备的激光收发模块","150","格鲁吉亚","10","一般贸易","42","湖北省","1","千克","0","?","108",
"202501","85177950","光通信设备的激光收发模块","150","格鲁吉亚","10","一般贸易","44","广东省","41","千克","0","?","16,257",
"202501","85177950","光通信设备的激光收发模块","150","格鲁吉亚","34","海关特殊监管区域物流货物","44","广东省","0","千克","0","?","33",
"202501","85177950","光通信设备的激光收发模块","151","亚美尼亚","10","一般贸易","31","上海市","0","千克","0","?","580",
"202501","85177950","光通信设备的激光收发模块","151","亚美尼亚","10","一般贸易","33","浙江省","1","千克","0","?","574",
"202501","85177950","光通信设备的激光收发模块","151","亚美尼亚","10","一般贸易","44","广东省","27","千克","0","?","5,100",
"202501","85177950","光通信设备的激光收发模块","151","亚美尼亚","15","进料加工贸易","44","广东省","0","千克","0","?","65",
"202501","85177950","光通信设备的激光收发模块","152","阿塞拜疆","10","一般贸易","33","浙江省","32","千克","0","?","14,709",
"202501","85177950","光通信设备的激光收发模块","152","阿塞拜疆","10","一般贸易","42","湖北省","1","千克","0","?","829",
"202501","85177950","光通信设备的激光收发模块","152","阿塞拜疆","10","一般贸易","44","广东省","36","千克","0","?","38,188",
"202501","85177950","光通信设备的激光收发模块","152","阿塞拜疆","15","进料加工贸易","44","广东省","0","千克","0","?","32",
"202501","85177950","光通信设备的激光收发模块","201","阿尔及利亚","10","一般贸易","33","浙江省","2","千克","0","?","1,588",
"202501","85177950","光通信设备的激光收发模块","201","阿尔及利亚","10","一般贸易","44","广东省","57","千克","0","?","31,368",
"202501","85177950","光通信设备的激光收发模块","202","安哥拉","10","一般贸易","33","浙江省","1","千克","0","?","400",
"202501","85177950","光通信设备的激光收发模块","202","安哥拉","10","一般贸易","44","广东省","5","千克","0","?","864",
"202501","85177950","光通信设备的激光收发模块","202","安哥拉","22","对外承包工程出口货物","11","北京市","68","千克","0","?","53,229",
"202501","85177950","光通信设备的激光收发模块","203","贝宁","10","一般贸易","44","广东省","13","千克","0","?","54,150",
"202501","85177950","光通信设备的激光收发模块","204","博茨瓦纳","10","一般贸易","44","广东省","46","千克","0","?","25,077",
"202501","85177950","光通信设备的激光收发模块","206","喀麦隆","10","一般贸易","44","广东省","40","千克","0","?","42,255",
"202501","85177950","光通信设备的激光收发模块","208","佛得角","10","一般贸易","44","广东省","6","千克","0","?","919",
"202501","85177950","光通信设备的激光收发模块","209","中非","10","一般贸易","44","广东省","41","千克","0","?","12,809",
"202501","85177950","光通信设备的激光收发模块","211","乍得","10","一般贸易","11","北京市","8","千克","0","?","2,114",
"202501","85177950","光通信设备的激光收发模块","211","乍得","10","一般贸易","44","广东省","6","千克","0","?","713",
"202501","85177950","光通信设备的激光收发模块","215","埃及","10","一般贸易","32","江苏省","32","千克","0","?","624",
"202501","85177950","光通信设备的激光收发模块","215","埃及","10","一般贸易","33","浙江省","12","千克","0","?","3,152",
"202501","85177950","光通信设备的激光收发模块","215","埃及","10","一般贸易","34","安徽省","219","千克","0","?","17,839",
"202501","85177950","光通信设备的激光收发模块","215","埃及","10","一般贸易","35","福建省","2","千克","0","?","869",
"202501","85177950","光通信设备的激光收发模块","215","埃及","10","一般贸易","44","广东省","145","千克","0","?","42,355",
"202501","85177950","光通信设备的激光收发模块","215","埃及","15","进料加工贸易","44","广东省","0","千克","0","?","3,975",
"202501","85177950","光通信设备的激光收发模块","215","埃及","34","海关特殊监管区域物流货物","32","江苏省","14","千克","0","?","4,846",
"202501","85177950","光通信设备的激光收发模块","217","埃塞俄比亚","10","一般贸易","12","天津市","21","千克","0","?","732",
"202501","85177950","光通信设备的激光收发模块","217","埃塞俄比亚","10","一般贸易","34","安徽省","0","千克","0","?","2,583",
"202501","85177950","光通信设备的激光收发模块","217","埃塞俄比亚","10","一般贸易","44","广东省","91","千克","0","?","26,068",
"202501","85177950","光通信设备的激光收发模块","217","埃塞俄比亚","22","对外承包工程出口货物","32","江苏省","1","千克","0","?","727",
"202501","85177950","光通信设备的激光收发模块","218","加蓬","10","一般贸易","44","广东省","0","千克","0","?","10",
"202501","85177950","光通信设备的激光收发模块","219","冈比亚","10","一般贸易","44","广东省","1","千克","0","?","240",
"202501","85177950","光通信设备的激光收发模块","220","加纳","10","一般贸易","44","广东省","11","千克","0","?","1,466",
"202501","85177950","光通信设备的激光收发模块","221","几内亚","10","一般贸易","44","广东省","1172","千克","0","?","153,990",
"202501","85177950","光通信设备的激光收发模块","223","科特迪瓦","10","一般贸易","44","广东省","4","千克","0","?","1,408",
"202501","85177950","光通信设备的激光收发模块","223","科特迪瓦","22","对外承包工程出口货物","45","广西壮族自治区","1","千克","0","?","7,516",
"202501","85177950","光通信设备的激光收发模块","224","肯尼亚","10","一般贸易","33","浙江省","1","千克","0","?","241",
"202501","85177950","光通信设备的激光收发模块","224","肯尼亚","10","一般贸易","44","广东省","54","千克","0","?","32,599",
"202501","85177950","光通信设备的激光收发模块","224","肯尼亚","10","一般贸易","51","四川省","184","千克","0","?","4,526",
"202501","85177950","光通信设备的激光收发模块","225","利比里亚","10","一般贸易","44","广东省","3","千克","0","?","8,683",
"202501","85177950","光通信设备的激光收发模块","226","利比亚","10","一般贸易","44","广东省","23","千克","0","?","5,167",
"202501","85177950","光通信设备的激光收发模块","226","利比亚","39","其他","44","广东省","0","千克","0","?","6,620",
"202501","85177950","光通信设备的激光收发模块","227","马达加斯加","10","一般贸易","44","广东省","0","千克","0","?","84",
"202501","85177950","光通信设备的激光收发模块","229","马里","10","一般贸易","44","广东省","6","千克","0","?","30,102",
"202501","85177950","光通信设备的激光收发模块","230","毛里塔尼亚","10","一般贸易","44","广东省","2","千克","0","?","562",
"202501","85177950","光通信设备的激光收发模块","231","毛里求斯","10","一般贸易","33","浙江省","6","千克","0","?","1,609",
"202501","85177950","光通信设备的激光收发模块","231","毛里求斯","10","一般贸易","44","广东省","4","千克","0","?","1,072",
"202501","85177950","光通信设备的激光收发模块","232","摩洛哥","10","一般贸易","33","浙江省","10","千克","0","?","5,015",
"202501","85177950","光通信设备的激光收发模块","232","摩洛哥","10","一般贸易","44","广东省","25","千克","0","?","9,516",
"202501","85177950","光通信设备的激光收发模块","233","莫桑比克","10","一般贸易","44","广东省","7","千克","0","?","7,451",
"202501","85177950","光通信设备的激光收发模块","234","纳米比亚","10","一般贸易","44","广东省","1","千克","0","?","36",
"202501","85177950","光通信设备的激光收发模块","236","尼日利亚","10","一般贸易","33","浙江省","1","千克","0","?","841",
"202501","85177950","光通信设备的激光收发模块","236","尼日利亚","10","一般贸易","43","湖南省","3","千克","0","?","97",
"202501","85177950","光通信设备的激光收发模块","236","尼日利亚","10","一般贸易","44","广东省","78","千克","0","?","21,582",
"202501","85177950","光通信设备的激光收发模块","236","尼日利亚","10","一般贸易","51","四川省","287","千克","0","?","5,396",
"202501","85177950","光通信设备的激光收发模块","237","留尼汪","10","一般贸易","44","广东省","26","千克","0","?","20,162",
"202501","85177950","光通信设备的激光收发模块","238","卢旺达","10","一般贸易","33","浙江省","0","千克","0","?","276",
"202501","85177950","光通信设备的激光收发模块","238","卢旺达","10","一般贸易","44","广东省","0","千克","0","?","2,080",
"202501","85177950","光通信设备的激光收发模块","241","塞舌尔","10","一般贸易","44","广东省","3","千克","0","?","342",
"202501","85177950","光通信设备的激光收发模块","243","索马里","10","一般贸易","44","广东省","49","千克","0","?","21,512",
"202501","85177950","光通信设备的激光收发模块","244","南非","10","一般贸易","31","上海市","11","千克","0","?","7,469",
"202501","85177950","光通信设备的激光收发模块","244","南非","10","一般贸易","33","浙江省","16","千克","0","?","21,115",
"202501","85177950","光通信设备的激光收发模块","244","南非","10","一般贸易","35","福建省","1","千克","0","?","1,626",
"202501","85177950","光通信设备的激光收发模块","244","南非","10","一般贸易","42","湖北省","11","千克","0","?","3,405",
"202501","85177950","光通信设备的激光收发模块","244","南非","10","一般贸易","43","湖南省","3","千克","0","?","68",
"202501","85177950","光通信设备的激光收发模块","244","南非","10","一般贸易","44","广东省","697","千克","0","?","150,853",
"202501","85177950","光通信设备的激光收发模块","244","南非","15","进料加工贸易","44","广东省","0","千克","0","?","924",
"202501","85177950","光通信设备的激光收发模块","244","南非","33","保税监管场所进出境货物","44","广东省","22","千克","0","?","60,170",
"202501","85177950","光通信设备的激光收发模块","244","南非","34","海关特殊监管区域物流货物","32","江苏省","135","千克","0","?","23,182",
"202501","85177950","光通信设备的激光收发模块","246","苏丹","10","一般贸易","44","广东省","45","千克","0","?","8,619",
"202501","85177950","光通信设备的激光收发模块","247","坦桑尼亚","10","一般贸易","32","江苏省","4","千克","0","?","361",
"202501","85177950","光通信设备的激光收发模块","247","坦桑尼亚","10","一般贸易","44","广东省","10","千克","0","?","6,003",
"202501","85177950","光通信设备的激光收发模块","247","坦桑尼亚","10","一般贸易","51","四川省","208","千克","0","?","4,888",
"202501","85177950","光通信设备的激光收发模块","248","多哥","10","一般贸易","11","北京市","4","千克","0","?","1,000",
"202501","85177950","光通信设备的激光收发模块","249","突尼斯","10","一般贸易","11","北京市","1","千克","0","?","938",
"202501","85177950","光通信设备的激光收发模块","249","突尼斯","10","一般贸易","44","广东省","10","千克","0","?","18,744",
"202501","85177950","光通信设备的激光收发模块","250","乌干达","10","一般贸易","33","浙江省","4","千克","0","?","180",
"202501","85177950","光通信设备的激光收发模块","250","乌干达","10","一般贸易","44","广东省","108","千克","0","?","21,340",
"202501","85177950","光通信设备的激光收发模块","250","乌干达","22","对外承包工程出口货物","11","北京市","0","千克","0","?","46,319",
"202501","85177950","光通信设备的激光收发模块","251","布基纳法索","10","一般贸易","44","广东省","5","千克","0","?","164",
"202501","85177950","光通信设备的激光收发模块","252","刚果民主共和国","10","一般贸易","35","福建省","0","千克","0","?","69",
"202501","85177950","光通信设备的激光收发模块","252","刚果民主共和国","10","一般贸易","43","湖南省","39","千克","0","?","3,274",
"202501","85177950","光通信设备的激光收发模块","252","刚果民主共和国","10","一般贸易","44","广东省","1","千克","0","?","23",
"202501","85177950","光通信设备的激光收发模块","253","赞比亚","10","一般贸易","37","山东省","305","千克","0","?","6,222",
"202501","85177950","光通信设备的激光收发模块","253","赞比亚","10","一般贸易","44","广东省","0","千克","0","?","1,476",
"202501","85177950","光通信设备的激光收发模块","254","津巴布韦","10","一般贸易","35","福建省","0","千克","0","?","167",
"202501","85177950","光通信设备的激光收发模块","259","马约特","10","一般贸易","44","广东省","0","千克","0","?","4",
"202501","85177950","光通信设备的激光收发模块","260","南苏丹","10","一般贸易","31","上海市","31","千克","0","?","369",
"202501","85177950","光通信设备的激光收发模块","301","比利时","10","一般贸易","31","上海市","1","千克","0","?","1,654",
"202501","85177950","光通信设备的激光收发模块","301","比利时","10","一般贸易","32","江苏省","5","千克","0","?","27,750",
"202501","85177950","光通信设备的激光收发模块","301","比利时","10","一般贸易","34","安徽省","479","千克","0","?","60,538",
"202501","85177950","光通信设备的激光收发模块","301","比利时","10","一般贸易","37","山东省","5","千克","0","?","439",
"202501","85177950","光通信设备的激光收发模块","301","比利时","10","一般贸易","42","湖北省","225","千克","0","?","248,201",
"202501","85177950","光通信设备的激光收发模块","301","比利时","10","一般贸易","44","广东省","107","千克","0","?","108,041",
"202501","85177950","光通信设备的激光收发模块","301","比利时","10","一般贸易","51","四川省","41","千克","0","?","31,060",
"202501","85177950","光通信设备的激光收发模块","301","比利时","15","进料加工贸易","32","江苏省","76","千克","0","?","37,802",
"202501","85177950","光通信设备的激光收发模块","301","比利时","33","保税监管场所进出境货物","44","广东省","8","千克","0","?","1,117",
"202501","85177950","光通信设备的激光收发模块","302","丹麦","10","一般贸易","32","江苏省","6","千克","0","?","8,000",
"202501","85177950","光通信设备的激光收发模块","302","丹麦","10","一般贸易","33","浙江省","2","千克","0","?","755",
"202501","85177950","光通信设备的激光收发模块","302","丹麦","10","一般贸易","42","湖北省","4","千克","0","?","14,286",
"202501","85177950","光通信设备的激光收发模块","302","丹麦","10","一般贸易","44","广东省","81","千克","0","?","66,999",
"202501","85177950","光通信设备的激光收发模块","302","丹麦","10","一般贸易","51","四川省","419","千克","0","?","240,577",
"202501","85177950","光通信设备的激光收发模块","303","英国","10","一般贸易","31","上海市","3","千克","0","?","51,990",
"202501","85177950","光通信设备的激光收发模块","303","英国","10","一般贸易","32","江苏省","123","千克","0","?","72,749",
"202501","85177950","光通信设备的激光收发模块","303","英国","10","一般贸易","33","浙江省","48","千克","0","?","302",
"202501","85177950","光通信设备的激光收发模块","303","英国","10","一般贸易","34","安徽省","0","千克","0","?","109",
"202501","85177950","光通信设备的激光收发模块","303","英国","10","一般贸易","35","福建省","31","千克","0","?","10,182",
"202501","85177950","光通信设备的激光收发模块","303","英国","10","一般贸易","37","山东省","8","千克","0","?","10,551",
"202501","85177950","光通信设备的激光收发模块","303","英国","10","一般贸易","42","湖北省","629","千克","0","?","891,297",
"202501","85177950","光通信设备的激光收发模块","303","英国","10","一般贸易","44","广东省","2834","千克","0","?","1,248,409",
"202501","85177950","光通信设备的激光收发模块","303","英国","10","一般贸易","45","广西壮族自治区","1","千克","0","?","22",
"202501","85177950","光通信设备的激光收发模块","303","英国","10","一般贸易","51","四川省","107","千克","0","?","50,364",
"202501","85177950","光通信设备的激光收发模块","303","英国","15","进料加工贸易","44","广东省","0","千克","0","?","91,832",
"202501","85177950","光通信设备的激光收发模块","303","英国","15","进料加工贸易","51","四川省","87","千克","0","?","113,315",
"202501","85177950","光通信设备的激光收发模块","303","英国","34","海关特殊监管区域物流货物","32","江苏省","5","千克","0","?","18,019",
"202501","85177950","光通信设备的激光收发模块","303","英国","34","海关特殊监管区域物流货物","42","湖北省","1","千克","0","?","108,800",
"202501","85177950","光通信设备的激光收发模块","303","英国","34","海关特殊监管区域物流货物","44","广东省","117","千克","0","?","54,157",
"202501","85177950","光通信设备的激光收发模块","304","德国","10","一般贸易","11","北京市","3","千克","0","?","2,760",
"202501","85177950","光通信设备的激光收发模块","304","德国","10","一般贸易","12","天津市","0","千克","0","?","40",
"202501","85177950","光通信设备的激光收发模块","304","德国","10","一般贸易","31","上海市","0","千克","0","?","42",
"202501","85177950","光通信设备的激光收发模块","304","德国","10","一般贸易","32","江苏省","70","千克","0","?","182,051",
"202501","85177950","光通信设备的激光收发模块","304","德国","10","一般贸易","33","浙江省","79","千克","0","?","116,414",
"202501","85177950","光通信设备的激光收发模块","304","德国","10","一般贸易","37","山东省","2","千克","0","?","3,908",
"202501","85177950","光通信设备的激光收发模块","304","德国","10","一般贸易","41","河南省","2","千克","0","?","1,573",
"202501","85177950","光通信设备的激光收发模块","304","德国","10","一般贸易","42","湖北省","2117","千克","0","?","1,580,766",
"202501","85177950","光通信设备的激光收发模块","304","德国","10","一般贸易","44","广东省","5545","千克","0","?","1,586,160",
"202501","85177950","光通信设备的激光收发模块","304","德国","10","一般贸易","51","四川省","961","千克","0","?","543,474",
"202501","85177950","光通信设备的激光收发模块","304","德国","15","进料加工贸易","32","江苏省","122","千克","0","?","1,394,539",
"202501","85177950","光通信设备的激光收发模块","304","德国","15","进料加工贸易","51","四川省","9","千克","0","?","9,387",
"202501","85177950","光通信设备的激光收发模块","304","德国","15","进料加工贸易","61","陕西省","0","千克","0","?","12,951",
"202501","85177950","光通信设备的激光收发模块","304","德国","33","保税监管场所进出境货物","35","福建省","0","千克","0","?","409",
"202501","85177950","光通信设备的激光收发模块","304","德国","34","海关特殊监管区域物流货物","35","福建省","1","千克","0","?","3,369",
"202501","85177950","光通信设备的激光收发模块","304","德国","34","海关特殊监管区域物流货物","42","湖北省","246","千克","0","?","372,266",
"202501","85177950","光通信设备的激光收发模块","304","德国","34","海关特殊监管区域物流货物","44","广东省","142","千克","0","?","157,339",
"202501","85177950","光通信设备的激光收发模块","305","法国","10","一般贸易","32","江苏省","6","千克","0","?","13,540",
"202501","85177950","光通信设备的激光收发模块","305","法国","10","一般贸易","33","浙江省","5","千克","0","?","6,036",
"202501","85177950","光通信设备的激光收发模块","305","法国","10","一般贸易","35","福建省","32","千克","0","?","5,829",
"202501","85177950","光通信设备的激光收发模块","305","法国","10","一般贸易","42","湖北省","10","千克","0","?","17,093",
"202501","85177950","光通信设备的激光收发模块","305","法国","10","一般贸易","44","广东省","240","千克","0","?","181,897",
"202501","85177950","光通信设备的激光收发模块","305","法国","10","一般贸易","51","四川省","1176","千克","0","?","482,283",
"202501","85177950","光通信设备的激光收发模块","305","法国","15","进料加工贸易","32","江苏省","12","千克","0","?","231,886",
"202501","85177950","光通信设备的激光收发模块","305","法国","15","进料加工贸易","51","四川省","17","千克","0","?","5,910",
"202501","85177950","光通信设备的激光收发模块","305","法国","33","保税监管场所进出境货物","35","福建省","0","千克","0","?","189",
"202501","85177950","光通信设备的激光收发模块","305","法国","33","保税监管场所进出境货物","44","广东省","11","千克","0","?","1,439",
"202501","85177950","光通信设备的激光收发模块","306","爱尔兰","10","一般贸易","21","辽宁省","2","千克","0","?","12,286",
"202501","85177950","光通信设备的激光收发模块","306","爱尔兰","10","一般贸易","32","江苏省","156","千克","0","?","249,800",
"202501","85177950","光通信设备的激光收发模块","306","爱尔兰","10","一般贸易","33","浙江省","23","千克","0","?","19,591",
"202501","85177950","光通信设备的激光收发模块","306","爱尔兰","10","一般贸易","44","广东省","77","千克","0","?","65,229",
"202501","85177950","光通信设备的激光收发模块","306","爱尔兰","10","一般贸易","51","四川省","1335","千克","0","?","3,304,726",
"202501","85177950","光通信设备的激光收发模块","306","爱尔兰","10","一般贸易","52","贵州省","24","千克","0","?","5,176",
"202501","85177950","光通信设备的激光收发模块","306","爱尔兰","15","进料加工贸易","32","江苏省","2653","千克","0","?","775,145",
"202501","85177950","光通信设备的激光收发模块","306","爱尔兰","15","进料加工贸易","33","浙江省","1732","千克","0","?","1,456,762",
"202501","85177950","光通信设备的激光收发模块","307","意大利","10","一般贸易","31","上海市","2","千克","0","?","3,278",
"202501","85177950","光通信设备的激光收发模块","307","意大利","10","一般贸易","32","江苏省","10","千克","0","?","28,267",
"202501","85177950","光通信设备的激光收发模块","307","意大利","10","一般贸易","33","浙江省","27","千克","0","?","10,023",
"202501","85177950","光通信设备的激光收发模块","307","意大利","10","一般贸易","35","福建省","56","千克","0","?","9,608",
"202501","85177950","光通信设备的激光收发模块","307","意大利","10","一般贸易","42","湖北省","0","千克","0","?","387",
"202501","85177950","光通信设备的激光收发模块","307","意大利","10","一般贸易","44","广东省","133","千克","0","?","121,030",
"202501","85177950","光通信设备的激光收发模块","307","意大利","10","一般贸易","51","四川省","1","千克","0","?","1,064",
"202501","85177950","光通信设备的激光收发模块","307","意大利","10","一般贸易","61","陕西省","0","千克","0","?","69",
"202501","85177950","光通信设备的激光收发模块","307","意大利","15","进料加工贸易","32","江苏省","3","千克","0","?","20,124",
"202501","85177950","光通信设备的激光收发模块","307","意大利","15","进料加工贸易","51","四川省","0","千克","0","?","975",
"202501","85177950","光通信设备的激光收发模块","309","荷兰","10","一般贸易","12","天津市","6","千克","0","?","1,056",
"202501","85177950","光通信设备的激光收发模块","309","荷兰","10","一般贸易","31","上海市","556","千克","0","?","317,106",
"202501","85177950","光通信设备的激光收发模块","309","荷兰","10","一般贸易","32","江苏省","36","千克","0","?","109,983",
"202501","85177950","光通信设备的激光收发模块","309","荷兰","10","一般贸易","33","浙江省","136","千克","0","?","79,215",
"202501","85177950","光通信设备的激光收发模块","309","荷兰","10","一般贸易","42","湖北省","5305","千克","0","?","3,449,772",
"202501","85177950","光通信设备的激光收发模块","309","荷兰","10","一般贸易","44","广东省","5011","千克","0","?","2,413,593",
"202501","85177950","光通信设备的激光收发模块","309","荷兰","10","一般贸易","51","四川省","2572","千克","0","?","2,182,584",
"202501","85177950","光通信设备的激光收发模块","309","荷兰","15","进料加工贸易","32","江苏省","562","千克","0","?","786,938",
"202501","85177950","光通信设备的激光收发模块","309","荷兰","15","进料加工贸易","44","广东省","97","千克","0","?","10,896",
"202501","85177950","光通信设备的激光收发模块","309","荷兰","15","进料加工贸易","51","四川省","244","千克","0","?","365,674",
"202501","85177950","光通信设备的激光收发模块","309","荷兰","34","海关特殊监管区域物流货物","32","江苏省","75","千克","0","?","173,384",
"202501","85177950","光通信设备的激光收发模块","310","希腊","10","一般贸易","11","北京市","240","千克","0","?","956",
"202501","85177950","光通信设备的激光收发模块","310","希腊","10","一般贸易","32","江苏省","3","千克","0","?","950",
"202501","85177950","光通信设备的激光收发模块","310","希腊","10","一般贸易","44","广东省","35","千克","0","?","8,276",
"202501","85177950","光通信设备的激光收发模块","311","葡萄牙","10","一般贸易","11","北京市","1","千克","0","?","1,410",
"202501","85177950","光通信设备的激光收发模块","311","葡萄牙","10","一般贸易","33","浙江省","12","千克","0","?","6,500",
"202501","85177950","光通信设备的激光收发模块","311","葡萄牙","10","一般贸易","42","湖北省","0","千克","0","?","1,359",
"202501","85177950","光通信设备的激光收发模块","311","葡萄牙","10","一般贸易","44","广东省","45","千克","0","?","8,141",
"202501","85177950","光通信设备的激光收发模块","311","葡萄牙","34","海关特殊监管区域物流货物","32","江苏省","0","千克","0","?","8,789",
"202501","85177950","光通信设备的激光收发模块","312","西班牙","10","一般贸易","31","上海市","1","千克","0","?","305",
"202501","85177950","光通信设备的激光收发模块","312","西班牙","10","一般贸易","33","浙江省","62","千克","0","?","82,046",
"202501","85177950","光通信设备的激光收发模块","312","西班牙","10","一般贸易","34","安徽省","2","千克","0","?","336",
"202501","85177950","光通信设备的激光收发模块","312","西班牙","10","一般贸易","35","福建省","1","千克","0","?","814",
"202501","85177950","光通信设备的激光收发模块","312","西班牙","10","一般贸易","44","广东省","327","千克","0","?","255,848",
"202501","85177950","光通信设备的激光收发模块","312","西班牙","10","一般贸易","51","四川省","40","千克","0","?","188",
"202501","85177950","光通信设备的激光收发模块","312","西班牙","33","保税监管场所进出境货物","44","广东省","1","千克","0","?","132",
"202501","85177950","光通信设备的激光收发模块","312","西班牙","34","海关特殊监管区域物流货物","32","江苏省","6","千克","0","?","3,578",
"202501","85177950","光通信设备的激光收发模块","312","西班牙","34","海关特殊监管区域物流货物","44","广东省","8","千克","0","?","1,063",
"202501","85177950","光通信设备的激光收发模块","313","阿尔巴尼亚","10","一般贸易","44","广东省","21","千克","0","?","2,706",
"202501","85177950","光通信设备的激光收发模块","313","阿尔巴尼亚","10","一般贸易","51","四川省","5","千克","0","?","1,280",
"202501","85177950","光通信设备的激光收发模块","313","阿尔巴尼亚","34","海关特殊监管区域物流货物","35","福建省","0","千克","0","?","633",
"202501","85177950","光通信设备的激光收发模块","315","奥地利","10","一般贸易","31","上海市","8","千克","0","?","4,761",
"202501","85177950","光通信设备的激光收发模块","315","奥地利","10","一般贸易","33","浙江省","1","千克","0","?","979",
"202501","85177950","光通信设备的激光收发模块","315","奥地利","10","一般贸易","35","福建省","4","千克","0","?","2,600",
"202501","85177950","光通信设备的激光收发模块","315","奥地利","10","一般贸易","44","广东省","48","千克","0","?","52,343",
"202501","85177950","光通信设备的激光收发模块","316","保加利亚","10","一般贸易","33","浙江省","4","千克","0","?","6,512",
"202501","85177950","光通信设备的激光收发模块","316","保加利亚","10","一般贸易","35","福建省","0","千克","0","?","109",
"202501","85177950","光通信设备的激光收发模块","316","保加利亚","10","一般贸易","43","湖南省","6","千克","0","?","18,080",
"202501","85177950","光通信设备的激光收发模块","316","保加利亚","10","一般贸易","44","广东省","2","千克","0","?","4,212",
"202501","85177950","光通信设备的激光收发模块","316","保加利亚","10","一般贸易","51","四川省","29","千克","0","?","9,440",
"202501","85177950","光通信设备的激光收发模块","318","芬兰","10","一般贸易","33","浙江省","30","千克","0","?","25,650",
"202501","85177950","光通信设备的激光收发模块","318","芬兰","10","一般贸易","42","湖北省","79","千克","0","?","152,466",
"202501","85177950","光通信设备的激光收发模块","318","芬兰","10","一般贸易","44","广东省","280","千克","0","?","125,585",
"202501","85177950","光通信设备的激光收发模块","318","芬兰","10","一般贸易","51","四川省","8","千克","0","?","35,260",
"202501","85177950","光通信设备的激光收发模块","318","芬兰","15","进料加工贸易","51","四川省","0","千克","0","?","384",
"202501","85177950","光通信设备的激光收发模块","321","匈牙利","10","一般贸易","33","浙江省","3","千克","0","?","778",
"202501","85177950","光通信设备的激光收发模块","321","匈牙利","10","一般贸易","37","山东省","8","千克","0","?","371",
"202501","85177950","光通信设备的激光收发模块","321","匈牙利","10","一般贸易","44","广东省","4236","千克","0","?","4,143,192",
"202501","85177950","光通信设备的激光收发模块","321","匈牙利","10","一般贸易","50","重庆市","0","千克","0","?","2,997",
"202501","85177950","光通信设备的激光收发模块","321","匈牙利","10","一般贸易","61","陕西省","1","千克","0","?","276",
"202501","85177950","光通信设备的激光收发模块","321","匈牙利","15","进料加工贸易","44","广东省","1","千克","0","?","216",
"202501","85177950","光通信设备的激光收发模块","321","匈牙利","33","保税监管场所进出境货物","44","广东省","14","千克","0","?","59,027",
"202501","85177950","光通信设备的激光收发模块","322","冰岛","10","一般贸易","21","辽宁省","13","千克","0","?","5,088",
"202501","85177950","光通信设备的激光收发模块","322","冰岛","10","一般贸易","42","湖北省","184","千克","0","?","1,326,154",
"202501","85177950","光通信设备的激光收发模块","322","冰岛","10","一般贸易","44","广东省","14","千克","0","?","15,425",
"202501","85177950","光通信设备的激光收发模块","323","列支敦士登","10","一般贸易","44","广东省","3","千克","0","?","4,004",
"202501","85177950","光通信设备的激光收发模块","326","挪威","10","一般贸易","33","浙江省","94","千克","0","?","109,927",
"202501","85177950","光通信设备的激光收发模块","326","挪威","10","一般贸易","37","山东省","0","千克","0","?","10",
"202501","85177950","光通信设备的激光收发模块","326","挪威","10","一般贸易","42","湖北省","575","千克","0","?","1,328,968",
"202501","85177950","光通信设备的激光收发模块","326","挪威","10","一般贸易","44","广东省","414","千克","0","?","136,688",
"202501","85177950","光通信设备的激光收发模块","326","挪威","10","一般贸易","51","四川省","138","千克","0","?","212,930",
"202501","85177950","光通信设备的激光收发模块","326","挪威","10","一般贸易","52","贵州省","0","千克","0","?","10",
"202501","85177950","光通信设备的激光收发模块","326","挪威","15","进料加工贸易","32","江苏省","3","千克","0","?","29,075",
"202501","85177950","光通信设备的激光收发模块","327","波兰","10","一般贸易","31","上海市","0","千克","0","?","160",
"202501","85177950","光通信设备的激光收发模块","327","波兰","10","一般贸易","32","江苏省","1","千克","0","?","825",
"202501","85177950","光通信设备的激光收发模块","327","波兰","10","一般贸易","33","浙江省","121","千克","0","?","84,434",
"202501","85177950","光通信设备的激光收发模块","327","波兰","10","一般贸易","42","湖北省","245","千克","0","?","254,048",
"202501","85177950","光通信设备的激光收发模块","327","波兰","10","一般贸易","44","广东省","381","千克","0","?","149,225",
"202501","85177950","光通信设备的激光收发模块","327","波兰","10","一般贸易","51","四川省","96","千克","0","?","89,923",
"202501","85177950","光通信设备的激光收发模块","327","波兰","15","进料加工贸易","32","江苏省","0","千克","0","?","33,947",
"202501","85177950","光通信设备的激光收发模块","327","波兰","33","保税监管场所进出境货物","44","广东省","6","千克","0","?","645",
"202501","85177950","光通信设备的激光收发模块","327","波兰","34","海关特殊监管区域物流货物","32","江苏省","9","千克","0","?","7,818",
"202501","85177950","光通信设备的激光收发模块","328","罗马尼亚","10","一般贸易","31","上海市","1","千克","0","?","329",
"202501","85177950","光通信设备的激光收发模块","328","罗马尼亚","10","一般贸易","33","浙江省","89","千克","0","?","43,571",
"202501","85177950","光通信设备的激光收发模块","328","罗马尼亚","10","一般贸易","34","安徽省","190","千克","0","?","3,720",
"202501","85177950","光通信设备的激光收发模块","328","罗马尼亚","10","一般贸易","41","河南省","41","千克","0","?","56,400",
"202501","85177950","光通信设备的激光收发模块","328","罗马尼亚","10","一般贸易","43","湖南省","22","千克","0","?","3,600",
"202501","85177950","光通信设备的激光收发模块","328","罗马尼亚","10","一般贸易","44","广东省","60","千克","0","?","24,244",
"202501","85177950","光通信设备的激光收发模块","328","罗马尼亚","10","一般贸易","51","四川省","0","千克","0","?","1,970",
"202501","85177950","光通信设备的激光收发模块","328","罗马尼亚","15","进料加工贸易","32","江苏省","0","千克","0","?","1,387",
"202501","85177950","光通信设备的激光收发模块","328","罗马尼亚","15","进料加工贸易","44","广东省","0","千克","0","?","72,750",
"202501","85177950","光通信设备的激光收发模块","330","瑞典","10","一般贸易","31","上海市","0","千克","0","?","2,406",
"202501","85177950","光通信设备的激光收发模块","330","瑞典","10","一般贸易","32","江苏省","2","千克","0","?","1,760",
"202501","85177950","光通信设备的激光收发模块","330","瑞典","10","一般贸易","33","浙江省","0","千克","0","?","145",
"202501","85177950","光通信设备的激光收发模块","330","瑞典","10","一般贸易","42","湖北省","968","千克","0","?","470,542",
"202501","85177950","光通信设备的激光收发模块","330","瑞典","10","一般贸易","44","广东省","646","千克","0","?","185,941",
"202501","85177950","光通信设备的激光收发模块","330","瑞典","10","一般贸易","51","四川省","861","千克","0","?","406,067",
"202501","85177950","光通信设备的激光收发模块","330","瑞典","10","一般贸易","61","陕西省","1","千克","0","?","1,038",
"202501","85177950","光通信设备的激光收发模块","330","瑞典","15","进料加工贸易","32","江苏省","33","千克","0","?","223,807",
"202501","85177950","光通信设备的激光收发模块","330","瑞典","15","进料加工贸易","51","四川省","886","千克","0","?","272,775",
"202501","85177950","光通信设备的激光收发模块","330","瑞典","33","保税监管场所进出境货物","44","广东省","0","千克","0","?","45",
"202501","85177950","光通信设备的激光收发模块","330","瑞典","34","海关特殊监管区域物流货物","32","江苏省","11","千克","0","?","13,690",
"202501","85177950","光通信设备的激光收发模块","331","瑞士","10","一般贸易","21","辽宁省","28","千克","0","?","52,170",
"202501","85177950","光通信设备的激光收发模块","331","瑞士","10","一般贸易","31","上海市","0","千克","0","?","16",
"202501","85177950","光通信设备的激光收发模块","331","瑞士","10","一般贸易","32","江苏省","7","千克","0","?","10,152",
"202501","85177950","光通信设备的激光收发模块","331","瑞士","10","一般贸易","42","湖北省","288","千克","0","?","214,127",
"202501","85177950","光通信设备的激光收发模块","331","瑞士","10","一般贸易","44","广东省","82","千克","0","?","81,206",
"202501","85177950","光通信设备的激光收发模块","331","瑞士","33","保税监管场所进出境货物","44","广东省","5","千克","0","?","5,275",
"202501","85177950","光通信设备的激光收发模块","331","瑞士","34","海关特殊监管区域物流货物","32","江苏省","0","千克","0","?","184",
"202501","85177950","光通信设备的激光收发模块","334","爱沙尼亚","15","进料加工贸易","51","四川省","1","千克","0","?","5,500",
"202501","85177950","光通信设备的激光收发模块","335","拉脱维亚","10","一般贸易","11","北京市","2","千克","0","?","1,740",
"202501","85177950","光通信设备的激光收发模块","335","拉脱维亚","10","一般贸易","42","湖北省","6","千克","0","?","984",
"202501","85177950","光通信设备的激光收发模块","335","拉脱维亚","10","一般贸易","43","湖南省","10","千克","0","?","1,613",
"202501","85177950","光通信设备的激光收发模块","335","拉脱维亚","10","一般贸易","44","广东省","609","千克","0","?","244,524",
"202501","85177950","光通信设备的激光收发模块","335","拉脱维亚","10","一般贸易","51","四川省","50","千克","0","?","15,000",
"202501","85177950","光通信设备的激光收发模块","336","立陶宛","10","一般贸易","33","浙江省","0","千克","0","?","565",
"202501","85177950","光通信设备的激光收发模块","336","立陶宛","10","一般贸易","35","福建省","2","千克","0","?","1,986",
"202501","85177950","光通信设备的激光收发模块","336","立陶宛","10","一般贸易","44","广东省","76","千克","0","?","5,167",
"202501","85177950","光通信设备的激光收发模块","336","立陶宛","10","一般贸易","50","重庆市","3","千克","0","?","6,113",
"202501","85177950","光通信设备的激光收发模块","336","立陶宛","33","保税监管场所进出境货物","44","广东省","7","千克","0","?","152",
"202501","85177950","光通信设备的激光收发模块","340","白俄罗斯","10","一般贸易","33","浙江省","17","千克","0","?","2,372",
"202501","85177950","光通信设备的激光收发模块","340","白俄罗斯","10","一般贸易","44","广东省","25","千克","0","?","17,978",
"202501","85177950","光通信设备的激光收发模块","343","摩尔多瓦","10","一般贸易","44","广东省","21","千克","0","?","6,370",
"202501","85177950","光通信设备的激光收发模块","344","俄罗斯","10","一般贸易","11","北京市","7","千克","0","?","1,581",
"202501","85177950","光通信设备的激光收发模块","344","俄罗斯","10","一般贸易","12","天津市","1","千克","0","?","1,491",
"202501","85177950","光通信设备的激光收发模块","344","俄罗斯","10","一般贸易","23","黑龙江省","24","千克","0","?","7,418",
"202501","85177950","光通信设备的激光收发模块","344","俄罗斯","10","一般贸易","31","上海市","1100","千克","0","?","519,492",
"202501","85177950","光通信设备的激光收发模块","344","俄罗斯","10","一般贸易","32","江苏省","592","千克","0","?","666,472",
"202501","85177950","光通信设备的激光收发模块","344","俄罗斯","10","一般贸易","33","浙江省","33","千克","0","?","4,154",
"202501","85177950","光通信设备的激光收发模块","344","俄罗斯","10","一般贸易","34","安徽省","930","千克","0","?","159,788",
"202501","85177950","光通信设备的激光收发模块","344","俄罗斯","10","一般贸易","42","湖北省","987","千克","0","?","700,687",
"202501","85177950","光通信设备的激光收发模块","344","俄罗斯","10","一般贸易","43","湖南省","56","千克","0","?","78,000",
"202501","85177950","光通信设备的激光收发模块","344","俄罗斯","10","一般贸易","44","广东省","4417","千克","0","?","860,132",
"202501","85177950","光通信设备的激光收发模块","344","俄罗斯","33","保税监管场所进出境货物","44","广东省","89","千克","0","?","480",
"202501","85177950","光通信设备的激光收发模块","344","俄罗斯","33","保税监管场所进出境货物","50","重庆市","24","千克","0","?","8,034",
"202501","85177950","光通信设备的激光收发模块","344","俄罗斯","34","海关特殊监管区域物流货物","43","湖南省","154","千克","0","?","15,366",
"202501","85177950","光通信设备的激光收发模块","344","俄罗斯","34","海关特殊监管区域物流货物","44","广东省","63","千克","0","?","16,804",
"202501","85177950","光通信设备的激光收发模块","344","俄罗斯","34","海关特殊监管区域物流货物","61","陕西省","150","千克","0","?","16,296",
"202501","85177950","光通信设备的激光收发模块","347","乌克兰","10","一般贸易","31","上海市","70","千克","0","?","20,608",
"202501","85177950","光通信设备的激光收发模块","347","乌克兰","10","一般贸易","44","广东省","374","千克","0","?","249,324",
"202501","85177950","光通信设备的激光收发模块","350","斯洛文尼亚","10","一般贸易","44","广东省","44","千克","0","?","15,981",
"202501","85177950","光通信设备的激光收发模块","351","克罗地亚","10","一般贸易","33","浙江省","0","千克","0","?","125",
"202501","85177950","光通信设备的激光收发模块","351","克罗地亚","10","一般贸易","44","广东省","6","千克","0","?","1,722",
"202501","85177950","光通信设备的激光收发模块","351","克罗地亚","33","保税监管场所进出境货物","44","广东省","37","千克","0","?","93",
"202501","85177950","光通信设备的激光收发模块","352","捷克","10","一般贸易","31","上海市","2","千克","0","?","3,380",
"202501","85177950","光通信设备的激光收发模块","352","捷克","10","一般贸易","42","湖北省","160","千克","0","?","129,271",
"202501","85177950","光通信设备的激光收发模块","352","捷克","10","一般贸易","44","广东省","4348","千克","0","?","2,823,143",
"202501","85177950","光通信设备的激光收发模块","352","捷克","10","一般贸易","51","四川省","1","千克","0","?","3,070",
"202501","85177950","光通信设备的激光收发模块","352","捷克","15","进料加工贸易","32","江苏省","28","千克","0","?","11,288",
"202501","85177950","光通信设备的激光收发模块","353","斯洛伐克","10","一般贸易","44","广东省","1","千克","0","?","1,025",
"202501","85177950","光通信设备的激光收发模块","353","斯洛伐克","10","一般贸易","51","四川省","88","千克","0","?","290,643",
"202501","85177950","光通信设备的激光收发模块","354","北马其顿","10","一般贸易","44","广东省","1","千克","0","?","277",
"202501","85177950","光通信设备的激光收发模块","355","波斯尼亚和黑塞哥维那","10","一般贸易","33","浙江省","4","千克","0","?","1,750",
"202501","85177950","光通信设备的激光收发模块","355","波斯尼亚和黑塞哥维那","10","一般贸易","44","广东省","0","千克","0","?","135",
"202501","85177950","光通信设备的激光收发模块","357","法罗群岛","34","海关特殊监管区域物流货物","32","江苏省","0","千克","0","?","330",
"202501","85177950","光通信设备的激光收发模块","358","塞尔维亚","10","一般贸易","31","上海市","27","千克","0","?","6,433",
"202501","85177950","光通信设备的激光收发模块","358","塞尔维亚","10","一般贸易","33","浙江省","1","千克","0","?","782",
"202501","85177950","光通信设备的激光收发模块","358","塞尔维亚","10","一般贸易","44","广东省","0","千克","0","?","3,551",
"202501","85177950","光通信设备的激光收发模块","402","阿根廷","10","一般贸易","37","山东省","316","千克","0","?","2,472",
"202501","85177950","光通信设备的激光收发模块","402","阿根廷","10","一般贸易","44","广东省","205","千克","0","?","496,964",
"202501","85177950","光通信设备的激光收发模块","402","阿根廷","33","保税监管场所进出境货物","44","广东省","141","千克","0","?","50,955",
"202501","85177950","光通信设备的激光收发模块","402","阿根廷","34","海关特殊监管区域物流货物","32","江苏省","1","千克","0","?","1,179",
"202501","85177950","光通信设备的激光收发模块","403","阿鲁巴","34","海关特殊监管区域物流货物","32","江苏省","13","千克","0","?","74,021",
"202501","85177950","光通信设备的激光收发模块","408","玻利维亚
","10","一般贸易","44","广东省","5","千克","0","?","12,032",
"202501","85177950","光通信设备的激光收发模块","410","巴西","10","一般贸易","11","北京市","1","千克","0","?","590",
"202501","85177950","光通信设备的激光收发模块","410","巴西","10","一般贸易","31","上海市","0","千克","0","?","39",
"202501","85177950","光通信设备的激光收发模块","410","巴西","10","一般贸易","32","江苏省","131","千克","0","?","232,990",
"202501","85177950","光通信设备的激光收发模块","410","巴西","10","一般贸易","33","浙江省","28","千克","0","?","28,026",
"202501","85177950","光通信设备的激光收发模块","410","巴西","10","一般贸易","41","河南省","2","千克","0","?","1,941",
"202501","85177950","光通信设备的激光收发模块","410","巴西","10","一般贸易","42","湖北省","63","千克","0","?","134,199",
"202501","85177950","光通信设备的激光收发模块","410","巴西","10","一般贸易","44","广东省","2888","千克","0","?","1,429,159",
"202501","85177950","光通信设备的激光收发模块","410","巴西","10","一般贸易","51","四川省","270","千克","0","?","90,056",
"202501","85177950","光通信设备的激光收发模块","410","巴西","10","一般贸易","52","贵州省","71","千克","0","?","20,365",
"202501","85177950","光通信设备的激光收发模块","410","巴西","15","进料加工贸易","32","江苏省","2","千克","0","?","5,339",
"202501","85177950","光通信设备的激光收发模块","410","巴西","15","进料加工贸易","51","四川省","90","千克","0","?","277,274",
"202501","85177950","光通信设备的激光收发模块","410","巴西","33","保税监管场所进出境货物","44","广东省","12","千克","0","?","6,150",
"202501","85177950","光通信设备的激光收发模块","410","巴西","34","海关特殊监管区域物流货物","32","江苏省","1223","千克","0","?","189,671",
"202501","85177950","光通信设备的激光收发模块","412","智利","10","一般贸易","31","上海市","0","千克","0","?","230",
"202501","85177950","光通信设备的激光收发模块","412","智利","10","一般贸易","33","浙江省","1","千克","0","?","1,358",
"202501","85177950","光通信设备的激光收发模块","412","智利","10","一般贸易","42","湖北省","1","千克","0","?","1,744",
"202501","85177950","光通信设备的激光收发模块","412","智利","10","一般贸易","44","广东省","135","千克","0","?","48,683",
"202501","85177950","光通信设备的激光收发模块","412","智利","10","一般贸易","52","贵州省","32","千克","0","?","5,205",
"202501","85177950","光通信设备的激光收发模块","412","智利","33","保税监管场所进出境货物","44","广东省","5","千克","0","?","2,626",
"202501","85177950","光通信设备的激光收发模块","412","智利","39","其他","42","湖北省","0","千克","0","?","38,122",
"202501","85177950","光通信设备的激光收发模块","413","哥伦比亚","10","一般贸易","33","浙江省","24","千克","0","?","27,471",
"202501","85177950","光通信设备的激光收发模块","413","哥伦比亚","10","一般贸易","42","湖北省","0","千克","0","?","761",
"202501","85177950","光通信设备的激光收发模块","413","哥伦比亚","10","一般贸易","44","广东省","189","千克","0","?","172,512",
"202501","85177950","光通信设备的激光收发模块","413","哥伦比亚","10","一般贸易","46","海南省","20","千克","0","?","476",
"202501","85177950","光通信设备的激光收发模块","413","哥伦比亚","10","一般贸易","52","贵州省","9","千克","0","?","3,007",
"202501","85177950","光通信设备的激光收发模块","413","哥伦比亚","33","保税监管场所进出境货物","44","广东省","15","千克","0","?","5,311",
"202501","85177950","光通信设备的激光收发模块","413","哥伦比亚","34","海关特殊监管区域物流货物","32","江苏省","105","千克","0","?","35,283",
"202501","85177950","光通信设备的激光收发模块","415","哥斯达黎加","10","一般贸易","34","安徽省","3","千克","0","?","821",
"202501","85177950","光通信设备的激光收发模块","415","哥斯达黎加","10","一般贸易","44","广东省","4","千克","0","?","17,988",
"202501","85177950","光通信设备的激光收发模块","415","哥斯达黎加","34","海关特殊监管区域物流货物","32","江苏省","2","千克","0","?","447",
"202501","85177950","光通信设备的激光收发模块","418","多米尼加
","10","一般贸易","33","浙江省","1","千克","0","?","530",
"202501","85177950","光通信设备的激光收发模块","418","多米尼加
","10","一般贸易","42","湖北省","8","千克","0","?","2,150",
"202501","85177950","光通信设备的激光收发模块","418","多米尼加
","10","一般贸易","44","广东省","10","千克","0","?","70",
"202501","85177950","光通信设备的激光收发模块","419","厄瓜多尔","10","一般贸易","33","浙江省","20","千克","0","?","1,400",
"202501","85177950","光通信设备的激光收发模块","419","厄瓜多尔","10","一般贸易","35","福建省","0","千克","0","?","148",
"202501","85177950","光通信设备的激光收发模块","419","厄瓜多尔","10","一般贸易","42","湖北省","22","千克","0","?","37,754",
"202501","85177950","光通信设备的激光收发模块","419","厄瓜多尔","10","一般贸易","44","广东省","48","千克","0","?","22,236",
"202501","85177950","光通信设备的激光收发模块","419","厄瓜多尔","33","保税监管场所进出境货物","44","广东省","0","千克","0","?","196",
"202501","85177950","光通信设备的激光收发模块","420","法属圭亚那","10","一般贸易","31","上海市","0","千克","0","?","30",
"202501","85177950","光通信设备的激光收发模块","423","危地马拉","10","一般贸易","44","广东省","2","千克","0","?","235",
"202501","85177950","光通信设备的激光收发模块","426","洪都拉斯","10","一般贸易","44","广东省","13","千克","0","?","4,178",
"202501","85177950","光通信设备的激光收发模块","429","墨西哥","10","一般贸易","31","上海市","88","千克","0","?","126,798",
"202501","85177950","光通信设备的激光收发模块","429","墨西哥","10","一般贸易","32","江苏省","2727","千克","0","?","9,618,313",
"202501","85177950","光通信设备的激光收发模块","429","墨西哥","10","一般贸易","33","浙江省","50","千克","0","?","32,648",
"202501","85177950","光通信设备的激光收发模块","429","墨西哥","10","一般贸易","35","福建省","3","千克","0","?","4,180",
"202501","85177950","光通信设备的激光收发模块","429","墨西哥","10","一般贸易","37","山东省","13","千克","0","?","888",
"202501","85177950","光通信设备的激光收发模块","429","墨西哥","10","一般贸易","41","河南省","0","千克","0","?","7",
"202501","85177950","光通信设备的激光收发模块","429","墨西哥","10","一般贸易","42","湖北省","5083","千克","0","?","3,946,011",
"202501","85177950","光通信设备的激光收发模块","429","墨西哥","10","一般贸易","44","广东省","701","千克","0","?","505,253",
"202501","85177950","光通信设备的激光收发模块","429","墨西哥","10","一般贸易","45","广西壮族自治区","0","千克","0","?","107",
"202501","85177950","光通信设备的激光收发模块","429","墨西哥","10","一般贸易","51","四川省","478","千克","0","?","920,565",
"202501","85177950","光通信设备的激光收发模块","429","墨西哥","10","一般贸易","52","贵州省","1","千克","0","?","25",
"202501","85177950","光通信设备的激光收发模块","429","墨西哥","10","一般贸易","61","陕西省","3","千克","0","?","414",
"202501","85177950","光通信设备的激光收发模块","429","墨西哥","15","进料加工贸易","32","江苏省","520","千克","0","?","684,265",
"202501","85177950","光通信设备的激光收发模块","429","墨西哥","15","进料加工贸易","51","四川省","709","千克","0","?","1,566,168",
"202501","85177950","光通信设备的激光收发模块","429","墨西哥","33","保税监管场所进出境货物","44","广东省","1","千克","0","?","12,208",
"202501","85177950","光通信设备的激光收发模块","429","墨西哥","34","海关特殊监管区域物流货物","32","江苏省","34","千克","0","?","43,708",
"202501","85177950","光通信设备的激光收发模块","431","尼加拉瓜","10","一般贸易","34","安徽省","34","千克","0","?","1,600",
"202501","85177950","光通信设备的激光收发模块","432","巴拿马","10","一般贸易","33","浙江省","0","千克","0","?","114",
"202501","85177950","光通信设备的激光收发模块","432","巴拿马","10","一般贸易","44","广东省","840","千克","0","?","243,436",
"202501","85177950","光通信设备的激光收发模块","433","巴拉圭","10","一般贸易","33","浙江省","0","千克","0","?","218",
"202501","85177950","光通信设备的激光收发模块","433","巴拉圭","10","一般贸易","44","广东省","13","千克","0","?","2,310",
"202501","85177950","光通信设备的激光收发模块","434","秘鲁","10","一般贸易","32","江苏省","7","千克","0","?","2,539",
"202501","85177950","光通信设备的激光收发模块","434","秘鲁","10","一般贸易","33","浙江省","3","千克","0","?","3,470",
"202501","85177950","光通信设备的激光收发模块","434","秘鲁","10","一般贸易","44","广东省","56","千克","0","?","50,077",
"202501","85177950","光通信设备的激光收发模块","440","萨尔瓦多","10","一般贸易","44","广东省","7","千克","0","?","929",
"202501","85177950","光通信设备的激光收发模块","442","特立尼达和多巴哥","10","一般贸易","44","广东省","0","千克","0","?","9",
"202501","85177950","光通信设备的激光收发模块","444","乌拉圭","10","一般贸易","31","上海市","1","千克","0","?","369",
"202501","85177950","光通信设备的激光收发模块","444","乌拉圭","10","一般贸易","33","浙江省","1","千克","0","?","1,706",
"202501","85177950","光通信设备的激光收发模块","444","乌拉圭","10","一般贸易","44","广东省","30","千克","0","?","27,900",
"202501","85177950","光通信设备的激光收发模块","444","乌拉圭","10","一般贸易","51","四川省","2","千克","0","?","65",
"202501","85177950","光通信设备的激光收发模块","444","乌拉圭","33","保税监管场所进出境货物","44","广东省","2","千克","0","?","282",
"202501","85177950","光通信设备的激光收发模块","445","委内瑞拉","10","一般贸易","37","山东省","1","千克","0","?","37",
"202501","85177950","光通信设备的激光收发模块","445","委内瑞拉","10","一般贸易","44","广东省","3","千克","0","?","3,913",
"202501","85177950","光通信设备的激光收发模块","445","委内瑞拉","34","海关特殊监管区域物流货物","32","江苏省","0","千克","0","?","95",
"202501","85177950","光通信设备的激光收发模块","501","加拿大","10","一般贸易","31","上海市","1","千克","0","?","10,710",
"202501","85177950","光通信设备的激光收发模块","501","加拿大","10","一般贸易","32","江苏省","6","千克","0","?","9,250",
"202501","85177950","光通信设备的激光收发模块","501","加拿大","10","一般贸易","33","浙江省","547","千克","0","?","177,404",
"202501","85177950","光通信设备的激光收发模块","501","加拿大","10","一般贸易","35","福建省","0","千克","0","?","10",
"202501","85177950","光通信设备的激光收发模块","501","加拿大","10","一般贸易","37","山东省","0","千克","0","?","20",
"202501","85177950","光通信设备的激光收发模块","501","加拿大","10","一般贸易","42","湖北省","606","千克","0","?","151,681",
"202501","85177950","光通信设备的激光收发模块","501","加拿大","10","一般贸易","43","湖南省","5","千克","0","?","6,659",
"202501","85177950","光通信设备的激光收发模块","501","加拿大","10","一般贸易","44","广东省","586","千克","0","?","460,725",
"202501","85177950","光通信设备的激光收发模块","501","加拿大","10","一般贸易","45","广西壮族自治区","1","千克","0","?","29",
"202501","85177950","光通信设备的激光收发模块","501","加拿大","10","一般贸易","50","重庆市","1","千克","0","?","4,761",
"202501","85177950","光通信设备的激光收发模块","501","加拿大","10","一般贸易","51","四川省","23","千克","0","?","65,501",
"202501","85177950","光通信设备的激光收发模块","501","加拿大","10","一般贸易","52","贵州省","0","千克","0","?","10",
"202501","85177950","光通信设备的激光收发模块","501","加拿大","15","进料加工贸易","32","江苏省","0","千克","0","?","530",
"202501","85177950","光通信设备的激光收发模块","501","加拿大","15","进料加工贸易","44","广东省","68","千克","0","?","116,198",
"202501","85177950","光通信设备的激光收发模块","501","加拿大","15","进料加工贸易","51","四川省","2","千克","0","?","8,465",
"202501","85177950","光通信设备的激光收发模块","501","加拿大","34","海关特殊监管区域物流货物","32","江苏省","691","千克","0","?","153,116",
"202501","85177950","光通信设备的激光收发模块","501","加拿大","39","其他","33","浙江省","1","千克","0","?","608",
"202501","85177950","光通信设备的激光收发模块","502","美国","10","一般贸易","11","北京市","48","千克","0","?","401,697",
"202501","85177950","光通信设备的激光收发模块","502","美国","10","一般贸易","31","上海市","830","千克","0","?","1,937,950",
"202501","85177950","光通信设备的激光收发模块","502","美国","10","一般贸易","32","江苏省","10150","千克","0","?","32,331,679",
"202501","85177950","光通信设备的激光收发模块","502","美国","10","一般贸易","33","浙江省","146","千克","0","?","97,879",
"202501","85177950","光通信设备的激光收发模块","502","美国","10","一般贸易","34","安徽省","1","千克","0","?","8,220",
"202501","85177950","光通信设备的激光收发模块","502","美国","10","一般贸易","35","福建省","1","千克","0","?","423",
"202501","85177950","光通信设备的激光收发模块","502","美国","10","一般贸易","36","江西省","1","千克","0","?","250",
"202501","85177950","光通信设备的激光收发模块","502","美国","10","一般贸易","37","山东省","17","千克","0","?","96,052",
"202501","85177950","光通信设备的激光收发模块","502","美国","10","一般贸易","42","湖北省","8354","千克","0","?","13,297,088",
"202501","85177950","光通信设备的激光收发模块","502","美国","10","一般贸易","43","湖南省","0","千克","0","?","3,352",
"202501","85177950","光通信设备的激光收发模块","502","美国","10","一般贸易","44","广东省","12752","千克","0","?","10,866,135",
"202501","85177950","光通信设备的激光收发模块","502","美国","10","一般贸易","45","广西壮族自治区","6","千克","0","?","514",
"202501","85177950","光通信设备的激光收发模块","502","美国","10","一般贸易","51","四川省","25548","千克","0","?","74,592,764",
"202501","85177950","光通信设备的激光收发模块","502","美国","10","一般贸易","52","贵州省","0","千克","0","?","5",
"202501","85177950","光通信设备的激光收发模块","502","美国","15","进料加工贸易","32","江苏省","48667","千克","0","?","30,495,100",
"202501","85177950","光通信设备的激光收发模块","502","美国","15","进料加工贸易","42","湖北省","1438","千克","0","?","1,215,053",
"202501","85177950","光通信设备的激光收发模块","502","美国","15","进料加工贸易","44","广东省","168","千克","0","?","68,601",
"202501","85177950","光通信设备的激光收发模块","502","美国","15","进料加工贸易","51","四川省","2811","千克","0","?","9,691,464",
"202501","85177950","光通信设备的激光收发模块","502","美国","33","保税监管场所进出境货物","44","广东省","2445","千克","0","?","393,192",
"202501","85177950","光通信设备的激光收发模块","502","美国","34","海关特殊监管区域物流货物","11","北京市","4","千克","0","?","70,453",
"202501","85177950","光通信设备的激光收发模块","502","美国","34","海关特殊监管区域物流货物","31","上海市","10089","千克","0","?","17,369,130",
"202501","85177950","光通信设备的激光收发模块","502","美国","34","海关特殊监管区域物流货物","32","江苏省","295","千克","0","?","101,628",
"202501","85177950","光通信设备的激光收发模块","502","美国","34","海关特殊监管区域物流货物","42","湖北省","1078","千克","0","?","749,700",
"202501","85177950","光通信设备的激光收发模块","502","美国","34","海关特殊监管区域物流货物","44","广东省","1","千克","0","?","1,000",
"202501","85177950","光通信设备的激光收发模块","502","美国","39","其他","32","江苏省","3","千克","0","?","8,624",
"202501","85177950","光通信设备的激光收发模块","504","百慕大","10","一般贸易","44","广东省","0","千克","0","?","900",
"202501","85177950","光通信设备的激光收发模块","601","澳大利亚","10","一般贸易","11","北京市","1","千克","0","?","200",
"202501","85177950","光通信设备的激光收发模块","601","澳大利亚","10","一般贸易","31","上海市","0","千克","0","?","152",
"202501","85177950","光通信设备的激光收发模块","601","澳大利亚","10","一般贸易","33","浙江省","0","千克","0","?","486",
"202501","85177950","光通信设备的激光收发模块","601","澳大利亚","10","一般贸易","35","福建省","1","千克","0","?","70",
"202501","85177950","光通信设备的激光收发模块","601","澳大利亚","10","一般贸易","37","山东省","0","千克","0","?","15",
"202501","85177950","光通信设备的激光收发模块","601","澳大利亚","10","一般贸易","42","湖北省","7","千克","0","?","40,414",
"202501","85177950","光通信设备的激光收发模块","601","澳大利亚","10","一般贸易","43","湖南省","1","千克","0","?","11,650",
"202501","85177950","光通信设备的激光收发模块","601","澳大利亚","10","一般贸易","44","广东省","71","千克","0","?","92,493",
"202501","85177950","光通信设备的激光收发模块","601","澳大利亚","10","一般贸易","45","广西壮族自治区","1","千克","0","?","35",
"202501","85177950","光通信设备的激光收发模块","601","澳大利亚","10","一般贸易","51","四川省","8","千克","0","?","40,910",
"202501","85177950","光通信设备的激光收发模块","601","澳大利亚","10","一般贸易","52","贵州省","1","千克","0","?","42",
"202501","85177950","光通信设备的激光收发模块","601","澳大利亚","15","进料加工贸易","32","江苏省","0","千克","0","?","471",
"202501","85177950","光通信设备的激光收发模块","601","澳大利亚","15","进料加工贸易","33","浙江省","26","千克","0","?","24,306",
"202501","85177950","光通信设备的激光收发模块","601","澳大利亚","15","进料加工贸易","35","福建省","2","千克","0","?","8,323",
"202501","85177950","光通信设备的激光收发模块","601","澳大利亚","15","进料加工贸易","44","广东省","0","千克","0","?","713",
"202501","85177950","光通信设备的激光收发模块","601","澳大利亚","33","保税监管场所进出境货物","32","江苏省","189","千克","0","?","61,790",
"202501","85177950","光通信设备的激光收发模块","601","澳大利亚","33","保税监管场所进出境货物","44","广东省","7","千克","0","?","9,392",
"202501","85177950","光通信设备的激光收发模块","601","澳大利亚","34","海关特殊监管区域物流货物","31","上海市","0","千克","0","?","528",
"202501","85177950","光通信设备的激光收发模块","601","澳大利亚","34","海关特殊监管区域物流货物","32","江苏省","204","千克","0","?","42,847",
"202501","85177950","光通信设备的激光收发模块","601","澳大利亚","34","海关特殊监管区域物流货物","42","湖北省","228","千克","0","?","250,446",
"202501","85177950","光通信设备的激光收发模块","603","斐济","34","海关特殊监管区域物流货物","32","江苏省","3","千克","0","?","935",
"202501","85177950","光通信设备的激光收发模块","609","新西兰","10","一般贸易","35","福建省","0","千克","0","?","22",
"202501","85177950","光通信设备的激光收发模块","609","新西兰","10","一般贸易","37","山东省","1","千克","0","?","90",
"202501","85177950","光通信设备的激光收发模块","609","新西兰","10","一般贸易","44","广东省","4","千克","0","?","3,793",
"202501","85177950","光通信设备的激光收发模块","609","新西兰","10","一般贸易","45","广西壮族自治区","3","千克","0","?","55",
"202501","85177950","光通信设备的激光收发模块","609","新西兰","15","进料加工贸易","35","福建省","0","千克","0","?","683",
"202501","85177950","光通信设备的激光收发模块","609","新西兰","15","进料加工贸易","44","广东省","1","千克","0","?","11,376",
"202501","85177950","光通信设备的激光收发模块","609","新西兰","34","海关特殊监管区域物流货物","32","江苏省","54","千克","0","?","27,840",
"202501","85177950","光通信设备的激光收发模块","611","巴布亚新几内亚","10","一般贸易","35","福建省","0","千克","0","?","1,994",
"202501","85177950","光通信设备的激光收发模块","611","巴布亚新几内亚","10","一般贸易","44","广东省","1","千克","0","?","2,361",
"202501","85177950","光通信设备的激光收发模块","617","萨摩亚","10","一般贸易","44","广东省","0","千克","0","?","228",
"202501","85177950","光通信设备的激光收发模块","618","基里巴斯","10","一般贸易","44","广东省","1","千克","0","?","228",
"202502","85177950","光通信设备的激光收发模块","101","阿富汗","10","一般贸易","44","广东省","4","千克","0","?","425,961",
"202502","85177950","光通信设备的激光收发模块","102","巴林","10","一般贸易","33","浙江省","0","千克","0","?","170",
"202502","85177950","光通信设备的激光收发模块","102","巴林","10","一般贸易","44","广东省","0","千克","0","?","3,250",
"202502","85177950","光通信设备的激光收发模块","103","孟加拉国","10","一般贸易","33","浙江省","21","千克","0","?","886",
"202502","85177950","光通信设备的激光收发模块","103","孟加拉国","10","一般贸易","44","广东省","46","千克","0","?","35,486",
"202502","85177950","光通信设备的激光收发模块","103","孟加拉国","33","保税监管场所进出境货物","44","广东省","80","千克","0","?","1,107",
"202502","85177950","光通信设备的激光收发模块","104","不丹","34","海关特殊监管区域物流货物","32","江苏省","0","千克","0","?","93",
"202502","85177950","光通信设备的激光收发模块","105","文莱","10","一般贸易","33","浙江省","1","千克","0","?","348",
"202502","85177950","光通信设备的激光收发模块","105","文莱","10","一般贸易","44","广东省","12","千克","0","?","5,866",
"202502","85177950","光通信设备的激光收发模块","106","缅甸","10","一般贸易","33","浙江省","3","千克","0","?","2,432",
"202502","85177950","光通信设备的激光收发模块","106","缅甸","10","一般贸易","44","广东省","1508","千克","0","?","23,075",
"202502","85177950","光通信设备的激光收发模块","106","缅甸","10","一般贸易","53","云南省","1","千克","0","?","37",
"202502","85177950","光通信设备的激光收发模块","107","柬埔寨","10","一般贸易","33","浙江省","2","千克","0","?","1,531",
"202502","85177950","光通信设备的激光收发模块","107","柬埔寨","10","一般贸易","44","广东省","22","千克","0","?","4,116",
"202502","85177950","光通信设备的激光收发模块","110","中国香港","10","一般贸易","11","北京市","12","千克","0","?","40,725",
"202502","85177950","光通信设备的激光收发模块","110","中国香港","10","一般贸易","31","上海市","68","千克","0","?","98,193",
"202502","85177950","光通信设备的激光收发模块","110","中国香港","10","一般贸易","32","江苏省","817","千克","0","?","1,247,080",
"202502","85177950","光通信设备的激光收发模块","110","中国香港","10","一般贸易","33","浙江省","615","千克","0","?","704,152",
"202502","85177950","光通信设备的激光收发模块","110","中国香港","10","一般贸易","34","安徽省","51","千克","0","?","199,636",
"202502","85177950","光通信设备的激光收发模块","110","中国香港","10","一般贸易","35","福建省","1","千克","0","?","4,789",
"202502","85177950","光通信设备的激光收发模块","110","中国香港","10","一般贸易","37","山东省","278","千克","0","?","134,309",
"202502","85177950","光通信设备的激光收发模块","110","中国香港","10","一般贸易","41","河南省","0","千克","0","?","7",
"202502","85177950","光通信设备的激光收发模块","110","中国香港","10","一般贸易","42","湖北省","401","千克","0","?","827,618",
"202502","85177950","光通信设备的激光收发模块","110","中国香港","10","一般贸易","43","湖南省","2","千克","0","?","3,574",
"202502","85177950","光通信设备的激光收发模块","110","中国香港","10","一般贸易","44","广东省","775","千克","0","?","1,080,370",
"202502","85177950","光通信设备的激光收发模块","110","中国香港","10","一般贸易","46","海南省","93","千克","0","?","60,156",
"202502","85177950","光通信设备的激光收发模块","110","中国香港","10","一般贸易","51","四川省","239","千克","0","?","602,649",
"202502","85177950","光通信设备的激光收发模块","110","中国香港","10","一般贸易","52","贵州省","29","千克","0","?","31,078",
"202502","85177950","光通信设备的激光收发模块","110","中国香港","15","进料加工贸易","32","江苏省","1161","千克","0","?","2,634,169",
"202502","85177950","光通信设备的激光收发模块","110","中国香港","15","进料加工贸易","35","福建省","0","千克","0","?","3,426",
"202502","85177950","光通信设备的激光收发模块","110","中国香港","15","进料加工贸易","44","广东省","17","千克","0","?","202,557",
"202502","85177950","光通信设备的激光收发模块","110","中国香港","15","进料加工贸易","51","四川省","102","千克","0","?","67,937",
"202502","85177950","光通信设备的激光收发模块","110","中国香港","33","保税监管场所进出境货物","44","广东省","0","千克","0","?","144",
"202502","85177950","光通信设备的激光收发模块","110","中国香港","34","海关特殊监管区域物流货物","32","江苏省","22","千克","0","?","35,139",
"202502","85177950","光通信设备的激光收发模块","110","中国香港","34","海关特殊监管区域物流货物","44","广东省","803","千克","0","?","634,627",
"202502","85177950","光通信设备的激光收发模块","111","印度","10","一般贸易","11","北京市","0","千克","0","?","350",
"202502","85177950","光通信设备的激光收发模块","111","印度","10","一般贸易","21","辽宁省","0","千克","0","?","761",
"202502","85177950","光通信设备的激光收发模块","111","印度","10","一般贸易","32","江苏省","25","千克","0","?","60,565",
"202502","85177950","光通信设备的激光收发模块","111","印度","10","一般贸易","33","浙江省","80","千克","0","?","23,114",
"202502","85177950","光通信设备的激光收发模块","111","印度","10","一般贸易","35","福建省","7","千克","0","?","2,132",
"202502","85177950","光通信设备的激光收发模块","111","印度","10","一般贸易","42","湖北省","571","千克","0","?","154,892",
"202502","85177950","光通信设备的激光收发模块","111","印度","10","一般贸易","44","广东省","1345","千克","0","?","513,259",
"202502","85177950","光通信设备的激光收发模块","111","印度","10","一般贸易","51","四川省","130","千克","0","?","94,913",
"202502","85177950","光通信设备的激光收发模块","111","印度","15","进料加工贸易","32","江苏省","166","千克","0","?","511,552",
"202502","85177950","光通信设备的激光收发模块","111","印度","15","进料加工贸易","44","广东省","1","千克","0","?","14,849",
"202502","85177950","光通信设备的激光收发模块","111","印度","15","进料加工贸易","51","四川省","1","千克","0","?","2,268",
"202502","85177950","光通信设备的激光收发模块","111","印度","34","海关特殊监管区域物流货物","32","江苏省","2711","千克","0","?","549,843",
"202502","85177950","光通信设备的激光收发模块","111","印度","34","海关特殊监管区域物流货物","44","广东省","2","千克","0","?","3,185",
"202502","85177950","光通信设备的激光收发模块","111","印度","39","其他","44","广东省","37","千克","0","?","851,249",
"202502","85177950","光通信设备的激光收发模块","112","印度尼西亚","10","一般贸易","31","上海市","0","千克","0","?","769",
"202502","85177950","光通信设备的激光收发模块","112","印度尼西亚","10","一般贸易","32","江苏省","159","千克","0","?","15,784",
"202502","85177950","光通信设备的激光收发模块","112","印度尼西亚","10","一般贸易","33","浙江省","88","千克","0","?","120,895",
"202502","85177950","光通信设备的激光收发模块","112","印度尼西亚","10","一般贸易","35","福建省","16","千克","0","?","22,865",
"202502","85177950","光通信设备的激光收发模块","112","印度尼西亚","10","一般贸易","41","河南省","0","千克","0","?","18",
"202502","85177950","光通信设备的激光收发模块","112","印度尼西亚","10","一般贸易","42","湖北省","447","千克","0","?","643,840",
"202502","85177950","光通信设备的激光收发模块","112","印度尼西亚","10","一般贸易","44","广东省","1552","千克","0","?","1,282,209",
"202502","85177950","光通信设备的激光收发模块","112","印度尼西亚","10","一般贸易","52","贵州省","36","千克","0","?","14,473",
"202502","85177950","光通信设备的激光收发模块","112","印度尼西亚","15","进料加工贸易","35","福建省","4","千克","0","?","7,588",
"202502","85177950","光通信设备的激光收发模块","112","印度尼西亚","15","进料加工贸易","44","广东省","1","千克","0","?","487",
"202502","85177950","光通信设备的激光收发模块","112","印度尼西亚","33","保税监管场所进出境货物","32","江苏省","20","千克","0","?","4,956",
"202502","85177950","光通信设备的激光收发模块","112","印度尼西亚","33","保税监管场所进出境货物","44","广东省","82","千克","0","?","34,859",
"202502","85177950","光通信设备的激光收发模块","112","印度尼西亚","34","海关特殊监管区域物流货物","32","江苏省","301","千克","0","?","50,067",
"202502","85177950","光通信设备的激光收发模块","113","伊朗","10","一般贸易","37","山东省","216","千克","0","?","4,406",
"202502","85177950","光通信设备的激光收发模块","113","伊朗","10","一般贸易","51","四川省","217","千克","0","?","4,557",
"202502","85177950","光通信设备的激光收发模块","114","伊拉克","10","一般贸易","32","江苏省","196","千克","0","?","12,897",
"202502","85177950","光通信设备的激光收发模块","114","伊拉克","10","一般贸易","44","广东省","118","千克","0","?","29,495",
"202502","85177950","光通信设备的激光收发模块","114","伊拉克","10","一般贸易","50","重庆市","186","千克","0","?","13,169",
"202502","85177950","光通信设备的激光收发模块","115","以色列","10","一般贸易","31","上海市","0","千克","0","?","98",
"202502","85177950","光通信设备的激光收发模块","115","以色列","10","一般贸易","33","浙江省","11","千克","0","?","22,093",
"202502","85177950","光通信设备的激光收发模块","115","以色列","10","一般贸易","37","山东省","1","千克","0","?","152",
"202502","85177950","光通信设备的激光收发模块","115","以色列","10","一般贸易","42","湖北省","65","千克","0","?","115,836",
"202502","85177950","光通信设备的激光收发模块","115","以色列","10","一般贸易","44","广东省","589","千克","0","?","246,419",
"202502","85177950","光通信设备的激光收发模块","115","以色列","10","一般贸易","51","四川省","71","千克","0","?","58,412",
"202502","85177950","光通信设备的激光收发模块","115","以色列","15","进料加工贸易","32","江苏省","45","千克","0","?","23,368",
"202502","85177950","光通信设备的激光收发模块","116","日本","10","一般贸易","31","上海市","47","千克","0","?","97,956",
"202502","85177950","光通信设备的激光收发模块","116","日本","10","一般贸易","32","江苏省","194","千克","0","?","278,874",
"202502","85177950","光通信设备的激光收发模块","116","日本","10","一般贸易","33","浙江省","64","千克","0","?","66,377",
"202502","85177950","光通信设备的激光收发模块","116","日本","10","一般贸易","34","安徽省","5","千克","0","?","7,636",
"202502","85177950","光通信设备的激光收发模块","116","日本","10","一般贸易","35","福建省","2","千克","0","?","19,674",
"202502","85177950","光通信设备的激光收发模块","116","日本","10","一般贸易","37","山东省","16","千克","0","?","5,970",
"202502","85177950","光通信设备的激光收发模块","116","日本","10","一般贸易","42","湖北省","356","千克","0","?","232,572",
"202502","85177950","光通信设备的激光收发模块","116","日本","10","一般贸易","44","广东省","779","千克","0","?","433,810",
"202502","85177950","光通信设备的激光收发模块","116","日本","10","一般贸易","51","四川省","324","千克","0","?","224,726",
"202502","85177950","光通信设备的激光收发模块","116","日本","15","进料加工贸易","32","江苏省","166","千克","0","?","163,919",
"202502","85177950","光通信设备的激光收发模块","116","日本","15","进料加工贸易","35","福建省","20","千克","0","?","40,397",
"202502","85177950","光通信设备的激光收发模块","116","日本","15","进料加工贸易","44","广东省","0","千克","0","?","37,934",
"202502","85177950","光通信设备的激光收发模块","116","日本","15","进料加工贸易","51","四川省","23","千克","0","?","46,803",
"202502","85177950","光通信设备的激光收发模块","116","日本","34","海关特殊监管区域物流货物","32","江苏省","106","千克","0","?","79,657",
"202502","85177950","光通信设备的激光收发模块","116","日本","34","海关特殊监管区域物流货物","42","湖北省","55","千克","0","?","96,655",
"202502","85177950","光通信设备的激光收发模块","116","日本","39","其他","35","福建省","0","千克","0","?","285",
"202502","85177950","光通信设备的激光收发模块","117","约旦","10","一般贸易","33","浙江省","0","千克","0","?","4",
"202502","85177950","光通信设备的激光收发模块","117","约旦","10","一般贸易","35","福建省","2","千克","0","?","1,138",
"202502","85177950","光通信设备的激光收发模块","117","约旦","10","一般贸易","44","广东省","29","千克","0","?","1,393",
"202502","85177950","光通信设备的激光收发模块","118","科威特","10","一般贸易","44","广东省","0","千克","0","?","4,638",
"202502","85177950","光通信设备的激光收发模块","118","科威特","10","一般贸易","51","四川省","391","千克","0","?","6,178",
"202502","85177950","光通信设备的激光收发模块","118","科威特","15","进料加工贸易","44","广东省","0","千克","0","?","132",
"202502","85177950","光通信设备的激光收发模块","119","老挝","10","一般贸易","44","广东省","13","千克","0","?","45,522",
"202502","85177950","光通信设备的激光收发模块","119","老挝","34","海关特殊监管区域物流货物","45","广西壮族自治区","0","千克","0","?","67",
"202502","85177950","光通信设备的激光收发模块","120","黎巴嫩","10","一般贸易","50","重庆市","132","千克","0","?","9,029",
"202502","85177950","光通信设备的激光收发模块","121","中国澳门","10","一般贸易","44","广东省","7","千克","0","?","4,036",
"202502","85177950","光通信设备的激光收发模块","122","马来西亚","10","一般贸易","23","黑龙江省","0","千克","0","?","421",
"202502","85177950","光通信设备的激光收发模块","122","马来西亚","10","一般贸易","31","上海市","1958","千克","0","?","1,210,845",
"202502","85177950","光通信设备的激光收发模块","122","马来西亚","10","一般贸易","32","江苏省","1057","千克","0","?","1,383,431",
"202502","85177950","光通信设备的激光收发模块","122","马来西亚","10","一般贸易","33","浙江省","149","千克","0","?","98,930",
"202502","85177950","光通信设备的激光收发模块","122","马来西亚","10","一般贸易","35","福建省","17","千克","0","?","18,890",
"202502","85177950","光通信设备的激光收发模块","122","马来西亚","10","一般贸易","37","山东省","1690","千克","0","?","5,553,022",
"202502","85177950","光通信设备的激光收发模块","122","马来西亚","10","一般贸易","41","河南省","25","千克","0","?","8,305",
"202502","85177950","光通信设备的激光收发模块","122","马来西亚","10","一般贸易","42","湖北省","4303","千克","0","?","3,001,410",
"202502","85177950","光通信设备的激光收发模块","122","马来西亚","10","一般贸易","43","湖南省","85","千克","0","?","60,390",
"202502","85177950","光通信设备的激光收发模块","122","马来西亚","10","一般贸易","44","广东省","852","千克","0","?","768,534",
"202502","85177950","光通信设备的激光收发模块","122","马来西亚","10","一般贸易","45","广西壮族自治区","0","千克","0","?","2,450",
"202502","85177950","光通信设备的激光收发模块","122","马来西亚","10","一般贸易","51","四川省","32","千克","0","?","40,775",
"202502","85177950","光通信设备的激光收发模块","122","马来西亚","15","进料加工贸易","32","江苏省","40763","千克","0","?","77,048,213",
"202502","85177950","光通信设备的激光收发模块","122","马来西亚","15","进料加工贸易","35","福建省","0","千克","0","?","2,472",
"202502","85177950","光通信设备的激光收发模块","122","马来西亚","15","进料加工贸易","44","广东省","1310","千克","0","?","1,448,377",
"202502","85177950","光通信设备的激光收发模块","122","马来西亚","15","进料加工贸易","51","四川省","0","千克","0","?","1,120",
"202502","85177950","光通信设备的激光收发模块","122","马来西亚","34","海关特殊监管区域物流货物","32","江苏省","34","千克","0","?","14,719",
"202502","85177950","光通信设备的激光收发模块","122","马来西亚","39","其他","42","湖北省","2","千克","0","?","735",
"202502","85177950","光通信设备的激光收发模块","123","马尔代夫","10","一般贸易","37","山东省","0","千克","0","?","11",
"202502","85177950","光通信设备的激光收发模块","123","马尔代夫","10","一般贸易","44","广东省","5","千克","0","?","7,410",
"202502","85177950","光通信设备的激光收发模块","123","马尔代夫","10","一般贸易","45","广西壮族自治区","3","千克","0","?","123",
"202502","85177950","光通信设备的激光收发模块","124","蒙古","10","一般贸易","33","浙江省","1","千克","0","?","1,374",
"202502","85177950","光通信设备的激光收发模块","124","蒙古","10","一般贸易","44","广东省","1","千克","0","?","1,760",
"202502","85177950","光通信设备的激光收发模块","125","尼泊尔","10","一般贸易","31","上海市","6","千克","0","?","1,450",
"202502","85177950","光通信设备的激光收发模块","125","尼泊尔","10","一般贸易","44","广东省","201","千克","0","?","11,855",
"202502","85177950","光通信设备的激光收发模块","126","阿曼","10","一般贸易","33","浙江省","94","千克","0","?","15,095",
"202502","85177950","光通信设备的激光收发模块","126","阿曼","10","一般贸易","44","广东省","18","千克","0","?","7,036",
"202502","85177950","光通信设备的激光收发模块","127","巴基斯坦","10","一般贸易","33","浙江省","127","千克","0","?","1,031",
"202502","85177950","光通信设备的激光收发模块","127","巴基斯坦","10","一般贸易","35","福建省","0","千克","0","?","191",
"202502","85177950","光通信设备的激光收发模块","127","巴基斯坦","10","一般贸易","44","广东省","254","千克","0","?","143,870",
"202502","85177950","光通信设备的激光收发模块","127","巴基斯坦","10","一般贸易","51","四川省","40","千克","0","?","232",
"202502","85177950","光通信设备的激光收发模块","127","巴基斯坦","33","保税监管场所进出境货物","44","广东省","12","千克","0","?","2,138",
"202502","85177950","光通信设备的激光收发模块","129","菲律宾","10","一般贸易","31","上海市","5","千克","0","?","5,089",
"202502","85177950","光通信设备的激光收发模块","129","菲律宾","10","一般贸易","32","江苏省","123","千克","0","?","71,175",
"202502","85177950","光通信设备的激光收发模块","129","菲律宾","10","一般贸易","33","浙江省","49","千克","0","?","96,635",
"202502","85177950","光通信设备的激光收发模块","129","菲律宾","10","一般贸易","35","福建省","19","千克","0","?","22,849",
"202502","85177950","光通信设备的激光收发模块","129","菲律宾","10","一般贸易","37","山东省","5","千克","0","?","126",
"202502","85177950","光通信设备的激光收发模块","129","菲律宾","10","一般贸易","42","湖北省","57","千克","0","?","16,899",
"202502","85177950","光通信设备的激光收发模块","129","菲律宾","10","一般贸易","44","广东省","469","千克","0","?","292,159",
"202502","85177950","光通信设备的激光收发模块","129","菲律宾","15","进料加工贸易","44","广东省","0","千克","0","?","87",
"202502","85177950","光通信设备的激光收发模块","129","菲律宾","34","海关特殊监管区域物流货物","32","江苏省","134","千克","0","?","36,895",
"202502","85177950","光通信设备的激光收发模块","129","菲律宾","39","其他","44","广东省","1","千克","0","?","7,362",
"202502","85177950","光通信设备的激光收发模块","130","卡塔尔","10","一般贸易","33","浙江省","9","千克","0","?","12,789",
"202502","85177950","光通信设备的激光收发模块","130","卡塔尔","10","一般贸易","37","山东省","1","千克","0","?","75",
"202502","85177950","光通信设备的激光收发模块","130","卡塔尔","10","一般贸易","44","广东省","1","千克","0","?","5,789",
"202502","85177950","光通信设备的激光收发模块","131","沙特阿拉伯","10","一般贸易","33","浙江省","122","千克","0","?","43,136",
"202502","85177950","光通信设备的激光收发模块","131","沙特阿拉伯","10","一般贸易","35","福建省","10","千克","0","?","3,548",
"202502","85177950","光通信设备的激光收发模块","131","沙特阿拉伯","10","一般贸易","37","山东省","31","千克","0","?","68,655",
"202502","85177950","光通信设备的激光收发模块","131","沙特阿拉伯","10","一般贸易","42","湖北省","0","千克","0","?","260",
"202502","85177950","光通信设备的激光收发模块","131","沙特阿拉伯","10","一般贸易","44","广东省","154","千克","0","?","171,434",
"202502","85177950","光通信设备的激光收发模块","131","沙特阿拉伯","10","一般贸易","52","贵州省","34","千克","0","?","8,341",
"202502","85177950","光通信设备的激光收发模块","131","沙特阿拉伯","10","一般贸易","61","陕西省","4","千克","0","?","3,450",
"202502","85177950","光通信设备的激光收发模块","131","沙特阿拉伯","15","进料加工贸易","44","广东省","1","千克","0","?","655",
"202502","85177950","光通信设备的激光收发模块","131","沙特阿拉伯","34","海关特殊监管区域物流货物","32","江苏省","49","千克","0","?","14,606",
"202502","85177950","光通信设备的激光收发模块","132","新加坡","10","一般贸易","11","北京市","1","千克","0","?","518",
"202502","85177950","光通信设备的激光收发模块","132","新加坡","10","一般贸易","31","上海市","40","千克","0","?","6,316",
"202502","85177950","光通信设备的激光收发模块","132","新加坡","10","一般贸易","32","江苏省","519","千克","0","?","419,064",
"202502","85177950","光通信设备的激光收发模块","132","新加坡","10","一般贸易","33","浙江省","346","千克","0","?","537,640",
"202502","85177950","光通信设备的激光收发模块","132","新加坡","10","一般贸易","35","福建省","17","千克","0","?","15,099",
"202502","85177950","光通信设备的激光收发模块","132","新加坡","10","一般贸易","37","山东省","300","千克","0","?","31,529",
"202502","85177950","光通信设备的激光收发模块","132","新加坡","10","一般贸易","41","河南省","0","千克","0","?","2,571",
"202502","85177950","光通信设备的激光收发模块","132","新加坡","10","一般贸易","42","湖北省","779","千克","0","?","819,138",
"202502","85177950","光通信设备的激光收发模块","132","新加坡","10","一般贸易","44","广东省","3052","千克","0","?","778,289",
"202502","85177950","光通信设备的激光收发模块","132","新加坡","10","一般贸易","45","广西壮族自治区","1","千克","0","?","418",
"202502","85177950","光通信设备的激光收发模块","132","新加坡","10","一般贸易","51","四川省","105","千克","0","?","298,833",
"202502","85177950","光通信设备的激光收发模块","132","新加坡","10","一般贸易","52","贵州省","131","千克","0","?","99,268",
"202502","85177950","光通信设备的激光收发模块","132","新加坡","15","进料加工贸易","32","江苏省","537","千克","0","?","214,593",
"202502","85177950","光通信设备的激光收发模块","132","新加坡","15","进料加工贸易","33","浙江省","367","千克","0","?","370,989",
"202502","85177950","光通信设备的激光收发模块","132","新加坡","15","进料加工贸易","35","福建省","28","千克","0","?","37,987",
"202502","85177950","光通信设备的激光收发模块","132","新加坡","15","进料加工贸易","44","广东省","938","千克","0","?","1,901,904",
"202502","85177950","光通信设备的激光收发模块","132","新加坡","15","进料加工贸易","51","四川省","0","千克","0","?","120",
"202502","85177950","光通信设备的激光收发模块","132","新加坡","33","保税监管场所进出境货物","32","江苏省","0","千克","0","?","400",
"202502","85177950","光通信设备的激光收发模块","132","新加坡","33","保税监管场所进出境货物","44","广东省","41","千克","0","?","15,294",
"202502","85177950","光通信设备的激光收发模块","132","新加坡","34","海关特殊监管区域物流货物","32","江苏省","20","千克","0","?","7,613",
"202502","85177950","光通信设备的激光收发模块","132","新加坡","34","海关特殊监管区域物流货物","45","广西壮族自治区","2","千克","0","?","295",
"202502","85177950","光通信设备的激光收发模块","133","韩国","10","一般贸易","13","河北省","324","千克","0","?","85,620",
"202502","85177950","光通信设备的激光收发模块","133","韩国","10","一般贸易","21","辽宁省","140","千克","0","?","34,502",
"202502","85177950","光通信设备的激光收发模块","133","韩国","10","一般贸易","31","上海市","28","千克","0","?","60,816",
"202502","85177950","光通信设备的激光收发模块","133","韩国","10","一般贸易","32","江苏省","48","千克","0","?","27,900",
"202502","85177950","光通信设备的激光收发模块","133","韩国","10","一般贸易","33","浙江省","13","千克","0","?","15,541",
"202502","85177950","光通信设备的激光收发模块","133","韩国","10","一般贸易","37","山东省","297","千克","0","?","111,301",
"202502","85177950","光通信设备的激光收发模块","133","韩国","10","一般贸易","41","河南省","21","千克","0","?","31,620",
"202502","85177950","光通信设备的激光收发模块","133","韩国","10","一般贸易","42","湖北省","393","千克","0","?","190,052",
"202502","85177950","光通信设备的激光收发模块","133","韩国","10","一般贸易","44","广东省","2381","千克","0","?","1,264,818",
"202502","85177950","光通信设备的激光收发模块","133","韩国","10","一般贸易","51","四川省","765","千克","0","?","397,846",
"202502","85177950","光通信设备的激光收发模块","133","韩国","15","进料加工贸易","32","江苏省","409","千克","0","?","20,972",
"202502","85177950","光通信设备的激光收发模块","133","韩国","15","进料加工贸易","35","福建省","7","千克","0","?","9,248",
"202502","85177950","光通信设备的激光收发模块","133","韩国","15","进料加工贸易","44","广东省","1","千克","0","?","3,251",
"202502","85177950","光通信设备的激光收发模块","133","韩国","15","进料加工贸易","51","四川省","0","千克","0","?","4",
"202502","85177950","光通信设备的激光收发模块","133","韩国","34","海关特殊监管区域物流货物","32","江苏省","111","千克","0","?","273,206",
"202502","85177950","光通信设备的激光收发模块","133","韩国","34","海关特殊监管区域物流货物","44","广东省","2","千克","0","?","1,103",
"202502","85177950","光通信设备的激光收发模块","134","斯里兰卡","10","一般贸易","31","上海市","7","千克","0","?","3,745",
"202502","85177950","光通信设备的激光收发模块","134","斯里兰卡","10","一般贸易","44","广东省","19","千克","0","?","9,929",
"202502","85177950","光通信设备的激光收发模块","134","斯里兰卡","34","海关特殊监管区域物流货物","32","江苏省","0","千克","0","?","5",
"202502","85177950","光通信设备的激光收发模块","136","泰国","10","一般贸易","31","上海市","276","千克","0","?","428,919",
"202502","85177950","光通信设备的激光收发模块","136","泰国","10","一般贸易","32","江苏省","1242","千克","0","?","1,509,306",
"202502","85177950","光通信设备的激光收发模块","136","泰国","10","一般贸易","33","浙江省","4199","千克","0","?","75,107",
"202502","85177950","光通信设备的激光收发模块","136","泰国","10","一般贸易","34","安徽省","1","千克","0","?","533",
"202502","85177950","光通信设备的激光收发模块","136","泰国","10","一般贸易","35","福建省","5","千克","0","?","3,923",
"202502","85177950","光通信设备的激光收发模块","136","泰国","10","一般贸易","37","山东省","4","千克","0","?","2,280",
"202502","85177950","光通信设备的激光收发模块","136","泰国","10","一般贸易","42","湖北省","1943","千克","0","?","1,164,799",
"202502","85177950","光通信设备的激光收发模块","136","泰国","10","一般贸易","43","湖南省","13","千克","0","?","15,535",
"202502","85177950","光通信设备的激光收发模块","136","泰国","10","一般贸易","44","广东省","1500","千克","0","?","2,731,070",
"202502","85177950","光通信设备的激光收发模块","136","泰国","10","一般贸易","45","广西壮族自治区","1","千克","0","?","356",
"202502","85177950","光通信设备的激光收发模块","136","泰国","10","一般贸易","51","四川省","8729","千克","0","?","16,669,409",
"202502","85177950","光通信设备的激光收发模块","136","泰国","10","一般贸易","52","贵州省","25","千克","0","?","13,483",
"202502","85177950","光通信设备的激光收发模块","136","泰国","10","一般贸易","61","陕西省","1","千克","0","?","900",
"202502","85177950","光通信设备的激光收发模块","136","泰国","15","进料加工贸易","32","江苏省","449","千克","0","?","4,394,988",
"202502","85177950","光通信设备的激光收发模块","136","泰国","15","进料加工贸易","35","福建省","0","千克","0","?","1,018",
"202502","85177950","光通信设备的激光收发模块","136","泰国","15","进料加工贸易","44","广东省","4","千克","0","?","497",
"202502","85177950","光通信设备的激光收发模块","136","泰国","34","海关特殊监管区域物流货物","32","江苏省","440","千克","0","?","113,817",
"202502","85177950","光通信设备的激光收发模块","136","泰国","34","海关特殊监管区域物流货物","44","广东省","3","千克","0","?","1,694",
"202502","85177950","光通信设备的激光收发模块","136","泰国","39","其他","32","江苏省","0","千克","0","?","1,393",
"202502","85177950","光通信设备的激光收发模块","137","土耳其","10","一般贸易","11","北京市","0","千克","0","?","950",
"202502","85177950","光通信设备的激光收发模块","137","土耳其","10","一般贸易","33","浙江省","22","千克","0","?","15,872",
"202502","85177950","光通信设备的激光收发模块","137","土耳其","10","一般贸易","35","福建省","22","千克","0","?","17,047",
"202502","85177950","光通信设备的激光收发模块","137","土耳其","10","一般贸易","37","山东省","3","千克","0","?","159",
"202502","85177950","光通信设备的激光收发模块","137","土耳其","10","一般贸易","42","湖北省","74","千克","0","?","7,440",
"202502","85177950","光通信设备的激光收发模块","137","土耳其","10","一般贸易","44","广东省","433","千克","0","?","269,693",
"202502","85177950","光通信设备的激光收发模块","137","土耳其","33","保税监管场所进出境货物","44","广东省","19","千克","0","?","800",
"202502","85177950","光通信设备的激光收发模块","137","土耳其","34","海关特殊监管区域物流货物","32","江苏省","564","千克","0","?","52,913",
"202502","85177950","光通信设备的激光收发模块","138","阿联酋","10","一般贸易","11","北京市","5","千克","0","?","5,818",
"202502","85177950","光通信设备的激光收发模块","138","阿联酋","10","一般贸易","31","上海市","0","千克","0","?","128",
"202502","85177950","光通信设备的激光收发模块","138","阿联酋","10","一般贸易","32","江苏省","350","千克","0","?","9,814",
"202502","85177950","光通信设备的激光收发模块","138","阿联酋","10","一般贸易","33","浙江省","18","千克","0","?","11,513",
"202502","85177950","光通信设备的激光收发模块","138","阿联酋","10","一般贸易","42","湖北省","41","千克","0","?","12,250",
"202502","85177950","光通信设备的激光收发模块","138","阿联酋","10","一般贸易","44","广东省","1151","千克","0","?","769,951",
"202502","85177950","光通信设备的激光收发模块","138","阿联酋","10","一般贸易","51","四川省","512","千克","0","?","115,686",
"202502","85177950","光通信设备的激光收发模块","138","阿联酋","10","一般贸易","52","贵州省","3","千克","0","?","693",
"202502","85177950","光通信设备的激光收发模块","138","阿联酋","15","进料加工贸易","44","广东省","0","千克","0","?","527",
"202502","85177950","光通信设备的激光收发模块","138","阿联酋","33","保税监管场所进出境货物","44","广东省","4","千克","0","?","370",
"202502","85177950","光通信设备的激光收发模块","138","阿联酋","34","海关特殊监管区域物流货物","32","江苏省","33","千克","0","?","8,734",
"202502","85177950","光通信设备的激光收发模块","138","阿联酋","34","海关特殊监管区域物流货物","35","福建省","11","千克","0","?","7,723",
"202502","85177950","光通信设备的激光收发模块","141","越南","10","一般贸易","11","北京市","11","千克","0","?","41,850",
"202502","85177950","光通信设备的激光收发模块","141","越南","10","一般贸易","31","上海市","47","千克","0","?","35,585",
"202502","85177950","光通信设备的激光收发模块","141","越南","10","一般贸易","32","江苏省","170","千克","0","?","120,114",
"202502","85177950","光通信设备的激光收发模块","141","越南","10","一般贸易","33","浙江省","88","千克","0","?","38,394",
"202502","85177950","光通信设备的激光收发模块","141","越南","10","一般贸易","35","福建省","6","千克","0","?","3,578",
"202502","85177950","光通信设备的激光收发模块","141","越南","10","一般贸易","37","山东省","2","千克","0","?","1,285",
"202502","85177950","光通信设备的激光收发模块","141","越南","10","一般贸易","42","湖北省","373","千克","0","?","100,980",
"202502","85177950","光通信设备的激光收发模块","141","越南","10","一般贸易","43","湖南省","11","千克","0","?","4,580",
"202502","85177950","光通信设备的激光收发模块","141","越南","10","一般贸易","44","广东省","602","千克","0","?","327,030",
"202502","85177950","光通信设备的激光收发模块","141","越南","10","一般贸易","45","广西壮族自治区","1","千克","0","?","65",
"202502","85177950","光通信设备的激光收发模块","141","越南","10","一般贸易","51","四川省","149","千克","0","?","210,993",
"202502","85177950","光通信设备的激光收发模块","141","越南","15","进料加工贸易","32","江苏省","29","千克","0","?","7,889",
"202502","85177950","光通信设备的激光收发模块","141","越南","15","进料加工贸易","51","四川省","591","千克","0","?","766,912",
"202502","85177950","光通信设备的激光收发模块","141","越南","33","保税监管场所进出境货物","32","江苏省","212","千克","0","?","110,837",
"202502","85177950","光通信设备的激光收发模块","141","越南","33","保税监管场所进出境货物","44","广东省","61","千克","0","?","23,453",
"202502","85177950","光通信设备的激光收发模块","141","越南","34","海关特殊监管区域物流货物","31","上海市","11","千克","0","?","4,150",
"202502","85177950","光通信设备的激光收发模块","141","越南","34","海关特殊监管区域物流货物","32","江苏省","40","千克","0","?","24,517",
"202502","85177950","光通信设备的激光收发模块","141","越南","34","海关特殊监管区域物流货物","35","福建省","4","千克","0","?","3,236",
"202502","85177950","光通信设备的激光收发模块","141","越南","34","海关特殊监管区域物流货物","45","广西壮族自治区","210","千克","0","?","268,606",
"202502","85177950","光通信设备的激光收发模块","143","中国台湾","10","一般贸易","12","天津市","42","千克","0","?","5,239",
"202502","85177950","光通信设备的激光收发模块","143","中国台湾","10","一般贸易","13","河北省","183","千克","0","?","36,457",
"202502","85177950","光通信设备的激光收发模块","143","中国台湾","10","一般贸易","31","上海市","31","千克","0","?","10,897",
"202502","85177950","光通信设备的激光收发模块","143","中国台湾","10","一般贸易","32","江苏省","205","千克","0","?","653,535",
"202502","85177950","光通信设备的激光收发模块","143","中国台湾","10","一般贸易","33","浙江省","910","千克","0","?","1,162,543",
"202502","85177950","光通信设备的激光收发模块","143","中国台湾","10","一般贸易","34","安徽省","32","千克","0","?","9,313",
"202502","85177950","光通信设备的激光收发模块","143","中国台湾","10","一般贸易","35","福建省","23","千克","0","?","15,660",
"202502","85177950","光通信设备的激光收发模块","143","中国台湾","10","一般贸易","37","山东省","318","千克","0","?","82,049",
"202502","85177950","光通信设备的激光收发模块","143","中国台湾","10","一般贸易","42","湖北省","295","千克","0","?","190,539",
"202502","85177950","光通信设备的激光收发模块","143","中国台湾","10","一般贸易","43","湖南省","4","千克","0","?","4,800",
"202502","85177950","光通信设备的激光收发模块","143","中国台湾","10","一般贸易","44","广东省","6497","千克","0","?","4,458,623",
"202502","85177950","光通信设备的激光收发模块","143","中国台湾","10","一般贸易","51","四川省","76","千克","0","?","54,165",
"202502","85177950","光通信设备的激光收发模块","143","中国台湾","15","进料加工贸易","32","江苏省","20","千克","0","?","3,623",
"202502","85177950","光通信设备的激光收发模块","143","中国台湾","15","进料加工贸易","33","浙江省","2750","千克","0","?","3,163,113",
"202502","85177950","光通信设备的激光收发模块","143","中国台湾","15","进料加工贸易","35","福建省","8","千克","0","?","13,400",
"202502","85177950","光通信设备的激光收发模块","143","中国台湾","15","进料加工贸易","44","广东省","6","千克","0","?","4,115",
"202502","85177950","光通信设备的激光收发模块","143","中国台湾","15","进料加工贸易","51","四川省","6656","千克","0","?","8,637,606",
"202502","85177950","光通信设备的激光收发模块","143","中国台湾","34","海关特殊监管区域物流货物","32","江苏省","113","千克","0","?","40,238",
"202502","85177950","光通信设备的激光收发模块","144","东帝汶","10","一般贸易","44","广东省","0","千克","0","?","879",
"202502","85177950","光通信设备的激光收发模块","145","哈萨克斯坦","10","一般贸易","11","北京市","15","千克","0","?","10,018",
"202502","85177950","光通信设备的激光收发模块","145","哈萨克斯坦","10","一般贸易","31","上海市","69","千克","0","?","47,828",
"202502","85177950","光通信设备的激光收发模块","145","哈萨克斯坦","10","一般贸易","33","浙江省","14","千克","0","?","344",
"202502","85177950","光通信设备的激光收发模块","145","哈萨克斯坦","10","一般贸易","35","福建省","1","千克","0","?","2,154",
"202502","85177950","光通信设备的激光收发模块","145","哈萨克斯坦","10","一般贸易","41","河南省","3","千克","0","?","1,223",
"202502","85177950","光通信设备的激光收发模块","145","哈萨克斯坦","10","一般贸易","44","广东省","31","千克","0","?","15,054",
"202502","85177950","光通信设备的激光收发模块","146","吉尔吉斯斯坦","10","一般贸易","42","湖北省","46","千克","0","?","29,399",
"202502","85177950","光通信设备的激光收发模块","146","吉尔吉斯斯坦","10","一般贸易","44","广东省","34","千克","0","?","83,063",
"202502","85177950","光通信设备的激光收发模块","146","吉尔吉斯斯坦","19","边境小额贸易","65","新疆维吾尔自治区","20","千克","0","?","12,569",
"202502","85177950","光通信设备的激光收发模块","147","塔吉克斯坦","10","一般贸易","35","福建省","0","千克","0","?","187",
"202502","85177950","光通信设备的激光收发模块","147","塔吉克斯坦","10","一般贸易","44","广东省","1","千克","0","?","601",
"202502","85177950","光通信设备的激光收发模块","149","乌兹别克斯坦","10","一般贸易","31","上海市","17","千克","0","?","6,108",
"202502","85177950","光通信设备的激光收发模块","149","乌兹别克斯坦","10","一般贸易","33","浙江省","57","千克","0","?","61,029",
"202502","85177950","光通信设备的激光收发模块","149","乌兹别克斯坦","10","一般贸易","42","湖北省","40","千克","0","?","6,025",
"202502","85177950","光通信设备的激光收发模块","149","乌兹别克斯坦","10","一般贸易","44","广东省","8","千克","0","?","12,129",
"202502","85177950","光通信设备的激光收发模块","150","格鲁吉亚","10","一般贸易","31","上海市","0","千克","0","?","248",
"202502","85177950","光通信设备的激光收发模块","150","格鲁吉亚","10","一般贸易","44","广东省","161","千克","0","?","91,190",
"202502","85177950","光通信设备的激光收发模块","151","亚美尼亚","10","一般贸易","31","上海市","12","千克","0","?","537",
"202502","85177950","光通信设备的激光收发模块","151","亚美尼亚","10","一般贸易","44","广东省","2","千克","0","?","4,615",
"202502","85177950","光通信设备的激光收发模块","152","阿塞拜疆","10","一般贸易","33","浙江省","1","千克","0","?","2,851",
"202502","85177950","光通信设备的激光收发模块","152","阿塞拜疆","10","一般贸易","42","湖北省","2","千克","0","?","1,543",
"202502","85177950","光通信设备的激光收发模块","152","阿塞拜疆","10","一般贸易","44","广东省","20","千克","0","?","252,421",
"202502","85177950","光通信设备的激光收发模块","201","阿尔及利亚","10","一般贸易","33","浙江省","0","千克","0","?","245",
"202502","85177950","光通信设备的激光收发模块","201","阿尔及利亚","10","一般贸易","42","湖北省","71","千克","0","?","84,260",
"202502","85177950","光通信设备的激光收发模块","201","阿尔及利亚","10","一般贸易","44","广东省","1134","千克","0","?","249,269",
"202502","85177950","光通信设备的激光收发模块","201","阿尔及利亚","34","海关特殊监管区域物流货物","32","江苏省","70","千克","0","?","17,670",
"202502","85177950","光通信设备的激光收发模块","202","安哥拉","10","一般贸易","44","广东省","38","千克","0","?","8,714",
"202502","85177950","光通信设备的激光收发模块","202","安哥拉","22","对外承包工程出口货物","11","北京市","18","千克","0","?","42",
"202502","85177950","光通信设备的激光收发模块","203","贝宁","10","一般贸易","44","广东省","54","千克","0","?","19,755",
"202502","85177950","光通信设备的激光收发模块","204","博茨瓦纳","10","一般贸易","44","广东省","1","千克","0","?","702",
"202502","85177950","光通信设备的激光收发模块","205","布隆迪","10","一般贸易","44","广东省","0","千克","0","?","63",
"202502","85177950","光通信设备的激光收发模块","206","喀麦隆","10","一般贸易","44","广东省","115","千克","0","?","24,476",
"202502","85177950","光通信设备的激光收发模块","208","佛得角","10","一般贸易","44","广东省","1","千克","0","?","148",
"202502","85177950","光通信设备的激光收发模块","211","乍得","10","一般贸易","44","广东省","4","千克","0","?","807",
"202502","85177950","光通信设备的激光收发模块","213","刚果共和国","10","一般贸易","44","广东省","16","千克","0","?","7,280",
"202502","85177950","光通信设备的激光收发模块","214","吉布提","10","一般贸易","33","浙江省","1","千克","0","?","208",
"202502","85177950","光通信设备的激光收发模块","215","埃及","10","一般贸易","33","浙江省","6","千克","0","?","1,084",
"202502","85177950","光通信设备的激光收发模块","215","埃及","10","一般贸易","44","广东省","745","千克","0","?","150,519",
"202502","85177950","光通信设备的激光收发模块","215","埃及","15","进料加工贸易","44","广东省","0","千克","0","?","65",
"202502","85177950","光通信设备的激光收发模块","216","赤道几内亚","10","一般贸易","44","广东省","0","千克","0","?","55",
"202502","85177950","光通信设备的激光收发模块","217","埃塞俄比亚","10","一般贸易","37","山东省","2","千克","0","?","396",
"202502","85177950","光通信设备的激光收发模块","217","埃塞俄比亚","10","一般贸易","44","广东省","144","千克","0","?","29,880",
"202502","85177950","光通信设备的激光收发模块","217","埃塞俄比亚","39","其他","44","广东省","6","千克","0","?","313,130",
"202502","85177950","光通信设备的激光收发模块","218","加蓬","10","一般贸易","44","广东省","0","千克","0","?","32",
"202502","85177950","光通信设备的激光收发模块","220","加纳","10","一般贸易","44","广东省","193","千克","0","?","88,912",
"202502","85177950","光通信设备的激光收发模块","221","几内亚","10","一般贸易","11","北京市","16","千克","0","?","144,678",
"202502","85177950","光通信设备的激光收发模块","221","几内亚","10","一般贸易","44","广东省","49","千克","0","?","40,125",
"202502","85177950","光通信设备的激光收发模块","223","科特迪瓦","10","一般贸易","44","广东省","166","千克","0","?","146,872",
"202502","85177950","光通信设备的激光收发模块","224","肯尼亚","10","一般贸易","31","上海市","8","千克","0","?","5,980",
"202502","85177950","光通信设备的激光收发模块","224","肯尼亚","10","一般贸易","33","浙江省","11","千克","0","?","4,745",
"202502","85177950","光通信设备的激光收发模块","224","肯尼亚","10","一般贸易","44","广东省","37","千克","0","?","31,684",
"202502","85177950","光通信设备的激光收发模块","224","肯尼亚","10","一般贸易","51","四川省","137","千克","0","?","2,781",
"202502","85177950","光通信设备的激光收发模块","224","肯尼亚","34","海关特殊监管区域物流货物","32","江苏省","64","千克","0","?","12,424",
"202502","85177950","光通信设备的激光收发模块","226","利比亚","10","一般贸易","44","广东省","2","千克","0","?","267,510",
"202502","85177950","光通信设备的激光收发模块","227","马达加斯加","10","一般贸易","44","广东省","1","千克","0","?","630",
"202502","85177950","光通信设备的激光收发模块","228","马拉维","10","一般贸易","44","广东省","0","千克","0","?","2,956",
"202502","85177950","光通信设备的激光收发模块","228","马拉维","34","海关特殊监管区域物流货物","32","江苏省","38","千克","0","?","4,783",
"202502","85177950","光通信设备的激光收发模块","229","马里","10","一般贸易","44","广东省","7","千克","0","?","16,848",
"202502","85177950","光通信设备的激光收发模块","230","毛里塔尼亚","10","一般贸易","44","广东省","63","千克","0","?","306,242",
"202502","85177950","光通信设备的激光收发模块","231","毛里求斯","10","一般贸易","33","浙江省","1","千克","0","?","454",
"202502","85177950","光通信设备的激光收发模块","231","毛里求斯","10","一般贸易","42","湖北省","2","千克","0","?","875",
"202502","85177950","光通信设备的激光收发模块","231","毛里求斯","10","一般贸易","44","广东省","6","千克","0","?","4,935",
"202502","85177950","光通信设备的激光收发模块","232","摩洛哥","10","一般贸易","33","浙江省","0","千克","0","?","361",
"202502","85177950","光通信设备的激光收发模块","232","摩洛哥","10","一般贸易","44","广东省","107","千克","0","?","33,488",
"202502","85177950","光通信设备的激光收发模块","233","莫桑比克","10","一般贸易","44","广东省","52","千克","0","?","32,634",
"202502","85177950","光通信设备的激光收发模块","236","尼日利亚","10","一般贸易","33","浙江省","0","千克","0","?","18",
"202502","85177950","光通信设备的激光收发模块","236","尼日利亚","10","一般贸易","35","福建省","3","千克","0","?","874",
"202502","85177950","光通信设备的激光收发模块","236","尼日利亚","10","一般贸易","37","山东省","238","千克","0","?","5,664",
"202502","85177950","光通信设备的激光收发模块","236","尼日利亚","10","一般贸易","44","广东省","51","千克","0","?","51,672",
"202502","85177950","光通信设备的激光收发模块","237","留尼汪","10","一般贸易","44","广东省","0","千克","0","?","837",
"202502","85177950","光通信设备的激光收发模块","238","卢旺达","10","一般贸易","44","广东省","6","千克","0","?","7,653",
"202502","85177950","光通信设备的激光收发模块","240","塞内加尔","10","一般贸易","33","浙江省","0","千克","0","?","198",
"202502","85177950","光通信设备的激光收发模块","240","塞内加尔","10","一般贸易","44","广东省","46","千克","0","?","135,522",
"202502","85177950","光通信设备的激光收发模块","242","塞拉利昂","10","一般贸易","42","湖北省","0","千克","0","?","13,024",
"202502","85177950","光通信设备的激光收发模块","244","南非","10","一般贸易","33","浙江省","11","千克","0","?","8,975",
"202502","85177950","光通信设备的激光收发模块","244","南非","10","一般贸易","37","山东省","0","千克","0","?","26",
"202502","85177950","光通信设备的激光收发模块","244","南非","10","一般贸易","42","湖北省","11","千克","0","?","1,239",
"202502","85177950","光通信设备的激光收发模块","244","南非","10","一般贸易","44","广东省","177","千克","0","?","102,334",
"202502","85177950","光通信设备的激光收发模块","244","南非","10","一般贸易","52","贵州省","10","千克","0","?","6,988",
"202502","85177950","光通信设备的激光收发模块","244","南非","15","进料加工贸易","44","广东省","3","千克","0","?","30,448",
"202502","85177950","光通信设备的激光收发模块","244","南非","33","保税监管场所进出境货物","44","广东省","9","千克","0","?","43,605",
"202502","85177950","光通信设备的激光收发模块","244","南非","34","海关特殊监管区域物流货物","32","江苏省","58","千克","0","?","10,909",
"202502","85177950","光通信设备的激光收发模块","247","坦桑尼亚","10","一般贸易","33","浙江省","302","千克","0","?","12,835",
"202502","85177950","光通信设备的激光收发模块","247","坦桑尼亚","10","一般贸易","44","广东省","24","千克","0","?","7,560",
"202502","85177950","光通信设备的激光收发模块","247","坦桑尼亚","10","一般贸易","51","四川省","200","千克","0","?","4,680",
"202502","85177950","光通信设备的激光收发模块","249","突尼斯","10","一般贸易","44","广东省","0","千克","0","?","245",
"202502","85177950","光通信设备的激光收发模块","250","乌干达","10","一般贸易","44","广东省","9","千克","0","?","3,606",
"202502","85177950","光通信设备的激光收发模块","250","乌干达","10","一般贸易","50","重庆市","208","千克","0","?","12,938",
"202502","85177950","光通信设备的激光收发模块","251","布基纳法索","10","一般贸易","44","广东省","31","千克","0","?","66,745",
"202502","85177950","光通信设备的激光收发模块","252","刚果民主共和国","10","一般贸易","33","浙江省","1","千克","0","?","665",
"202502","85177950","光通信设备的激光收发模块","252","刚果民主共和国","10","一般贸易","44","广东省","7","千克","0","?","8,347",
"202502","85177950","光通信设备的激光收发模块","253","赞比亚","10","一般贸易","11","北京市","1","千克","0","?","3,973",
"202502","85177950","光通信设备的激光收发模块","253","赞比亚","10","一般贸易","44","广东省","18","千克","0","?","16,144",
"202502","85177950","光通信设备的激光收发模块","253","赞比亚","10","一般贸易","51","四川省","185","千克","0","?","4,311",
"202502","85177950","光通信设备的激光收发模块","254","津巴布韦","10","一般贸易","44","广东省","0","千克","0","?","30",
"202502","85177950","光通信设备的激光收发模块","257","斯威士兰","10","一般贸易","44","广东省","5","千克","0","?","1,081",
"202502","85177950","光通信设备的激光收发模块","301","比利时","10","一般贸易","31","上海市","2","千克","0","?","4,090",
"202502","85177950","光通信设备的激光收发模块","301","比利时","10","一般贸易","32","江苏省","0","千克","0","?","39",
"202502","85177950","光通信设备的激光收发模块","301","比利时","10","一般贸易","33","浙江省","1","千克","0","?","21",
"202502","85177950","光通信设备的激光收发模块","301","比利时","10","一般贸易","34","安徽省","128","千克","0","?","16,280",
"202502","85177950","光通信设备的激光收发模块","301","比利时","10","一般贸易","37","山东省","64","千克","0","?","4,090",
"202502","85177950","光通信设备的激光收发模块","301","比利时","10","一般贸易","42","湖北省","242","千克","0","?","320,423",
"202502","85177950","光通信设备的激光收发模块","301","比利时","10","一般贸易","44","广东省","208","千克","0","?","129,589",
"202502","85177950","光通信设备的激光收发模块","301","比利时","10","一般贸易","45","广西壮族自治区","0","千克","0","?","31",
"202502","85177950","光通信设备的激光收发模块","301","比利时","10","一般贸易","51","四川省","112","千克","0","?","57,149",
"202502","85177950","光通信设备的激光收发模块","301","比利时","15","进料加工贸易","32","江苏省","208","千克","0","?","103,883",
"202502","85177950","光通信设备的激光收发模块","302","丹麦","10","一般贸易","32","江苏省","0","千克","0","?","1,165",
"202502","85177950","光通信设备的激光收发模块","302","丹麦","10","一般贸易","34","安徽省","35","千克","0","?","5,317",
"202502","85177950","光通信设备的激光收发模块","302","丹麦","10","一般贸易","42","湖北省","92","千克","0","?","91,363",
"202502","85177950","光通信设备的激光收发模块","302","丹麦","10","一般贸易","44","广东省","212","千克","0","?","75,607",
"202502","85177950","光通信设备的激光收发模块","302","丹麦","10","一般贸易","51","四川省","124","千克","0","?","149,562",
"202502","85177950","光通信设备的激光收发模块","303","英国","10","一般贸易","31","上海市","2","千克","0","?","32,172",
"202502","85177950","光通信设备的激光收发模块","303","英国","10","一般贸易","32","江苏省","5","千克","0","?","14,757",
"202502","85177950","光通信设备的激光收发模块","303","英国","10","一般贸易","33","浙江省","18","千克","0","?","21,165",
"202502","85177950","光通信设备的激光收发模块","303","英国","10","一般贸易","34","安徽省","0","千克","0","?","113",
"202502","85177950","光通信设备的激光收发模块","303","英国","10","一般贸易","35","福建省","50","千克","0","?","100",
"202502","85177950","光通信设备的激光收发模块","303","英国","10","一般贸易","37","山东省","31","千克","0","?","1,967",
"202502","85177950","光通信设备的激光收发模块","303","英国","10","一般贸易","42","湖北省","1000","千克","0","?","813,999",
"202502","85177950","光通信设备的激光收发模块","303","英国","10","一般贸易","44","广东省","1561","千克","0","?","880,679",
"202502","85177950","光通信设备的激光收发模块","303","英国","10","一般贸易","45","广西壮族自治区","2","千克","0","?","23",
"202502","85177950","光通信设备的激光收发模块","303","英国","10","一般贸易","51","四川省","33","千克","0","?","22,354",
"202502","85177950","光通信设备的激光收发模块","303","英国","15","进料加工贸易","32","江苏省","61","千克","0","?","15,333",
"202502","85177950","光通信设备的激光收发模块","303","英国","15","进料加工贸易","51","四川省","1","千克","0","?","10,980",
"202502","85177950","光通信设备的激光收发模块","303","英国","34","海关特殊监管区域物流货物","44","广东省","23","千克","0","?","12,164",
"202502","85177950","光通信设备的激光收发模块","304","德国","10","一般贸易","11","北京市","20","千克","0","?","7,005",
"202502","85177950","光通信设备的激光收发模块","304","德国","10","一般贸易","31","上海市","1","千克","0","?","433",
"202502","85177950","光通信设备的激光收发模块","304","德国","10","一般贸易","32","江苏省","71","千克","0","?","227,098",
"202502","85177950","光通信设备的激光收发模块","304","德国","10","一般贸易","33","浙江省","38","千克","0","?","66,546",
"202502","85177950","光通信设备的激光收发模块","304","德国","10","一般贸易","34","安徽省","0","千克","0","?","16,600",
"202502","85177950","光通信设备的激光收发模块","304","德国","10","一般贸易","37","山东省","4","千克","0","?","9,853",
"202502","85177950","光通信设备的激光收发模块","304","德国","10","一般贸易","42","湖北省","451","千克","0","?","798,603",
"202502","85177950","光通信设备的激光收发模块","304","德国","10","一般贸易","44","广东省","3811","千克","0","?","2,423,271",
"202502","85177950","光通信设备的激光收发模块","304","德国","10","一般贸易","51","四川省","1320","千克","0","?","551,027",
"202502","85177950","光通信设备的激光收发模块","304","德国","10","一般贸易","52","贵州省","1","千克","0","?","129",
"202502","85177950","光通信设备的激光收发模块","304","德国","15","进料加工贸易","32","江苏省","29","千克","0","?","365,280",
"202502","85177950","光通信设备的激光收发模块","304","德国","15","进料加工贸易","51","四川省","24","千克","0","?","25,424",
"202502","85177950","光通信设备的激光收发模块","304","德国","34","海关特殊监管区域物流货物","42","湖北省","474","千克","0","?","666,767",
"202502","85177950","光通信设备的激光收发模块","304","德国","34","海关特殊监管区域物流货物","44","广东省","135","千克","0","?","190,577",
"202502","85177950","光通信设备的激光收发模块","305","法国","10","一般贸易","33","浙江省","1","千克","0","?","8,124",
"202502","85177950","光通信设备的激光收发模块","305","法国","10","一般贸易","35","福建省","5","千克","0","?","5,784",
"202502","85177950","光通信设备的激光收发模块","305","法国","10","一般贸易","37","山东省","0","千克","0","?","15",
"202502","85177950","光通信设备的激光收发模块","305","法国","10","一般贸易","41","河南省","3","千克","0","?","1,158",
"202502","85177950","光通信设备的激光收发模块","305","法国","10","一般贸易","42","湖北省","10","千克","0","?","13,082",
"202502","85177950","光通信设备的激光收发模块","305","法国","10","一般贸易","43","湖南省","0","千克","0","?","200",
"202502","85177950","光通信设备的激光收发模块","305","法国","10","一般贸易","44","广东省","259","千克","0","?","130,196",
"202502","85177950","光通信设备的激光收发模块","305","法国","10","一般贸易","45","广西壮族自治区","0","千克","0","?","13",
"202502","85177950","光通信设备的激光收发模块","305","法国","10","一般贸易","51","四川省","392","千克","0","?","272,319",
"202502","85177950","光通信设备的激光收发模块","305","法国","10","一般贸易","61","陕西省","0","千克","0","?","59",
"202502","85177950","光通信设备的激光收发模块","305","法国","15","进料加工贸易","32","江苏省","4","千克","0","?","3,743",
"202502","85177950","光通信设备的激光收发模块","305","法国","15","进料加工贸易","51","四川省","4","千克","0","?","20,330",
"202502","85177950","光通信设备的激光收发模块","305","法国","33","保税监管场所进出境货物","44","广东省","682","千克","0","?","151,900",
"202502","85177950","光通信设备的激光收发模块","305","法国","34","海关特殊监管区域物流货物","35","福建省","0","千克","0","?","526",
"202502","85177950","光通信设备的激光收发模块","305","法国","39","其他","31","上海市","1","千克","0","?","7,870",
"202502","85177950","光通信设备的激光收发模块","306","爱尔兰","10","一般贸易","21","辽宁省","0","千克","0","?","11,015",
"202502","85177950","光通信设备的激光收发模块","306","爱尔兰","10","一般贸易","32","江苏省","300","千克","0","?","195,000",
"202502","85177950","光通信设备的激光收发模块","306","爱尔兰","10","一般贸易","33","浙江省","0","千克","0","?","315",
"202502","85177950","光通信设备的激光收发模块","306","爱尔兰","10","一般贸易","44","广东省","67","千克","0","?","105,560",
"202502","85177950","光通信设备的激光收发模块","306","爱尔兰","10","一般贸易","52","贵州省","24","千克","0","?","3,921",
"202502","85177950","光通信设备的激光收发模块","306","爱尔兰","15","进料加工贸易","32","江苏省","893","千克","0","?","204,447",
"202502","85177950","光通信设备的激光收发模块","306","爱尔兰","15","进料加工贸易","33","浙江省","660","千克","0","?","629,348",
"202502","85177950","光通信设备的激光收发模块","306","爱尔兰","33","保税监管场所进出境货物","44","广东省","3","千克","0","?","12",
"202502","85177950","光通信设备的激光收发模块","306","爱尔兰","34","海关特殊监管区域物流货物","32","江苏省","36","千克","0","?","8,680",
"202502","85177950","光通信设备的激光收发模块","307","意大利","10","一般贸易","11","北京市","1","千克","0","?","885",
"202502","85177950","光通信设备的激光收发模块","307","意大利","10","一般贸易","31","上海市","0","千克","0","?","752",
"202502","85177950","光通信设备的激光收发模块","307","意大利","10","一般贸易","32","江苏省","3","千克","0","?","3,210",
"202502","85177950","光通信设备的激光收发模块","307","意大利","10","一般贸易","33","浙江省","13","千克","0","?","5,716",
"202502","85177950","光通信设备的激光收发模块","307","意大利","10","一般贸易","37","山东省","0","千克","0","?","7",
"202502","85177950","光通信设备的激光收发模块","307","意大利","10","一般贸易","41","河南省","0","千克","0","?","265",
"202502","85177950","光通信设备的激光收发模块","307","意大利","10","一般贸易","42","湖北省","3","千克","0","?","1,521",
"202502","85177950","光通信设备的激光收发模块","307","意大利","10","一般贸易","44","广东省","221","千克","0","?","384,998",
"202502","85177950","光通信设备的激光收发模块","307","意大利","10","一般贸易","51","四川省","0","千克","0","?","1,520",
"202502","85177950","光通信设备的激光收发模块","307","意大利","15","进料加工贸易","32","江苏省","0","千克","0","?","1,513",
"202502","85177950","光通信设备的激光收发模块","307","意大利","33","保税监管场所进出境货物","44","广东省","5","千克","0","?","800",
"202502","85177950","光通信设备的激光收发模块","307","意大利","34","海关特殊监管区域物流货物","35","福建省","1","千克","0","?","2,926",
"202502","85177950","光通信设备的激光收发模块","308","卢森堡","10","一般贸易","33","浙江省","0","千克","0","?","60",
"202502","85177950","光通信设备的激光收发模块","308","卢森堡","10","一般贸易","42","湖北省","5","千克","0","?","13,117",
"202502","85177950","光通信设备的激光收发模块","309","荷兰","10","一般贸易","31","上海市","37","千克","0","?","28,646",
"202502","85177950","光通信设备的激光收发模块","309","荷兰","10","一般贸易","32","江苏省","232","千克","0","?","508,647",
"202502","85177950","光通信设备的激光收发模块","309","荷兰","10","一般贸易","33","浙江省","991","千克","0","?","835,004",
"202502","85177950","光通信设备的激光收发模块","309","荷兰","10","一般贸易","42","湖北省","2293","千克","0","?","2,003,558",
"202502","85177950","光通信设备的激光收发模块","309","荷兰","10","一般贸易","44","广东省","2508","千克","0","?","1,195,788",
"202502","85177950","光通信设备的激光收发模块","309","荷兰","10","一般贸易","45","广西壮族自治区","0","千克","0","?","7",
"202502","85177950","光通信设备的激光收发模块","309","荷兰","10","一般贸易","51","四川省","1063","千克","0","?","746,660",
"202502","85177950","光通信设备的激光收发模块","309","荷兰","10","一般贸易","52","贵州省","15","千克","0","?","4,216",
"202502","85177950","光通信设备的激光收发模块","309","荷兰","15","进料加工贸易","32","江苏省","657","千克","0","?","808,043",
"202502","85177950","光通信设备的激光收发模块","309","荷兰","15","进料加工贸易","44","广东省","143","千克","0","?","14,384",
"202502","85177950","光通信设备的激光收发模块","309","荷兰","15","进料加工贸易","51","四川省","46","千克","0","?","78,983",
"202502","85177950","光通信设备的激光收发模块","309","荷兰","33","保税监管场所进出境货物","44","广东省","2","千克","0","?","1,020",
"202502","85177950","光通信设备的激光收发模块","309","荷兰","34","海关特殊监管区域物流货物","32","江苏省","19","千克","0","?","159,491",
"202502","85177950","光通信设备的激光收发模块","310","希腊","10","一般贸易","42","湖北省","1","千克","0","?","536",
"202502","85177950","光通信设备的激光收发模块","310","希腊","10","一般贸易","44","广东省","12","千克","0","?","2,249",
"202502","85177950","光通信设备的激光收发模块","311","葡萄牙","10","一般贸易","11","北京市","1","千克","0","?","2,696",
"202502","85177950","光通信设备的激光收发模块","311","葡萄牙","10","一般贸易","44","广东省","0","千克","0","?","7,204",
"202502","85177950","光通信设备的激光收发模块","311","葡萄牙","34","海关特殊监管区域物流货物","32","江苏省","0","千克","0","?","82",
"202502","85177950","光通信设备的激光收发模块","312","西班牙","10","一般贸易","33","浙江省","22","千克","0","?","34,885",
"202502","85177950","光通信设备的激光收发模块","312","西班牙","10","一般贸易","34","安徽省","0","千克","0","?","123",
"202502","85177950","光通信设备的激光收发模块","312","西班牙","10","一般贸易","35","福建省","1","千克","0","?","1,390",
"202502","85177950","光通信设备的激光收发模块","312","西班牙","10","一般贸易","37","山东省","14","千克","0","?","872",
"202502","85177950","光通信设备的激光收发模块","312","西班牙","10","一般贸易","42","湖北省","5","千克","0","?","680",
"202502","85177950","光通信设备的激光收发模块","312","西班牙","10","一般贸易","44","广东省","182","千克","0","?","95,715",
"202502","85177950","光通信设备的激光收发模块","312","西班牙","10","一般贸易","51","四川省","1","千克","0","?","560",
"202502","85177950","光通信设备的激光收发模块","313","阿尔巴尼亚","10","一般贸易","31","上海市","1","千克","0","?","617",
"202502","85177950","光通信设备的激光收发模块","313","阿尔巴尼亚","10","一般贸易","44","广东省","0","千克","0","?","28",
"202502","85177950","光通信设备的激光收发模块","315","奥地利","10","一般贸易","31","上海市","13","千克","0","?","11,265",
"202502","85177950","光通信设备的激光收发模块","315","奥地利","10","一般贸易","44","广东省","181","千克","0","?","177,103",
"202502","85177950","光通信设备的激光收发模块","316","保加利亚","10","一般贸易","33","浙江省","1","千克","0","?","679",
"202502","85177950","光通信设备的激光收发模块","316","保加利亚","10","一般贸易","44","广东省","11","千克","0","?","10,557",
"202502","85177950","光通信设备的激光收发模块","316","保加利亚","10","一般贸易","51","四川省","28","千克","0","?","5,678",
"202502","85177950","光通信设备的激光收发模块","318","芬兰","10","一般贸易","33","浙江省","30","千克","0","?","25,240",
"202502","85177950","光通信设备的激光收发模块","318","芬兰","10","一般贸易","37","山东省","1","千克","0","?","34",
"202502","85177950","光通信设备的激光收发模块","318","芬兰","10","一般贸易","42","湖北省","89","千克","0","?","44,832",
"202502","85177950","光通信设备的激光收发模块","318","芬兰","10","一般贸易","44","广东省","152","千克","0","?","35,201",
"202502","85177950","光通信设备的激光收发模块","318","芬兰","10","一般贸易","51","四川省","1","千克","0","?","1,760",
"202502","85177950","光通信设备的激光收发模块","321","匈牙利","10","一般贸易","33","浙江省","22","千克","0","?","4,377",
"202502","85177950","光通信设备的激光收发模块","321","匈牙利","10","一般贸易","37","山东省","111","千克","0","?","4,002",
"202502","85177950","光通信设备的激光收发模块","321","匈牙利","10","一般贸易","44","广东省","3484","千克","0","?","4,131,844",
"202502","85177950","光通信设备的激光收发模块","321","匈牙利","33","保税监管场所进出境货物","44","广东省","64","千克","0","?","865,436",
"202502","85177950","光通信设备的激光收发模块","322","冰岛","10","一般贸易","21","辽宁省","52","千克","0","?","19,244",
"202502","85177950","光通信设备的激光收发模块","322","冰岛","10","一般贸易","42","湖北省","255","千克","0","?","965,760",
"202502","85177950","光通信设备的激光收发模块","322","冰岛","10","一般贸易","44","广东省","5","千克","0","?","6,366",
"202502","85177950","光通信设备的激光收发模块","323","列支敦士登","10","一般贸易","44","广东省","8","千克","0","?","6,053",
"202502","85177950","光通信设备的激光收发模块","326","挪威","10","一般贸易","32","江苏省","2","千克","0","?","28,800",
"202502","85177950","光通信设备的激光收发模块","326","挪威","10","一般贸易","33","浙江省","7","千克","0","?","1,754",
"202502","85177950","光通信设备的激光收发模块","326","挪威","10","一般贸易","42","湖北省","386","千克","0","?","331,403",
"202502","85177950","光通信设备的激光收发模块","326","挪威","10","一般贸易","44","广东省","182","千克","0","?","54,024",
"202502","85177950","光通信设备的激光收发模块","326","挪威","10","一般贸易","51","四川省","156","千克","0","?","295,862",
"202502","85177950","光通信设备的激光收发模块","326","挪威","15","进料加工贸易","32","江苏省","23","千克","0","?","370,748",
"202502","85177950","光通信设备的激光收发模块","327","波兰","10","一般贸易","31","上海市","14","千克","0","?","4,276",
"202502","85177950","光通信设备的激光收发模块","327","波兰","10","一般贸易","32","江苏省","1","千克","0","?","1,386",
"202502","85177950","光通信设备的激光收发模块","327","波兰","10","一般贸易","33","浙江省","55","千克","0","?","26,564",
"202502","85177950","光通信设备的激光收发模块","327","波兰","10","一般贸易","35","福建省","1","千克","0","?","560",
"202502","85177950","光通信设备的激光收发模块","327","波兰","10","一般贸易","37","山东省","0","千克","0","?","42",
"202502","85177950","光通信设备的激光收发模块","327","波兰","10","一般贸易","42","湖北省","70","千克","0","?","66,352",
"202502","85177950","光通信设备的激光收发模块","327","波兰","10","一般贸易","44","广东省","575","千克","0","?","156,967",
"202502","85177950","光通信设备的激光收发模块","327","波兰","10","一般贸易","51","四川省","76","千克","0","?","69,265",
"202502","85177950","光通信设备的激光收发模块","327","波兰","10","一般贸易","61","陕西省","0","千克","0","?","59",
"202502","85177950","光通信设备的激光收发模块","327","波兰","15","进料加工贸易","32","江苏省","0","千克","0","?","1,502",
"202502","85177950","光通信设备的激光收发模块","327","波兰","33","保税监管场所进出境货物","44","广东省","1080","千克","0","?","14,600",
"202502","85177950","光通信设备的激光收发模块","327","波兰","34","海关特殊监管区域物流货物","32","江苏省","28","千克","0","?","7,478",
"202502","85177950","光通信设备的激光收发模块","328","罗马尼亚","10","一般贸易","31","上海市","6","千克","0","?","950",
"202502","85177950","光通信设备的激光收发模块","328","罗马尼亚","10","一般贸易","33","浙江省","0","千克","0","?","3",
"202502","85177950","光通信设备的激光收发模块","328","罗马尼亚","10","一般贸易","41","河南省","147","千克","0","?","210,110",
"202502","85177950","光通信设备的激光收发模块","328","罗马尼亚","10","一般贸易","43","湖南省","22","千克","0","?","3,600",
"202502","85177950","光通信设备的激光收发模块","328","罗马尼亚","10","一般贸易","44","广东省","100","千克","0","?","15,441",
"202502","85177950","光通信设备的激光收发模块","328","罗马尼亚","10","一般贸易","51","四川省","1","千克","0","?","2,125",
"202502","85177950","光通信设备的激光收发模块","328","罗马尼亚","15","进料加工贸易","32","江苏省","0","千克","0","?","2,779",
"202502","85177950","光通信设备的激光收发模块","328","罗马尼亚","15","进料加工贸易","44","广东省","1","千克","0","?","28,000",
"202502","85177950","光通信设备的激光收发模块","328","罗马尼亚","33","保税监管场所进出境货物","44","广东省","12","千克","0","?","2,401",
"202502","85177950","光通信设备的激光收发模块","330","瑞典","10","一般贸易","11","北京市","0","千克","0","?","348",
"202502","85177950","光通信设备的激光收发模块","330","瑞典","10","一般贸易","31","上海市","5","千克","0","?","4,400",
"202502","85177950","光通信设备的激光收发模块","330","瑞典","10","一般贸易","33","浙江省","0","千克","0","?","118",
"202502","85177950","光通信设备的激光收发模块","330","瑞典","10","一般贸易","42","湖北省","1215","千克","0","?","446,440",
"202502","85177950","光通信设备的激光收发模块","330","瑞典","10","一般贸易","44","广东省","265","千克","0","?","111,339",
"202502","85177950","光通信设备的激光收发模块","330","瑞典","10","一般贸易","51","四川省","463","千克","0","?","145,946",
"202502","85177950","光通信设备的激光收发模块","330","瑞典","15","进料加工贸易","32","江苏省","31","千克","0","?","225,535",
"202502","85177950","光通信设备的激光收发模块","330","瑞典","15","进料加工贸易","51","四川省","726","千克","0","?","147,046",
"202502","85177950","光通信设备的激光收发模块","330","瑞典","34","海关特殊监管区域物流货物","32","江苏省","2","千克","0","?","5,114",
"202502","85177950","光通信设备的激光收发模块","331","瑞士","10","一般贸易","11","北京市","1","千克","0","?","578",
"202502","85177950","光通信设备的激光收发模块","331","瑞士","10","一般贸易","21","辽宁省","3","千克","0","?","8,159",
"202502","85177950","光通信设备的激光收发模块","331","瑞士","10","一般贸易","33","浙江省","1","千克","0","?","346",
"202502","85177950","光通信设备的激光收发模块","331","瑞士","10","一般贸易","37","山东省","0","千克","0","?","13",
"202502","85177950","光通信设备的激光收发模块","331","瑞士","10","一般贸易","42","湖北省","0","千克","0","?","94",
"202502","85177950","光通信设备的激光收发模块","331","瑞士","10","一般贸易","43","湖南省","8","千克","0","?","10,600",
"202502","85177950","光通信设备的激光收发模块","331","瑞士","10","一般贸易","44","广东省","43","千克","0","?","28,141",
"202502","85177950","光通信设备的激光收发模块","331","瑞士","34","海关特殊监管区域物流货物","32","江苏省","0","千克","0","?","315",
"202502","85177950","光通信设备的激光收发模块","334","爱沙尼亚","10","一般贸易","42","湖北省","2","千克","0","?","889",
"202502","85177950","光通信设备的激光收发模块","335","拉脱维亚","10","一般贸易","43","湖南省","1","千克","0","?","150",
"202502","85177950","光通信设备的激光收发模块","335","拉脱维亚","10","一般贸易","44","广东省","607","千克","0","?","303,209",
"202502","85177950","光通信设备的激光收发模块","335","拉脱维亚","10","一般贸易","51","四川省","6","千克","0","?","2,850",
"202502","85177950","光通信设备的激光收发模块","336","立陶宛","10","一般贸易","44","广东省","54","千克","0","?","9,422",
"202502","85177950","光通信设备的激光收发模块","340","白俄罗斯","10","一般贸易","13","河北省","600","千克","0","?","5,439",
"202502","85177950","光通信设备的激光收发模块","340","白俄罗斯","10","一般贸易","44","广东省","262","千克","0","?","31,137",
"202502","85177950","光通信设备的激光收发模块","343","摩尔多瓦","10","一般贸易","44","广东省","23","千克","0","?","8,318",
"202502","85177950","光通信设备的激光收发模块","344","俄罗斯","10","一般贸易","23","黑龙江省","4","千克","0","?","687",
"202502","85177950","光通信设备的激光收发模块","344","俄罗斯","10","一般贸易","31","上海市","616","千克","0","?","204,318",
"202502","85177950","光通信设备的激光收发模块","344","俄罗斯","10","一般贸易","32","江苏省","148","千克","0","?","44,717",
"202502","85177950","光通信设备的激光收发模块","344","俄罗斯","10","一般贸易","33","浙江省","31","千克","0","?","90,807",
"202502","85177950","光通信设备的激光收发模块","344","俄罗斯","10","一般贸易","34","安徽省","717","千克","0","?","220,093",
"202502","85177950","光通信设备的激光收发模块","344","俄罗斯","10","一般贸易","42","湖北省","556","千克","0","?","235,341",
"202502","85177950","光通信设备的激光收发模块","344","俄罗斯","10","一般贸易","43","湖南省","56","千克","0","?","78,251",
"202502","85177950","光通信设备的激光收发模块","344","俄罗斯","10","一般贸易","44","广东省","2135","千克","0","?","557,156",
"202502","85177950","光通信设备的激光收发模块","347","乌克兰","10","一般贸易","44","广东省","278","千克","0","?","163,624",
"202502","85177950","光通信设备的激光收发模块","350","斯洛文尼亚","10","一般贸易","11","北京市","2","千克","0","?","2,140",
"202502","85177950","光通信设备的激光收发模块","350","斯洛文尼亚","10","一般贸易","12","天津市","98","千克","0","?","5,740",
"202502","85177950","光通信设备的激光收发模块","350","斯洛文尼亚","10","一般贸易","42","湖北省","19","千克","0","?","40,223",
"202502","85177950","光通信设备的激光收发模块","350","斯洛文尼亚","10","一般贸易","44","广东省","32","千克","0","?","8,799",
"202502","85177950","光通信设备的激光收发模块","351","克罗地亚","10","一般贸易","44","广东省","6","千克","0","?","36,007",
"202502","85177950","光通信设备的激光收发模块","351","克罗地亚","10","一般贸易","61","陕西省","0","千克","0","?","1,380",
"202502","85177950","光通信设备的激光收发模块","351","克罗地亚","33","保税监管场所进出境货物","44","广东省","2","千克","0","?","253",
"202502","85177950","光通信设备的激光收发模块","352","捷克","10","一般贸易","31","上海市","10","千克","0","?","1,492",
"202502","85177950","光通信设备的激光收发模块","352","捷克","10","一般贸易","42","湖北省","6","千克","0","?","3,759",
"202502","85177950","光通信设备的激光收发模块","352","捷克","10","一般贸易","44","广东省","1907","千克","0","?","1,558,655",
"202502","85177950","光通信设备的激光收发模块","352","捷克","15","进料加工贸易","32","江苏省","92","千克","0","?","49,616",
"202502","85177950","光通信设备的激光收发模块","353","斯洛伐克","10","一般贸易","44","广东省","3","千克","0","?","6,385",
"202502","85177950","光通信设备的激光收发模块","353","斯洛伐克","10","一般贸易","51","四川省","128","千克","0","?","212,934",
"202502","85177950","光通信设备的激光收发模块","355","波斯尼亚和黑塞哥维那","10","一般贸易","44","广东省","0","千克","0","?","75",
"202502","85177950","光通信设备的激光收发模块","358","塞尔维亚","10","一般贸易","44","广东省","4","千克","0","?","484",
"202502","85177950","光通信设备的激光收发模块","402","阿根廷","10","一般贸易","32","江苏省","0","千克","0","?","473",
"202502","85177950","光通信设备的激光收发模块","402","阿根廷","10","一般贸易","44","广东省","287","千克","0","?","165,296",
"202502","85177950","光通信设备的激光收发模块","402","阿根廷","33","保税监管场所进出境货物","44","广东省","0","千克","0","?","40",
"202502","85177950","光通信设备的激光收发模块","402","阿根廷","34","海关特殊监管区域物流货物","32","江苏省","32","千克","0","?","5,243",
"202502","85177950","光通信设备的激光收发模块","402","阿根廷","34","海关特殊监管区域物流货物","44","广东省","0","千克","0","?","3,710",
"202502","85177950","光通信设备的激光收发模块","405","巴巴多斯","10","一般贸易","44","广东省","0","千克","0","?","476",
"202502","85177950","光通信设备的激光收发模块","408","玻利维亚
","10","一般贸易","44","广东省","2","千克","0","?","1,713",
"202502","85177950","光通信设备的激光收发模块","410","巴西","10","一般贸易","11","北京市","16","千克","0","?","14,360",
"202502","85177950","光通信设备的激光收发模块","410","巴西","10","一般贸易","31","上海市","30","千克","0","?","10,880",
"202502","85177950","光通信设备的激光收发模块","410","巴西","10","一般贸易","32","江苏省","63","千克","0","?","266,080",
"202502","85177950","光通信设备的激光收发模块","410","巴西","10","一般贸易","33","浙江省","2","千克","0","?","606",
"202502","85177950","光通信设备的激光收发模块","410","巴西","10","一般贸易","35","福建省","1","千克","0","?","173",
"202502","85177950","光通信设备的激光收发模块","410","巴西","10","一般贸易","37","山东省","80","千克","0","?","4,977",
"202502","85177950","光通信设备的激光收发模块","410","巴西","10","一般贸易","41","河南省","1","千克","0","?","1,534",
"202502","85177950","光通信设备的激光收发模块","410","巴西","10","一般贸易","42","湖北省","114","千克","0","?","94,471",
"202502","85177950","光通信设备的激光收发模块","410","巴西","10","一般贸易","44","广东省","2405","千克","0","?","1,404,332",
"202502","85177950","光通信设备的激光收发模块","410","巴西","10","一般贸易","45","广西壮族自治区","0","千克","0","?","1,120",
"202502","85177950","光通信设备的激光收发模块","410","巴西","10","一般贸易","51","四川省","44","千克","0","?","13,561",
"202502","85177950","光通信设备的激光收发模块","410","巴西","10","一般贸易","52","贵州省","0","千克","0","?","290",
"202502","85177950","光通信设备的激光收发模块","410","巴西","15","进料加工贸易","44","广东省","1","千克","0","?","33,906",
"202502","85177950","光通信设备的激光收发模块","410","巴西","15","进料加工贸易","51","四川省","132","千克","0","?","183,741",
"202502","85177950","光通信设备的激光收发模块","410","巴西","33","保税监管场所进出境货物","44","广东省","200","千克","0","?","36,003",
"202502","85177950","光通信设备的激光收发模块","410","巴西","34","海关特殊监管区域物流货物","32","江苏省","338","千克","0","?","52,794",
"202502","85177950","光通信设备的激光收发模块","411","开曼群岛","10","一般贸易","44","广东省","1","千克","0","?","5,748",
"202502","85177950","光通信设备的激光收发模块","412","智利","10","一般贸易","33","浙江省","0","千克","0","?","62",
"202502","85177950","光通信设备的激光收发模块","412","智利","10","一般贸易","37","山东省","40","千克","0","?","1,698",
"202502","85177950","光通信设备的激光收发模块","412","智利","10","一般贸易","42","湖北省","3","千克","0","?","2,013",
"202502","85177950","光通信设备的激光收发模块","412","智利","10","一般贸易","44","广东省","41","千克","0","?","51,801",
"202502","85177950","光通信设备的激光收发模块","412","智利","10","一般贸易","52","贵州省","22","千克","0","?","4,427",
"202502","85177950","光通信设备的激光收发模块","412","智利","33","保税监管场所进出境货物","35","福建省","0","千克","0","?","212",
"202502","85177950","光通信设备的激光收发模块","412","智利","33","保税监管场所进出境货物","44","广东省","67","千克","0","?","4,930",
"202502","85177950","光通信设备的激光收发模块","412","智利","34","海关特殊监管区域物流货物","44","广东省","0","千克","0","?","7,333",
"202502","85177950","光通信设备的激光收发模块","413","哥伦比亚","10","一般贸易","33","浙江省","338","千克","0","?","14,934",
"202502","85177950","光通信设备的激光收发模块","413","哥伦比亚","10","一般贸易","35","福建省","1","千克","0","?","54",
"202502","85177950","光通信设备的激光收发模块","413","哥伦比亚","10","一般贸易","37","山东省","4","千克","0","?","223",
"202502","85177950","光通信设备的激光收发模块","413","哥伦比亚","10","一般贸易","44","广东省","240","千克","0","?","130,432",
"202502","85177950","光通信设备的激光收发模块","413","哥伦比亚","33","保税监管场所进出境货物","44","广东省","3","千克","0","?","1,408",
"202502","85177950","光通信设备的激光收发模块","413","哥伦比亚","34","海关特殊监管区域物流货物","32","江苏省","186","千克","0","?","68,591",
"202502","85177950","光通信设备的激光收发模块","415","哥斯达黎加","10","一般贸易","44","广东省","0","千克","0","?","1,346",
"202502","85177950","光通信设备的激光收发模块","415","哥斯达黎加","34","海关特殊监管区域物流货物","32","江苏省","0","千克","0","?","60",
"202502","85177950","光通信设备的激光收发模块","417","库拉索
","10","一般贸易","44","广东省","0","千克","0","?","759",
"202502","85177950","光通信设备的激光收发模块","418","多米尼加
","10","一般贸易","44","广东省","2","千克","0","?","740",
"202502","85177950","光通信设备的激光收发模块","419","厄瓜多尔","10","一般贸易","31","上海市","6","千克","0","?","120",
"202502","85177950","光通信设备的激光收发模块","419","厄瓜多尔","10","一般贸易","33","浙江省","65","千克","0","?","1,967",
"202502","85177950","光通信设备的激光收发模块","419","厄瓜多尔","10","一般贸易","42","湖北省","4","千克","0","?","33,591",
"202502","85177950","光通信设备的激光收发模块","419","厄瓜多尔","10","一般贸易","44","广东省","2","千克","0","?","7,804",
"202502","85177950","光通信设备的激光收发模块","423","危地马拉","10","一般贸易","44","广东省","5","千克","0","?","5,901",
"202502","85177950","光通信设备的激光收发模块","423","危地马拉","33","保税监管场所进出境货物","44","广东省","10","千克","0","?","1,100",
"202502","85177950","光通信设备的激光收发模块","426","洪都拉斯","10","一般贸易","31","上海市","2","千克","0","?","73",
"202502","85177950","光通信设备的激光收发模块","426","洪都拉斯","10","一般贸易","44","广东省","10","千克","0","?","4,940",
"202502","85177950","光通信设备的激光收发模块","429","墨西哥","10","一般贸易","11","北京市","1","千克","0","?","3,540",
"202502","85177950","光通信设备的激光收发模块","429","墨西哥","10","一般贸易","23","黑龙江省","0","千克","0","?","92",
"202502","85177950","光通信设备的激光收发模块","429","墨西哥","10","一般贸易","31","上海市","66","千克","0","?","126,000",
"202502","85177950","光通信设备的激光收发模块","429","墨西哥","10","一般贸易","32","江苏省","1181","千克","0","?","3,777,070",
"202502","85177950","光通信设备的激光收发模块","429","墨西哥","10","一般贸易","33","浙江省","10","千克","0","?","7,371",
"202502","85177950","光通信设备的激光收发模块","429","墨西哥","10","一般贸易","35","福建省","0","千克","0","?","17,848",
"202502","85177950","光通信设备的激光收发模块","429","墨西哥","10","一般贸易","37","山东省","187","千克","0","?","10,994",
"202502","85177950","光通信设备的激光收发模块","429","墨西哥","10","一般贸易","41","河南省","0","千克","0","?","45",
"202502","85177950","光通信设备的激光收发模块","429","墨西哥","10","一般贸易","42","湖北省","1679","千克","0","?","1,784,187",
"202502","85177950","光通信设备的激光收发模块","429","墨西哥","10","一般贸易","44","广东省","885","千克","0","?","904,564",
"202502","85177950","光通信设备的激光收发模块","429","墨西哥","10","一般贸易","45","广西壮族自治区","5","千克","0","?","200",
"202502","85177950","光通信设备的激光收发模块","429","墨西哥","10","一般贸易","51","四川省","619","千克","0","?","2,058,275",
"202502","85177950","光通信设备的激光收发模块","429","墨西哥","15","进料加工贸易","32","江苏省","82","千克","0","?","170,026",
"202502","85177950","光通信设备的激光收发模块","429","墨西哥","15","进料加工贸易","51","四川省","493","千克","0","?","1,101,336",
"202502","85177950","光通信设备的激光收发模块","429","墨西哥","33","保税监管场所进出境货物","44","广东省","3","千克","0","?","1,347",
"202502","85177950","光通信设备的激光收发模块","429","墨西哥","34","海关特殊监管区域物流货物","32","江苏省","8","千克","0","?","8,430",
"202502","85177950","光通信设备的激光收发模块","429","墨西哥","39","其他","42","湖北省","1","千克","0","?","10,774",
"202502","85177950","光通信设备的激光收发模块","431","尼加拉瓜","10","一般贸易","44","广东省","0","千克","0","?","214",
"202502","85177950","光通信设备的激光收发模块","432","巴拿马","10","一般贸易","44","广东省","769","千克","0","?","670,759",
"202502","85177950","光通信设备的激光收发模块","432","巴拿马","10","一般贸易","45","广西壮族自治区","1","千克","0","?","10",
"202502","85177950","光通信设备的激光收发模块","432","巴拿马","34","海关特殊监管区域物流货物","32","江苏省","14","千克","0","?","2,540",
"202502","85177950","光通信设备的激光收发模块","433","巴拉圭","10","一般贸易","33","浙江省","6","千克","0","?","3,412",
"202502","85177950","光通信设备的激光收发模块","433","巴拉圭","10","一般贸易","44","广东省","35","千克","0","?","7,964",
"202502","85177950","光通信设备的激光收发模块","433","巴拉圭","15","进料加工贸易","44","广东省","0","千克","0","?","1,135",
"202502","85177950","光通信设备的激光收发模块","434","秘鲁","10","一般贸易","31","上海市","0","千克","0","?","1,680",
"202502","85177950","光通信设备的激光收发模块","434","秘鲁","10","一般贸易","33","浙江省","5","千克","0","?","1,388",
"202502","85177950","光通信设备的激光收发模块","434","秘鲁","10","一般贸易","37","山东省","6","千克","0","?","314",
"202502","85177950","光通信设备的激光收发模块","434","秘鲁","10","一般贸易","44","广东省","153","千克","0","?","43,315",
"202502","85177950","光通信设备的激光收发模块","434","秘鲁","15","进料加工贸易","44","广东省","0","千克","0","?","65",
"202502","85177950","光通信设备的激光收发模块","434","秘鲁","34","海关特殊监管区域物流货物","32","江苏省","0","千克","0","?","486",
"202502","85177950","光通信设备的激光收发模块","435","波多黎各","10","一般贸易","31","上海市","2","千克","0","?","324",
"202502","85177950","光通信设备的激光收发模块","435","波多黎各","10","一般贸易","42","湖北省","5","千克","0","?","2,884",
"202502","85177950","光通信设备的激光收发模块","435","波多黎各","15","进料加工贸易","51","四川省","0","千克","0","?","70",
"202502","85177950","光通信设备的激光收发模块","435","波多黎各","34","海关特殊监管区域物流货物","32","江苏省","22","千克","0","?","4,017",
"202502","85177950","光通信设备的激光收发模块","440","萨尔瓦多","10","一般贸易","44","广东省","0","千克","0","?","860",
"202502","85177950","光通信设备的激光收发模块","440","萨尔瓦多","33","保税监管场所进出境货物","44","广东省","4","千克","0","?","306",
"202502","85177950","光通信设备的激光收发模块","442","特立尼达和多巴哥","10","一般贸易","44","广东省","0","千克","0","?","1,043",
"202502","85177950","光通信设备的激光收发模块","444","乌拉圭","10","一般贸易","33","浙江省","1","千克","0","?","640",
"202502","85177950","光通信设备的激光收发模块","444","乌拉圭","10","一般贸易","44","广东省","124","千克","0","?","101,846",
"202502","85177950","光通信设备的激光收发模块","444","乌拉圭","10","一般贸易","51","四川省","6","千克","0","?","6,110",
"202502","85177950","光通信设备的激光收发模块","444","乌拉圭","15","进料加工贸易","44","广东省","0","千克","0","?","4,109",
"202502","85177950","光通信设备的激光收发模块","445","委内瑞拉","10","一般贸易","44","广东省","4","千克","0","?","3,275",
"202502","85177950","光通信设备的激光收发模块","501","加拿大","10","一般贸易","11","北京市","94","千克","0","?","51,213",
"202502","85177950","光通信设备的激光收发模块","501","加拿大","10","一般贸易","32","江苏省","4","千克","0","?","24,433",
"202502","85177950","光通信设备的激光收发模块","501","加拿大","10","一般贸易","33","浙江省","35","千克","0","?","20,104",
"202502","85177950","光通信设备的激光收发模块","501","加拿大","10","一般贸易","35","福建省","0","千克","0","?","118",
"202502","85177950","光通信设备的激光收发模块","501","加拿大","10","一般贸易","37","山东省","0","千克","0","?","18",
"202502","85177950","光通信设备的激光收发模块","501","加拿大","10","一般贸易","42","湖北省","163","千克","0","?","127,920",
"202502","85177950","光通信设备的激光收发模块","501","加拿大","10","一般贸易","43","湖南省","4","千克","0","?","6,150",
"202502","85177950","光通信设备的激光收发模块","501","加拿大","10","一般贸易","44","广东省","637","千克","0","?","491,277",
"202502","85177950","光通信设备的激光收发模块","501","加拿大","10","一般贸易","50","重庆市","2","千克","0","?","2,345",
"202502","85177950","光通信设备的激光收发模块","501","加拿大","10","一般贸易","51","四川省","4","千克","0","?","14,420",
"202502","85177950","光通信设备的激光收发模块","501","加拿大","15","进料加工贸易","32","江苏省","2","千克","0","?","9,940",
"202502","85177950","光通信设备的激光收发模块","501","加拿大","34","海关特殊监管区域物流货物","32","江苏省","419","千克","0","?","89,044",
"202502","85177950","光通信设备的激光收发模块","502","美国","10","一般贸易","11","北京市","3","千克","0","?","7,221",
"202502","85177950","光通信设备的激光收发模块","502","美国","10","一般贸易","31","上海市","943","千克","0","?","1,775,857",
"202502","85177950","光通信设备的激光收发模块","502","美国","10","一般贸易","32","江苏省","2552","千克","0","?","8,790,992",
"202502","85177950","光通信设备的激光收发模块","502","美国","10","一般贸易","33","浙江省","46","千克","0","?","59,637",
"202502","85177950","光通信设备的激光收发模块","502","美国","10","一般贸易","34","安徽省","1","千克","0","?","9,960",
"202502","85177950","光通信设备的激光收发模块","502","美国","10","一般贸易","35","福建省","2","千克","0","?","2,920",
"202502","85177950","光通信设备的激光收发模块","502","美国","10","一般贸易","37","山东省","25","千克","0","?","13,203",
"202502","85177950","光通信设备的激光收发模块","502","美国","10","一般贸易","42","湖北省","2902","千克","0","?","4,875,749",
"202502","85177950","光通信设备的激光收发模块","502","美国","10","一般贸易","44","广东省","7944","千克","0","?","11,835,989",
"202502","85177950","光通信设备的激光收发模块","502","美国","10","一般贸易","45","广西壮族自治区","3","千克","0","?","266",
"202502","85177950","光通信设备的激光收发模块","502","美国","10","一般贸易","51","四川省","16276","千克","0","?","52,285,373",
"202502","85177950","光通信设备的激光收发模块","502","美国","10","一般贸易","61","陕西省","1","千克","0","?","174",
"202502","85177950","光通信设备的激光收发模块","502","美国","15","进料加工贸易","32","江苏省","30045","千克","0","?","19,549,085",
"202502","85177950","光通信设备的激光收发模块","502","美国","15","进料加工贸易","42","湖北省","0","千克","0","?","10",
"202502","85177950","光通信设备的激光收发模块","502","美国","15","进料加工贸易","44","广东省","204","千克","0","?","99,309",
"202502","85177950","光通信设备的激光收发模块","502","美国","15","进料加工贸易","51","四川省","1179","千克","0","?","3,469,769",
"202502","85177950","光通信设备的激光收发模块","502","美国","33","保税监管场所进出境货物","44","广东省","1233","千克","0","?","203,922",
"202502","85177950","光通信设备的激光收发模块","502","美国","34","海关特殊监管区域物流货物","31","上海市","1976","千克","0","?","15,501,876",
"202502","85177950","光通信设备的激光收发模块","502","美国","34","海关特殊监管区域物流货物","32","江苏省","105","千克","0","?","36,497",
"202502","85177950","光通信设备的激光收发模块","502","美国","34","海关特殊监管区域物流货物","44","广东省","9","千克","0","?","6,057",
"202502","85177950","光通信设备的激光收发模块","502","美国","39","其他","32","江苏省","0","千克","0","?","785",
"202502","85177950","光通信设备的激光收发模块","504","百慕大","10","一般贸易","44","广东省","0","千克","0","?","280",
"202502","85177950","光通信设备的激光收发模块","601","澳大利亚","10","一般贸易","33","浙江省","4","千克","0","?","263",
"202502","85177950","光通信设备的激光收发模块","601","澳大利亚","10","一般贸易","35","福建省","0","千克","0","?","15",
"202502","85177950","光通信设备的激光收发模块","601","澳大利亚","10","一般贸易","37","山东省","3","千克","0","?","251",
"202502","85177950","光通信设备的激光收发模块","601","澳大利亚","10","一般贸易","42","湖北省","20","千克","0","?","6,609",
"202502","85177950","光通信设备的激光收发模块","601","澳大利亚","10","一般贸易","43","湖南省","0","千克","0","?","2,476",
"202502","85177950","光通信设备的激光收发模块","601","澳大利亚","10","一般贸易","44","广东省","132","千克","0","?","165,992",
"202502","85177950","光通信设备的激光收发模块","601","澳大利亚","10","一般贸易","51","四川省","10","千克","0","?","45,000",
"202502","85177950","光通信设备的激光收发模块","601","澳大利亚","15","进料加工贸易","32","江苏省","2","千克","0","?","969",
"202502","85177950","光通信设备的激光收发模块","601","澳大利亚","15","进料加工贸易","33","浙江省","12","千克","0","?","9,410",
"202502","85177950","光通信设备的激光收发模块","601","澳大利亚","15","进料加工贸易","35","福建省","1","千克","0","?","4,588",
"202502","85177950","光通信设备的激光收发模块","601","澳大利亚","15","进料加工贸易","44","广东省","0","千克","0","?","215",
"202502","85177950","光通信设备的激光收发模块","601","澳大利亚","34","海关特殊监管区域物流货物","32","江苏省","148","千克","0","?","106,477",
"202502","85177950","光通信设备的激光收发模块","603","斐济","10","一般贸易","44","广东省","0","千克","0","?","341",
"202502","85177950","光通信设备的激光收发模块","606","瑙鲁","10","一般贸易","44","广东省","0","千克","0","?","120",
"202502","85177950","光通信设备的激光收发模块","608","瓦努阿图","10","一般贸易","44","广东省","2","千克","0","?","483",
"202502","85177950","光通信设备的激光收发模块","609","新西兰","10","一般贸易","32","江苏省","3","千克","0","?","1,820",
"202502","85177950","光通信设备的激光收发模块","609","新西兰","10","一般贸易","33","浙江省","0","千克","0","?","29",
"202502","85177950","光通信设备的激光收发模块","609","新西兰","10","一般贸易","42","湖北省","0","千克","0","?","110",
"202502","85177950","光通信设备的激光收发模块","609","新西兰","10","一般贸易","44","广东省","8","千克","0","?","16,255",
"202502","85177950","光通信设备的激光收发模块","609","新西兰","10","一般贸易","45","广西壮族自治区","2","千克","0","?","64",
"202502","85177950","光通信设备的激光收发模块","609","新西兰","10","一般贸易","51","四川省","0","千克","0","?","1,860",
"202502","85177950","光通信设备的激光收发模块","609","新西兰","15","进料加工贸易","35","福建省","0","千克","0","?","863",
"202502","85177950","光通信设备的激光收发模块","609","新西兰","15","进料加工贸易","44","广东省","0","千克","0","?","347",
"202502","85177950","光通信设备的激光收发模块","609","新西兰","34","海关特殊监管区域物流货物","32","江苏省","84","千克","0","?","30,971",
"202502","85177950","光通信设备的激光收发模块","611","巴布亚新几内亚","10","一般贸易","44","广东省","11","千克","0","?","3,252",
"202502","85177950","光通信设备的激光收发模块","614","汤加","10","一般贸易","44","广东省","3","千克","0","?","688",
"202502","85177950","光通信设备的激光收发模块","631","北马里亚纳群岛
","10","一般贸易","44","广东省","1","千克","0","?","1,187",
"202503","85177950","光通信设备的激光收发模块","101","阿富汗","10","一般贸易","44","广东省","47","千克","0","?","34,911",
"202503","85177950","光通信设备的激光收发模块","102","巴林","10","一般贸易","42","湖北省","0","千克","0","?","39",
"202503","85177950","光通信设备的激光收发模块","102","巴林","10","一般贸易","44","广东省","1","千克","0","?","1,415",
"202503","85177950","光通信设备的激光收发模块","103","孟加拉国","10","一般贸易","33","浙江省","75","千克","0","?","1,307",
"202503","85177950","光通信设备的激光收发模块","103","孟加拉国","10","一般贸易","37","山东省","174","千克","0","?","12,615",
"202503","85177950","光通信设备的激光收发模块","103","孟加拉国","10","一般贸易","44","广东省","227","千克","0","?","178,623",
"202503","85177950","光通信设备的激光收发模块","103","孟加拉国","10","一般贸易","51","四川省","8","千克","0","?","2,480",
"202503","85177950","光通信设备的激光收发模块","103","孟加拉国","33","保税监管场所进出境货物","44","广东省","0","千克","0","?","64",
"202503","85177950","光通信设备的激光收发模块","103","孟加拉国","34","海关特殊监管区域物流货物","32","江苏省","20","千克","0","?","4,665",
"202503","85177950","光通信设备的激光收发模块","104","不丹","10","一般贸易","44","广东省","4","千克","0","?","1,180",
"202503","85177950","光通信设备的激光收发模块","104","不丹","34","海关特殊监管区域物流货物","32","江苏省","1","千克","0","?","170",
"202503","85177950","光通信设备的激光收发模块","105","文莱","10","一般贸易","44","广东省","4","千克","0","?","854",
"202503","85177950","光通信设备的激光收发模块","106","缅甸","10","一般贸易","11","北京市","144","千克","0","?","5,495",
"202503","85177950","光通信设备的激光收发模块","106","缅甸","10","一般贸易","44","广东省","69","千克","0","?","376,675",
"202503","85177950","光通信设备的激光收发模块","107","柬埔寨","10","一般贸易","32","江苏省","7","千克","0","?","338",
"202503","85177950","光通信设备的激光收发模块","107","柬埔寨","10","一般贸易","33","浙江省","2","千克","0","?","1,007",
"202503","85177950","光通信设备的激光收发模块","107","柬埔寨","10","一般贸易","35","福建省","1","千克","0","?","5,261",
"202503","85177950","光通信设备的激光收发模块","107","柬埔寨","10","一般贸易","37","山东省","11","千克","0","?","1,623",
"202503","85177950","光通信设备的激光收发模块","107","柬埔寨","10","一般贸易","44","广东省","12","千克","0","?","2,395",
"202503","85177950","光通信设备的激光收发模块","107","柬埔寨","33","保税监管场所进出境货物","44","广东省","1","千克","0","?","113",
"202503","85177950","光通信设备的激光收发模块","107","柬埔寨","34","海关特殊监管区域物流货物","32","江苏省","49","千克","0","?","24,313",
"202503","85177950","光通信设备的激光收发模块","108","塞浦路斯","10","一般贸易","44","广东省","5","千克","0","?","3,188",
"202503","85177950","光通信设备的激光收发模块","110","中国香港","10","一般贸易","11","北京市","10","千克","0","?","156,025",
"202503","85177950","光通信设备的激光收发模块","110","中国香港","10","一般贸易","21","辽宁省","0","千克","0","?","72,168",
"202503","85177950","光通信设备的激光收发模块","110","中国香港","10","一般贸易","23","黑龙江省","9","千克","0","?","3,232",
"202503","85177950","光通信设备的激光收发模块","110","中国香港","10","一般贸易","31","上海市","64","千克","0","?","42,907",
"202503","85177950","光通信设备的激光收发模块","110","中国香港","10","一般贸易","32","江苏省","333","千克","0","?","1,142,867",
"202503","85177950","光通信设备的激光收发模块","110","中国香港","10","一般贸易","33","浙江省","685","千克","0","?","2,048,515",
"202503","85177950","光通信设备的激光收发模块","110","中国香港","10","一般贸易","34","安徽省","654","千克","0","?","87,280",
"202503","85177950","光通信设备的激光收发模块","110","中国香港","10","一般贸易","35","福建省","2","千克","0","?","8,355",
"202503","85177950","光通信设备的激光收发模块","110","中国香港","10","一般贸易","37","山东省","75","千克","0","?","44,232",
"202503","85177950","光通信设备的激光收发模块","110","中国香港","10","一般贸易","41","河南省","386","千克","0","?","2,252,593",
"202503","85177950","光通信设备的激光收发模块","110","中国香港","10","一般贸易","42","湖北省","1066","千克","0","?","4,991,701",
"202503","85177950","光通信设备的激光收发模块","110","中国香港","10","一般贸易","44","广东省","2296","千克","0","?","4,994,493",
"202503","85177950","光通信设备的激光收发模块","110","中国香港","10","一般贸易","51","四川省","480","千克","0","?","406,076",
"202503","85177950","光通信设备的激光收发模块","110","中国香港","10","一般贸易","52","贵州省","34","千克","0","?","8,017",
"202503","85177950","光通信设备的激光收发模块","110","中国香港","15","进料加工贸易","32","江苏省","3184","千克","0","?","9,022,711",
"202503","85177950","光通信设备的激光收发模块","110","中国香港","15","进料加工贸易","35","福建省","1","千克","0","?","1,222",
"202503","85177950","光通信设备的激光收发模块","110","中国香港","15","进料加工贸易","44","广东省","614","千克","0","?","875,454",
"202503","85177950","光通信设备的激光收发模块","110","中国香港","15","进料加工贸易","51","四川省","51","千克","0","?","145,557",
"202503","85177950","光通信设备的激光收发模块","110","中国香港","33","保税监管场所进出境货物","44","广东省","13","千克","0","?","4,141",
"202503","85177950","光通信设备的激光收发模块","110","中国香港","34","海关特殊监管区域物流货物","11","北京市","0","千克","0","?","12,835",
"202503","85177950","光通信设备的激光收发模块","110","中国香港","34","海关特殊监管区域物流货物","31","上海市","258","千克","0","?","67,390",
"202503","85177950","光通信设备的激光收发模块","110","中国香港","34","海关特殊监管区域物流货物","32","江苏省","22","千克","0","?","13,778",
"202503","85177950","光通信设备的激光收发模块","110","中国香港","34","海关特殊监管区域物流货物","44","广东省","1586","千克","0","?","2,423,847",
"202503","85177950","光通信设备的激光收发模块","110","中国香港","39","其他","44","广东省","1","千克","0","?","56",
"202503","85177950","光通信设备的激光收发模块","111","印度","10","一般贸易","11","北京市","6","千克","0","?","11,519",
"202503","85177950","光通信设备的激光收发模块","111","印度","10","一般贸易","21","辽宁省","2","千克","0","?","528",
"202503","85177950","光通信设备的激光收发模块","111","印度","10","一般贸易","23","黑龙江省","610","千克","0","?","30,859",
"202503","85177950","光通信设备的激光收发模块","111","印度","10","一般贸易","31","上海市","144","千克","0","?","34,912",
"202503","85177950","光通信设备的激光收发模块","111","印度","10","一般贸易","32","江苏省","934","千克","0","?","181,729",
"202503","85177950","光通信设备的激光收发模块","111","印度","10","一般贸易","33","浙江省","3","千克","0","?","1,058",
"202503","85177950","光通信设备的激光收发模块","111","印度","10","一般贸易","35","福建省","1","千克","0","?","1,564",
"202503","85177950","光通信设备的激光收发模块","111","印度","10","一般贸易","37","山东省","808","千克","0","?","40,170",
"202503","85177950","光通信设备的激光收发模块","111","印度","10","一般贸易","42","湖北省","1387","千克","0","?","385,316",
"202503","85177950","光通信设备的激光收发模块","111","印度","10","一般贸易","44","广东省","1321","千克","0","?","528,546",
"202503","85177950","光通信设备的激光收发模块","111","印度","10","一般贸易","51","四川省","177","千克","0","?","69,054",
"202503","85177950","光通信设备的激光收发模块","111","印度","10","一般贸易","52","贵州省","30","千克","0","?","1,580",
"202503","85177950","光通信设备的激光收发模块","111","印度","15","进料加工贸易","32","江苏省","717","千克","0","?","1,572,348",
"202503","85177950","光通信设备的激光收发模块","111","印度","15","进料加工贸易","44","广东省","6","千克","0","?","32,157",
"202503","85177950","光通信设备的激光收发模块","111","印度","15","进料加工贸易","51","四川省","15","千克","0","?","39,588",
"202503","85177950","光通信设备的激光收发模块","111","印度","33","保税监管场所进出境货物","44","广东省","4","千克","0","?","4,620",
"202503","85177950","光通信设备的激光收发模块","111","印度","34","海关特殊监管区域物流货物","32","江苏省","782","千克","0","?","186,835",
"202503","85177950","光通信设备的激光收发模块","111","印度","39","其他","44","广东省","0","千克","0","?","408",
"202503","85177950","光通信设备的激光收发模块","112","印度尼西亚","10","一般贸易","23","黑龙江省","129","千克","0","?","12,694",
"202503","85177950","光通信设备的激光收发模块","112","印度尼西亚","10","一般贸易","32","江苏省","123","千克","0","?","22,314",
"202503","85177950","光通信设备的激光收发模块","112","印度尼西亚","10","一般贸易","33","浙江省","2455","千克","0","?","207,674",
"202503","85177950","光通信设备的激光收发模块","112","印度尼西亚","10","一般贸易","35","福建省","95","千克","0","?","85,161",
"202503","85177950","光通信设备的激光收发模块","112","印度尼西亚","10","一般贸易","37","山东省","657","千克","0","?","429,793",
"202503","85177950","光通信设备的激光收发模块","112","印度尼西亚","10","一般贸易","41","河南省","2","千克","0","?","17,762",
"202503","85177950","光通信设备的激光收发模块","112","印度尼西亚","10","一般贸易","42","湖北省","1489","千克","0","?","1,714,386",
"202503","85177950","光通信设备的激光收发模块","112","印度尼西亚","10","一般贸易","44","广东省","1183","千克","0","?","1,344,853",
"202503","85177950","光通信设备的激光收发模块","112","印度尼西亚","10","一般贸易","45","广西壮族自治区","5","千克","0","?","1,934",
"202503","85177950","光通信设备的激光收发模块","112","印度尼西亚","10","一般贸易","51","四川省","6","千克","0","?","2,887",
"202503","85177950","光通信设备的激光收发模块","112","印度尼西亚","10","一般贸易","52","贵州省","6","千克","0","?","1,497",
"202503","85177950","光通信设备的激光收发模块","112","印度尼西亚","10","一般贸易","65","新疆维吾尔自治区","162","千克","0","?","13,316",
"202503","85177950","光通信设备的激光收发模块","112","印度尼西亚","15","进料加工贸易","44","广东省","1","千克","0","?","1,235",
"202503","85177950","光通信设备的激光收发模块","112","印度尼西亚","33","保税监管场所进出境货物","44","广东省","120","千克","0","?","46,064",
"202503","85177950","光通信设备的激光收发模块","112","印度尼西亚","34","海关特殊监管区域物流货物","32","江苏省","63","千克","0","?","15,509",
"202503","85177950","光通信设备的激光收发模块","112","印度尼西亚","34","海关特殊监管区域物流货物","44","广东省","36","千克","0","?","5,696",
"202503","85177950","光通信设备的激光收发模块","113","伊朗","10","一般贸易","23","黑龙江省","412","千克","0","?","26,198",
"202503","85177950","光通信设备的激光收发模块","113","伊朗","10","一般贸易","33","浙江省","27","千克","0","?","930",
"202503","85177950","光通信设备的激光收发模块","113","伊朗","10","一般贸易","51","四川省","69","千克","0","?","650",
"202503","85177950","光通信设备的激光收发模块","114","伊拉克","10","一般贸易","32","江苏省","133","千克","0","?","13,087",
"202503","85177950","光通信设备的激光收发模块","114","伊拉克","10","一般贸易","33","浙江省","159","千克","0","?","8,840",
"202503","85177950","光通信设备的激光收发模块","114","伊拉克","10","一般贸易","35","福建省","0","千克","0","?","598",
"202503","85177950","光通信设备的激光收发模块","114","伊拉克","10","一般贸易","37","山东省","371","千克","0","?","37,508",
"202503","85177950","光通信设备的激光收发模块","114","伊拉克","10","一般贸易","44","广东省","5916","千克","0","?","155,189",
"202503","85177950","光通信设备的激光收发模块","115","以色列","10","一般贸易","11","北京市","3","千克","0","?","1,665",
"202503","85177950","光通信设备的激光收发模块","115","以色列","10","一般贸易","31","上海市","1","千克","0","?","313",
"202503","85177950","光通信设备的激光收发模块","115","以色列","10","一般贸易","32","江苏省","2","千克","0","?","5,300",
"202503","85177950","光通信设备的激光收发模块","115","以色列","10","一般贸易","33","浙江省","18","千克","0","?","33,820",
"202503","85177950","光通信设备的激光收发模块","115","以色列","10","一般贸易","34","安徽省","2","千克","0","?","7,600",
"202503","85177950","光通信设备的激光收发模块","115","以色列","10","一般贸易","42","湖北省","7","千克","0","?","22,914",
"202503","85177950","光通信设备的激光收发模块","115","以色列","10","一般贸易","44","广东省","344","千克","0","?","202,767",
"202503","85177950","光通信设备的激光收发模块","115","以色列","10","一般贸易","51","四川省","183","千克","0","?","557,259",
"202503","85177950","光通信设备的激光收发模块","115","以色列","15","进料加工贸易","32","江苏省","23","千克","0","?","33,634",
"202503","85177950","光通信设备的激光收发模块","115","以色列","39","其他","33","浙江省","8","千克","0","?","6,000",
"202503","85177950","光通信设备的激光收发模块","116","日本","10","一般贸易","11","北京市","0","千克","0","?","379",
"202503","85177950","光通信设备的激光收发模块","116","日本","10","一般贸易","31","上海市","128","千克","0","?","355,726",
"202503","85177950","光通信设备的激光收发模块","116","日本","10","一般贸易","32","江苏省","475","千克","0","?","594,799",
"202503","85177950","光通信设备的激光收发模块","116","日本","10","一般贸易","33","浙江省","64","千克","0","?","347,676",
"202503","85177950","光通信设备的激光收发模块","116","日本","10","一般贸易","34","安徽省","0","千克","0","?","16,521",
"202503","85177950","光通信设备的激光收发模块","116","日本","10","一般贸易","35","福建省","8","千克","0","?","24,705",
"202503","85177950","光通信设备的激光收发模块","116","日本","10","一般贸易","37","山东省","20","千克","0","?","12,155",
"202503","85177950","光通信设备的激光收发模块","116","日本","10","一般贸易","42","湖北省","637","千克","0","?","431,187",
"202503","85177950","光通信设备的激光收发模块","116","日本","10","一般贸易","44","广东省","666","千克","0","?","569,653",
"202503","85177950","光通信设备的激光收发模块","116","日本","10","一般贸易","50","重庆市","1","千克","0","?","360",
"202503","85177950","光通信设备的激光收发模块","116","日本","10","一般贸易","51","四川省","650","千克","0","?","355,176",
"202503","85177950","光通信设备的激光收发模块","116","日本","10","一般贸易","65","新疆维吾尔自治区","6","千克","0","?","720",
"202503","85177950","光通信设备的激光收发模块","116","日本","15","进料加工贸易","32","江苏省","177","千克","0","?","415,567",
"202503","85177950","光通信设备的激光收发模块","116","日本","15","进料加工贸易","35","福建省","20","千克","0","?","22,578",
"202503","85177950","光通信设备的激光收发模块","116","日本","15","进料加工贸易","44","广东省","6","千克","0","?","7,105",
"202503","85177950","光通信设备的激光收发模块","116","日本","15","进料加工贸易","51","四川省","30","千克","0","?","71,221",
"202503","85177950","光通信设备的激光收发模块","116","日本","34","海关特殊监管区域物流货物","32","江苏省","114","千克","0","?","552,429",
"202503","85177950","光通信设备的激光收发模块","116","日本","34","海关特殊监管区域物流货物","42","湖北省","46","千克","0","?","78,788",
"202503","85177950","光通信设备的激光收发模块","116","日本","39","其他","33","浙江省","0","千克","0","?","6,624",
"202503","85177950","光通信设备的激光收发模块","116","日本","39","其他","44","广东省","6","千克","0","?","2,742",
"202503","85177950","光通信设备的激光收发模块","117","约旦","10","一般贸易","21","辽宁省","1","千克","0","?","246",
"202503","85177950","光通信设备的激光收发模块","117","约旦","10","一般贸易","33","浙江省","0","千克","0","?","144",
"202503","85177950","光通信设备的激光收发模块","117","约旦","10","一般贸易","35","福建省","6","千克","0","?","296",
"202503","85177950","光通信设备的激光收发模块","117","约旦","10","一般贸易","44","广东省","38","千克","0","?","8,490",
"202503","85177950","光通信设备的激光收发模块","117","约旦","15","进料加工贸易","44","广东省","2","千克","0","?","985",
"202503","85177950","光通信设备的激光收发模块","117","约旦","34","海关特殊监管区域物流货物","32","江苏省","53","千克","0","?","14,302",
"202503","85177950","光通信设备的激光收发模块","118","科威特","10","一般贸易","37","山东省","0","千克","0","?","15",
"202503","85177950","光通信设备的激光收发模块","118","科威特","10","一般贸易","44","广东省","15","千克","0","?","8,653",
"202503","85177950","光通信设备的激光收发模块","119","老挝","10","一般贸易","44","广东省","3","千克","0","?","8,168",
"202503","85177950","光通信设备的激光收发模块","119","老挝","22","对外承包工程出口货物","37","山东省","1","千克","0","?","36,609",
"202503","85177950","光通信设备的激光收发模块","119","老挝","34","海关特殊监管区域物流货物","45","广西壮族自治区","1","千克","0","?","380",
"202503","85177950","光通信设备的激光收发模块","120","黎巴嫩","10","一般贸易","23","黑龙江省","706","千克","0","?","38,454",
"202503","85177950","光通信设备的激光收发模块","120","黎巴嫩","10","一般贸易","44","广东省","51","千克","0","?","23,567",
"202503","85177950","光通信设备的激光收发模块","120","黎巴嫩","10","一般贸易","65","新疆维吾尔自治区","156","千克","0","?","12,925",
"202503","85177950","光通信设备的激光收发模块","120","黎巴嫩","15","进料加工贸易","44","广东省","0","千克","0","?","568",
"202503","85177950","光通信设备的激光收发模块","121","中国澳门","10","一般贸易","33","浙江省","11","千克","0","?","9,403",
"202503","85177950","光通信设备的激光收发模块","121","中国澳门","10","一般贸易","42","湖北省","6","千克","0","?","3,892",
"202503","85177950","光通信设备的激光收发模块","121","中国澳门","10","一般贸易","44","广东省","264","千克","0","?","327,801",
"202503","85177950","光通信设备的激光收发模块","121","中国澳门","15","进料加工贸易","33","浙江省","9","千克","0","?","7,008",
"202503","85177950","光通信设备的激光收发模块","122","马来西亚","10","一般贸易","11","北京市","67","千克","0","?","19,632",
"202503","85177950","光通信设备的激光收发模块","122","马来西亚","10","一般贸易","21","辽宁省","1","千克","0","?","144",
"202503","85177950","光通信设备的激光收发模块","122","马来西亚","10","一般贸易","23","黑龙江省","306","千克","0","?","16,566",
"202503","85177950","光通信设备的激光收发模块","122","马来西亚","10","一般贸易","31","上海市","2341","千克","0","?","1,380,424",
"202503","85177950","光通信设备的激光收发模块","122","马来西亚","10","一般贸易","32","江苏省","3417","千克","0","?","7,525,308",
"202503","85177950","光通信设备的激光收发模块","122","马来西亚","10","一般贸易","33","浙江省","403","千克","0","?","269,368",
"202503","85177950","光通信设备的激光收发模块","122","马来西亚","10","一般贸易","35","福建省","47","千克","0","?","165,006",
"202503","85177950","光通信设备的激光收发模块","122","马来西亚","10","一般贸易","37","山东省","2384","千克","0","?","3,772,657",
"202503","85177950","光通信设备的激光收发模块","122","马来西亚","10","一般贸易","41","河南省","182","千克","0","?","218,980",
"202503","85177950","光通信设备的激光收发模块","122","马来西亚","10","一般贸易","42","湖北省","32788","千克","0","?","34,994,190",
"202503","85177950","光通信设备的激光收发模块","122","马来西亚","10","一般贸易","43","湖南省","137","千克","0","?","108,971",
"202503","85177950","光通信设备的激光收发模块","122","马来西亚","10","一般贸易","44","广东省","1674","千克","0","?","1,240,866",
"202503","85177950","光通信设备的激光收发模块","122","马来西亚","10","一般贸易","45","广西壮族自治区","5","千克","0","?","1,240",
"202503","85177950","光通信设备的激光收发模块","122","马来西亚","10","一般贸易","51","四川省","233","千克","0","?","163,391",
"202503","85177950","光通信设备的激光收发模块","122","马来西亚","10","一般贸易","62","甘肃省","1","千克","0","?","300",
"202503","85177950","光通信设备的激光收发模块","122","马来西亚","15","进料加工贸易","32","江苏省","61189","千克","0","?","113,347,929",
"202503","85177950","光通信设备的激光收发模块","122","马来西亚","15","进料加工贸易","35","福建省","2","千克","0","?","3,054",
"202503","85177950","光通信设备的激光收发模块","122","马来西亚","15","进料加工贸易","44","广东省","985","千克","0","?","1,287,733",
"202503","85177950","光通信设备的激光收发模块","122","马来西亚","15","进料加工贸易","51","四川省","1241","千克","0","?","2,700,575",
"202503","85177950","光通信设备的激光收发模块","122","马来西亚","34","海关特殊监管区域物流货物","32","江苏省","36","千克","0","?","31,557",
"202503","85177950","光通信设备的激光收发模块","122","马来西亚","39","其他","42","湖北省","3","千克","0","?","1,721",
"202503","85177950","光通信设备的激光收发模块","123","马尔代夫","10","一般贸易","32","江苏省","161","千克","0","?","13,138",
"202503","85177950","光通信设备的激光收发模块","123","马尔代夫","10","一般贸易","37","山东省","0","千克","0","?","109",
"202503","85177950","光通信设备的激光收发模块","123","马尔代夫","10","一般贸易","44","广东省","2","千克","0","?","4,153",
"202503","85177950","光通信设备的激光收发模块","124","蒙古","10","一般贸易","33","浙江省","1","千克","0","?","898",
"202503","85177950","光通信设备的激光收发模块","124","蒙古","10","一般贸易","44","广东省","30","千克","0","?","13,814",
"202503","85177950","光通信设备的激光收发模块","125","尼泊尔","10","一般贸易","31","上海市","5","千克","0","?","150",
"202503","85177950","光通信设备的激光收发模块","125","尼泊尔","10","一般贸易","44","广东省","114","千克","0","?","34,366",
"202503","85177950","光通信设备的激光收发模块","126","阿曼","10","一般贸易","11","北京市","1","千克","0","?","578",
"202503","85177950","光通信设备的激光收发模块","126","阿曼","10","一般贸易","44","广东省","28","千克","0","?","77,768",
"202503","85177950","光通信设备的激光收发模块","127","巴基斯坦","10","一般贸易","11","北京市","0","千克","0","?","428",
"202503","85177950","光通信设备的激光收发模块","127","巴基斯坦","10","一般贸易","12","天津市","4","千克","0","?","10,750",
"202503","85177950","光通信设备的激光收发模块","127","巴基斯坦","10","一般贸易","33","浙江省","5012","千克","0","?","91,038",
"202503","85177950","光通信设备的激光收发模块","127","巴基斯坦","10","一般贸易","42","湖北省","46","千克","0","?","9,554",
"202503","85177950","光通信设备的激光收发模块","127","巴基斯坦","10","一般贸易","44","广东省","360","千克","0","?","121,484",
"202503","85177950","光通信设备的激光收发模块","129","菲律宾","10","一般贸易","23","黑龙江省","1568","千克","0","?","20,227",
"202503","85177950","光通信设备的激光收发模块","129","菲律宾","10","一般贸易","31","上海市","24","千克","0","?","1,133,781",
"202503","85177950","光通信设备的激光收发模块","129","菲律宾","10","一般贸易","32","江苏省","0","千克","0","?","12",
"202503","85177950","光通信设备的激光收发模块","129","菲律宾","10","一般贸易","33","浙江省","30","千克","0","?","13,854",
"202503","85177950","光通信设备的激光收发模块","129","菲律宾","10","一般贸易","35","福建省","9","千克","0","?","13,782",
"202503","85177950","光通信设备的激光收发模块","129","菲律宾","10","一般贸易","37","山东省","5","千克","0","?","40",
"202503","85177950","光通信设备的激光收发模块","129","菲律宾","10","一般贸易","42","湖北省","40","千克","0","?","31,548",
"202503","85177950","光通信设备的激光收发模块","129","菲律宾","10","一般贸易","44","广东省","877","千克","0","?","731,256",
"202503","85177950","光通信设备的激光收发模块","129","菲律宾","10","一般贸易","62","甘肃省","1","千克","0","?","150",
"202503","85177950","光通信设备的激光收发模块","129","菲律宾","15","进料加工贸易","44","广东省","0","千克","0","?","5,281",
"202503","85177950","光通信设备的激光收发模块","129","菲律宾","33","保税监管场所进出境货物","44","广东省","4","千克","0","?","352",
"202503","85177950","光通信设备的激光收发模块","129","菲律宾","34","海关特殊监管区域物流货物","32","江苏省","58","千克","0","?","21,179",
"202503","85177950","光通信设备的激光收发模块","130","卡塔尔","10","一般贸易","31","上海市","18","千克","0","?","4,083",
"202503","85177950","光通信设备的激光收发模块","130","卡塔尔","10","一般贸易","33","浙江省","20","千克","0","?","8,801",
"202503","85177950","光通信设备的激光收发模块","130","卡塔尔","10","一般贸易","35","福建省","2","千克","0","?","2,768",
"202503","85177950","光通信设备的激光收发模块","130","卡塔尔","10","一般贸易","37","山东省","0","千克","0","?","97",
"202503","85177950","光通信设备的激光收发模块","130","卡塔尔","10","一般贸易","44","广东省","3","千克","0","?","1,280",
"202503","85177950","光通信设备的激光收发模块","130","卡塔尔","15","进料加工贸易","44","广东省","3","千克","0","?","27,797",
"202503","85177950","光通信设备的激光收发模块","130","卡塔尔","33","保税监管场所进出境货物","44","广东省","2","千克","0","?","1,628",
"202503","85177950","光通信设备的激光收发模块","131","沙特阿拉伯","10","一般贸易","11","北京市","2","千克","0","?","1,175",
"202503","85177950","光通信设备的激光收发模块","131","沙特阿拉伯","10","一般贸易","23","黑龙江省","325","千克","0","?","13,163",
"202503","85177950","光通信设备的激光收发模块","131","沙特阿拉伯","10","一般贸易","32","江苏省","43","千克","0","?","18,012",
"202503","85177950","光通信设备的激光收发模块","131","沙特阿拉伯","10","一般贸易","33","浙江省","29","千克","0","?","18,086",
"202503","85177950","光通信设备的激光收发模块","131","沙特阿拉伯","10","一般贸易","35","福建省","58","千克","0","?","59,388",
"202503","85177950","光通信设备的激光收发模块","131","沙特阿拉伯","10","一般贸易","37","山东省","290","千克","0","?","13,229",
"202503","85177950","光通信设备的激光收发模块","131","沙特阿拉伯","10","一般贸易","42","湖北省","143","千克","0","?","138,283",
"202503","85177950","光通信设备的激光收发模块","131","沙特阿拉伯","10","一般贸易","44","广东省","157","千克","0","?","40,493",
"202503","85177950","光通信设备的激光收发模块","131","沙特阿拉伯","10","一般贸易","52","贵州省","78","千克","0","?","49,603",
"202503","85177950","光通信设备的激光收发模块","131","沙特阿拉伯","10","一般贸易","65","新疆维吾尔自治区","174","千克","0","?","13,527",
"202503","85177950","光通信设备的激光收发模块","131","沙特阿拉伯","15","进料加工贸易","44","广东省","0","千克","0","?","197",
"202503","85177950","光通信设备的激光收发模块","131","沙特阿拉伯","34","海关特殊监管区域物流货物","32","江苏省","82","千克","0","?","34,051",
"202503","85177950","光通信设备的激光收发模块","132","新加坡","10","一般贸易","11","北京市","2","千克","0","?","1,453",
"202503","85177950","光通信设备的激光收发模块","132","新加坡","10","一般贸易","23","黑龙江省","6","千克","0","?","551",
"202503","85177950","光通信设备的激光收发模块","132","新加坡","10","一般贸易","31","上海市","20","千克","0","?","74,201",
"202503","85177950","光通信设备的激光收发模块","132","新加坡","10","一般贸易","32","江苏省","877","千克","0","?","1,344,355",
"202503","85177950","光通信设备的激光收发模块","132","新加坡","10","一般贸易","33","浙江省","561","千克","0","?","1,173,042",
"202503","85177950","光通信设备的激光收发模块","132","新加坡","10","一般贸易","34","安徽省","3","千克","0","?","196",
"202503","85177950","光通信设备的激光收发模块","132","新加坡","10","一般贸易","35","福建省","0","千克","0","?","145",
"202503","85177950","光通信设备的激光收发模块","132","新加坡","10","一般贸易","37","山东省","336","千克","0","?","65,347",
"202503","85177950","光通信设备的激光收发模块","132","新加坡","10","一般贸易","42","湖北省","1806","千克","0","?","1,923,244",
"202503","85177950","光通信设备的激光收发模块","132","新加坡","10","一般贸易","44","广东省","1552","千克","0","?","1,461,516",
"202503","85177950","光通信设备的激光收发模块","132","新加坡","10","一般贸易","45","广西壮族自治区","0","千克","0","?","36",
"202503","85177950","光通信设备的激光收发模块","132","新加坡","10","一般贸易","51","四川省","1852","千克","0","?","5,541,874",
"202503","85177950","光通信设备的激光收发模块","132","新加坡","10","一般贸易","52","贵州省","105","千克","0","?","65,670",
"202503","85177950","光通信设备的激光收发模块","132","新加坡","10","一般贸易","65","新疆维吾尔自治区","24","千克","0","?","2,421",
"202503","85177950","光通信设备的激光收发模块","132","新加坡","15","进料加工贸易","32","江苏省","780","千克","0","?","1,175,137",
"202503","85177950","光通信设备的激光收发模块","132","新加坡","15","进料加工贸易","33","浙江省","1015","千克","0","?","799,314",
"202503","85177950","光通信设备的激光收发模块","132","新加坡","15","进料加工贸易","35","福建省","4","千克","0","?","5,841",
"202503","85177950","光通信设备的激光收发模块","132","新加坡","15","进料加工贸易","44","广东省","1463","千克","0","?","3,059,879",
"202503","85177950","光通信设备的激光收发模块","132","新加坡","33","保税监管场所进出境货物","11","北京市","0","千克","0","?","730",
"202503","85177950","光通信设备的激光收发模块","132","新加坡","33","保税监管场所进出境货物","44","广东省","182","千克","0","?","19,046",
"202503","85177950","光通信设备的激光收发模块","132","新加坡","34","海关特殊监管区域物流货物","32","江苏省","445","千克","0","?","137,165",
"202503","85177950","光通信设备的激光收发模块","132","新加坡","34","海关特殊监管区域物流货物","42","湖北省","89","千克","0","?","138,838",
"202503","85177950","光通信设备的激光收发模块","132","新加坡","34","海关特殊监管区域物流货物","45","广西壮族自治区","0","千克","0","?","84",
"202503","85177950","光通信设备的激光收发模块","132","新加坡","39","其他","11","北京市","1","千克","0","?","135",
"202503","85177950","光通信设备的激光收发模块","133","韩国","10","一般贸易","13","河北省","59","千克","0","?","9,600",
"202503","85177950","光通信设备的激光收发模块","133","韩国","10","一般贸易","21","辽宁省","35","千克","0","?","13,811",
"202503","85177950","光通信设备的激光收发模块","133","韩国","10","一般贸易","31","上海市","3","千克","0","?","225",
"202503","85177950","光通信设备的激光收发模块","133","韩国","10","一般贸易","32","江苏省","189","千克","0","?","158,097",
"202503","85177950","光通信设备的激光收发模块","133","韩国","10","一般贸易","33","浙江省","51","千克","0","?","51,855",
"202503","85177950","光通信设备的激光收发模块","133","韩国","10","一般贸易","35","福建省","12","千克","0","?","10,091",
"202503","85177950","光通信设备的激光收发模块","133","韩国","10","一般贸易","37","山东省","19","千克","0","?","17,889",
"202503","85177950","光通信设备的激光收发模块","133","韩国","10","一般贸易","42","湖北省","496","千克","0","?","381,332",
"202503","85177950","光通信设备的激光收发模块","133","韩国","10","一般贸易","44","广东省","4314","千克","0","?","1,620,234",
"202503","85177950","光通信设备的激光收发模块","133","韩国","10","一般贸易","51","四川省","571","千克","0","?","541,356",
"202503","85177950","光通信设备的激光收发模块","133","韩国","10","一般贸易","65","新疆维吾尔自治区","31","千克","0","?","47,040",
"202503","85177950","光通信设备的激光收发模块","133","韩国","15","进料加工贸易","32","江苏省","123","千克","0","?","64,057",
"202503","85177950","光通信设备的激光收发模块","133","韩国","15","进料加工贸易","35","福建省","5","千克","0","?","5,237",
"202503","85177950","光通信设备的激光收发模块","133","韩国","15","进料加工贸易","44","广东省","3","千克","0","?","21,592",
"202503","85177950","光通信设备的激光收发模块","133","韩国","15","进料加工贸易","51","四川省","6","千克","0","?","5,086",
"202503","85177950","光通信设备的激光收发模块","133","韩国","34","海关特殊监管区域物流货物","32","江苏省","82","千克","0","?","491,240",
"202503","85177950","光通信设备的激光收发模块","134","斯里兰卡","10","一般贸易","31","上海市","2","千克","0","?","359",
"202503","85177950","光通信设备的激光收发模块","134","斯里兰卡","10","一般贸易","33","浙江省","5","千克","0","?","1,505",
"202503","85177950","光通信设备的激光收发模块","134","斯里兰卡","10","一般贸易","44","广东省","16","千克","0","?","29,366",
"202503","85177950","光通信设备的激光收发模块","134","斯里兰卡","33","保税监管场所进出境货物","44","广东省","1","千克","0","?","218",
"202503","85177950","光通信设备的激光收发模块","134","斯里兰卡","34","海关特殊监管区域物流货物","32","江苏省","10","千克","0","?","5,461",
"202503","85177950","光通信设备的激光收发模块","136","泰国","10","一般贸易","31","上海市","61","千克","0","?","205,482",
"202503","85177950","光通信设备的激光收发模块","136","泰国","10","一般贸易","32","江苏省","2126","千克","0","?","3,563,263",
"202503","85177950","光通信设备的激光收发模块","136","泰国","10","一般贸易","33","浙江省","30","千克","0","?","85,216",
"202503","85177950","光通信设备的激光收发模块","136","泰国","10","一般贸易","34","安徽省","95","千克","0","?","1,574",
"202503","85177950","光通信设备的激光收发模块","136","泰国","10","一般贸易","35","福建省","53","千克","0","?","20,227",
"202503","85177950","光通信设备的激光收发模块","136","泰国","10","一般贸易","37","山东省","241","千克","0","?","20,904",
"202503","85177950","光通信设备的激光收发模块","136","泰国","10","一般贸易","42","湖北省","3314","千克","0","?","1,948,788",
"202503","85177950","光通信设备的激光收发模块","136","泰国","10","一般贸易","44","广东省","1597","千克","0","?","1,344,386",
"202503","85177950","光通信设备的激光收发模块","136","泰国","10","一般贸易","46","海南省","5","千克","0","?","7,888",
"202503","85177950","光通信设备的激光收发模块","136","泰国","10","一般贸易","51","四川省","7337","千克","0","?","12,992,359",
"202503","85177950","光通信设备的激光收发模块","136","泰国","10","一般贸易","52","贵州省","30","千克","0","?","3,606",
"202503","85177950","光通信设备的激光收发模块","136","泰国","15","进料加工贸易","32","江苏省","598","千克","0","?","6,900,148",
"202503","85177950","光通信设备的激光收发模块","136","泰国","15","进料加工贸易","35","福建省","0","千克","0","?","69",
"202503","85177950","光通信设备的激光收发模块","136","泰国","15","进料加工贸易","42","湖北省","0","千克","0","?","26",
"202503","85177950","光通信设备的激光收发模块","136","泰国","15","进料加工贸易","44","广东省","3","千克","0","?","2,082",
"202503","85177950","光通信设备的激光收发模块","136","泰国","33","保税监管场所进出境货物","44","广东省","0","千克","0","?","34",
"202503","85177950","光通信设备的激光收发模块","136","泰国","34","海关特殊监管区域物流货物","32","江苏省","332","千克","0","?","78,973",
"202503","85177950","光通信设备的激光收发模块","136","泰国","34","海关特殊监管区域物流货物","35","福建省","0","千克","0","?","1,414",
"202503","85177950","光通信设备的激光收发模块","136","泰国","34","海关特殊监管区域物流货物","44","广东省","0","千克","0","?","350",
"202503","85177950","光通信设备的激光收发模块","136","泰国","34","海关特殊监管区域物流货物","45","广西壮族自治区","5","千克","0","?","18,608",
"202503","85177950","光通信设备的激光收发模块","136","泰国","39","其他","32","江苏省","0","千克","0","?","594",
"202503","85177950","光通信设备的激光收发模块","137","土耳其","10","一般贸易","23","黑龙江省","42","千克","0","?","400",
"202503","85177950","光通信设备的激光收发模块","137","土耳其","10","一般贸易","32","江苏省","100","千克","0","?","15,830",
"202503","85177950","光通信设备的激光收发模块","137","土耳其","10","一般贸易","33","浙江省","7","千克","0","?","6,692",
"202503","85177950","光通信设备的激光收发模块","137","土耳其","10","一般贸易","35","福建省","48","千克","0","?","29,482",
"202503","85177950","光通信设备的激光收发模块","137","土耳其","10","一般贸易","37","山东省","129","千克","0","?","12,552",
"202503","85177950","光通信设备的激光收发模块","137","土耳其","10","一般贸易","44","广东省","1303","千克","0","?","953,880",
"202503","85177950","光通信设备的激光收发模块","137","土耳其","10","一般贸易","65","新疆维吾尔自治区","0","千克","0","?","32",
"202503","85177950","光通信设备的激光收发模块","137","土耳其","33","保税监管场所进出境货物","44","广东省","67","千克","0","?","7,455",
"202503","85177950","光通信设备的激光收发模块","137","土耳其","34","海关特殊监管区域物流货物","32","江苏省","125","千克","0","?","25,031",
"202503","85177950","光通信设备的激光收发模块","138","阿联酋","10","一般贸易","23","黑龙江省","407","千克","0","?","20,537",
"202503","85177950","光通信设备的激光收发模块","138","阿联酋","10","一般贸易","31","上海市","166","千克","0","?","6,935",
"202503","85177950","光通信设备的激光收发模块","138","阿联酋","10","一般贸易","32","江苏省","138","千克","0","?","22,787",
"202503","85177950","光通信设备的激光收发模块","138","阿联酋","10","一般贸易","33","浙江省","585","千克","0","?","66,494",
"202503","85177950","光通信设备的激光收发模块","138","阿联酋","10","一般贸易","35","福建省","10","千克","0","?","9,654",
"202503","85177950","光通信设备的激光收发模块","138","阿联酋","10","一般贸易","37","山东省","520","千克","0","?","30,063",
"202503","85177950","光通信设备的激光收发模块","138","阿联酋","10","一般贸易","41","河南省","0","千克","0","?","7",
"202503","85177950","光通信设备的激光收发模块","138","阿联酋","10","一般贸易","42","湖北省","124","千克","0","?","36,910",
"202503","85177950","光通信设备的激光收发模块","138","阿联酋","10","一般贸易","44","广东省","1842","千克","0","?","1,204,461",
"202503","85177950","光通信设备的激光收发模块","138","阿联酋","10","一般贸易","51","四川省","78","千克","0","?","16,524",
"202503","85177950","光通信设备的激光收发模块","138","阿联酋","10","一般贸易","61","陕西省","2","千克","0","?","338",
"202503","85177950","光通信设备的激光收发模块","138","阿联酋","10","一般贸易","65","新疆维吾尔自治区","318","千克","0","?","26,293",
"202503","85177950","光通信设备的激光收发模块","138","阿联酋","15","进料加工贸易","44","广东省","2","千克","0","?","11,929",
"202503","85177950","光通信设备的激光收发模块","138","阿联酋","15","进料加工贸易","51","四川省","10","千克","0","?","2,533",
"202503","85177950","光通信设备的激光收发模块","138","阿联酋","34","海关特殊监管区域物流货物","32","江苏省","82","千克","0","?","56,420",
"202503","85177950","光通信设备的激光收发模块","141","越南","10","一般贸易","11","北京市","1","千克","0","?","3,507",
"202503","85177950","光通信设备的激光收发模块","141","越南","10","一般贸易","31","上海市","1641","千克","0","?","614,179",
"202503","85177950","光通信设备的激光收发模块","141","越南","10","一般贸易","32","江苏省","669","千克","0","?","370,999",
"202503","85177950","光通信设备的激光收发模块","141","越南","10","一般贸易","33","浙江省","142","千克","0","?","16,876",
"202503","85177950","光通信设备的激光收发模块","141","越南","10","一般贸易","34","安徽省","10","千克","0","?","16,845",
"202503","85177950","光通信设备的激光收发模块","141","越南","10","一般贸易","35","福建省","17","千克","0","?","9,509",
"202503","85177950","光通信设备的激光收发模块","141","越南","10","一般贸易","36","江西省","8","千克","0","?","2,344",
"202503","85177950","光通信设备的激光收发模块","141","越南","10","一般贸易","37","山东省","13","千克","0","?","1,637",
"202503","85177950","光通信设备的激光收发模块","141","越南","10","一般贸易","42","湖北省","472","千克","0","?","121,222",
"202503","85177950","光通信设备的激光收发模块","141","越南","10","一般贸易","44","广东省","1282","千克","0","?","621,091",
"202503","85177950","光通信设备的激光收发模块","141","越南","10","一般贸易","51","四川省","612","千克","0","?","722,014",
"202503","85177950","光通信设备的激光收发模块","141","越南","15","进料加工贸易","32","江苏省","54","千克","0","?","30,699",
"202503","85177950","光通信设备的激光收发模块","141","越南","15","进料加工贸易","51","四川省","375","千克","0","?","428,116",
"202503","85177950","光通信设备的激光收发模块","141","越南","19","边境小额贸易","45","广西壮族自治区","210","千克","0","?","251,404",
"202503","85177950","光通信设备的激光收发模块","141","越南","33","保税监管场所进出境货物","32","江苏省","1","千克","0","?","582",
"202503","85177950","光通信设备的激光收发模块","141","越南","33","保税监管场所进出境货物","44","广东省","300","千克","0","?","120,058",
"202503","85177950","光通信设备的激光收发模块","141","越南","34","海关特殊监管区域物流货物","31","上海市","1","千克","0","?","512",
"202503","85177950","光通信设备的激光收发模块","141","越南","34","海关特殊监管区域物流货物","32","江苏省","715","千克","0","?","281,084",
"202503","85177950","光通信设备的激光收发模块","141","越南","34","海关特殊监管区域物流货物","45","广西壮族自治区","3","千克","0","?","962",
"202503","85177950","光通信设备的激光收发模块","141","越南","39","其他","44","广东省","0","千克","0","?","44",
"202503","85177950","光通信设备的激光收发模块","143","中国台湾","10","一般贸易","13","河北省","92","千克","0","?","14,680",
"202503","85177950","光通信设备的激光收发模块","143","中国台湾","10","一般贸易","21","辽宁省","0","千克","0","?","2,984",
"202503","85177950","光通信设备的激光收发模块","143","中国台湾","10","一般贸易","31","上海市","96","千克","0","?","246,978",
"202503","85177950","光通信设备的激光收发模块","143","中国台湾","10","一般贸易","32","江苏省","761","千克","0","?","864,453",
"202503","85177950","光通信设备的激光收发模块","143","中国台湾","10","一般贸易","33","浙江省","1733","千克","0","?","3,796,991",
"202503","85177950","光通信设备的激光收发模块","143","中国台湾","10","一般贸易","34","安徽省","34","千克","0","?","10,348",
"202503","85177950","光通信设备的激光收发模块","143","中国台湾","10","一般贸易","37","山东省","117","千克","0","?","108,161",
"202503","85177950","光通信设备的激光收发模块","143","中国台湾","10","一般贸易","42","湖北省","618","千克","0","?","832,256",
"202503","85177950","光通信设备的激光收发模块","143","中国台湾","10","一般贸易","43","湖南省","23","千克","0","?","12,035",
"202503","85177950","光通信设备的激光收发模块","143","中国台湾","10","一般贸易","44","广东省","10215","千克","0","?","7,925,688",
"202503","85177950","光通信设备的激光收发模块","143","中国台湾","10","一般贸易","51","四川省","46","千克","0","?","57,436",
"202503","85177950","光通信设备的激光收发模块","143","中国台湾","15","进料加工贸易","32","江苏省","113","千克","0","?","39,698",
"202503","85177950","光通信设备的激光收发模块","143","中国台湾","15","进料加工贸易","33","浙江省","3951","千克","0","?","4,514,168",
"202503","85177950","光通信设备的激光收发模块","143","中国台湾","15","进料加工贸易","35","福建省","3","千克","0","?","6,133",
"202503","85177950","光通信设备的激光收发模块","143","中国台湾","15","进料加工贸易","44","广东省","0","千克","0","?","637",
"202503","85177950","光通信设备的激光收发模块","143","中国台湾","15","进料加工贸易","51","四川省","5486","千克","0","?","6,777,656",
"202503","85177950","光通信设备的激光收发模块","143","中国台湾","33","保税监管场所进出境货物","44","广东省","131","千克","0","?","338",
"202503","85177950","光通信设备的激光收发模块","143","中国台湾","34","海关特殊监管区域物流货物","32","江苏省","192","千克","0","?","57,084",
"202503","85177950","光通信设备的激光收发模块","143","中国台湾","34","海关特殊监管区域物流货物","44","广东省","0","千克","0","?","2,001",
"202503","85177950","光通信设备的激光收发模块","143","中国台湾","39","其他","32","江苏省","0","千克","0","?","84",
"202503","85177950","光通信设备的激光收发模块","145","哈萨克斯坦","10","一般贸易","31","上海市","11","千克","0","?","6,720",
"202503","85177950","光通信设备的激光收发模块","145","哈萨克斯坦","10","一般贸易","33","浙江省","24","千克","0","?","29,242",
"202503","85177950","光通信设备的激光收发模块","145","哈萨克斯坦","10","一般贸易","34","安徽省","27","千克","0","?","3,711",
"202503","85177950","光通信设备的激光收发模块","145","哈萨克斯坦","10","一般贸易","44","广东省","255","千克","0","?","46,581",
"202503","85177950","光通信设备的激光收发模块","145","哈萨克斯坦","10","一般贸易","65","新疆维吾尔自治区","1775","千克","0","?","26,803",
"202503","85177950","光通信设备的激光收发模块","145","哈萨克斯坦","15","进料加工贸易","44","广东省","0","千克","0","?","131",
"202503","85177950","光通信设备的激光收发模块","146","吉尔吉斯斯坦","10","一般贸易","44","广东省","413","千克","0","?","137,259",
"202503","85177950","光通信设备的激光收发模块","146","吉尔吉斯斯坦","10","一般贸易","52","贵州省","0","千克","0","?","540",
"202503","85177950","光通信设备的激光收发模块","147","塔吉克斯坦","10","一般贸易","31","上海市","97","千克","0","?","8,560",
"202503","85177950","光通信设备的激光收发模块","147","塔吉克斯坦","10","一般贸易","44","广东省","1","千克","0","?","2,484",
"202503","85177950","光通信设备的激光收发模块","148","土库曼斯坦","10","一般贸易","33","浙江省","3","千克","0","?","700",
"202503","85177950","光通信设备的激光收发模块","149","乌兹别克斯坦","10","一般贸易","33","浙江省","17","千克","0","?","20,252",
"202503","85177950","光通信设备的激光收发模块","149","乌兹别克斯坦","10","一般贸易","44","广东省","80","千克","0","?","69,289",
"202503","85177950","光通信设备的激光收发模块","150","格鲁吉亚","10","一般贸易","31","上海市","15","千克","0","?","156,901",
"202503","85177950","光通信设备的激光收发模块","150","格鲁吉亚","10","一般贸易","33","浙江省","1","千克","0","?","1,301",
"202503","85177950","光通信设备的激光收发模块","150","格鲁吉亚","10","一般贸易","44","广东省","44","千克","0","?","23,529",
"202503","85177950","光通信设备的激光收发模块","151","亚美尼亚","10","一般贸易","33","浙江省","2","千克","0","?","965",
"202503","85177950","光通信设备的激光收发模块","151","亚美尼亚","10","一般贸易","44","广东省","14","千克","0","?","23,332",
"202503","85177950","光通信设备的激光收发模块","152","阿塞拜疆","10","一般贸易","44","广东省","104","千克","0","?","231,335",
"202503","85177950","光通信设备的激光收发模块","152","阿塞拜疆","15","进料加工贸易","44","广东省","1","千克","0","?","802",
"202503","85177950","光通信设备的激光收发模块","201","阿尔及利亚","10","一般贸易","33","浙江省","0","千克","0","?","245",
"202503","85177950","光通信设备的激光收发模块","201","阿尔及利亚","10","一般贸易","44","广东省","896","千克","0","?","285,647",
"202503","85177950","光通信设备的激光收发模块","201","阿尔及利亚","34","海关特殊监管区域物流货物","32","江苏省","365","千克","0","?","47,921",
"202503","85177950","光通信设备的激光收发模块","203","贝宁","10","一般贸易","44","广东省","118","千克","0","?","100,493",
"202503","85177950","光通信设备的激光收发模块","204","博茨瓦纳","10","一般贸易","44","广东省","63","千克","0","?","5,042",
"202503","85177950","光通信设备的激光收发模块","206","喀麦隆","10","一般贸易","44","广东省","3","千克","0","?","1,673",
"202503","85177950","光通信设备的激光收发模块","213","刚果共和国","10","一般贸易","44","广东省","0","千克","0","?","20",
"202503","85177950","光通信设备的激光收发模块","215","埃及","10","一般贸易","33","浙江省","5","千克","0","?","1,485",
"202503","85177950","光通信设备的激光收发模块","215","埃及","10","一般贸易","44","广东省","39","千克","0","?","16,180",
"202503","85177950","光通信设备的激光收发模块","215","埃及","15","进料加工贸易","44","广东省","0","千克","0","?","3,780",
"202503","85177950","光通信设备的激光收发模块","215","埃及","39","其他","44","广东省","54","千克","0","?","83,059",
"202503","85177950","光通信设备的激光收发模块","217","埃塞俄比亚","10","一般贸易","44","广东省","58","千克","0","?","86,493",
"202503","85177950","光通信设备的激光收发模块","217","埃塞俄比亚","39","其他","44","广东省","1","千克","0","?","2,571",
"202503","85177950","光通信设备的激光收发模块","218","加蓬","10","一般贸易","44","广东省","2","千克","0","?","1,277",
"202503","85177950","光通信设备的激光收发模块","219","冈比亚","10","一般贸易","44","广东省","6","千克","0","?","895",
"202503","85177950","光通信设备的激光收发模块","220","加纳","10","一般贸易","37","山东省","167","千克","0","?","13,393",
"202503","85177950","光通信设备的激光收发模块","220","加纳","10","一般贸易","44","广东省","98","千克","0","?","60,576",
"202503","85177950","光通信设备的激光收发模块","221","几内亚","10","一般贸易","44","广东省","11","千克","0","?","11,811",
"202503","85177950","光通信设备的激光收发模块","221","几内亚","10","一般贸易","51","四川省","80","千克","0","?","3,925",
"202503","85177950","光通信设备的激光收发模块","221","几内亚","22","对外承包工程出口货物","31","上海市","7","千克","0","?","251,541",
"202503","85177950","光通信设备的激光收发模块","223","科特迪瓦","10","一般贸易","44","广东省","0","千克","0","?","944",
"202503","85177950","光通信设备的激光收发模块","224","肯尼亚","10","一般贸易","23","黑龙江省","169","千克","0","?","13,047",
"202503","85177950","光通信设备的激光收发模块","224","肯尼亚","10","一般贸易","33","浙江省","2","千克","0","?","912",
"202503","85177950","光通信设备的激光收发模块","224","肯尼亚","10","一般贸易","37","山东省","153","千克","0","?","13,372",
"202503","85177950","光通信设备的激光收发模块","224","肯尼亚","10","一般贸易","42","湖北省","0","千克","0","?","2,700",
"202503","85177950","光通信设备的激光收发模块","224","肯尼亚","10","一般贸易","44","广东省","1","千克","0","?","1,274",
"202503","85177950","光通信设备的激光收发模块","224","肯尼亚","10","一般贸易","51","四川省","379","千克","0","?","26,256",
"202503","85177950","光通信设备的激光收发模块","224","肯尼亚","15","进料加工贸易","44","广东省","1","千克","0","?","22,981",
"202503","85177950","光通信设备的激光收发模块","224","肯尼亚","34","海关特殊监管区域物流货物","32","江苏省","103","千克","0","?","19,307",
"202503","85177950","光通信设备的激光收发模块","225","利比里亚","10","一般贸易","44","广东省","3","千克","0","?","1,937",
"202503","85177950","光通信设备的激光收发模块","226","利比亚","10","一般贸易","33","浙江省","3","千克","0","?","4,674",
"202503","85177950","光通信设备的激光收发模块","226","利比亚","10","一般贸易","44","广东省","154","千克","0","?","9,003",
"202503","85177950","光通信设备的激光收发模块","226","利比亚","39","其他","44","广东省","24","千克","0","?","9,721",
"202503","85177950","光通信设备的激光收发模块","227","马达加斯加","10","一般贸易","11","北京市","0","千克","0","?","6",
"202503","85177950","光通信设备的激光收发模块","227","马达加斯加","10","一般贸易","44","广东省","5","千克","0","?","5,790",
"202503","85177950","光通信设备的激光收发模块","228","马拉维","10","一般贸易","44","广东省","21","千克","0","?","2,090",
"202503","85177950","光通信设备的激光收发模块","228","马拉维","34","海关特殊监管区域物流货物","32","江苏省","34","千克","0","?","3,770",
"202503","85177950","光通信设备的激光收发模块","229","马里","10","一般贸易","44","广东省","15","千克","0","?","5,773",
"202503","85177950","光通信设备的激光收发模块","230","毛里塔尼亚","10","一般贸易","44","广东省","9","千克","0","?","2,220",
"202503","85177950","光通信设备的激光收发模块","231","毛里求斯","10","一般贸易","33","浙江省","1","千克","0","?","952",
"202503","85177950","光通信设备的激光收发模块","231","毛里求斯","10","一般贸易","44","广东省","20","千克","0","?","5,145",
"202503","85177950","光通信设备的激光收发模块","231","毛里求斯","15","进料加工贸易","44","广东省","0","千克","0","?","185",
"202503","85177950","光通信设备的激光收发模块","232","摩洛哥","10","一般贸易","33","浙江省","1","千克","0","?","979",
"202503","85177950","光通信设备的激光收发模块","232","摩洛哥","10","一般贸易","35","福建省","3","千克","0","?","2,210",
"202503","85177950","光通信设备的激光收发模块","232","摩洛哥","10","一般贸易","44","广东省","22","千克","0","?","12,521",
"202503","85177950","光通信设备的激光收发模块","232","摩洛哥","33","保税监管场所进出境货物","44","广东省","0","千克","0","?","62",
"202503","85177950","光通信设备的激光收发模块","233","莫桑比克","10","一般贸易","44","广东省","3","千克","0","?","6,070",
"202503","85177950","光通信设备的激光收发模块","234","纳米比亚","10","一般贸易","33","浙江省","0","千克","0","?","33",
"202503","85177950","光通信设备的激光收发模块","234","纳米比亚","10","一般贸易","44","广东省","1","千克","0","?","1,589",
"202503","85177950","光通信设备的激光收发模块","236","尼日利亚","10","一般贸易","23","黑龙江省","829","千克","0","?","38,955",
"202503","85177950","光通信设备的激光收发模块","236","尼日利亚","10","一般贸易","33","浙江省","13","千克","0","?","13,226",
"202503","85177950","光通信设备的激光收发模块","236","尼日利亚","10","一般贸易","37","山东省","586","千克","0","?","53,108",
"202503","85177950","光通信设备的激光收发模块","236","尼日利亚","10","一般贸易","43","湖南省","148","千克","0","?","13,113",
"202503","85177950","光通信设备的激光收发模块","236","尼日利亚","10","一般贸易","44","广东省","496","千克","0","?","332,032",
"202503","85177950","光通信设备的激光收发模块","237","留尼汪","10","一般贸易","44","广东省","3","千克","0","?","2,402",
"202503","85177950","光通信设备的激光收发模块","238","卢旺达","10","一般贸易","44","广东省","8","千克","0","?","11,666",
"202503","85177950","光通信设备的激光收发模块","240","塞内加尔","10","一般贸易","33","浙江省","176","千克","0","?","13,193",
"202503","85177950","光通信设备的激光收发模块","240","塞内加尔","10","一般贸易","37","山东省","375","千克","0","?","26,506",
"202503","85177950","光通信设备的激光收发模块","240","塞内加尔","10","一般贸易","44","广东省","49","千克","0","?","44,517",
"202503","85177950","光通信设备的激光收发模块","240","塞内加尔","10","一般贸易","51","四川省","187","千克","0","?","12,997",
"202503","85177950","光通信设备的激光收发模块","241","塞舌尔","10","一般贸易","31","上海市","0","千克","0","?","572",
"202503","85177950","光通信设备的激光收发模块","241","塞舌尔","10","一般贸易","44","广东省","3","千克","0","?","147",
"202503","85177950","光通信设备的激光收发模块","244","南非","10","一般贸易","31","上海市","11","千克","0","?","2,825",
"202503","85177950","光通信设备的激光收发模块","244","南非","10","一般贸易","32","江苏省","237","千克","0","?","13,469",
"202503","85177950","光通信设备的激光收发模块","244","南非","10","一般贸易","33","浙江省","415","千克","0","?","32,999",
"202503","85177950","光通信设备的激光收发模块","244","南非","10","一般贸易","35","福建省","0","千克","0","?","582",
"202503","85177950","光通信设备的激光收发模块","244","南非","10","一般贸易","37","山东省","168","千克","0","?","13,496",
"202503","85177950","光通信设备的激光收发模块","244","南非","10","一般贸易","42","湖北省","5","千克","0","?","840",
"202503","85177950","光通信设备的激光收发模块","244","南非","10","一般贸易","44","广东省","1079","千克","0","?","510,555",
"202503","85177950","光通信设备的激光收发模块","244","南非","10","一般贸易","52","贵州省","50","千克","0","?","10,678",
"202503","85177950","光通信设备的激光收发模块","244","南非","15","进料加工贸易","44","广东省","1","千克","0","?","14,754",
"202503","85177950","光通信设备的激光收发模块","244","南非","33","保税监管场所进出境货物","44","广东省","2","千克","0","?","1,202",
"202503","85177950","光通信设备的激光收发模块","244","南非","34","海关特殊监管区域物流货物","32","江苏省","60","千克","0","?","8,947",
"202503","85177950","光通信设备的激光收发模块","246","苏丹","10","一般贸易","44","广东省","240","千克","0","?","230,992",
"202503","85177950","光通信设备的激光收发模块","247","坦桑尼亚","10","一般贸易","33","浙江省","1","千克","0","?","1,180",
"202503","85177950","光通信设备的激光收发模块","247","坦桑尼亚","10","一般贸易","37","山东省","50","千克","0","?","1,482",
"202503","85177950","光通信设备的激光收发模块","247","坦桑尼亚","10","一般贸易","44","广东省","40","千克","0","?","8,446",
"202503","85177950","光通信设备的激光收发模块","248","多哥","10","一般贸易","44","广东省","1","千克","0","?","3,166",
"202503","85177950","光通信设备的激光收发模块","249","突尼斯","10","一般贸易","11","北京市","1","千克","0","?","1,996",
"202503","85177950","光通信设备的激光收发模块","249","突尼斯","10","一般贸易","33","浙江省","1","千克","0","?","166",
"202503","85177950","光通信设备的激光收发模块","249","突尼斯","10","一般贸易","44","广东省","14","千克","0","?","13,957",
"202503","85177950","光通信设备的激光收发模块","250","乌干达","10","一般贸易","44","广东省","58","千克","0","?","11,929",
"202503","85177950","光通信设备的激光收发模块","251","布基纳法索","10","一般贸易","44","广东省","26","千克","0","?","6,041",
"202503","85177950","光通信设备的激光收发模块","252","刚果民主共和国","10","一般贸易","33","浙江省","54","千克","0","?","40,213",
"202503","85177950","光通信设备的激光收发模块","252","刚果民主共和国","10","一般贸易","44","广东省","252","千克","0","?","10,342",
"202503","85177950","光通信设备的激光收发模块","253","赞比亚","10","一般贸易","44","广东省","19","千克","0","?","19,196",
"202503","85177950","光通信设备的激光收发模块","254","津巴布韦","10","一般贸易","44","广东省","20","千克","0","?","4,480",
"202503","85177950","光通信设备的激光收发模块","301","比利时","10","一般贸易","31","上海市","63","千克","0","?","182,346",
"202503","85177950","光通信设备的激光收发模块","301","比利时","10","一般贸易","32","江苏省","3","千克","0","?","2,137",
"202503","85177950","光通信设备的激光收发模块","301","比利时","10","一般贸易","33","浙江省","4","千克","0","?","779",
"202503","85177950","光通信设备的激光收发模块","301","比利时","10","一般贸易","34","安徽省","946","千克","0","?","127,490",
"202503","85177950","光通信设备的激光收发模块","301","比利时","10","一般贸易","37","山东省","42","千克","0","?","2,792",
"202503","85177950","光通信设备的激光收发模块","301","比利时","10","一般贸易","42","湖北省","633","千克","0","?","495,342",
"202503","85177950","光通信设备的激光收发模块","301","比利时","10","一般贸易","44","广东省","552","千克","0","?","225,217",
"202503","85177950","光通信设备的激光收发模块","301","比利时","10","一般贸易","51","四川省","60","千克","0","?","37,672",
"202503","85177950","光通信设备的激光收发模块","301","比利时","10","一般贸易","65","新疆维吾尔自治区","14","千克","0","?","2,112",
"202503","85177950","光通信设备的激光收发模块","301","比利时","15","进料加工贸易","32","江苏省","49","千克","0","?","39,590",
"202503","85177950","光通信设备的激光收发模块","302","丹麦","10","一般贸易","12","天津市","6","千克","0","?","633",
"202503","85177950","光通信设备的激光收发模块","302","丹麦","10","一般贸易","31","上海市","11","千克","0","?","13,999",
"202503","85177950","光通信设备的激光收发模块","302","丹麦","10","一般贸易","32","江苏省","0","千克","0","?","2,598",
"202503","85177950","光通信设备的激光收发模块","302","丹麦","10","一般贸易","33","浙江省","0","千克","0","?","369",
"202503","85177950","光通信设备的激光收发模块","302","丹麦","10","一般贸易","34","安徽省","13","千克","0","?","1,700",
"202503","85177950","光通信设备的激光收发模块","302","丹麦","10","一般贸易","41","河南省","4","千克","0","?","4,400",
"202503","85177950","光通信设备的激光收发模块","302","丹麦","10","一般贸易","42","湖北省","73","千克","0","?","139,378",
"202503","85177950","光通信设备的激光收发模块","302","丹麦","10","一般贸易","44","广东省","198","千克","0","?","119,876",
"202503","85177950","光通信设备的激光收发模块","302","丹麦","10","一般贸易","51","四川省","368","千克","0","?","288,009",
"202503","85177950","光通信设备的激光收发模块","303","英国","10","一般贸易","31","上海市","109","千克","0","?","269,302",
"202503","85177950","光通信设备的激光收发模块","303","英国","10","一般贸易","32","江苏省","41","千克","0","?","82,276",
"202503","85177950","光通信设备的激光收发模块","303","英国","10","一般贸易","33","浙江省","10","千克","0","?","6,823",
"202503","85177950","光通信设备的激光收发模块","303","英国","10","一般贸易","34","安徽省","22","千克","0","?","3,563",
"202503","85177950","光通信设备的激光收发模块","303","英国","10","一般贸易","35","福建省","0","千克","0","?","333",
"202503","85177950","光通信设备的激光收发模块","303","英国","10","一般贸易","37","山东省","33","千克","0","?","1,599",
"202503","85177950","光通信设备的激光收发模块","303","英国","10","一般贸易","42","湖北省","2344","千克","0","?","1,995,560",
"202503","85177950","光通信设备的激光收发模块","303","英国","10","一般贸易","44","广东省","1825","千克","0","?","1,389,378",
"202503","85177950","光通信设备的激光收发模块","303","英国","10","一般贸易","51","四川省","83","千克","0","?","54,896",
"202503","85177950","光通信设备的激光收发模块","303","英国","10","一般贸易","65","新疆维吾尔自治区","5","千克","0","?","704",
"202503","85177950","光通信设备的激光收发模块","303","英国","15","进料加工贸易","32","江苏省","76","千克","0","?","18,547",
"202503","85177950","光通信设备的激光收发模块","303","英国","15","进料加工贸易","44","广东省","0","千克","0","?","2,944",
"202503","85177950","光通信设备的激光收发模块","303","英国","15","进料加工贸易","51","四川省","40","千克","0","?","75,458",
"202503","85177950","光通信设备的激光收发模块","303","英国","34","海关特殊监管区域物流货物","32","江苏省","1","千克","0","?","13,183",
"202503","85177950","光通信设备的激光收发模块","303","英国","34","海关特殊监管区域物流货物","35","福建省","0","千克","0","?","74",
"202503","85177950","光通信设备的激光收发模块","303","英国","34","海关特殊监管区域物流货物","42","湖北省","283","千克","0","?","329,462",
"202503","85177950","光通信设备的激光收发模块","303","英国","34","海关特殊监管区域物流货物","44","广东省","289","千克","0","?","128,212",
"202503","85177950","光通信设备的激光收发模块","304","德国","10","一般贸易","11","北京市","52","千克","0","?","35,637",
"202503","85177950","光通信设备的激光收发模块","304","德国","10","一般贸易","12","天津市","0","千克","0","?","121",
"202503","85177950","光通信设备的激光收发模块","304","德国","10","一般贸易","23","黑龙江省","3","千克","0","?","780",
"202503","85177950","光通信设备的激光收发模块","304","德国","10","一般贸易","31","上海市","0","千克","0","?","35",
"202503","85177950","光通信设备的激光收发模块","304","德国","10","一般贸易","32","江苏省","82","千克","0","?","136,323",
"202503","85177950","光通信设备的激光收发模块","304","德国","10","一般贸易","33","浙江省","58","千克","0","?","83,321",
"202503","85177950","光通信设备的激光收发模块","304","德国","10","一般贸易","34","安徽省","5","千克","0","?","13,934",
"202503","85177950","光通信设备的激光收发模块","304","德国","10","一般贸易","35","福建省","0","千克","0","?","314",
"202503","85177950","光通信设备的激光收发模块","304","德国","10","一般贸易","37","山东省","36","千克","0","?","27,096",
"202503","85177950","光通信设备的激光收发模块","304","德国","10","一般贸易","41","河南省","0","千克","0","?","1,351",
"202503","85177950","光通信设备的激光收发模块","304","德国","10","一般贸易","42","湖北省","935","千克","0","?","1,082,491",
"202503","85177950","光通信设备的激光收发模块","304","德国","10","一般贸易","44","广东省","6396","千克","0","?","3,646,607",
"202503","85177950","光通信设备的激光收发模块","304","德国","10","一般贸易","51","四川省","1271","千克","0","?","665,299",
"202503","85177950","光通信设备的激光收发模块","304","德国","10","一般贸易","52","贵州省","25","千克","0","?","7,268",
"202503","85177950","光通信设备的激光收发模块","304","德国","15","进料加工贸易","32","江苏省","45","千克","0","?","462,448",
"202503","85177950","光通信设备的激光收发模块","304","德国","15","进料加工贸易","51","四川省","65","千克","0","?","70,091",
"202503","85177950","光通信设备的激光收发模块","304","德国","33","保税监管场所进出境货物","44","广东省","3","千克","0","?","275",
"202503","85177950","光通信设备的激光收发模块","304","德国","34","海关特殊监管区域物流货物","42","湖北省","3043","千克","0","?","3,939,892",
"202503","85177950","光通信设备的激光收发模块","304","德国","34","海关特殊监管区域物流货物","44","广东省","162","千克","0","?","211,335",
"202503","85177950","光通信设备的激光收发模块","304","德国","39","其他","42","湖北省","0","千克","0","?","762",
"202503","85177950","光通信设备的激光收发模块","305","法国","10","一般贸易","12","天津市","19","千克","0","?","22,230",
"202503","85177950","光通信设备的激光收发模块","305","法国","10","一般贸易","23","黑龙江省","4","千克","0","?","960",
"202503","85177950","光通信设备的激光收发模块","305","法国","10","一般贸易","31","上海市","1","千克","0","?","89",
"202503","85177950","光通信设备的激光收发模块","305","法国","10","一般贸易","32","江苏省","2","千克","0","?","4,909",
"202503","85177950","光通信设备的激光收发模块","305","法国","10","一般贸易","33","浙江省","1","千克","0","?","1,056",
"202503","85177950","光通信设备的激光收发模块","305","法国","10","一般贸易","37","山东省","0","千克","0","?","40",
"202503","85177950","光通信设备的激光收发模块","305","法国","10","一般贸易","41","河南省","0","千克","0","?","1,239",
"202503","85177950","光通信设备的激光收发模块","305","法国","10","一般贸易","42","湖北省","47","千克","0","?","35,983",
"202503","85177950","光通信设备的激光收发模块","305","法国","10","一般贸易","43","湖南省","24","千克","0","?","4,500",
"202503","85177950","光通信设备的激光收发模块","305","法国","10","一般贸易","44","广东省","352","千克","0","?","164,783",
"202503","85177950","光通信设备的激光收发模块","305","法国","10","一般贸易","51","四川省","867","千克","0","?","280,095",
"202503","85177950","光通信设备的激光收发模块","305","法国","15","进料加工贸易","32","江苏省","4","千克","0","?","13,888",
"202503","85177950","光通信设备的激光收发模块","305","法国","15","进料加工贸易","51","四川省","9","千克","0","?","30,770",
"202503","85177950","光通信设备的激光收发模块","305","法国","33","保税监管场所进出境货物","44","广东省","61","千克","0","?","11,272",
"202503","85177950","光通信设备的激光收发模块","306","爱尔兰","10","一般贸易","21","辽宁省","2","千克","0","?","22,766",
"202503","85177950","光通信设备的激光收发模块","306","爱尔兰","10","一般贸易","32","江苏省","440","千克","0","?","392,000",
"202503","85177950","光通信设备的激光收发模块","306","爱尔兰","10","一般贸易","33","浙江省","169","千克","0","?","164,550",
"202503","85177950","光通信设备的激光收发模块","306","爱尔兰","10","一般贸易","44","广东省","106","千克","0","?","105,593",
"202503","85177950","光通信设备的激光收发模块","306","爱尔兰","10","一般贸易","51","四川省","15521","千克","0","?","44,133,642",
"202503","85177950","光通信设备的激光收发模块","306","爱尔兰","10","一般贸易","52","贵州省","24","千克","0","?","8,973",
"202503","85177950","光通信设备的激光收发模块","306","爱尔兰","15","进料加工贸易","32","江苏省","7090","千克","0","?","1,253,031",
"202503","85177950","光通信设备的激光收发模块","306","爱尔兰","15","进料加工贸易","33","浙江省","1239","千克","0","?","1,112,834",
"202503","85177950","光通信设备的激光收发模块","306","爱尔兰","34","海关特殊监管区域物流货物","32","江苏省","1783","千克","0","?","421,987",
"202503","85177950","光通信设备的激光收发模块","307","意大利","10","一般贸易","11","北京市","2","千克","0","?","2,850",
"202503","85177950","光通信设备的激光收发模块","307","意大利","10","一般贸易","31","上海市","5","千克","0","?","32,660",
"202503","85177950","光通信设备的激光收发模块","307","意大利","10","一般贸易","32","江苏省","8","千克","0","?","23,941",
"202503","85177950","光通信设备的激光收发模块","307","意大利","10","一般贸易","33","浙江省","37","千克","0","?","14,528",
"202503","85177950","光通信设备的激光收发模块","307","意大利","10","一般贸易","35","福建省","1","千克","0","?","1,752",
"202503","85177950","光通信设备的激光收发模块","307","意大利","10","一般贸易","37","山东省","1","千克","0","?","35",
"202503","85177950","光通信设备的激光收发模块","307","意大利","10","一般贸易","42","湖北省","2","千克","0","?","3,141",
"202503","85177950","光通信设备的激光收发模块","307","意大利","10","一般贸易","44","广东省","436","千克","0","?","134,113",
"202503","85177950","光通信设备的激光收发模块","307","意大利","10","一般贸易","51","四川省","1","千克","0","?","3,420",
"202503","85177950","光通信设备的激光收发模块","307","意大利","10","一般贸易","61","陕西省","2","千克","0","?","1,035",
"202503","85177950","光通信设备的激光收发模块","307","意大利","10","一般贸易","65","新疆维吾尔自治区","1","千克","0","?","141",
"202503","85177950","光通信设备的激光收发模块","307","意大利","15","进料加工贸易","32","江苏省","43","千克","0","?","252,563",
"202503","85177950","光通信设备的激光收发模块","307","意大利","15","进料加工贸易","51","四川省","0","千克","0","?","620",
"202503","85177950","光通信设备的激光收发模块","307","意大利","33","保税监管场所进出境货物","44","广东省","5","千克","0","?","1,091",
"202503","85177950","光通信设备的激光收发模块","307","意大利","34","海关特殊监管区域物流货物","35","福建省","0","千克","0","?","533",
"202503","85177950","光通信设备的激光收发模块","307","意大利","39","其他","32","江苏省","2","千克","0","?","5,880",
"202503","85177950","光通信设备的激光收发模块","309","荷兰","10","一般贸易","12","天津市","3","千克","0","?","585",
"202503","85177950","光通信设备的激光收发模块","309","荷兰","10","一般贸易","31","上海市","465","千克","0","?","290,752",
"202503","85177950","光通信设备的激光收发模块","309","荷兰","10","一般贸易","32","江苏省","464","千克","0","?","1,069,448",
"202503","85177950","光通信设备的激光收发模块","309","荷兰","10","一般贸易","33","浙江省","435","千克","0","?","639,639",
"202503","85177950","光通信设备的激光收发模块","309","荷兰","10","一般贸易","37","山东省","0","千克","0","?","6",
"202503","85177950","光通信设备的激光收发模块","309","荷兰","10","一般贸易","42","湖北省","4326","千克","0","?","3,504,134",
"202503","85177950","光通信设备的激光收发模块","309","荷兰","10","一般贸易","44","广东省","4030","千克","0","?","9,356,569",
"202503","85177950","光通信设备的激光收发模块","309","荷兰","10","一般贸易","51","四川省","1827","千克","0","?","2,358,582",
"202503","85177950","光通信设备的激光收发模块","309","荷兰","10","一般贸易","61","陕西省","3","千克","0","?","1,870",
"202503","85177950","光通信设备的激光收发模块","309","荷兰","15","进料加工贸易","32","江苏省","887","千克","0","?","734,107",
"202503","85177950","光通信设备的激光收发模块","309","荷兰","15","进料加工贸易","44","广东省","538","千克","0","?","59,386",
"202503","85177950","光通信设备的激光收发模块","309","荷兰","15","进料加工贸易","51","四川省","189","千克","0","?","235,169",
"202503","85177950","光通信设备的激光收发模块","309","荷兰","33","保税监管场所进出境货物","44","广东省","15","千克","0","?","2,317",
"202503","85177950","光通信设备的激光收发模块","309","荷兰","34","海关特殊监管区域物流货物","32","江苏省","251","千克","0","?","308,377",
"202503","85177950","光通信设备的激光收发模块","310","希腊","10","一般贸易","32","江苏省","2","千克","0","?","475",
"202503","85177950","光通信设备的激光收发模块","310","希腊","10","一般贸易","33","浙江省","0","千克","0","?","107",
"202503","85177950","光通信设备的激光收发模块","310","希腊","10","一般贸易","35","福建省","0","千克","0","?","432",
"202503","85177950","光通信设备的激光收发模块","310","希腊","10","一般贸易","44","广东省","33","千克","0","?","4,854",
"202503","85177950","光通信设备的激光收发模块","310","希腊","10","一般贸易","50","重庆市","12","千克","0","?","240",
"202503","85177950","光通信设备的激光收发模块","310","希腊","33","保税监管场所进出境货物","44","广东省","3","千克","0","?","1,483",
"202503","85177950","光通信设备的激光收发模块","311","葡萄牙","10","一般贸易","11","北京市","1","千克","0","?","2,387",
"202503","85177950","光通信设备的激光收发模块","311","葡萄牙","10","一般贸易","33","浙江省","6","千克","0","?","2,125",
"202503","85177950","光通信设备的激光收发模块","311","葡萄牙","10","一般贸易","44","广东省","39","千克","0","?","13,120",
"202503","85177950","光通信设备的激光收发模块","311","葡萄牙","15","进料加工贸易","51","四川省","0","千克","0","?","2,288",
"202503","85177950","光通信设备的激光收发模块","312","西班牙","10","一般贸易","31","上海市","2","千克","0","?","656",
"202503","85177950","光通信设备的激光收发模块","312","西班牙","10","一般贸易","33","浙江省","40","千克","0","?","25,162",
"202503","85177950","光通信设备的激光收发模块","312","西班牙","10","一般贸易","35","福建省","17","千克","0","?","15,059",
"202503","85177950","光通信设备的激光收发模块","312","西班牙","10","一般贸易","37","山东省","7","千克","0","?","750",
"202503","85177950","光通信设备的激光收发模块","312","西班牙","10","一般贸易","42","湖北省","6","千克","0","?","1,680",
"202503","85177950","光通信设备的激光收发模块","312","西班牙","10","一般贸易","44","广东省","502","千克","0","?","160,563",
"202503","85177950","光通信设备的激光收发模块","312","西班牙","10","一般贸易","51","四川省","7","千克","0","?","608",
"202503","85177950","光通信设备的激光收发模块","312","西班牙","10","一般贸易","61","陕西省","1","千克","0","?","290",
"202503","85177950","光通信设备的激光收发模块","312","西班牙","10","一般贸易","65","新疆维吾尔自治区","0","千克","0","?","38",
"202503","85177950","光通信设备的激光收发模块","312","西班牙","33","保税监管场所进出境货物","44","广东省","4","千克","0","?","98",
"202503","85177950","光通信设备的激光收发模块","312","西班牙","34","海关特殊监管区域物流货物","32","江苏省","68","千克","0","?","30,752",
"202503","85177950","光通信设备的激光收发模块","313","阿尔巴尼亚","10","一般贸易","44","广东省","13","千克","0","?","2,712",
"202503","85177950","光通信设备的激光收发模块","315","奥地利","10","一般贸易","31","上海市","15","千克","0","?","29,559",
"202503","85177950","光通信设备的激光收发模块","315","奥地利","10","一般贸易","33","浙江省","1","千克","0","?","528",
"202503","85177950","光通信设备的激光收发模块","315","奥地利","10","一般贸易","42","湖北省","1","千克","0","?","1,627",
"202503","85177950","光通信设备的激光收发模块","315","奥地利","10","一般贸易","44","广东省","107","千克","0","?","97,168",
"202503","85177950","光通信设备的激光收发模块","315","奥地利","10","一般贸易","51","四川省","5","千克","0","?","445",
"202503","85177950","光通信设备的激光收发模块","315","奥地利","10","一般贸易","52","贵州省","3","千克","0","?","180",
"202503","85177950","光通信设备的激光收发模块","315","奥地利","10","一般贸易","61","陕西省","1","千克","0","?","268",
"202503","85177950","光通信设备的激光收发模块","316","保加利亚","10","一般贸易","32","江苏省","0","千克","0","?","1,067",
"202503","85177950","光通信设备的激光收发模块","316","保加利亚","10","一般贸易","42","湖北省","2","千克","0","?","8,419",
"202503","85177950","光通信设备的激光收发模块","316","保加利亚","10","一般贸易","44","广东省","8","千克","0","?","31,170",
"202503","85177950","光通信设备的激光收发模块","318","芬兰","10","一般贸易","23","黑龙江省","12","千克","0","?","2,500",
"202503","85177950","光通信设备的激光收发模块","318","芬兰","10","一般贸易","33","浙江省","28","千克","0","?","24,881",
"202503","85177950","光通信设备的激光收发模块","318","芬兰","10","一般贸易","42","湖北省","70","千克","0","?","52,826",
"202503","85177950","光通信设备的激光收发模块","318","芬兰","10","一般贸易","44","广东省","418","千克","0","?","121,118",
"202503","85177950","光通信设备的激光收发模块","318","芬兰","10","一般贸易","50","重庆市","5","千克","0","?","905",
"202503","85177950","光通信设备的激光收发模块","318","芬兰","10","一般贸易","51","四川省","2","千克","0","?","3,042",
"202503","85177950","光通信设备的激光收发模块","318","芬兰","10","一般贸易","61","陕西省","30","千克","0","?","354",
"202503","85177950","光通信设备的激光收发模块","318","芬兰","15","进料加工贸易","51","四川省","4","千克","0","?","12,025",
"202503","85177950","光通信设备的激光收发模块","318","芬兰","34","海关特殊监管区域物流货物","32","江苏省","3","千克","0","?","988",
"202503","85177950","光通信设备的激光收发模块","321","匈牙利","10","一般贸易","33","浙江省","11","千克","0","?","2,540",
"202503","85177950","光通信设备的激光收发模块","321","匈牙利","10","一般贸易","37","山东省","61","千克","0","?","2,657",
"202503","85177950","光通信设备的激光收发模块","321","匈牙利","10","一般贸易","42","湖北省","18","千克","0","?","78,025",
"202503","85177950","光通信设备的激光收发模块","321","匈牙利","10","一般贸易","44","广东省","3984","千克","0","?","4,516,452",
"202503","85177950","光通信设备的激光收发模块","321","匈牙利","10","一般贸易","50","重庆市","2","千克","0","?","25,164",
"202503","85177950","光通信设备的激光收发模块","321","匈牙利","10","一般贸易","65","新疆维吾尔自治区","15","千克","0","?","2,060",
"202503","85177950","光通信设备的激光收发模块","321","匈牙利","15","进料加工贸易","32","江苏省","9","千克","0","?","18,484",
"202503","85177950","光通信设备的激光收发模块","321","匈牙利","33","保税监管场所进出境货物","44","广东省","6","千克","0","?","70,123",
"202503","85177950","光通信设备的激光收发模块","322","冰岛","10","一般贸易","42","湖北省","44","千克","0","?","178,200",
"202503","85177950","光通信设备的激光收发模块","322","冰岛","10","一般贸易","44","广东省","7","千克","0","?","5,941",
"202503","85177950","光通信设备的激光收发模块","322","冰岛","10","一般贸易","51","四川省","41","千克","0","?","74,103",
"202503","85177950","光通信设备的激光收发模块","323","列支敦士登","10","一般贸易","44","广东省","0","千克","0","?","230",
"202503","85177950","光通信设备的激光收发模块","326","挪威","10","一般贸易","23","黑龙江省","45","千克","0","?","9,653",
"202503","85177950","光通信设备的激光收发模块","326","挪威","10","一般贸易","31","上海市","1","千克","0","?","4,485",
"202503","85177950","光通信设备的激光收发模块","326","挪威","10","一般贸易","32","江苏省","10","千克","0","?","38,644",
"202503","85177950","光通信设备的激光收发模块","326","挪威","10","一般贸易","33","浙江省","50","千克","0","?","52,311",
"202503","85177950","光通信设备的激光收发模块","326","挪威","10","一般贸易","37","山东省","0","千克","0","?","14",
"202503","85177950","光通信设备的激光收发模块","326","挪威","10","一般贸易","42","湖北省","602","千克","0","?","583,628",
"202503","85177950","光通信设备的激光收发模块","326","挪威","10","一般贸易","44","广东省","334","千克","0","?","126,778",
"202503","85177950","光通信设备的激光收发模块","326","挪威","10","一般贸易","51","四川省","198","千克","0","?","315,894",
"202503","85177950","光通信设备的激光收发模块","326","挪威","15","进料加工贸易","32","江苏省","19","千克","0","?","399,476",
"202503","85177950","光通信设备的激光收发模块","327","波兰","10","一般贸易","23","黑龙江省","174","千克","0","?","10,701",
"202503","85177950","光通信设备的激光收发模块","327","波兰","10","一般贸易","31","上海市","121","千克","0","?","118,723",
"202503","85177950","光通信设备的激光收发模块","327","波兰","10","一般贸易","32","江苏省","5","千克","0","?","3,100",
"202503","85177950","光通信设备的激光收发模块","327","波兰","10","一般贸易","33","浙江省","101","千克","0","?","61,063",
"202503","85177950","光通信设备的激光收发模块","327","波兰","10","一般贸易","37","山东省","275","千克","0","?","26,805",
"202503","85177950","光通信设备的激光收发模块","327","波兰","10","一般贸易","42","湖北省","192","千克","0","?","184,158",
"202503","85177950","光通信设备的激光收发模块","327","波兰","10","一般贸易","44","广东省","1247","千克","0","?","350,798",
"202503","85177950","光通信设备的激光收发模块","327","波兰","10","一般贸易","51","四川省","106","千克","0","?","174,719",
"202503","85177950","光通信设备的激光收发模块","327","波兰","15","进料加工贸易","32","江苏省","9","千克","0","?","132,506",
"202503","85177950","光通信设备的激光收发模块","327","波兰","33","保税监管场所进出境货物","44","广东省","24","千克","0","?","3,878",
"202503","85177950","光通信设备的激光收发模块","327","波兰","34","海关特殊监管区域物流货物","32","江苏省","3","千克","0","?","2,632",
"202503","85177950","光通信设备的激光收发模块","328","罗马尼亚","10","一般贸易","31","上海市","0","千克","0","?","108",
"202503","85177950","光通信设备的激光收发模块","328","罗马尼亚","10","一般贸易","32","江苏省","0","千克","0","?","4",
"202503","85177950","光通信设备的激光收发模块","328","罗马尼亚","10","一般贸易","33","浙江省","101","千克","0","?","45,669",
"202503","85177950","光通信设备的激光收发模块","328","罗马尼亚","10","一般贸易","41","河南省","221","千克","0","?","303,895",
"202503","85177950","光通信设备的激光收发模块","328","罗马尼亚","10","一般贸易","42","湖北省","3","千克","0","?","2,061",
"202503","85177950","光通信设备的激光收发模块","328","罗马尼亚","10","一般贸易","44","广东省","117","千克","0","?","25,360",
"202503","85177950","光通信设备的激光收发模块","328","罗马尼亚","10","一般贸易","51","四川省","4","千克","0","?","8,580",
"202503","85177950","光通信设备的激光收发模块","328","罗马尼亚","15","进料加工贸易","44","广东省","0","千克","0","?","1,835",
"202503","85177950","光通信设备的激光收发模块","330","瑞典","10","一般贸易","33","浙江省","6","千克","0","?","1,974",
"202503","85177950","光通信设备的激光收发模块","330","瑞典","10","一般贸易","42","湖北省","1676","千克","0","?","636,986",
"202503","85177950","光通信设备的激光收发模块","330","瑞典","10","一般贸易","44","广东省","855","千克","0","?","300,354",
"202503","85177950","光通信设备的激光收发模块","330","瑞典","10","一般贸易","51","四川省","1856","千克","0","?","683,143",
"202503","85177950","光通信设备的激光收发模块","330","瑞典","10","一般贸易","61","陕西省","0","千克","0","?","774",
"202503","85177950","光通信设备的激光收发模块","330","瑞典","15","进料加工贸易","32","江苏省","0","千克","0","?","5,031",
"202503","85177950","光通信设备的激光收发模块","330","瑞典","15","进料加工贸易","51","四川省","430","千克","0","?","85,788",
"202503","85177950","光通信设备的激光收发模块","330","瑞典","34","海关特殊监管区域物流货物","32","江苏省","21","千克","0","?","178,705",
"202503","85177950","光通信设备的激光收发模块","331","瑞士","10","一般贸易","21","辽宁省","35","千克","0","?","67,468",
"202503","85177950","光通信设备的激光收发模块","331","瑞士","10","一般贸易","31","上海市","289","千克","0","?","310,500",
"202503","85177950","光通信设备的激光收发模块","331","瑞士","10","一般贸易","32","江苏省","1","千克","0","?","2,818",
"202503","85177950","光通信设备的激光收发模块","331","瑞士","10","一般贸易","33","浙江省","3","千克","0","?","5,315",
"202503","85177950","光通信设备的激光收发模块","331","瑞士","10","一般贸易","37","山东省","0","千克","0","?","33",
"202503","85177950","光通信设备的激光收发模块","331","瑞士","10","一般贸易","41","河南省","0","千克","0","?","33",
"202503","85177950","光通信设备的激光收发模块","331","瑞士","10","一般贸易","42","湖北省","6","千克","0","?","2,610",
"202503","85177950","光通信设备的激光收发模块","331","瑞士","10","一般贸易","44","广东省","126","千克","0","?","78,912",
"202503","85177950","光通信设备的激光收发模块","334","爱沙尼亚","10","一般贸易","42","湖北省","4","千克","0","?","4,643",
"202503","85177950","光通信设备的激光收发模块","334","爱沙尼亚","10","一般贸易","43","湖南省","0","千克","0","?","1,800",
"202503","85177950","光通信设备的激光收发模块","334","爱沙尼亚","10","一般贸易","44","广东省","8","千克","0","?","3,108",
"202503","85177950","光通信设备的激光收发模块","334","爱沙尼亚","15","进料加工贸易","51","四川省","2","千克","0","?","11,000",
"202503","85177950","光通信设备的激光收发模块","335","拉脱维亚","10","一般贸易","31","上海市","11","千克","0","?","7,556",
"202503","85177950","光通信设备的激光收发模块","335","拉脱维亚","10","一般贸易","42","湖北省","1","千克","0","?","500",
"202503","85177950","光通信设备的激光收发模块","335","拉脱维亚","10","一般贸易","43","湖南省","0","千克","0","?","1,940",
"202503","85177950","光通信设备的激光收发模块","335","拉脱维亚","10","一般贸易","44","广东省","777","千克","0","?","529,647",
"202503","85177950","光通信设备的激光收发模块","335","拉脱维亚","10","一般贸易","51","四川省","4","千克","0","?","1,900",
"202503","85177950","光通信设备的激光收发模块","336","立陶宛","10","一般贸易","44","广东省","39","千克","0","?","9,379",
"202503","85177950","光通信设备的激光收发模块","340","白俄罗斯","10","一般贸易","31","上海市","3","千克","0","?","1,522",
"202503","85177950","光通信设备的激光收发模块","340","白俄罗斯","10","一般贸易","42","湖北省","13","千克","0","?","13,609",
"202503","85177950","光通信设备的激光收发模块","340","白俄罗斯","10","一般贸易","44","广东省","71","千克","0","?","2,200",
"202503","85177950","光通信设备的激光收发模块","343","摩尔多瓦","10","一般贸易","33","浙江省","22","千克","0","?","4,170",
"202503","85177950","光通信设备的激光收发模块","343","摩尔多瓦","10","一般贸易","34","安徽省","8","千克","0","?","3,690",
"202503","85177950","光通信设备的激光收发模块","343","摩尔多瓦","10","一般贸易","44","广东省","12","千克","0","?","352",
"202503","85177950","光通信设备的激光收发模块","344","俄罗斯","10","一般贸易","11","北京市","12","千克","0","?","7,619",
"202503","85177950","光通信设备的激光收发模块","344","俄罗斯","10","一般贸易","21","辽宁省","1","千克","0","?","1,522",
"202503","85177950","光通信设备的激光收发模块","344","俄罗斯","10","一般贸易","23","黑龙江省","10","千克","0","?","190",
"202503","85177950","光通信设备的激光收发模块","344","俄罗斯","10","一般贸易","31","上海市","213","千克","0","?","194,085",
"202503","85177950","光通信设备的激光收发模块","344","俄罗斯","10","一般贸易","32","江苏省","119","千克","0","?","98,210",
"202503","85177950","光通信设备的激光收发模块","344","俄罗斯","10","一般贸易","33","浙江省","88","千克","0","?","12,749",
"202503","85177950","光通信设备的激光收发模块","344","俄罗斯","10","一般贸易","34","安徽省","1080","千克","0","?","333,284",
"202503","85177950","光通信设备的激光收发模块","344","俄罗斯","10","一般贸易","42","湖北省","905","千克","0","?","731,694",
"202503","85177950","光通信设备的激光收发模块","344","俄罗斯","10","一般贸易","44","广东省","6489","千克","0","?","2,802,389",
"202503","85177950","光通信设备的激光收发模块","344","俄罗斯","10","一般贸易","50","重庆市","13","千克","0","?","300",
"202503","85177950","光通信设备的激光收发模块","344","俄罗斯","10","一般贸易","61","陕西省","0","千克","0","?","93",
"202503","85177950","光通信设备的激光收发模块","344","俄罗斯","19","边境小额贸易","65","新疆维吾尔自治区","593","千克","0","?","31,677",
"202503","85177950","光通信设备的激光收发模块","344","俄罗斯","33","保税监管场所进出境货物","11","北京市","2","千克","0","?","62,318",
"202503","85177950","光通信设备的激光收发模块","344","俄罗斯","33","保税监管场所进出境货物","44","广东省","10","千克","0","?","6,682",
"202503","85177950","光通信设备的激光收发模块","344","俄罗斯","34","海关特殊监管区域物流货物","31","上海市","1","千克","0","?","4,200",
"202503","85177950","光通信设备的激光收发模块","344","俄罗斯","34","海关特殊监管区域物流货物","42","湖北省","1","千克","0","?","37,190",
"202503","85177950","光通信设备的激光收发模块","344","俄罗斯","34","海关特殊监管区域物流货物","43","湖南省","182","千克","0","?","29,415",
"202503","85177950","光通信设备的激光收发模块","344","俄罗斯","34","海关特殊监管区域物流货物","51","四川省","30","千克","0","?","3,505",
"202503","85177950","光通信设备的激光收发模块","347","乌克兰","10","一般贸易","31","上海市","13","千克","0","?","9,060",
"202503","85177950","光通信设备的激光收发模块","347","乌克兰","10","一般贸易","44","广东省","552","千克","0","?","566,742",
"202503","85177950","光通信设备的激光收发模块","350","斯洛文尼亚","10","一般贸易","41","河南省","3","千克","0","?","1,180",
"202503","85177950","光通信设备的激光收发模块","350","斯洛文尼亚","10","一般贸易","42","湖北省","0","千克","0","?","1,398",
"202503","85177950","光通信设备的激光收发模块","350","斯洛文尼亚","10","一般贸易","44","广东省","63","千克","0","?","40,099",
"202503","85177950","光通信设备的激光收发模块","350","斯洛文尼亚","33","保税监管场所进出境货物","44","广东省","7","千克","0","?","864",
"202503","85177950","光通信设备的激光收发模块","351","克罗地亚","10","一般贸易","35","福建省","0","千克","0","?","180",
"202503","85177950","光通信设备的激光收发模块","351","克罗地亚","10","一般贸易","44","广东省","71","千克","0","?","16,007",
"202503","85177950","光通信设备的激光收发模块","352","捷克","10","一般贸易","31","上海市","4","千克","0","?","1,720",
"202503","85177950","光通信设备的激光收发模块","352","捷克","10","一般贸易","42","湖北省","34","千克","0","?","12,401",
"202503","85177950","光通信设备的激光收发模块","352","捷克","10","一般贸易","44","广东省","1859","千克","0","?","605,385",
"202503","85177950","光通信设备的激光收发模块","352","捷克","10","一般贸易","50","重庆市","3","千克","0","?","140",
"202503","85177950","光通信设备的激光收发模块","352","捷克","10","一般贸易","62","甘肃省","0","千克","0","?","72",
"202503","85177950","光通信设备的激光收发模块","352","捷克","15","进料加工贸易","32","江苏省","181","千克","0","?","104,185",
"202503","85177950","光通信设备的激光收发模块","352","捷克","33","保税监管场所进出境货物","44","广东省","21","千克","0","?","85",
"202503","85177950","光通信设备的激光收发模块","353","斯洛伐克","10","一般贸易","44","广东省","1","千克","0","?","1,117",
"202503","85177950","光通信设备的激光收发模块","353","斯洛伐克","10","一般贸易","51","四川省","44","千克","0","?","167,335",
"202503","85177950","光通信设备的激光收发模块","355","波斯尼亚和黑塞哥维那","10","一般贸易","44","广东省","1","千克","0","?","176",
"202503","85177950","光通信设备的激光收发模块","358","塞尔维亚","10","一般贸易","33","浙江省","9","千克","0","?","3,486",
"202503","85177950","光通信设备的激光收发模块","358","塞尔维亚","10","一般贸易","35","福建省","3","千克","0","?","3,472",
"202503","85177950","光通信设备的激光收发模块","358","塞尔维亚","10","一般贸易","44","广东省","6","千克","0","?","1,703",
"202503","85177950","光通信设备的激光收发模块","358","塞尔维亚","15","进料加工贸易","44","广东省","0","千克","0","?","1,094",
"202503","85177950","光通信设备的激光收发模块","402","阿根廷","10","一般贸易","23","黑龙江省","3","千克","0","?","1,668",
"202503","85177950","光通信设备的激光收发模块","402","阿根廷","10","一般贸易","32","江苏省","15","千克","0","?","3,980",
"202503","85177950","光通信设备的激光收发模块","402","阿根廷","10","一般贸易","37","山东省","0","千克","0","?","80",
"202503","85177950","光通信设备的激光收发模块","402","阿根廷","10","一般贸易","44","广东省","74","千克","0","?","55,147",
"202503","85177950","光通信设备的激光收发模块","402","阿根廷","10","一般贸易","51","四川省","20","千克","0","?","4,914",
"202503","85177950","光通信设备的激光收发模块","402","阿根廷","34","海关特殊监管区域物流货物","32","江苏省","63","千克","0","?","12,408",
"202503","85177950","光通信设备的激光收发模块","405","巴巴多斯","10","一般贸易","44","广东省","0","千克","0","?","101",
"202503","85177950","光通信设备的激光收发模块","408","玻利维亚
","10","一般贸易","44","广东省","8","千克","0","?","13,444",
"202503","85177950","光通信设备的激光收发模块","410","巴西","10","一般贸易","11","北京市","4","千克","0","?","1,445",
"202503","85177950","光通信设备的激光收发模块","410","巴西","10","一般贸易","31","上海市","5","千克","0","?","11,040",
"202503","85177950","光通信设备的激光收发模块","410","巴西","10","一般贸易","32","江苏省","104","千克","0","?","100,219",
"202503","85177950","光通信设备的激光收发模块","410","巴西","10","一般贸易","33","浙江省","79","千克","0","?","47,538",
"202503","85177950","光通信设备的激光收发模块","410","巴西","10","一般贸易","34","安徽省","205","千克","0","?","10,400",
"202503","85177950","光通信设备的激光收发模块","410","巴西","10","一般贸易","35","福建省","3","千克","0","?","2,200",
"202503","85177950","光通信设备的激光收发模块","410","巴西","10","一般贸易","37","山东省","60","千克","0","?","26,873",
"202503","85177950","光通信设备的激光收发模块","410","巴西","10","一般贸易","41","河南省","3","千克","0","?","6,570",
"202503","85177950","光通信设备的激光收发模块","410","巴西","10","一般贸易","42","湖北省","416","千克","0","?","602,622",
"202503","85177950","光通信设备的激光收发模块","410","巴西","10","一般贸易","44","广东省","2808","千克","0","?","1,860,598",
"202503","85177950","光通信设备的激光收发模块","410","巴西","10","一般贸易","51","四川省","425","千克","0","?","202,126",
"202503","85177950","光通信设备的激光收发模块","410","巴西","10","一般贸易","52","贵州省","5","千克","0","?","6,038",
"202503","85177950","光通信设备的激光收发模块","410","巴西","10","一般贸易","65","新疆维吾尔自治区","24","千克","0","?","1,533",
"202503","85177950","光通信设备的激光收发模块","410","巴西","15","进料加工贸易","44","广东省","1","千克","0","?","8,251",
"202503","85177950","光通信设备的激光收发模块","410","巴西","15","进料加工贸易","51","四川省","11","千克","0","?","86,552",
"202503","85177950","光通信设备的激光收发模块","410","巴西","33","保税监管场所进出境货物","44","广东省","2","千克","0","?","3,584",
"202503","85177950","光通信设备的激光收发模块","410","巴西","34","海关特殊监管区域物流货物","32","江苏省","1185","千克","0","?","187,776",
"202503","85177950","光通信设备的激光收发模块","411","开曼群岛","10","一般贸易","44","广东省","0","千克","0","?","50",
"202503","85177950","光通信设备的激光收发模块","412","智利","10","一般贸易","33","浙江省","13","千克","0","?","5,943",
"202503","85177950","光通信设备的激光收发模块","412","智利","10","一般贸易","35","福建省","1","千克","0","?","552",
"202503","85177950","光通信设备的激光收发模块","412","智利","10","一般贸易","37","山东省","31","千克","0","?","1,708",
"202503","85177950","光通信设备的激光收发模块","412","智利","10","一般贸易","42","湖北省","428","千克","0","?","2,003,951",
"202503","85177950","光通信设备的激光收发模块","412","智利","10","一般贸易","44","广东省","61","千克","0","?","21,269",
"202503","85177950","光通信设备的激光收发模块","412","智利","10","一般贸易","52","贵州省","3","千克","0","?","477",
"202503","85177950","光通信设备的激光收发模块","412","智利","10","一般贸易","65","新疆维吾尔自治区","3","千克","0","?","297",
"202503","85177950","光通信设备的激光收发模块","412","智利","33","保税监管场所进出境货物","44","广东省","250","千克","0","?","4,877",
"202503","85177950","光通信设备的激光收发模块","412","智利","34","海关特殊监管区域物流货物","32","江苏省","28","千克","0","?","17,108",
"202503","85177950","光通信设备的激光收发模块","412","智利","34","海关特殊监管区域物流货物","44","广东省","0","千克","0","?","7,405",
"202503","85177950","光通信设备的激光收发模块","413","哥伦比亚","10","一般贸易","33","浙江省","1","千克","0","?","489",
"202503","85177950","光通信设备的激光收发模块","413","哥伦比亚","10","一般贸易","35","福建省","7","千克","0","?","10,410",
"202503","85177950","光通信设备的激光收发模块","413","哥伦比亚","10","一般贸易","37","山东省","4","千克","0","?","242",
"202503","85177950","光通信设备的激光收发模块","413","哥伦比亚","10","一般贸易","41","河南省","23","千克","0","?","1,064",
"202503","85177950","光通信设备的激光收发模块","413","哥伦比亚","10","一般贸易","44","广东省","285","千克","0","?","407,754",
"202503","85177950","光通信设备的激光收发模块","413","哥伦比亚","33","保税监管场所进出境货物","44","广东省","3","千克","0","?","1,200",
"202503","85177950","光通信设备的激光收发模块","413","哥伦比亚","34","海关特殊监管区域物流货物","32","江苏省","175","千克","0","?","56,166",
"202503","85177950","光通信设备的激光收发模块","415","哥斯达黎加","10","一般贸易","33","浙江省","4","千克","0","?","201",
"202503","85177950","光通信设备的激光收发模块","415","哥斯达黎加","10","一般贸易","44","广东省","12","千克","0","?","3,057",
"202503","85177950","光通信设备的激光收发模块","415","哥斯达黎加","10","一般贸易","51","四川省","31","千克","0","?","929",
"202503","85177950","光通信设备的激光收发模块","416","古巴","10","一般贸易","11","北京市","0","千克","0","?","27",
"202503","85177950","光通信设备的激光收发模块","418","多米尼加
","10","一般贸易","33","浙江省","1","千克","0","?","187",
"202503","85177950","光通信设备的激光收发模块","418","多米尼加
","10","一般贸易","37","山东省","11","千克","0","?","110",
"202503","85177950","光通信设备的激光收发模块","418","多米尼加
","10","一般贸易","42","湖北省","0","千克","0","?","256",
"202503","85177950","光通信设备的激光收发模块","418","多米尼加
","10","一般贸易","44","广东省","40","千克","0","?","61,622",
"202503","85177950","光通信设备的激光收发模块","419","厄瓜多尔","10","一般贸易","31","上海市","8","千克","0","?","216",
"202503","85177950","光通信设备的激光收发模块","419","厄瓜多尔","10","一般贸易","32","江苏省","169","千克","0","?","3,924",
"202503","85177950","光通信设备的激光收发模块","419","厄瓜多尔","10","一般贸易","44","广东省","6","千克","0","?","33,411",
"202503","85177950","光通信设备的激光收发模块","419","厄瓜多尔","33","保税监管场所进出境货物","44","广东省","2","千克","0","?","40",
"202503","85177950","光通信设备的激光收发模块","423","危地马拉","10","一般贸易","33","浙江省","3","千克","0","?","3,166",
"202503","85177950","光通信设备的激光收发模块","423","危地马拉","10","一般贸易","44","广东省","17","千克","0","?","20,347",
"202503","85177950","光通信设备的激光收发模块","424","圭亚那","10","一般贸易","44","广东省","31","千克","0","?","14,155",
"202503","85177950","光通信设备的激光收发模块","426","洪都拉斯","10","一般贸易","33","浙江省","1","千克","0","?","500",
"202503","85177950","光通信设备的激光收发模块","426","洪都拉斯","10","一般贸易","44","广东省","358","千克","0","?","27,058",
"202503","85177950","光通信设备的激光收发模块","427","牙买加","10","一般贸易","23","黑龙江省","1125","千克","0","?","10,530",
"202503","85177950","光通信设备的激光收发模块","427","牙买加","10","一般贸易","33","浙江省","8","千克","0","?","94",
"202503","85177950","光通信设备的激光收发模块","427","牙买加","10","一般贸易","44","广东省","2","千克","0","?","2,097",
"202503","85177950","光通信设备的激光收发模块","429","墨西哥","10","一般贸易","31","上海市","93","千克","0","?","133,295",
"202503","85177950","光通信设备的激光收发模块","429","墨西哥","10","一般贸易","32","江苏省","1618","千克","0","?","5,806,943",
"202503","85177950","光通信设备的激光收发模块","429","墨西哥","10","一般贸易","33","浙江省","15","千克","0","?","6,332",
"202503","85177950","光通信设备的激光收发模块","429","墨西哥","10","一般贸易","35","福建省","4","千克","0","?","3,168",
"202503","85177950","光通信设备的激光收发模块","429","墨西哥","10","一般贸易","37","山东省","50","千克","0","?","3,621",
"202503","85177950","光通信设备的激光收发模块","429","墨西哥","10","一般贸易","42","湖北省","2595","千克","0","?","2,178,315",
"202503","85177950","光通信设备的激光收发模块","429","墨西哥","10","一般贸易","44","广东省","802","千克","0","?","871,522",
"202503","85177950","光通信设备的激光收发模块","429","墨西哥","10","一般贸易","51","四川省","538","千克","0","?","1,211,239",
"202503","85177950","光通信设备的激光收发模块","429","墨西哥","10","一般贸易","65","新疆维吾尔自治区","24","千克","0","?","3,544",
"202503","85177950","光通信设备的激光收发模块","429","墨西哥","15","进料加工贸易","32","江苏省","137","千克","0","?","290,682",
"202503","85177950","光通信设备的激光收发模块","429","墨西哥","15","进料加工贸易","44","广东省","0","千克","0","?","5,766",
"202503","85177950","光通信设备的激光收发模块","429","墨西哥","15","进料加工贸易","51","四川省","242","千克","0","?","1,035,777",
"202503","85177950","光通信设备的激光收发模块","429","墨西哥","33","保税监管场所进出境货物","44","广东省","3","千克","0","?","2,643",
"202503","85177950","光通信设备的激光收发模块","429","墨西哥","34","海关特殊监管区域物流货物","32","江苏省","46","千克","0","?","60,901",
"202503","85177950","光通信设备的激光收发模块","431","尼加拉瓜","10","一般贸易","44","广东省","3","千克","0","?","11",
"202503","85177950","光通信设备的激光收发模块","432","巴拿马","10","一般贸易","33","浙江省","2","千克","0","?","294",
"202503","85177950","光通信设备的激光收发模块","432","巴拿马","10","一般贸易","44","广东省","1393","千克","0","?","1,151,971",
"202503","85177950","光通信设备的激光收发模块","432","巴拿马","34","海关特殊监管区域物流货物","32","江苏省","1","千克","0","?","702",
"202503","85177950","光通信设备的激光收发模块","433","巴拉圭","10","一般贸易","33","浙江省","0","千克","0","?","365",
"202503","85177950","光通信设备的激光收发模块","433","巴拉圭","10","一般贸易","44","广东省","39","千克","0","?","40,292",
"202503","85177950","光通信设备的激光收发模块","434","秘鲁","10","一般贸易","32","江苏省","2","千克","0","?","1,410",
"202503","85177950","光通信设备的激光收发模块","434","秘鲁","10","一般贸易","33","浙江省","2","千克","0","?","3,320",
"202503","85177950","光通信设备的激光收发模块","434","秘鲁","10","一般贸易","35","福建省","0","千克","0","?","26",
"202503","85177950","光通信设备的激光收发模块","434","秘鲁","10","一般贸易","37","山东省","2","千克","0","?","66",
"202503","85177950","光通信设备的激光收发模块","434","秘鲁","10","一般贸易","42","湖北省","1","千克","0","?","3,458",
"202503","85177950","光通信设备的激光收发模块","434","秘鲁","10","一般贸易","44","广东省","152","千克","0","?","84,450",
"202503","85177950","光通信设备的激光收发模块","434","秘鲁","10","一般贸易","65","新疆维吾尔自治区","4","千克","0","?","2,267",
"202503","85177950","光通信设备的激光收发模块","435","波多黎各","10","一般贸易","42","湖北省","1","千克","0","?","36",
"202503","85177950","光通信设备的激光收发模块","435","波多黎各","10","一般贸易","44","广东省","0","千克","0","?","199",
"202503","85177950","光通信设备的激光收发模块","435","波多黎各","15","进料加工贸易","51","四川省","1","千克","0","?","1,680",
"202503","85177950","光通信设备的激光收发模块","435","波多黎各","34","海关特殊监管区域物流货物","32","江苏省","6","千克","0","?","1,485",
"202503","85177950","光通信设备的激光收发模块","440","萨尔瓦多","10","一般贸易","44","广东省","6","千克","0","?","11,466",
"202503","85177950","光通信设备的激光收发模块","442","特立尼达和多巴哥","10","一般贸易","44","广东省","3","千克","0","?","435",
"202503","85177950","光通信设备的激光收发模块","444","乌拉圭","10","一般贸易","12","天津市","133","千克","0","?","3,280",
"202503","85177950","光通信设备的激光收发模块","444","乌拉圭","10","一般贸易","33","浙江省","0","千克","0","?","96",
"202503","85177950","光通信设备的激光收发模块","444","乌拉圭","10","一般贸易","44","广东省","150","千克","0","?","105,300",
"202503","85177950","光通信设备的激光收发模块","444","乌拉圭","33","保税监管场所进出境货物","44","广东省","0","千克","0","?","92",
"202503","85177950","光通信设备的激光收发模块","445","委内瑞拉","10","一般贸易","33","浙江省","0","千克","0","?","9",
"202503","85177950","光通信设备的激光收发模块","445","委内瑞拉","10","一般贸易","44","广东省","6","千克","0","?","3,598",
"202503","85177950","光通信设备的激光收发模块","454","荷属圣马丁
","10","一般贸易","31","上海市","2","千克","0","?","344",
"202503","85177950","光通信设备的激光收发模块","501","加拿大","10","一般贸易","11","北京市","6","千克","0","?","3,900",
"202503","85177950","光通信设备的激光收发模块","501","加拿大","10","一般贸易","31","上海市","2","千克","0","?","1,776",
"202503","85177950","光通信设备的激光收发模块","501","加拿大","10","一般贸易","32","江苏省","2","千克","0","?","26,650",
"202503","85177950","光通信设备的激光收发模块","501","加拿大","10","一般贸易","33","浙江省","9","千克","0","?","7,380",
"202503","85177950","光通信设备的激光收发模块","501","加拿大","10","一般贸易","37","山东省","4","千克","0","?","394",
"202503","85177950","光通信设备的激光收发模块","501","加拿大","10","一般贸易","42","湖北省","355","千克","0","?","339,550",
"202503","85177950","光通信设备的激光收发模块","501","加拿大","10","一般贸易","43","湖南省","5","千克","0","?","6,660",
"202503","85177950","光通信设备的激光收发模块","501","加拿大","10","一般贸易","44","广东省","959","千克","0","?","1,132,032",
"202503","85177950","光通信设备的激光收发模块","501","加拿大","10","一般贸易","50","重庆市","0","千克","0","?","1,699",
"202503","85177950","光通信设备的激光收发模块","501","加拿大","10","一般贸易","51","四川省","13","千克","0","?","43,194",
"202503","85177950","光通信设备的激光收发模块","501","加拿大","10","一般贸易","65","新疆维吾尔自治区","0","千克","0","?","49",
"202503","85177950","光通信设备的激光收发模块","501","加拿大","15","进料加工贸易","32","江苏省","5","千克","0","?","16,952",
"202503","85177950","光通信设备的激光收发模块","501","加拿大","15","进料加工贸易","44","广东省","48","千克","0","?","91,379",
"202503","85177950","光通信设备的激光收发模块","501","加拿大","15","进料加工贸易","51","四川省","2","千克","0","?","13,840",
"202503","85177950","光通信设备的激光收发模块","501","加拿大","34","海关特殊监管区域物流货物","32","江苏省","1529","千克","0","?","418,871",
"202503","85177950","光通信设备的激光收发模块","501","加拿大","39","其他","32","江苏省","0","千克","0","?","1,148",
"202503","85177950","光通信设备的激光收发模块","502","美国","10","一般贸易","11","北京市","48","千克","0","?","187,999",
"202503","85177950","光通信设备的激光收发模块","502","美国","10","一般贸易","23","黑龙江省","68","千克","0","?","2,365",
"202503","85177950","光通信设备的激光收发模块","502","美国","10","一般贸易","31","上海市","1308","千克","0","?","2,426,315",
"202503","85177950","光通信设备的激光收发模块","502","美国","10","一般贸易","32","江苏省","9615","千克","0","?","31,027,351",
"202503","85177950","光通信设备的激光收发模块","502","美国","10","一般贸易","33","浙江省","133","千克","0","?","317,196",
"202503","85177950","光通信设备的激光收发模块","502","美国","10","一般贸易","34","安徽省","1","千克","0","?","3,172",
"202503","85177950","光通信设备的激光收发模块","502","美国","10","一般贸易","35","福建省","6","千克","0","?","7,204",
"202503","85177950","光通信设备的激光收发模块","502","美国","10","一般贸易","36","江西省","5","千克","0","?","2,700",
"202503","85177950","光通信设备的激光收发模块","502","美国","10","一般贸易","37","山东省","255","千克","0","?","140,893",
"202503","85177950","光通信设备的激光收发模块","502","美国","10","一般贸易","42","湖北省","2092","千克","0","?","4,880,935",
"202503","85177950","光通信设备的激光收发模块","502","美国","10","一般贸易","43","湖南省","1","千克","0","?","4,348",
"202503","85177950","光通信设备的激光收发模块","502","美国","10","一般贸易","44","广东省","19200","千克","0","?","25,290,007",
"202503","85177950","光通信设备的激光收发模块","502","美国","10","一般贸易","51","四川省","15036","千克","0","?","44,211,748",
"202503","85177950","光通信设备的激光收发模块","502","美国","10","一般贸易","65","新疆维吾尔自治区","3","千克","0","?","340",
"202503","85177950","光通信设备的激光收发模块","502","美国","15","进料加工贸易","32","江苏省","38640","千克","0","?","22,126,957",
"202503","85177950","光通信设备的激光收发模块","502","美国","15","进料加工贸易","42","湖北省","1","千克","0","?","159",
"202503","85177950","光通信设备的激光收发模块","502","美国","15","进料加工贸易","44","广东省","348","千克","0","?","538,829",
"202503","85177950","光通信设备的激光收发模块","502","美国","15","进料加工贸易","51","四川省","617","千克","0","?","1,550,811",
"202503","85177950","光通信设备的激光收发模块","502","美国","33","保税监管场所进出境货物","44","广东省","1061","千克","0","?","162,308",
"202503","85177950","光通信设备的激光收发模块","502","美国","34","海关特殊监管区域物流货物","31","上海市","18923","千克","0","?","49,221,516",
"202503","85177950","光通信设备的激光收发模块","502","美国","34","海关特殊监管区域物流货物","32","江苏省","431","千克","0","?","126,905",
"202503","85177950","光通信设备的激光收发模块","502","美国","34","海关特殊监管区域物流货物","44","广东省","8","千克","0","?","7,279",
"202503","85177950","光通信设备的激光收发模块","502","美国","39","其他","32","江苏省","3","千克","0","?","7,784",
"202503","85177950","光通信设备的激光收发模块","502","美国","39","其他","44","广东省","3","千克","0","?","4,366",
"202503","85177950","光通信设备的激光收发模块","601","澳大利亚","10","一般贸易","11","北京市","1","千克","0","?","284",
"202503","85177950","光通信设备的激光收发模块","601","澳大利亚","10","一般贸易","31","上海市","0","千克","0","?","60",
"202503","85177950","光通信设备的激光收发模块","601","澳大利亚","10","一般贸易","32","江苏省","2","千克","0","?","16,221",
"202503","85177950","光通信设备的激光收发模块","601","澳大利亚","10","一般贸易","33","浙江省","10","千克","0","?","6,261",
"202503","85177950","光通信设备的激光收发模块","601","澳大利亚","10","一般贸易","37","山东省","1","千克","0","?","80",
"202503","85177950","光通信设备的激光收发模块","601","澳大利亚","10","一般贸易","42","湖北省","7","千克","0","?","9,773",
"202503","85177950","光通信设备的激光收发模块","601","澳大利亚","10","一般贸易","44","广东省","214","千克","0","?","372,234",
"202503","85177950","光通信设备的激光收发模块","601","澳大利亚","10","一般贸易","51","四川省","19","千克","0","?","98,342",
"202503","85177950","光通信设备的激光收发模块","601","澳大利亚","10","一般贸易","65","新疆维吾尔自治区","0","千克","0","?","75",
"202503","85177950","光通信设备的激光收发模块","601","澳大利亚","15","进料加工贸易","32","江苏省","1","千克","0","?","1,276",
"202503","85177950","光通信设备的激光收发模块","601","澳大利亚","15","进料加工贸易","33","浙江省","600","千克","0","?","447,218",
"202503","85177950","光通信设备的激光收发模块","601","澳大利亚","15","进料加工贸易","35","福建省","1","千克","0","?","1,842",
"202503","85177950","光通信设备的激光收发模块","601","澳大利亚","15","进料加工贸易","44","广东省","0","千克","0","?","1,309",
"202503","85177950","光通信设备的激光收发模块","601","澳大利亚","15","进料加工贸易","51","四川省","11","千克","0","?","6,199",
"202503","85177950","光通信设备的激光收发模块","601","澳大利亚","33","保税监管场所进出境货物","32","江苏省","0","千克","0","?","22",
"202503","85177950","光通信设备的激光收发模块","601","澳大利亚","34","海关特殊监管区域物流货物","32","江苏省","148","千克","0","?","51,455",
"202503","85177950","光通信设备的激光收发模块","601","澳大利亚","34","海关特殊监管区域物流货物","42","湖北省","189","千克","0","?","178,944",
"202503","85177950","光通信设备的激光收发模块","603","斐济","10","一般贸易","44","广东省","1","千克","0","?","2,002",
"202503","85177950","光通信设备的激光收发模块","608","瓦努阿图","10","一般贸易","44","广东省","3","千克","0","?","778",
"202503","85177950","光通信设备的激光收发模块","609","新西兰","10","一般贸易","33","浙江省","0","千克","0","?","105",
"202503","85177950","光通信设备的激光收发模块","609","新西兰","10","一般贸易","37","山东省","0","千克","0","?","21",
"202503","85177950","光通信设备的激光收发模块","609","新西兰","10","一般贸易","43","湖南省","5","千克","0","?","11,700",
"202503","85177950","光通信设备的激光收发模块","609","新西兰","10","一般贸易","44","广东省","8","千克","0","?","15,030",
"202503","85177950","光通信设备的激光收发模块","609","新西兰","10","一般贸易","51","四川省","2","千克","0","?","3,881",
"202503","85177950","光通信设备的激光收发模块","609","新西兰","15","进料加工贸易","35","福建省","0","千克","0","?","135",
"202503","85177950","光通信设备的激光收发模块","609","新西兰","33","保税监管场所进出境货物","44","广东省","29","千克","0","?","1,476",
"202503","85177950","光通信设备的激光收发模块","609","新西兰","34","海关特殊监管区域物流货物","32","江苏省","34","千克","0","?","18,372",
"202503","85177950","光通信设备的激光收发模块","623","法属波利尼西亚","10","一般贸易","44","广东省","2","千克","0","?","3,303",
"202503","85177950","光通信设备的激光收发模块","629","关岛
","34","海关特殊监管区域物流货物","32","江苏省","0","千克","0","?","160",
"202503","85177950","光通信设备的激光收发模块","631","北马里亚纳群岛
","10","一般贸易","44","广东省","1","千克","0","?","4,041",
"202504","85177950","光通信设备的激光收发模块","101","阿富汗","10","一般贸易","32","江苏省","10","千克","0","?","6,604",
"202504","85177950","光通信设备的激光收发模块","101","阿富汗","10","一般贸易","44","广东省","9","千克","0","?","83,044",
"202504","85177950","光通信设备的激光收发模块","102","巴林","10","一般贸易","31","上海市","22","千克","0","?","773",
"202504","85177950","光通信设备的激光收发模块","102","巴林","10","一般贸易","35","福建省","6","千克","0","?","7,081",
"202504","85177950","光通信设备的激光收发模块","102","巴林","10","一般贸易","44","广东省","1","千克","0","?","1,333",
"202504","85177950","光通信设备的激光收发模块","103","孟加拉国","10","一般贸易","32","江苏省","3","千克","0","?","7,225",
"202504","85177950","光通信设备的激光收发模块","103","孟加拉国","10","一般贸易","42","湖北省","377","千克","0","?","6,782",
"202504","85177950","光通信设备的激光收发模块","103","孟加拉国","10","一般贸易","44","广东省","101","千克","0","?","50,079",
"202504","85177950","光通信设备的激光收发模块","103","孟加拉国","10","一般贸易","45","广西壮族自治区","9","千克","0","?","74",
"202504","85177950","光通信设备的激光收发模块","104","不丹","10","一般贸易","44","广东省","40","千克","0","?","15,361",
"202504","85177950","光通信设备的激光收发模块","104","不丹","34","海关特殊监管区域物流货物","32","江苏省","38","千克","0","?","11,310",
"202504","85177950","光通信设备的激光收发模块","105","文莱","10","一般贸易","44","广东省","47","千克","0","?","47",
"202504","85177950","光通信设备的激光收发模块","106","缅甸","10","一般贸易","12","天津市","12","千克","0","?","311",
"202504","85177950","光通信设备的激光收发模块","106","缅甸","10","一般贸易","44","广东省","1","千克","0","?","134",
"202504","85177950","光通信设备的激光收发模块","107","柬埔寨","10","一般贸易","33","浙江省","11","千克","0","?","4,867",
"202504","85177950","光通信设备的激光收发模块","107","柬埔寨","10","一般贸易","35","福建省","7","千克","0","?","4,576",
"202504","85177950","光通信设备的激光收发模块","107","柬埔寨","10","一般贸易","37","山东省","16","千克","0","?","647",
"202504","85177950","光通信设备的激光收发模块","107","柬埔寨","10","一般贸易","44","广东省","174","千克","0","?","12,617",
"202504","85177950","光通信设备的激光收发模块","107","柬埔寨","10","一般贸易","51","四川省","8","千克","0","?","229",
"202504","85177950","光通信设备的激光收发模块","108","塞浦路斯","10","一般贸易","44","广东省","19","千克","0","?","5,235",
"202504","85177950","光通信设备的激光收发模块","110","中国香港","10","一般贸易","11","北京市","67","千克","0","?","304,533",
"202504","85177950","光通信设备的激光收发模块","110","中国香港","10","一般贸易","12","天津市","1","千克","0","?","3,191",
"202504","85177950","光通信设备的激光收发模块","110","中国香港","10","一般贸易","21","辽宁省","0","千克","0","?","174,338",
"202504","85177950","光通信设备的激光收发模块","110","中国香港","10","一般贸易","31","上海市","316","千克","0","?","505,868",
"202504","85177950","光通信设备的激光收发模块","110","中国香港","10","一般贸易","32","江苏省","149","千克","0","?","442,645",
"202504","85177950","光通信设备的激光收发模块","110","中国香港","10","一般贸易","33","浙江省","537","千克","0","?","1,079,636",
"202504","85177950","光通信设备的激光收发模块","110","中国香港","10","一般贸易","34","安徽省","122","千克","0","?","38,432",
"202504","85177950","光通信设备的激光收发模块","110","中国香港","10","一般贸易","35","福建省","15","千克","0","?","20,701",
"202504","85177950","光通信设备的激光收发模块","110","中国香港","10","一般贸易","37","山东省","36","千克","0","?","16,788",
"202504","85177950","光通信设备的激光收发模块","110","中国香港","10","一般贸易","41","河南省","201","千克","0","?","952,062",
"202504","85177950","光通信设备的激光收发模块","110","中国香港","10","一般贸易","42","湖北省","538","千克","0","?","500,844",
"202504","85177950","光通信设备的激光收发模块","110","中国香港","10","一般贸易","43","湖南省","88","千克","0","?","68,000",
"202504","85177950","光通信设备的激光收发模块","110","中国香港","10","一般贸易","44","广东省","1420","千克","0","?","1,703,339",
"202504","85177950","光通信设备的激光收发模块","110","中国香港","10","一般贸易","51","四川省","84","千克","0","?","97,016",
"202504","85177950","光通信设备的激光收发模块","110","中国香港","10","一般贸易","52","贵州省","1","千克","0","?","1,854",
"202504","85177950","光通信设备的激光收发模块","110","中国香港","10","一般贸易","61","陕西省","64","千克","0","?","154,000",
"202504","85177950","光通信设备的激光收发模块","110","中国香港","10","一般贸易","65","新疆维吾尔自治区","0","千克","0","?","28",
"202504","85177950","光通信设备的激光收发模块","110","中国香港","15","进料加工贸易","32","江苏省","2704","千克","0","?","5,948,797",
"202504","85177950","光通信设备的激光收发模块","110","中国香港","15","进料加工贸易","35","福建省","11","千克","0","?","27,525",
"202504","85177950","光通信设备的激光收发模块","110","中国香港","15","进料加工贸易","44","广东省","0","千克","0","?","50,949",
"202504","85177950","光通信设备的激光收发模块","110","中国香港","15","进料加工贸易","51","四川省","306","千克","0","?","131,871",
"202504","85177950","光通信设备的激光收发模块","110","中国香港","33","保税监管场所进出境货物","37","山东省","8","千克","0","?","259",
"202504","85177950","光通信设备的激光收发模块","110","中国香港","33","保税监管场所进出境货物","44","广东省","51","千克","0","?","10,135",
"202504","85177950","光通信设备的激光收发模块","110","中国香港","34","海关特殊监管区域物流货物","31","上海市","7","千克","0","?","2,416",
"202504","85177950","光通信设备的激光收发模块","110","中国香港","34","海关特殊监管区域物流货物","32","江苏省","106","千克","0","?","143,550",
"202504","85177950","光通信设备的激光收发模块","110","中国香港","34","海关特殊监管区域物流货物","44","广东省","3489","千克","0","?","10,673,897",
"202504","85177950","光通信设备的激光收发模块","110","中国香港","39","其他","44","广东省","0","千克","0","?","16",
"202504","85177950","光通信设备的激光收发模块","111","印度","10","一般贸易","11","北京市","3","千克","0","?","1,101",
"202504","85177950","光通信设备的激光收发模块","111","印度","10","一般贸易","21","辽宁省","3","千克","0","?","5,150",
"202504","85177950","光通信设备的激光收发模块","111","印度","10","一般贸易","31","上海市","79","千克","0","?","30,769",
"202504","85177950","光通信设备的激光收发模块","111","印度","10","一般贸易","32","江苏省","215","千克","0","?","57,383",
"202504","85177950","光通信设备的激光收发模块","111","印度","10","一般贸易","33","浙江省","336","千克","0","?","38,243",
"202504","85177950","光通信设备的激光收发模块","111","印度","10","一般贸易","35","福建省","2","千克","0","?","4,047",
"202504","85177950","光通信设备的激光收发模块","111","印度","10","一般贸易","36","江西省","1","千克","0","?","2,500",
"202504","85177950","光通信设备的激光收发模块","111","印度","10","一般贸易","37","山东省","136","千克","0","?","13,202",
"202504","85177950","光通信设备的激光收发模块","111","印度","10","一般贸易","42","湖北省","2474","千克","0","?","837,300",
"202504","85177950","光通信设备的激光收发模块","111","印度","10","一般贸易","44","广东省","1122","千克","0","?","468,442",
"202504","85177950","光通信设备的激光收发模块","111","印度","10","一般贸易","51","四川省","233","千克","0","?","87,610",
"202504","85177950","光通信设备的激光收发模块","111","印度","10","一般贸易","52","贵州省","25","千克","0","?","1,712",
"202504","85177950","光通信设备的激光收发模块","111","印度","15","进料加工贸易","32","江苏省","61","千克","0","?","252,349",
"202504","85177950","光通信设备的激光收发模块","111","印度","15","进料加工贸易","44","广东省","0","千克","0","?","939",
"202504","85177950","光通信设备的激光收发模块","111","印度","15","进料加工贸易","51","四川省","0","千克","0","?","628",
"202504","85177950","光通信设备的激光收发模块","111","印度","33","保税监管场所进出境货物","44","广东省","2","千克","0","?","811",
"202504","85177950","光通信设备的激光收发模块","111","印度","34","海关特殊监管区域物流货物","32","江苏省","4045","千克","0","?","960,085",
"202504","85177950","光通信设备的激光收发模块","112","印度尼西亚","10","一般贸易","14","山西省","6","千克","0","?","197",
"202504","85177950","光通信设备的激光收发模块","112","印度尼西亚","10","一般贸易","31","上海市","43","千克","0","?","16,236",
"202504","85177950","光通信设备的激光收发模块","112","印度尼西亚","10","一般贸易","32","江苏省","337","千克","0","?","7,886",
"202504","85177950","光通信设备的激光收发模块","112","印度尼西亚","10","一般贸易","33","浙江省","551","千克","0","?","49,398",
"202504","85177950","光通信设备的激光收发模块","112","印度尼西亚","10","一般贸易","35","福建省","13","千克","0","?","39,675",
"202504","85177950","光通信设备的激光收发模块","112","印度尼西亚","10","一般贸易","37","山东省","778","千克","0","?","16,063",
"202504","85177950","光通信设备的激光收发模块","112","印度尼西亚","10","一般贸易","41","河南省","0","千克","0","?","17",
"202504","85177950","光通信设备的激光收发模块","112","印度尼西亚","10","一般贸易","42","湖北省","184","千克","0","?","59,217",
"202504","85177950","光通信设备的激光收发模块","112","印度尼西亚","10","一般贸易","43","湖南省","8","千克","0","?","3,198",
"202504","85177950","光通信设备的激光收发模块","112","印度尼西亚","10","一般贸易","44","广东省","1013","千克","0","?","1,677,613",
"202504","85177950","光通信设备的激光收发模块","112","印度尼西亚","10","一般贸易","46","海南省","66","千克","0","?","4,492",
"202504","85177950","光通信设备的激光收发模块","112","印度尼西亚","10","一般贸易","52","贵州省","31","千克","0","?","17,899",
"202504","85177950","光通信设备的激光收发模块","112","印度尼西亚","10","一般贸易","65","新疆维吾尔自治区","10335","千克","0","?","69,761",
"202504","85177950","光通信设备的激光收发模块","112","印度尼西亚","15","进料加工贸易","35","福建省","0","千克","0","?","432",
"202504","85177950","光通信设备的激光收发模块","112","印度尼西亚","15","进料加工贸易","44","广东省","0","千克","0","?","121",
"202504","85177950","光通信设备的激光收发模块","112","印度尼西亚","34","海关特殊监管区域物流货物","32","江苏省","226","千克","0","?","52,854",
"202504","85177950","光通信设备的激光收发模块","112","印度尼西亚","39","其他","31","上海市","7","千克","0","?","892",
"202504","85177950","光通信设备的激光收发模块","113","伊朗","10","一般贸易","51","四川省","1","千克","0","?","12",
"202504","85177950","光通信设备的激光收发模块","114","伊拉克","10","一般贸易","11","北京市","5","千克","0","?","12,322",
"202504","85177950","光通信设备的激光收发模块","114","伊拉克","10","一般贸易","14","山西省","1","千克","0","?","515",
"202504","85177950","光通信设备的激光收发模块","114","伊拉克","10","一般贸易","32","江苏省","296","千克","0","?","8,933",
"202504","85177950","光通信设备的激光收发模块","114","伊拉克","10","一般贸易","33","浙江省","464","千克","0","?","9,958",
"202504","85177950","光通信设备的激光收发模块","114","伊拉克","10","一般贸易","44","广东省","1558","千克","0","?","86,674",
"202504","85177950","光通信设备的激光收发模块","114","伊拉克","10","一般贸易","51","四川省","2","千克","0","?","1,500",
"202504","85177950","光通信设备的激光收发模块","115","以色列","10","一般贸易","31","上海市","0","千克","0","?","47",
"202504","85177950","光通信设备的激光收发模块","115","以色列","10","一般贸易","33","浙江省","16","千克","0","?","30,654",
"202504","85177950","光通信设备的激光收发模块","115","以色列","10","一般贸易","42","湖北省","54","千克","0","?","251,588",
"202504","85177950","光通信设备的激光收发模块","115","以色列","10","一般贸易","44","广东省","327","千克","0","?","121,013",
"202504","85177950","光通信设备的激光收发模块","115","以色列","10","一般贸易","51","四川省","158","千克","0","?","547,599",
"202504","85177950","光通信设备的激光收发模块","115","以色列","15","进料加工贸易","32","江苏省","63","千克","0","?","36,916",
"202504","85177950","光通信设备的激光收发模块","115","以色列","15","进料加工贸易","44","广东省","3","千克","0","?","26,569",
"202504","85177950","光通信设备的激光收发模块","115","以色列","34","海关特殊监管区域物流货物","32","江苏省","2","千克","0","?","1,633",
"202504","85177950","光通信设备的激光收发模块","116","日本","10","一般贸易","11","北京市","2","千克","0","?","52,992",
"202504","85177950","光通信设备的激光收发模块","116","日本","10","一般贸易","31","上海市","33","千克","0","?","80,759",
"202504","85177950","光通信设备的激光收发模块","116","日本","10","一般贸易","32","江苏省","392","千克","0","?","250,272",
"202504","85177950","光通信设备的激光收发模块","116","日本","10","一般贸易","33","浙江省","129","千克","0","?","119,833",
"202504","85177950","光通信设备的激光收发模块","116","日本","10","一般贸易","34","安徽省","0","千克","0","?","8,593",
"202504","85177950","光通信设备的激光收发模块","116","日本","10","一般贸易","35","福建省","0","千克","0","?","176",
"202504","85177950","光通信设备的激光收发模块","116","日本","10","一般贸易","37","山东省","17","千克","0","?","19,648",
"202504","85177950","光通信设备的激光收发模块","116","日本","10","一般贸易","42","湖北省","369","千克","0","?","299,660",
"202504","85177950","光通信设备的激光收发模块","116","日本","10","一般贸易","44","广东省","726","千克","0","?","356,581",
"202504","85177950","光通信设备的激光收发模块","116","日本","10","一般贸易","51","四川省","471","千克","0","?","402,825",
"202504","85177950","光通信设备的激光收发模块","116","日本","10","一般贸易","52","贵州省","3","千克","0","?","1,178",
"202504","85177950","光通信设备的激光收发模块","116","日本","15","进料加工贸易","32","江苏省","99","千克","0","?","192,066",
"202504","85177950","光通信设备的激光收发模块","116","日本","15","进料加工贸易","35","福建省","7","千克","0","?","39,853",
"202504","85177950","光通信设备的激光收发模块","116","日本","15","进料加工贸易","44","广东省","0","千克","0","?","8,854",
"202504","85177950","光通信设备的激光收发模块","116","日本","15","进料加工贸易","51","四川省","35","千克","0","?","83,651",
"202504","85177950","光通信设备的激光收发模块","116","日本","33","保税监管场所进出境货物","34","安徽省","0","千克","0","?","730",
"202504","85177950","光通信设备的激光收发模块","116","日本","34","海关特殊监管区域物流货物","32","江苏省","269","千克","0","?","316,310",
"202504","85177950","光通信设备的激光收发模块","116","日本","34","海关特殊监管区域物流货物","42","湖北省","40","千克","0","?","111,945",
"202504","85177950","光通信设备的激光收发模块","117","约旦","10","一般贸易","33","浙江省","7","千克","0","?","2,690",
"202504","85177950","光通信设备的激光收发模块","117","约旦","10","一般贸易","35","福建省","0","千克","0","?","216",
"202504","85177950","光通信设备的激光收发模块","117","约旦","10","一般贸易","44","广东省","10","千克","0","?","2,607",
"202504","85177950","光通信设备的激光收发模块","117","约旦","10","一般贸易","65","新疆维吾尔自治区","0","千克","0","?","18",
"202504","85177950","光通信设备的激光收发模块","117","约旦","34","海关特殊监管区域物流货物","32","江苏省","25","千克","0","?","13,212",
"202504","85177950","光通信设备的激光收发模块","118","科威特","10","一般贸易","32","江苏省","8","千克","0","?","1,860",
"202504","85177950","光通信设备的激光收发模块","118","科威特","10","一般贸易","33","浙江省","1","千克","0","?","1,094",
"202504","85177950","光通信设备的激光收发模块","118","科威特","10","一般贸易","42","湖北省","248","千克","0","?","5,406",
"202504","85177950","光通信设备的激光收发模块","118","科威特","10","一般贸易","44","广东省","1","千克","0","?","10,461",
"202504","85177950","光通信设备的激光收发模块","119","老挝","10","一般贸易","33","浙江省","5","千克","0","?","1,588",
"202504","85177950","光通信设备的激光收发模块","119","老挝","10","一般贸易","37","山东省","1","千克","0","?","36",
"202504","85177950","光通信设备的激光收发模块","119","老挝","10","一般贸易","44","广东省","7","千克","0","?","3,890",
"202504","85177950","光通信设备的激光收发模块","120","黎巴嫩","10","一般贸易","33","浙江省","802","千克","0","?","16,668",
"202504","85177950","光通信设备的激光收发模块","120","黎巴嫩","10","一般贸易","37","山东省","560","千克","0","?","11,997",
"202504","85177950","光通信设备的激光收发模块","120","黎巴嫩","10","一般贸易","44","广东省","10","千克","0","?","26,276",
"202504","85177950","光通信设备的激光收发模块","121","中国澳门","10","一般贸易","33","浙江省","4","千克","0","?","6,300",
"202504","85177950","光通信设备的激光收发模块","121","中国澳门","10","一般贸易","37","山东省","1","千克","0","?","81",
"202504","85177950","光通信设备的激光收发模块","121","中国澳门","10","一般贸易","42","湖北省","1","千克","0","?","4,692",
"202504","85177950","光通信设备的激光收发模块","121","中国澳门","10","一般贸易","44","广东省","17","千克","0","?","9,026",
"202504","85177950","光通信设备的激光收发模块","122","马来西亚","10","一般贸易","11","北京市","184","千克","0","?","336,823",
"202504","85177950","光通信设备的激光收发模块","122","马来西亚","10","一般贸易","21","辽宁省","0","千克","0","?","22",
"202504","85177950","光通信设备的激光收发模块","122","马来西亚","10","一般贸易","31","上海市","2244","千克","0","?","1,241,847",
"202504","85177950","光通信设备的激光收发模块","122","马来西亚","10","一般贸易","32","江苏省","2192","千克","0","?","2,259,786",
"202504","85177950","光通信设备的激光收发模块","122","马来西亚","10","一般贸易","33","浙江省","714","千克","0","?","522,671",
"202504","85177950","光通信设备的激光收发模块","122","马来西亚","10","一般贸易","35","福建省","82","千克","0","?","133,042",
"202504","85177950","光通信设备的激光收发模块","122","马来西亚","10","一般贸易","37","山东省","1593","千克","0","?","2,450,861",
"202504","85177950","光通信设备的激光收发模块","122","马来西亚","10","一般贸易","41","河南省","79","千克","0","?","29,597",
"202504","85177950","光通信设备的激光收发模块","122","马来西亚","10","一般贸易","42","湖北省","16486","千克","0","?","21,767,764",
"202504","85177950","光通信设备的激光收发模块","122","马来西亚","10","一般贸易","43","湖南省","168","千克","0","?","121,720",
"202504","85177950","光通信设备的激光收发模块","122","马来西亚","10","一般贸易","44","广东省","3842","千克","0","?","3,644,951",
"202504","85177950","光通信设备的激光收发模块","122","马来西亚","10","一般贸易","51","四川省","35","千克","0","?","245,602",
"202504","85177950","光通信设备的激光收发模块","122","马来西亚","10","一般贸易","52","贵州省","46","千克","0","?","41,869",
"202504","85177950","光通信设备的激光收发模块","122","马来西亚","10","一般贸易","65","新疆维吾尔自治区","8","千克","0","?","2,395",
"202504","85177950","光通信设备的激光收发模块","122","马来西亚","15","进料加工贸易","32","江苏省","34512","千克","0","?","88,426,991",
"202504","85177950","光通信设备的激光收发模块","122","马来西亚","15","进料加工贸易","35","福建省","4","千克","0","?","4,630",
"202504","85177950","光通信设备的激光收发模块","122","马来西亚","15","进料加工贸易","44","广东省","1249","千克","0","?","1,405,790",
"202504","85177950","光通信设备的激光收发模块","122","马来西亚","15","进料加工贸易","51","四川省","112","千克","0","?","326,781",
"202504","85177950","光通信设备的激光收发模块","122","马来西亚","33","保税监管场所进出境货物","44","广东省","2","千克","0","?","654",
"202504","85177950","光通信设备的激光收发模块","122","马来西亚","34","海关特殊监管区域物流货物","32","江苏省","29","千克","0","?","8,817",
"202504","85177950","光通信设备的激光收发模块","122","马来西亚","39","其他","42","湖北省","6","千克","0","?","2,266",
"202504","85177950","光通信设备的激光收发模块","123","马尔代夫","10","一般贸易","44","广东省","7","千克","0","?","2,589",
"202504","85177950","光通信设备的激光收发模块","124","蒙古","10","一般贸易","33","浙江省","3","千克","0","?","2,557",
"202504","85177950","光通信设备的激光收发模块","124","蒙古","10","一般贸易","44","广东省","39","千克","0","?","26,400",
"202504","85177950","光通信设备的激光收发模块","125","尼泊尔","10","一般贸易","44","广东省","1","千克","0","?","1,772",
"202504","85177950","光通信设备的激光收发模块","125","尼泊尔","10","一般贸易","51","四川省","10","千克","0","?","60",
"202504","85177950","光通信设备的激光收发模块","126","阿曼","10","一般贸易","42","湖北省","1","千克","0","?","282",
"202504","85177950","光通信设备的激光收发模块","126","阿曼","10","一般贸易","44","广东省","103","千克","0","?","58,463",
"202504","85177950","光通信设备的激光收发模块","127","巴基斯坦","10","一般贸易","32","江苏省","7","千克","0","?","245",
"202504","85177950","光通信设备的激光收发模块","127","巴基斯坦","10","一般贸易","33","浙江省","111","千克","0","?","21,684",
"202504","85177950","光通信设备的激光收发模块","127","巴基斯坦","10","一般贸易","42","湖北省","2","千克","0","?","16,717",
"202504","85177950","光通信设备的激光收发模块","127","巴基斯坦","10","一般贸易","44","广东省","149","千克","0","?","94,314",
"202504","85177950","光通信设备的激光收发模块","127","巴基斯坦","10","一般贸易","65","新疆维吾尔自治区","476","千克","0","?","3,828",
"202504","85177950","光通信设备的激光收发模块","127","巴基斯坦","34","海关特殊监管区域物流货物","32","江苏省","9","千克","0","?","1,319",
"202504","85177950","光通信设备的激光收发模块","129","菲律宾","10","一般贸易","31","上海市","10","千克","0","?","480,615",
"202504","85177950","光通信设备的激光收发模块","129","菲律宾","10","一般贸易","32","江苏省","60","千克","0","?","36,434",
"202504","85177950","光通信设备的激光收发模块","129","菲律宾","10","一般贸易","33","浙江省","15","千克","0","?","8,957",
"202504","85177950","光通信设备的激光收发模块","129","菲律宾","10","一般贸易","35","福建省","5","千克","0","?","5,652",
"202504","85177950","光通信设备的激光收发模块","129","菲律宾","10","一般贸易","42","湖北省","292","千克","0","?","912,070",
"202504","85177950","光通信设备的激光收发模块","129","菲律宾","10","一般贸易","44","广东省","179","千克","0","?","217,305",
"202504","85177950","光通信设备的激光收发模块","129","菲律宾","10","一般贸易","50","重庆市","0","千克","0","?","19",
"202504","85177950","光通信设备的激光收发模块","129","菲律宾","15","进料加工贸易","44","广东省","0","千克","0","?","315",
"202504","85177950","光通信设备的激光收发模块","129","菲律宾","34","海关特殊监管区域物流货物","32","江苏省","2","千克","0","?","803",
"202504","85177950","光通信设备的激光收发模块","130","卡塔尔","10","一般贸易","31","上海市","4","千克","0","?","1,760",
"202504","85177950","光通信设备的激光收发模块","130","卡塔尔","10","一般贸易","33","浙江省","0","千克","0","?","224",
"202504","85177950","光通信设备的激光收发模块","130","卡塔尔","10","一般贸易","37","山东省","0","千克","0","?","103",
"202504","85177950","光通信设备的激光收发模块","130","卡塔尔","10","一般贸易","44","广东省","1","千克","0","?","757",
"202504","85177950","光通信设备的激光收发模块","130","卡塔尔","33","保税监管场所进出境货物","44","广东省","2","千克","0","?","1,627",
"202504","85177950","光通信设备的激光收发模块","131","沙特阿拉伯","10","一般贸易","11","北京市","6","千克","0","?","13,015",
"202504","85177950","光通信设备的激光收发模块","131","沙特阿拉伯","10","一般贸易","31","上海市","20","千克","0","?","207",
"202504","85177950","光通信设备的激光收发模块","131","沙特阿拉伯","10","一般贸易","33","浙江省","53","千克","0","?","21,995",
"202504","85177950","光通信设备的激光收发模块","131","沙特阿拉伯","10","一般贸易","35","福建省","3","千克","0","?","2,790",
"202504","85177950","光通信设备的激光收发模块","131","沙特阿拉伯","10","一般贸易","36","江西省","1","千克","0","?","282",
"202504","85177950","光通信设备的激光收发模块","131","沙特阿拉伯","10","一般贸易","37","山东省","2","千克","0","?","387",
"202504","85177950","光通信设备的激光收发模块","131","沙特阿拉伯","10","一般贸易","44","广东省","19","千克","0","?","18,710",
"202504","85177950","光通信设备的激光收发模块","131","沙特阿拉伯","10","一般贸易","52","贵州省","65","千克","0","?","16,308",
"202504","85177950","光通信设备的激光收发模块","131","沙特阿拉伯","10","一般贸易","65","新疆维吾尔自治区","0","千克","0","?","7",
"202504","85177950","光通信设备的激光收发模块","131","沙特阿拉伯","34","海关特殊监管区域物流货物","32","江苏省","196","千克","0","?","53,885",
"202504","85177950","光通信设备的激光收发模块","132","新加坡","10","一般贸易","11","北京市","1","千克","0","?","30",
"202504","85177950","光通信设备的激光收发模块","132","新加坡","10","一般贸易","31","上海市","11","千克","0","?","20,465",
"202504","85177950","光通信设备的激光收发模块","132","新加坡","10","一般贸易","32","江苏省","674","千克","0","?","1,080,501",
"202504","85177950","光通信设备的激光收发模块","132","新加坡","10","一般贸易","33","浙江省","166","千克","0","?","206,229",
"202504","85177950","光通信设备的激光收发模块","132","新加坡","10","一般贸易","35","福建省","4","千克","0","?","4,050",
"202504","85177950","光通信设备的激光收发模块","132","新加坡","10","一般贸易","37","山东省","389","千克","0","?","65,309",
"202504","85177950","光通信设备的激光收发模块","132","新加坡","10","一般贸易","42","湖北省","1562","千克","0","?","1,910,691",
"202504","85177950","光通信设备的激光收发模块","132","新加坡","10","一般贸易","44","广东省","1975","千克","0","?","1,084,920",
"202504","85177950","光通信设备的激光收发模块","132","新加坡","10","一般贸易","50","重庆市","0","千克","0","?","5",
"202504","85177950","光通信设备的激光收发模块","132","新加坡","10","一般贸易","51","四川省","447","千克","0","?","1,478,500",
"202504","85177950","光通信设备的激光收发模块","132","新加坡","10","一般贸易","52","贵州省","56","千克","0","?","25,817",
"202504","85177950","光通信设备的激光收发模块","132","新加坡","10","一般贸易","65","新疆维吾尔自治区","3","千克","0","?","2,244",
"202504","85177950","光通信设备的激光收发模块","132","新加坡","15","进料加工贸易","32","江苏省","8272","千克","0","?","2,425,731",
"202504","85177950","光通信设备的激光收发模块","132","新加坡","15","进料加工贸易","33","浙江省","828","千克","0","?","778,344",
"202504","85177950","光通信设备的激光收发模块","132","新加坡","15","进料加工贸易","35","福建省","0","千克","0","?","976",
"202504","85177950","光通信设备的激光收发模块","132","新加坡","15","进料加工贸易","44","广东省","1144","千克","0","?","3,210,252",
"202504","85177950","光通信设备的激光收发模块","132","新加坡","15","进料加工贸易","50","重庆市","0","千克","0","?","10",
"202504","85177950","光通信设备的激光收发模块","132","新加坡","33","保税监管场所进出境货物","11","北京市","0","千克","0","?","1,817",
"202504","85177950","光通信设备的激光收发模块","132","新加坡","33","保税监管场所进出境货物","31","上海市","0","千克","0","?","463",
"202504","85177950","光通信设备的激光收发模块","132","新加坡","33","保税监管场所进出境货物","44","广东省","4","千克","0","?","1,168",
"202504","85177950","光通信设备的激光收发模块","132","新加坡","34","海关特殊监管区域物流货物","32","江苏省","777","千克","0","?","250,086",
"202504","85177950","光通信设备的激光收发模块","132","新加坡","34","海关特殊监管区域物流货物","42","湖北省","45","千克","0","?","46,676",
"202504","85177950","光通信设备的激光收发模块","132","新加坡","39","其他","42","湖北省","4","千克","0","?","4,475",
"202504","85177950","光通信设备的激光收发模块","133","韩国","10","一般贸易","12","天津市","16","千克","0","?","712",
"202504","85177950","光通信设备的激光收发模块","133","韩国","10","一般贸易","21","辽宁省","8","千克","0","?","3,832",
"202504","85177950","光通信设备的激光收发模块","133","韩国","10","一般贸易","31","上海市","0","千克","0","?","371",
"202504","85177950","光通信设备的激光收发模块","133","韩国","10","一般贸易","32","江苏省","24","千克","0","?","29,441",
"202504","85177950","光通信设备的激光收发模块","133","韩国","10","一般贸易","33","浙江省","131","千克","0","?","97,000",
"202504","85177950","光通信设备的激光收发模块","133","韩国","10","一般贸易","35","福建省","0","千克","0","?","104",
"202504","85177950","光通信设备的激光收发模块","133","韩国","10","一般贸易","37","山东省","133","千克","0","?","61,182",
"202504","85177950","光通信设备的激光收发模块","133","韩国","10","一般贸易","41","河南省","37","千克","0","?","49,565",
"202504","85177950","光通信设备的激光收发模块","133","韩国","10","一般贸易","42","湖北省","448","千克","0","?","308,127",
"202504","85177950","光通信设备的激光收发模块","133","韩国","10","一般贸易","44","广东省","2290","千克","0","?","1,022,538",
"202504","85177950","光通信设备的激光收发模块","133","韩国","10","一般贸易","51","四川省","764","千克","0","?","537,392",
"202504","85177950","光通信设备的激光收发模块","133","韩国","15","进料加工贸易","32","江苏省","34","千克","0","?","47,661",
"202504","85177950","光通信设备的激光收发模块","133","韩国","15","进料加工贸易","35","福建省","27","千克","0","?","152,002",
"202504","85177950","光通信设备的激光收发模块","133","韩国","15","进料加工贸易","44","广东省","2","千克","0","?","8,628",
"202504","85177950","光通信设备的激光收发模块","133","韩国","15","进料加工贸易","51","四川省","54","千克","0","?","44,314",
"202504","85177950","光通信设备的激光收发模块","133","韩国","33","保税监管场所进出境货物","44","广东省","2","千克","0","?","600",
"202504","85177950","光通信设备的激光收发模块","133","韩国","34","海关特殊监管区域物流货物","32","江苏省","73","千克","0","?","124,394",
"202504","85177950","光通信设备的激光收发模块","133","韩国","39","其他","32","江苏省","0","千克","0","?","250",
"202504","85177950","光通信设备的激光收发模块","134","斯里兰卡","10","一般贸易","33","浙江省","0","千克","0","?","91",
"202504","85177950","光通信设备的激光收发模块","134","斯里兰卡","10","一般贸易","35","福建省","1","千克","0","?","857",
"202504","85177950","光通信设备的激光收发模块","134","斯里兰卡","10","一般贸易","44","广东省","26","千克","0","?","137,053",
"202504","85177950","光通信设备的激光收发模块","136","泰国","10","一般贸易","11","北京市","0","千克","0","?","1,611",
"202504","85177950","光通信设备的激光收发模块","136","泰国","10","一般贸易","13","河北省","0","千克","0","?","700",
"202504","85177950","光通信设备的激光收发模块","136","泰国","10","一般贸易","31","上海市","1344","千克","0","?","3,622,830",
"202504","85177950","光通信设备的激光收发模块","136","泰国","10","一般贸易","32","江苏省","1444","千克","0","?","1,898,139",
"202504","85177950","光通信设备的激光收发模块","136","泰国","10","一般贸易","33","浙江省","34","千克","0","?","77,541",
"202504","85177950","光通信设备的激光收发模块","136","泰国","10","一般贸易","35","福建省","11","千克","0","?","16,069",
"202504","85177950","光通信设备的激光收发模块","136","泰国","10","一般贸易","37","山东省","62","千克","0","?","288,146",
"202504","85177950","光通信设备的激光收发模块","136","泰国","10","一般贸易","42","湖北省","3688","千克","0","?","2,047,001",
"202504","85177950","光通信设备的激光收发模块","136","泰国","10","一般贸易","44","广东省","1214","千克","0","?","632,950",
"202504","85177950","光通信设备的激光收发模块","136","泰国","10","一般贸易","46","海南省","4","千克","0","?","4,560",
"202504","85177950","光通信设备的激光收发模块","136","泰国","10","一般贸易","51","四川省","32110","千克","0","?","63,194,019",
"202504","85177950","光通信设备的激光收发模块","136","泰国","10","一般贸易","52","贵州省","53","千克","0","?","40,852",
"202504","85177950","光通信设备的激光收发模块","136","泰国","10","一般贸易","53","云南省","0","千克","0","?","20",
"202504","85177950","光通信设备的激光收发模块","136","泰国","10","一般贸易","65","新疆维吾尔自治区","0","千克","0","?","10",
"202504","85177950","光通信设备的激光收发模块","136","泰国","15","进料加工贸易","32","江苏省","172","千克","0","?","4,586,868",
"202504","85177950","光通信设备的激光收发模块","136","泰国","15","进料加工贸易","35","福建省","0","千克","0","?","1,090",
"202504","85177950","光通信设备的激光收发模块","136","泰国","15","进料加工贸易","44","广东省","2","千克","0","?","628",
"202504","85177950","光通信设备的激光收发模块","136","泰国","15","进料加工贸易","51","四川省","2","千克","0","?","27,200",
"202504","85177950","光通信设备的激光收发模块","136","泰国","33","保税监管场所进出境货物","35","福建省","341","千克","0","?","2,234,649",
"202504","85177950","光通信设备的激光收发模块","136","泰国","33","保税监管场所进出境货物","44","广东省","25","千克","0","?","4,367",
"202504","85177950","光通信设备的激光收发模块","136","泰国","34","海关特殊监管区域物流货物","32","江苏省","470","千克","0","?","105,385",
"202504","85177950","光通信设备的激光收发模块","136","泰国","34","海关特殊监管区域物流货物","35","福建省","4","千克","0","?","10,622",
"202504","85177950","光通信设备的激光收发模块","136","泰国","39","其他","32","江苏省","0","千克","0","?","150",
"202504","85177950","光通信设备的激光收发模块","136","泰国","39","其他","42","湖北省","11","千克","0","?","22,280",
"202504","85177950","光通信设备的激光收发模块","137","土耳其","10","一般贸易","31","上海市","11","千克","0","?","5,370",
"202504","85177950","光通信设备的激光收发模块","137","土耳其","10","一般贸易","32","江苏省","2","千克","0","?","1,920",
"202504","85177950","光通信设备的激光收发模块","137","土耳其","10","一般贸易","33","浙江省","21","千克","0","?","16,126",
"202504","85177950","光通信设备的激光收发模块","137","土耳其","10","一般贸易","35","福建省","5","千克","0","?","6,005",
"202504","85177950","光通信设备的激光收发模块","137","土耳其","10","一般贸易","37","山东省","101","千克","0","?","2,435",
"202504","85177950","光通信设备的激光收发模块","137","土耳其","10","一般贸易","41","河南省","17","千克","0","?","63,840",
"202504","85177950","光通信设备的激光收发模块","137","土耳其","10","一般贸易","44","广东省","384","千克","0","?","691,886",
"202504","85177950","光通信设备的激光收发模块","137","土耳其","10","一般贸易","52","贵州省","7","千克","0","?","900",
"202504","85177950","光通信设备的激光收发模块","137","土耳其","33","保税监管场所进出境货物","44","广东省","155","千克","0","?","62,939",
"202504","85177950","光通信设备的激光收发模块","137","土耳其","34","海关特殊监管区域物流货物","32","江苏省","0","千克","0","?","127",
"202504","85177950","光通信设备的激光收发模块","137","土耳其","34","海关特殊监管区域物流货物","35","福建省","5","千克","0","?","4,923",
"202504","85177950","光通信设备的激光收发模块","138","阿联酋","10","一般贸易","31","上海市","65","千克","0","?","2,716",
"202504","85177950","光通信设备的激光收发模块","138","阿联酋","10","一般贸易","32","江苏省","383","千克","0","?","7,380",
"202504","85177950","光通信设备的激光收发模块","138","阿联酋","10","一般贸易","33","浙江省","317","千克","0","?","36,228",
"202504","85177950","光通信设备的激光收发模块","138","阿联酋","10","一般贸易","35","福建省","1","千克","0","?","600",
"202504","85177950","光通信设备的激光收发模块","138","阿联酋","10","一般贸易","37","山东省","405","千克","0","?","9,987",
"202504","85177950","光通信设备的激光收发模块","138","阿联酋","10","一般贸易","42","湖北省","621","千克","0","?","23,309",
"202504","85177950","光通信设备的激光收发模块","138","阿联酋","10","一般贸易","44","广东省","1679","千克","0","?","1,030,620",
"202504","85177950","光通信设备的激光收发模块","138","阿联酋","10","一般贸易","51","四川省","455","千克","0","?","9,130",
"202504","85177950","光通信设备的激光收发模块","138","阿联酋","10","一般贸易","65","新疆维吾尔自治区","24","千克","0","?","398",
"202504","85177950","光通信设备的激光收发模块","138","阿联酋","15","进料加工贸易","44","广东省","3","千克","0","?","7,576",
"202504","85177950","光通信设备的激光收发模块","138","阿联酋","15","进料加工贸易","51","四川省","20","千克","0","?","3,814",
"202504","85177950","光通信设备的激光收发模块","138","阿联酋","34","海关特殊监管区域物流货物","32","江苏省","33","千克","0","?","14,245",
"202504","85177950","光通信设备的激光收发模块","138","阿联酋","34","海关特殊监管区域物流货物","35","福建省","10","千克","0","?","8,095",
"202504","85177950","光通信设备的激光收发模块","139","也门","10","一般贸易","44","广东省","0","千克","0","?","739",
"202504","85177950","光通信设备的激光收发模块","141","越南","10","一般贸易","11","北京市","8","千克","0","?","7,168",
"202504","85177950","光通信设备的激光收发模块","141","越南","10","一般贸易","31","上海市","1129","千克","0","?","457,048",
"202504","85177950","光通信设备的激光收发模块","141","越南","10","一般贸易","32","江苏省","601","千克","0","?","116,944",
"202504","85177950","光通信设备的激光收发模块","141","越南","10","一般贸易","33","浙江省","564","千克","0","?","45,371",
"202504","85177950","光通信设备的激光收发模块","141","越南","10","一般贸易","34","安徽省","0","千克","0","?","294",
"202504","85177950","光通信设备的激光收发模块","141","越南","10","一般贸易","35","福建省","37","千克","0","?","16,574",
"202504","85177950","光通信设备的激光收发模块","141","越南","10","一般贸易","37","山东省","3","千克","0","?","56",
"202504","85177950","光通信设备的激光收发模块","141","越南","10","一般贸易","42","湖北省","463","千克","0","?","77,144",
"202504","85177950","光通信设备的激光收发模块","141","越南","10","一般贸易","43","湖南省","2","千克","0","?","1,075",
"202504","85177950","光通信设备的激光收发模块","141","越南","10","一般贸易","44","广东省","677","千克","0","?","694,713",
"202504","85177950","光通信设备的激光收发模块","141","越南","10","一般贸易","50","重庆市","0","千克","0","?","17",
"202504","85177950","光通信设备的激光收发模块","141","越南","10","一般贸易","51","四川省","344","千克","0","?","380,191",
"202504","85177950","光通信设备的激光收发模块","141","越南","10","一般贸易","52","贵州省","1","千克","0","?","720",
"202504","85177950","光通信设备的激光收发模块","141","越南","10","一般贸易","61","陕西省","2","千克","0","?","795",
"202504","85177950","光通信设备的激光收发模块","141","越南","15","进料加工贸易","32","江苏省","7","千克","0","?","4,502",
"202504","85177950","光通信设备的激光收发模块","141","越南","15","进料加工贸易","44","广东省","1","千克","0","?","2,737",
"202504","85177950","光通信设备的激光收发模块","141","越南","15","进料加工贸易","51","四川省","234","千克","0","?","392,405",
"202504","85177950","光通信设备的激光收发模块","141","越南","19","边境小额贸易","45","广西壮族自治区","25","千克","0","?","36,181",
"202504","85177950","光通信设备的激光收发模块","141","越南","33","保税监管场所进出境货物","44","广东省","90","千克","0","?","18,481",
"202504","85177950","光通信设备的激光收发模块","141","越南","34","海关特殊监管区域物流货物","32","江苏省","68","千克","0","?","55,716",
"202504","85177950","光通信设备的激光收发模块","141","越南","34","海关特殊监管区域物流货物","35","福建省","7","千克","0","?","9,590",
"202504","85177950","光通信设备的激光收发模块","141","越南","34","海关特殊监管区域物流货物","45","广西壮族自治区","650","千克","0","?","432,524",
"202504","85177950","光通信设备的激光收发模块","141","越南","39","其他","44","广东省","18","千克","0","?","16,461",
"202504","85177950","光通信设备的激光收发模块","143","中国台湾","10","一般贸易","13","河北省","109","千克","0","?","19,779",
"202504","85177950","光通信设备的激光收发模块","143","中国台湾","10","一般贸易","31","上海市","73","千克","0","?","24,212",
"202504","85177950","光通信设备的激光收发模块","143","中国台湾","10","一般贸易","32","江苏省","482","千克","0","?","629,431",
"202504","85177950","光通信设备的激光收发模块","143","中国台湾","10","一般贸易","33","浙江省","1547","千克","0","?","2,437,660",
"202504","85177950","光通信设备的激光收发模块","143","中国台湾","10","一般贸易","34","安徽省","525","千克","0","?","1,991,550",
"202504","85177950","光通信设备的激光收发模块","143","中国台湾","10","一般贸易","37","山东省","951","千克","0","?","299,934",
"202504","85177950","光通信设备的激光收发模块","143","中国台湾","10","一般贸易","42","湖北省","271","千克","0","?","107,192",
"202504","85177950","光通信设备的激光收发模块","143","中国台湾","10","一般贸易","43","湖南省","59","千克","0","?","34,981",
"202504","85177950","光通信设备的激光收发模块","143","中国台湾","10","一般贸易","44","广东省","7507","千克","0","?","5,858,622",
"202504","85177950","光通信设备的激光收发模块","143","中国台湾","10","一般贸易","51","四川省","10","千克","0","?","12,479",
"202504","85177950","光通信设备的激光收发模块","143","中国台湾","15","进料加工贸易","32","江苏省","87","千克","0","?","34,478",
"202504","85177950","光通信设备的激光收发模块","143","中国台湾","15","进料加工贸易","33","浙江省","3415","千克","0","?","3,793,727",
"202504","85177950","光通信设备的激光收发模块","143","中国台湾","15","进料加工贸易","35","福建省","8","千克","0","?","80,414",
"202504","85177950","光通信设备的激光收发模块","143","中国台湾","15","进料加工贸易","44","广东省","2","千克","0","?","2,694",
"202504","85177950","光通信设备的激光收发模块","143","中国台湾","15","进料加工贸易","51","四川省","6222","千克","0","?","5,969,394",
"202504","85177950","光通信设备的激光收发模块","143","中国台湾","33","保税监管场所进出境货物","44","广东省","2","千克","0","?","289",
"202504","85177950","光通信设备的激光收发模块","143","中国台湾","34","海关特殊监管区域物流货物","32","江苏省","39","千克","0","?","22,314",
"202504","85177950","光通信设备的激光收发模块","145","哈萨克斯坦","10","一般贸易","31","上海市","39","千克","0","?","34,751",
"202504","85177950","光通信设备的激光收发模块","145","哈萨克斯坦","10","一般贸易","33","浙江省","69","千克","0","?","42,387",
"202504","85177950","光通信设备的激光收发模块","145","哈萨克斯坦","10","一般贸易","35","福建省","0","千克","0","?","175",
"202504","85177950","光通信设备的激光收发模块","145","哈萨克斯坦","10","一般贸易","44","广东省","278","千克","0","?","676,953",
"202504","85177950","光通信设备的激光收发模块","145","哈萨克斯坦","10","一般贸易","51","四川省","12","千克","0","?","1,358",
"202504","85177950","光通信设备的激光收发模块","145","哈萨克斯坦","34","海关特殊监管区域物流货物","13","河北省","8","千克","0","?","1,794",
"202504","85177950","光通信设备的激光收发模块","146","吉尔吉斯斯坦","10","一般贸易","42","湖北省","60","千克","0","?","7,393",
"202504","85177950","光通信设备的激光收发模块","146","吉尔吉斯斯坦","10","一般贸易","44","广东省","2","千克","0","?","20",
"202504","85177950","光通信设备的激光收发模块","147","塔吉克斯坦","10","一般贸易","33","浙江省","1","千克","0","?","238",
"202504","85177950","光通信设备的激光收发模块","147","塔吉克斯坦","10","一般贸易","37","山东省","18","千克","0","?","14,812",
"202504","85177950","光通信设备的激光收发模块","147","塔吉克斯坦","10","一般贸易","44","广东省","4","千克","0","?","17,656",
"202504","85177950","光通信设备的激光收发模块","147","塔吉克斯坦","34","海关特殊监管区域物流货物","32","江苏省","9","千克","0","?","2,061",
"202504","85177950","光通信设备的激光收发模块","148","土库曼斯坦","10","一般贸易","33","浙江省","7","千克","0","?","2,476",
"202504","85177950","光通信设备的激光收发模块","148","土库曼斯坦","10","一般贸易","44","广东省","0","千克","0","?","778",
"202504","85177950","光通信设备的激光收发模块","149","乌兹别克斯坦","10","一般贸易","31","上海市","1","千克","0","?","865",
"202504","85177950","光通信设备的激光收发模块","149","乌兹别克斯坦","10","一般贸易","32","江苏省","7","千克","0","?","936",
"202504","85177950","光通信设备的激光收发模块","149","乌兹别克斯坦","10","一般贸易","33","浙江省","8","千克","0","?","6,389",
"202504","85177950","光通信设备的激光收发模块","149","乌兹别克斯坦","10","一般贸易","35","福建省","0","千克","0","?","545",
"202504","85177950","光通信设备的激光收发模块","149","乌兹别克斯坦","10","一般贸易","44","广东省","107","千克","0","?","24,819",
"202504","85177950","光通信设备的激光收发模块","149","乌兹别克斯坦","34","海关特殊监管区域物流货物","44","广东省","7","千克","0","?","1,412",
"202504","85177950","光通信设备的激光收发模块","149","乌兹别克斯坦","34","海关特殊监管区域物流货物","61","陕西省","3","千克","0","?","1,320",
"202504","85177950","光通信设备的激光收发模块","150","格鲁吉亚","10","一般贸易","31","上海市","3","千克","0","?","18,075",
"202504","85177950","光通信设备的激光收发模块","150","格鲁吉亚","10","一般贸易","33","浙江省","0","千克","0","?","152",
"202504","85177950","光通信设备的激光收发模块","150","格鲁吉亚","10","一般贸易","44","广东省","222","千克","0","?","49,658",
"202504","85177950","光通信设备的激光收发模块","151","亚美尼亚","10","一般贸易","33","浙江省","12","千克","0","?","12,431",
"202504","85177950","光通信设备的激光收发模块","151","亚美尼亚","10","一般贸易","44","广东省","14","千克","0","?","3,506",
"202504","85177950","光通信设备的激光收发模块","152","阿塞拜疆","10","一般贸易","31","上海市","28","千克","0","?","3,900",
"202504","85177950","光通信设备的激光收发模块","152","阿塞拜疆","10","一般贸易","42","湖北省","1","千克","0","?","2,363",
"202504","85177950","光通信设备的激光收发模块","152","阿塞拜疆","10","一般贸易","44","广东省","7","千克","0","?","2,636",
"202504","85177950","光通信设备的激光收发模块","201","阿尔及利亚","10","一般贸易","44","广东省","137","千克","0","?","29,708",
"202504","85177950","光通信设备的激光收发模块","201","阿尔及利亚","22","对外承包工程出口货物","11","北京市","1","千克","0","?","2,423",
"202504","85177950","光通信设备的激光收发模块","201","阿尔及利亚","34","海关特殊监管区域物流货物","32","江苏省","5","千克","0","?","2,248",
"202504","85177950","光通信设备的激光收发模块","202","安哥拉","22","对外承包工程出口货物","11","北京市","2","千克","0","?","10,869",
"202504","85177950","光通信设备的激光收发模块","203","贝宁","10","一般贸易","44","广东省","46","千克","0","?","23,187",
"202504","85177950","光通信设备的激光收发模块","204","博茨瓦纳","10","一般贸易","44","广东省","0","千克","0","?","26",
"202504","85177950","光通信设备的激光收发模块","206","喀麦隆","10","一般贸易","44","广东省","15","千克","0","?","11,129",
"202504","85177950","光通信设备的激光收发模块","209","中非","10","一般贸易","44","广东省","9","千克","0","?","1,532",
"202504","85177950","光通信设备的激光收发模块","211","乍得","10","一般贸易","44","广东省","11","千克","0","?","1,823",
"202504","85177950","光通信设备的激光收发模块","212","科摩罗","10","一般贸易","44","广东省","41","千克","0","?","10,817",
"202504","85177950","光通信设备的激光收发模块","213","刚果共和国","10","一般贸易","33","浙江省","0","千克","0","?","82",
"202504","85177950","光通信设备的激光收发模块","215","埃及","10","一般贸易","32","江苏省","0","千克","0","?","179",
"202504","85177950","光通信设备的激光收发模块","215","埃及","10","一般贸易","33","浙江省","1","千克","0","?","948",
"202504","85177950","光通信设备的激光收发模块","215","埃及","10","一般贸易","35","福建省","2","千克","0","?","3,850",
"202504","85177950","光通信设备的激光收发模块","215","埃及","10","一般贸易","44","广东省","441","千克","0","?","183,295",
"202504","85177950","光通信设备的激光收发模块","215","埃及","39","其他","44","广东省","1","千克","0","?","2,642",
"202504","85177950","光通信设备的激光收发模块","217","埃塞俄比亚","10","一般贸易","44","广东省","293","千克","0","?","61,770",
"202504","85177950","光通信设备的激光收发模块","217","埃塞俄比亚","22","对外承包工程出口货物","32","江苏省","11","千克","0","?","5,264",
"202504","85177950","光通信设备的激光收发模块","218","加蓬","10","一般贸易","44","广东省","2","千克","0","?","1,086",
"202504","85177950","光通信设备的激光收发模块","220","加纳","10","一般贸易","36","江西省","1","千克","0","?","250",
"202504","85177950","光通信设备的激光收发模块","220","加纳","10","一般贸易","44","广东省","10","千克","0","?","1,442",
"202504","85177950","光通信设备的激光收发模块","221","几内亚","10","一般贸易","11","北京市","31","千克","0","?","70,598",
"202504","85177950","光通信设备的激光收发模块","221","几内亚","10","一般贸易","31","上海市","9","千克","0","?","2,299",
"202504","85177950","光通信设备的激光收发模块","221","几内亚","10","一般贸易","37","山东省","7","千克","0","?","2,762",
"202504","85177950","光通信设备的激光收发模块","221","几内亚","10","一般贸易","44","广东省","0","千克","0","?","33",
"202504","85177950","光通信设备的激光收发模块","221","几内亚","10","一般贸易","51","四川省","19","千克","0","?","786",
"202504","85177950","光通信设备的激光收发模块","221","几内亚","22","对外承包工程出口货物","12","天津市","4526","千克","0","?","5,421,962",
"202504","85177950","光通信设备的激光收发模块","222","几内亚比绍","10","一般贸易","44","广东省","11","千克","0","?","1,878",
"202504","85177950","光通信设备的激光收发模块","223","科特迪瓦","10","一般贸易","44","广东省","358","千克","0","?","425,684",
"202504","85177950","光通信设备的激光收发模块","224","肯尼亚","10","一般贸易","11","北京市","30","千克","0","?","87",
"202504","85177950","光通信设备的激光收发模块","224","肯尼亚","10","一般贸易","31","上海市","8","千克","0","?","5,880",
"202504","85177950","光通信设备的激光收发模块","224","肯尼亚","10","一般贸易","32","江苏省","189","千克","0","?","12,517",
"202504","85177950","光通信设备的激光收发模块","224","肯尼亚","10","一般贸易","33","浙江省","1","千克","0","?","190",
"202504","85177950","光通信设备的激光收发模块","224","肯尼亚","10","一般贸易","37","山东省","12","千克","0","?","215",
"202504","85177950","光通信设备的激光收发模块","224","肯尼亚","10","一般贸易","42","湖北省","178","千克","0","?","3,489",
"202504","85177950","光通信设备的激光收发模块","224","肯尼亚","10","一般贸易","44","广东省","345","千克","0","?","41,112",
"202504","85177950","光通信设备的激光收发模块","224","肯尼亚","34","海关特殊监管区域物流货物","32","江苏省","273","千克","0","?","41,086",
"202504","85177950","光通信设备的激光收发模块","225","利比里亚","10","一般贸易","44","广东省","0","千克","0","?","1,798",
"202504","85177950","光通信设备的激光收发模块","226","利比亚","10","一般贸易","33","浙江省","2","千克","0","?","1,599",
"202504","85177950","光通信设备的激光收发模块","226","利比亚","10","一般贸易","44","广东省","87","千克","0","?","12,270",
"202504","85177950","光通信设备的激光收发模块","227","马达加斯加","10","一般贸易","44","广东省","6","千克","0","?","10,740",
"202504","85177950","光通信设备的激光收发模块","228","马拉维","10","一般贸易","44","广东省","8","千克","0","?","2,094",
"202504","85177950","光通信设备的激光收发模块","229","马里","10","一般贸易","44","广东省","45","千克","0","?","22,608",
"202504","85177950","光通信设备的激光收发模块","230","毛里塔尼亚","10","一般贸易","44","广东省","20","千克","0","?","5,182",
"202504","85177950","光通信设备的激光收发模块","231","毛里求斯","10","一般贸易","33","浙江省","0","千克","0","?","100",
"202504","85177950","光通信设备的激光收发模块","231","毛里求斯","10","一般贸易","44","广东省","1","千克","0","?","2,613",
"202504","85177950","光通信设备的激光收发模块","232","摩洛哥","10","一般贸易","33","浙江省","3","千克","0","?","17,064",
"202504","85177950","光通信设备的激光收发模块","232","摩洛哥","10","一般贸易","44","广东省","101","千克","0","?","26,631",
"202504","85177950","光通信设备的激光收发模块","232","摩洛哥","15","进料加工贸易","44","广东省","0","千克","0","?","270",
"202504","85177950","光通信设备的激光收发模块","233","莫桑比克","10","一般贸易","44","广东省","5","千克","0","?","1,274",
"202504","85177950","光通信设备的激光收发模块","234","纳米比亚","10","一般贸易","44","广东省","1","千克","0","?","3,107",
"202504","85177950","光通信设备的激光收发模块","236","尼日利亚","10","一般贸易","32","江苏省","351","千克","0","?","6,880",
"202504","85177950","光通信设备的激光收发模块","236","尼日利亚","10","一般贸易","33","浙江省","731","千克","0","?","16,359",
"202504","85177950","光通信设备的激光收发模块","236","尼日利亚","10","一般贸易","35","福建省","0","千克","0","?","88",
"202504","85177950","光通信设备的激光收发模块","236","尼日利亚","10","一般贸易","37","山东省","552","千克","0","?","9,097",
"202504","85177950","光通信设备的激光收发模块","236","尼日利亚","10","一般贸易","42","湖北省","94","千克","0","?","2,200",
"202504","85177950","光通信设备的激光收发模块","236","尼日利亚","10","一般贸易","44","广东省","133","千克","0","?","287,560",
"202504","85177950","光通信设备的激光收发模块","236","尼日利亚","10","一般贸易","51","四川省","384","千克","0","?","12,787",
"202504","85177950","光通信设备的激光收发模块","237","留尼汪","10","一般贸易","32","江苏省","2","千克","0","?","912",
"202504","85177950","光通信设备的激光收发模块","237","留尼汪","10","一般贸易","33","浙江省","0","千克","0","?","173",
"202504","85177950","光通信设备的激光收发模块","237","留尼汪","10","一般贸易","44","广东省","8","千克","0","?","11,618",
"202504","85177950","光通信设备的激光收发模块","240","塞内加尔","10","一般贸易","32","江苏省","656","千克","0","?","14,158",
"202504","85177950","光通信设备的激光收发模块","240","塞内加尔","10","一般贸易","33","浙江省","0","千克","0","?","79",
"202504","85177950","光通信设备的激光收发模块","240","塞内加尔","10","一般贸易","37","山东省","560","千克","0","?","11,674",
"202504","85177950","光通信设备的激光收发模块","240","塞内加尔","10","一般贸易","44","广东省","30","千克","0","?","14,770",
"202504","85177950","光通信设备的激光收发模块","241","塞舌尔","10","一般贸易","44","广东省","2","千克","0","?","3,854",
"202504","85177950","光通信设备的激光收发模块","242","塞拉利昂","10","一般贸易","44","广东省","12","千克","0","?","5,563",
"202504","85177950","光通信设备的激光收发模块","243","索马里","10","一般贸易","31","上海市","1","千克","0","?","841",
"202504","85177950","光通信设备的激光收发模块","244","南非","10","一般贸易","31","上海市","23","千克","0","?","11,460",
"202504","85177950","光通信设备的激光收发模块","244","南非","10","一般贸易","33","浙江省","6","千克","0","?","4,055",
"202504","85177950","光通信设备的激光收发模块","244","南非","10","一般贸易","35","福建省","0","千克","0","?","88",
"202504","85177950","光通信设备的激光收发模块","244","南非","10","一般贸易","42","湖北省","6","千克","0","?","670",
"202504","85177950","光通信设备的激光收发模块","244","南非","10","一般贸易","44","广东省","313","千克","0","?","305,258",
"202504","85177950","光通信设备的激光收发模块","244","南非","10","一般贸易","52","贵州省","71","千克","0","?","18,362",
"202504","85177950","光通信设备的激光收发模块","244","南非","10","一般贸易","65","新疆维吾尔自治区","0","千克","0","?","15",
"202504","85177950","光通信设备的激光收发模块","244","南非","15","进料加工贸易","44","广东省","0","千克","0","?","210",
"202504","85177950","光通信设备的激光收发模块","244","南非","33","保税监管场所进出境货物","44","广东省","10","千克","0","?","10,896",
"202504","85177950","光通信设备的激光收发模块","244","南非","34","海关特殊监管区域物流货物","32","江苏省","0","千克","0","?","457",
"202504","85177950","光通信设备的激光收发模块","246","苏丹","10","一般贸易","44","广东省","213","千克","0","?","72,188",
"202504","85177950","光通信设备的激光收发模块","247","坦桑尼亚","10","一般贸易","33","浙江省","131","千克","0","?","27,343",
"202504","85177950","光通信设备的激光收发模块","247","坦桑尼亚","10","一般贸易","37","山东省","28","千克","0","?","527",
"202504","85177950","光通信设备的激光收发模块","247","坦桑尼亚","10","一般贸易","44","广东省","17","千克","0","?","4,067",
"202504","85177950","光通信设备的激光收发模块","247","坦桑尼亚","10","一般贸易","61","陕西省","14","千克","0","?","1,083",
"202504","85177950","光通信设备的激光收发模块","248","多哥","10","一般贸易","44","广东省","3","千克","0","?","921",
"202504","85177950","光通信设备的激光收发模块","250","乌干达","10","一般贸易","44","广东省","76","千克","0","?","32,373",
"202504","85177950","光通信设备的激光收发模块","251","布基纳法索","10","一般贸易","44","广东省","21","千克","0","?","11,759",
"202504","85177950","光通信设备的激光收发模块","252","刚果民主共和国","10","一般贸易","33","浙江省","1","千克","0","?","750",
"202504","85177950","光通信设备的激光收发模块","252","刚果民主共和国","10","一般贸易","43","湖南省","6","千克","0","?","718",
"202504","85177950","光通信设备的激光收发模块","252","刚果民主共和国","10","一般贸易","44","广东省","73","千克","0","?","21,699",
"202504","85177950","光通信设备的激光收发模块","253","赞比亚","10","一般贸易","37","山东省","186","千克","0","?","3,832",
"202504","85177950","光通信设备的激光收发模块","253","赞比亚","10","一般贸易","44","广东省","10","千克","0","?","2,155",
"202504","85177950","光通信设备的激光收发模块","254","津巴布韦","10","一般贸易","11","北京市","1","千克","0","?","637",
"202504","85177950","光通信设备的激光收发模块","254","津巴布韦","10","一般贸易","35","福建省","1","千克","0","?","1,014",
"202504","85177950","光通信设备的激光收发模块","254","津巴布韦","10","一般贸易","44","广东省","22","千克","0","?","22,179",
"202504","85177950","光通信设备的激光收发模块","255","莱索托","10","一般贸易","44","广东省","27","千克","0","?","7,441",
"202504","85177950","光通信设备的激光收发模块","257","斯威士兰","10","一般贸易","44","广东省","1","千克","0","?","609",
"202504","85177950","光通信设备的激光收发模块","260","南苏丹","10","一般贸易","44","广东省","0","千克","0","?","4,245",
"202504","85177950","光通信设备的激光收发模块","301","比利时","10","一般贸易","31","上海市","46","千克","0","?","134,113",
"202504","85177950","光通信设备的激光收发模块","301","比利时","10","一般贸易","32","江苏省","13","千克","0","?","44,480",
"202504","85177950","光通信设备的激光收发模块","301","比利时","10","一般贸易","34","安徽省","722","千克","0","?","97,801",
"202504","85177950","光通信设备的激光收发模块","301","比利时","10","一般贸易","37","山东省","3","千克","0","?","501",
"202504","85177950","光通信设备的激光收发模块","301","比利时","10","一般贸易","42","湖北省","109","千克","0","?","177,021",
"202504","85177950","光通信设备的激光收发模块","301","比利时","10","一般贸易","44","广东省","270","千克","0","?","108,780",
"202504","85177950","光通信设备的激光收发模块","301","比利时","10","一般贸易","51","四川省","26","千克","0","?","45,743",
"202504","85177950","光通信设备的激光收发模块","301","比利时","10","一般贸易","61","陕西省","2","千克","0","?","1,794",
"202504","85177950","光通信设备的激光收发模块","301","比利时","10","一般贸易","65","新疆维吾尔自治区","0","千克","0","?","6",
"202504","85177950","光通信设备的激光收发模块","301","比利时","15","进料加工贸易","32","江苏省","230","千克","0","?","114,509",
"202504","85177950","光通信设备的激光收发模块","302","丹麦","10","一般贸易","31","上海市","42","千克","0","?","42,784",
"202504","85177950","光通信设备的激光收发模块","302","丹麦","10","一般贸易","34","安徽省","25","千克","0","?","4,305",
"202504","85177950","光通信设备的激光收发模块","302","丹麦","10","一般贸易","42","湖北省","54","千克","0","?","62,900",
"202504","85177950","光通信设备的激光收发模块","302","丹麦","10","一般贸易","44","广东省","133","千克","0","?","109,435",
"202504","85177950","光通信设备的激光收发模块","302","丹麦","10","一般贸易","51","四川省","349","千克","0","?","176,935",
"202504","85177950","光通信设备的激光收发模块","302","丹麦","15","进料加工贸易","32","江苏省","1","千克","0","?","14,016",
"202504","85177950","光通信设备的激光收发模块","303","英国","10","一般贸易","31","上海市","73","千克","0","?","125,668",
"202504","85177950","光通信设备的激光收发模块","303","英国","10","一般贸易","32","江苏省","487","千克","0","?","211,652",
"202504","85177950","光通信设备的激光收发模块","303","英国","10","一般贸易","33","浙江省","0","千克","0","?","8",
"202504","85177950","光通信设备的激光收发模块","303","英国","10","一般贸易","37","山东省","7","千克","0","?","1,691",
"202504","85177950","光通信设备的激光收发模块","303","英国","10","一般贸易","42","湖北省","1314","千克","0","?","1,445,177",
"202504","85177950","光通信设备的激光收发模块","303","英国","10","一般贸易","44","广东省","2094","千克","0","?","1,075,967",
"202504","85177950","光通信设备的激光收发模块","303","英国","10","一般贸易","51","四川省","158","千克","0","?","65,640",
"202504","85177950","光通信设备的激光收发模块","303","英国","10","一般贸易","65","新疆维吾尔自治区","1","千克","0","?","9",
"202504","85177950","光通信设备的激光收发模块","303","英国","15","进料加工贸易","32","江苏省","57","千克","0","?","20,029",
"202504","85177950","光通信设备的激光收发模块","303","英国","15","进料加工贸易","44","广东省","0","千克","0","?","2,867",
"202504","85177950","光通信设备的激光收发模块","303","英国","15","进料加工贸易","51","四川省","71","千克","0","?","158,472",
"202504","85177950","光通信设备的激光收发模块","303","英国","34","海关特殊监管区域物流货物","32","江苏省","3","千克","0","?","11,064",
"202504","85177950","光通信设备的激光收发模块","303","英国","34","海关特殊监管区域物流货物","44","广东省","38","千克","0","?","22,193",
"202504","85177950","光通信设备的激光收发模块","304","德国","10","一般贸易","11","北京市","32","千克","0","?","10,336",
"202504","85177950","光通信设备的激光收发模块","304","德国","10","一般贸易","12","天津市","0","千克","0","?","27",
"202504","85177950","光通信设备的激光收发模块","304","德国","10","一般贸易","31","上海市","6","千克","0","?","9,230",
"202504","85177950","光通信设备的激光收发模块","304","德国","10","一般贸易","32","江苏省","211","千克","0","?","323,503",
"202504","85177950","光通信设备的激光收发模块","304","德国","10","一般贸易","33","浙江省","44","千克","0","?","64,054",
"202504","85177950","光通信设备的激光收发模块","304","德国","10","一般贸易","34","安徽省","6","千克","0","?","4,530",
"202504","85177950","光通信设备的激光收发模块","304","德国","10","一般贸易","35","福建省","0","千克","0","?","382",
"202504","85177950","光通信设备的激光收发模块","304","德国","10","一般贸易","37","山东省","6","千克","0","?","4,250",
"202504","85177950","光通信设备的激光收发模块","304","德国","10","一般贸易","42","湖北省","1335","千克","0","?","1,746,239",
"202504","85177950","光通信设备的激光收发模块","304","德国","10","一般贸易","44","广东省","7195","千克","0","?","3,272,926",
"202504","85177950","光通信设备的激光收发模块","304","德国","10","一般贸易","51","四川省","2792","千克","0","?","999,545",
"202504","85177950","光通信设备的激光收发模块","304","德国","10","一般贸易","61","陕西省","1","千克","0","?","414",
"202504","85177950","光通信设备的激光收发模块","304","德国","15","进料加工贸易","32","江苏省","99","千克","0","?","735,192",
"202504","85177950","光通信设备的激光收发模块","304","德国","15","进料加工贸易","44","广东省","0","千克","0","?","20,280",
"202504","85177950","光通信设备的激光收发模块","304","德国","15","进料加工贸易","51","四川省","2","千克","0","?","2,288",
"202504","85177950","光通信设备的激光收发模块","304","德国","33","保税监管场所进出境货物","44","广东省","15","千克","0","?","2,170",
"202504","85177950","光通信设备的激光收发模块","304","德国","34","海关特殊监管区域物流货物","42","湖北省","1328","千克","0","?","1,787,211",
"202504","85177950","光通信设备的激光收发模块","304","德国","34","海关特殊监管区域物流货物","44","广东省","230","千克","0","?","296,987",
"202504","85177950","光通信设备的激光收发模块","305","法国","10","一般贸易","32","江苏省","3","千克","0","?","3,107",
"202504","85177950","光通信设备的激光收发模块","305","法国","10","一般贸易","33","浙江省","0","千克","0","?","14",
"202504","85177950","光通信设备的激光收发模块","305","法国","10","一般贸易","35","福建省","66","千克","0","?","6,353",
"202504","85177950","光通信设备的激光收发模块","305","法国","10","一般贸易","41","河南省","0","千克","0","?","196",
"202504","85177950","光通信设备的激光收发模块","305","法国","10","一般贸易","42","湖北省","69","千克","0","?","22,769",
"202504","85177950","光通信设备的激光收发模块","305","法国","10","一般贸易","44","广东省","235","千克","0","?","154,736",
"202504","85177950","光通信设备的激光收发模块","305","法国","10","一般贸易","51","四川省","635","千克","0","?","408,711",
"202504","85177950","光通信设备的激光收发模块","305","法国","10","一般贸易","61","陕西省","1","千克","0","?","295",
"202504","85177950","光通信设备的激光收发模块","305","法国","10","一般贸易","65","新疆维吾尔自治区","0","千克","0","?","970",
"202504","85177950","光通信设备的激光收发模块","305","法国","15","进料加工贸易","32","江苏省","7","千克","0","?","13,553",
"202504","85177950","光通信设备的激光收发模块","305","法国","15","进料加工贸易","51","四川省","3","千克","0","?","13,520",
"202504","85177950","光通信设备的激光收发模块","306","爱尔兰","10","一般贸易","21","辽宁省","0","千克","0","?","15,583",
"202504","85177950","光通信设备的激光收发模块","306","爱尔兰","10","一般贸易","32","江苏省","454","千克","0","?","732,600",
"202504","85177950","光通信设备的激光收发模块","306","爱尔兰","10","一般贸易","33","浙江省","370","千克","0","?","318,582",
"202504","85177950","光通信设备的激光收发模块","306","爱尔兰","10","一般贸易","42","湖北省","1","千克","0","?","700",
"202504","85177950","光通信设备的激光收发模块","306","爱尔兰","10","一般贸易","44","广东省","113","千克","0","?","94,506",
"202504","85177950","光通信设备的激光收发模块","306","爱尔兰","10","一般贸易","51","四川省","1301","千克","0","?","3,291,540",
"202504","85177950","光通信设备的激光收发模块","306","爱尔兰","10","一般贸易","52","贵州省","3","千克","0","?","331",
"202504","85177950","光通信设备的激光收发模块","306","爱尔兰","15","进料加工贸易","32","江苏省","2717","千克","0","?","442,640",
"202504","85177950","光通信设备的激光收发模块","306","爱尔兰","15","进料加工贸易","33","浙江省","567","千克","0","?","457,385",
"202504","85177950","光通信设备的激光收发模块","306","爱尔兰","34","海关特殊监管区域物流货物","32","江苏省","359","千克","0","?","102,100",
"202504","85177950","光通信设备的激光收发模块","307","意大利","10","一般贸易","32","江苏省","0","千克","0","?","3,428",
"202504","85177950","光通信设备的激光收发模块","307","意大利","10","一般贸易","33","浙江省","39","千克","0","?","11,053",
"202504","85177950","光通信设备的激光收发模块","307","意大利","10","一般贸易","35","福建省","8","千克","0","?","4,878",
"202504","85177950","光通信设备的激光收发模块","307","意大利","10","一般贸易","42","湖北省","36","千克","0","?","16,088",
"202504","85177950","光通信设备的激光收发模块","307","意大利","10","一般贸易","44","广东省","194","千克","0","?","154,958",
"202504","85177950","光通信设备的激光收发模块","307","意大利","10","一般贸易","51","四川省","4","千克","0","?","4,038",
"202504","85177950","光通信设备的激光收发模块","307","意大利","10","一般贸易","65","新疆维吾尔自治区","0","千克","0","?","8",
"202504","85177950","光通信设备的激光收发模块","307","意大利","15","进料加工贸易","32","江苏省","0","千克","0","?","1,570",
"202504","85177950","光通信设备的激光收发模块","307","意大利","15","进料加工贸易","51","四川省","0","千克","0","?","373",
"202504","85177950","光通信设备的激光收发模块","307","意大利","34","海关特殊监管区域物流货物","35","福建省","1","千克","0","?","873",
"202504","85177950","光通信设备的激光收发模块","307","意大利","39","其他","32","江苏省","0","千克","0","?","1,160",
"202504","85177950","光通信设备的激光收发模块","308","卢森堡","10","一般贸易","42","湖北省","30","千克","0","?","31,304",
"202504","85177950","光通信设备的激光收发模块","309","荷兰","10","一般贸易","31","上海市","426","千克","0","?","242,169",
"202504","85177950","光通信设备的激光收发模块","309","荷兰","10","一般贸易","32","江苏省","104","千克","0","?","115,966",
"202504","85177950","光通信设备的激光收发模块","309","荷兰","10","一般贸易","33","浙江省","138","千克","0","?","109,672",
"202504","85177950","光通信设备的激光收发模块","309","荷兰","10","一般贸易","42","湖北省","4195","千克","0","?","2,955,023",
"202504","85177950","光通信设备的激光收发模块","309","荷兰","10","一般贸易","44","广东省","6202","千克","0","?","6,052,990",
"202504","85177950","光通信设备的激光收发模块","309","荷兰","10","一般贸易","51","四川省","1852","千克","0","?","1,764,942",
"202504","85177950","光通信设备的激光收发模块","309","荷兰","10","一般贸易","65","新疆维吾尔自治区","1","千克","0","?","34",
"202504","85177950","光通信设备的激光收发模块","309","荷兰","15","进料加工贸易","32","江苏省","394","千克","0","?","1,140,752",
"202504","85177950","光通信设备的激光收发模块","309","荷兰","15","进料加工贸易","51","四川省","247","千克","0","?","232,302",
"202504","85177950","光通信设备的激光收发模块","309","荷兰","34","海关特殊监管区域物流货物","32","江苏省","43","千克","0","?","289,290",
"202504","85177950","光通信设备的激光收发模块","310","希腊","10","一般贸易","32","江苏省","7","千克","0","?","1,549",
"202504","85177950","光通信设备的激光收发模块","310","希腊","10","一般贸易","33","浙江省","16","千克","0","?","13,126",
"202504","85177950","光通信设备的激光收发模块","310","希腊","10","一般贸易","37","山东省","1","千克","0","?","131",
"202504","85177950","光通信设备的激光收发模块","310","希腊","10","一般贸易","44","广东省","13","千克","0","?","2,957",
"202504","85177950","光通信设备的激光收发模块","310","希腊","10","一般贸易","51","四川省","1","千克","0","?","20",
"202504","85177950","光通信设备的激光收发模块","310","希腊","10","一般贸易","61","陕西省","0","千克","0","?","1,380",
"202504","85177950","光通信设备的激光收发模块","310","希腊","33","保税监管场所进出境货物","44","广东省","38","千克","0","?","190",
"202504","85177950","光通信设备的激光收发模块","311","葡萄牙","10","一般贸易","11","北京市","2","千克","0","?","3,068",
"202504","85177950","光通信设备的激光收发模块","311","葡萄牙","10","一般贸易","33","浙江省","0","千克","0","?","355",
"202504","85177950","光通信设备的激光收发模块","311","葡萄牙","10","一般贸易","34","安徽省","0","千克","0","?","960",
"202504","85177950","光通信设备的激光收发模块","311","葡萄牙","10","一般贸易","42","湖北省","102","千克","0","?","55,912",
"202504","85177950","光通信设备的激光收发模块","311","葡萄牙","10","一般贸易","44","广东省","0","千克","0","?","4,914",
"202504","85177950","光通信设备的激光收发模块","311","葡萄牙","34","海关特殊监管区域物流货物","32","江苏省","0","千克","0","?","82",
"202504","85177950","光通信设备的激光收发模块","312","西班牙","10","一般贸易","11","北京市","5","千克","0","?","3,420",
"202504","85177950","光通信设备的激光收发模块","312","西班牙","10","一般贸易","31","上海市","2","千克","0","?","1,890",
"202504","85177950","光通信设备的激光收发模块","312","西班牙","10","一般贸易","32","江苏省","0","千克","0","?","100",
"202504","85177950","光通信设备的激光收发模块","312","西班牙","10","一般贸易","33","浙江省","53","千克","0","?","67,138",
"202504","85177950","光通信设备的激光收发模块","312","西班牙","10","一般贸易","34","安徽省","6","千克","0","?","608",
"202504","85177950","光通信设备的激光收发模块","312","西班牙","10","一般贸易","35","福建省","5","千克","0","?","4,167",
"202504","85177950","光通信设备的激光收发模块","312","西班牙","10","一般贸易","37","山东省","2","千克","0","?","403",
"202504","85177950","光通信设备的激光收发模块","312","西班牙","10","一般贸易","41","河南省","0","千克","0","?","274",
"202504","85177950","光通信设备的激光收发模块","312","西班牙","10","一般贸易","42","湖北省","0","千克","0","?","659",
"202504","85177950","光通信设备的激光收发模块","312","西班牙","10","一般贸易","44","广东省","355","千克","0","?","162,094",
"202504","85177950","光通信设备的激光收发模块","312","西班牙","10","一般贸易","61","陕西省","0","千克","0","?","207",
"202504","85177950","光通信设备的激光收发模块","312","西班牙","33","保税监管场所进出境货物","44","广东省","4","千克","0","?","880",
"202504","85177950","光通信设备的激光收发模块","312","西班牙","34","海关特殊监管区域物流货物","32","江苏省","3","千克","0","?","3,090",
"202504","85177950","光通信设备的激光收发模块","313","阿尔巴尼亚","10","一般贸易","36","江西省","1","千克","0","?","278",
"202504","85177950","光通信设备的激光收发模块","315","奥地利","10","一般贸易","31","上海市","8","千克","0","?","8,625",
"202504","85177950","光通信设备的激光收发模块","315","奥地利","10","一般贸易","33","浙江省","0","千克","0","?","81",
"202504","85177950","光通信设备的激光收发模块","315","奥地利","10","一般贸易","42","湖北省","2","千克","0","?","697",
"202504","85177950","光通信设备的激光收发模块","315","奥地利","10","一般贸易","44","广东省","200","千克","0","?","457,589",
"202504","85177950","光通信设备的激光收发模块","316","保加利亚","10","一般贸易","33","浙江省","10","千克","0","?","8,495",
"202504","85177950","光通信设备的激光收发模块","316","保加利亚","10","一般贸易","44","广东省","28","千克","0","?","22,303",
"202504","85177950","光通信设备的激光收发模块","316","保加利亚","10","一般贸易","51","四川省","45","千克","0","?","10,798",
"202504","85177950","光通信设备的激光收发模块","316","保加利亚","33","保税监管场所进出境货物","44","广东省","23","千克","0","?","4,500",
"202504","85177950","光通信设备的激光收发模块","318","芬兰","10","一般贸易","33","浙江省","20","千克","0","?","17,442",
"202504","85177950","光通信设备的激光收发模块","318","芬兰","10","一般贸易","42","湖北省","108","千克","0","?","67,088",
"202504","85177950","光通信设备的激光收发模块","318","芬兰","10","一般贸易","44","广东省","130","千克","0","?","40,943",
"202504","85177950","光通信设备的激光收发模块","318","芬兰","15","进料加工贸易","51","四川省","1","千克","0","?","894",
"202504","85177950","光通信设备的激光收发模块","318","芬兰","34","海关特殊监管区域物流货物","32","江苏省","52","千克","0","?","17,322",
"202504","85177950","光通信设备的激光收发模块","321","匈牙利","10","一般贸易","32","江苏省","1","千克","0","?","441",
"202504","85177950","光通信设备的激光收发模块","321","匈牙利","10","一般贸易","33","浙江省","10","千克","0","?","3,013",
"202504","85177950","光通信设备的激光收发模块","321","匈牙利","10","一般贸易","37","山东省","19","千克","0","?","2,992",
"202504","85177950","光通信设备的激光收发模块","321","匈牙利","10","一般贸易","42","湖北省","13","千克","0","?","58,518",
"202504","85177950","光通信设备的激光收发模块","321","匈牙利","10","一般贸易","44","广东省","3361","千克","0","?","3,493,608",
"202504","85177950","光通信设备的激光收发模块","321","匈牙利","10","一般贸易","50","重庆市","0","千克","0","?","690",
"202504","85177950","光通信设备的激光收发模块","321","匈牙利","10","一般贸易","61","陕西省","0","千克","0","?","274",
"202504","85177950","光通信设备的激光收发模块","321","匈牙利","10","一般贸易","65","新疆维吾尔自治区","0","千克","0","?","45",
"202504","85177950","光通信设备的激光收发模块","321","匈牙利","15","进料加工贸易","32","江苏省","2","千克","0","?","3,563",
"202504","85177950","光通信设备的激光收发模块","321","匈牙利","15","进料加工贸易","51","四川省","0","千克","0","?","13,728",
"202504","85177950","光通信设备的激光收发模块","321","匈牙利","33","保税监管场所进出境货物","44","广东省","7","千克","0","?","29,911",
"202504","85177950","光通信设备的激光收发模块","322","冰岛","10","一般贸易","42","湖北省","55","千克","0","?","396,000",
"202504","85177950","光通信设备的激光收发模块","322","冰岛","10","一般贸易","44","广东省","8","千克","0","?","4,122",
"202504","85177950","光通信设备的激光收发模块","324","马耳他","10","一般贸易","44","广东省","1","千克","0","?","270",
"202504","85177950","光通信设备的激光收发模块","324","马耳他","10","一般贸易","61","陕西省","1","千克","0","?","552",
"202504","85177950","光通信设备的激光收发模块","326","挪威","10","一般贸易","32","江苏省","5","千克","0","?","76,952",
"202504","85177950","光通信设备的激光收发模块","326","挪威","10","一般贸易","33","浙江省","100","千克","0","?","106,620",
"202504","85177950","光通信设备的激光收发模块","326","挪威","10","一般贸易","42","湖北省","492","千克","0","?","371,064",
"202504","85177950","光通信设备的激光收发模块","326","挪威","10","一般贸易","44","广东省","231","千克","0","?","145,574",
"202504","85177950","光通信设备的激光收发模块","326","挪威","10","一般贸易","51","四川省","126","千克","0","?","304,971",
"202504","85177950","光通信设备的激光收发模块","326","挪威","15","进料加工贸易","32","江苏省","21","千克","0","?","352,131",
"202504","85177950","光通信设备的激光收发模块","327","波兰","10","一般贸易","31","上海市","32","千克","0","?","158,471",
"202504","85177950","光通信设备的激光收发模块","327","波兰","10","一般贸易","32","江苏省","1","千克","0","?","880",
"202504","85177950","光通信设备的激光收发模块","327","波兰","10","一般贸易","33","浙江省","119","千克","0","?","45,475",
"202504","85177950","光通信设备的激光收发模块","327","波兰","10","一般贸易","35","福建省","1","千克","0","?","550",
"202504","85177950","光通信设备的激光收发模块","327","波兰","10","一般贸易","37","山东省","258","千克","0","?","5,523",
"202504","85177950","光通信设备的激光收发模块","327","波兰","10","一般贸易","42","湖北省","116","千克","0","?","127,737",
"202504","85177950","光通信设备的激光收发模块","327","波兰","10","一般贸易","43","湖南省","136","千克","0","?","13,546",
"202504","85177950","光通信设备的激光收发模块","327","波兰","10","一般贸易","44","广东省","543","千克","0","?","152,703",
"202504","85177950","光通信设备的激光收发模块","327","波兰","10","一般贸易","51","四川省","95","千克","0","?","125,932",
"202504","85177950","光通信设备的激光收发模块","328","罗马尼亚","10","一般贸易","33","浙江省","67","千克","0","?","33,504",
"202504","85177950","光通信设备的激光收发模块","328","罗马尼亚","10","一般贸易","41","河南省","97","千克","0","?","123,830",
"202504","85177950","光通信设备的激光收发模块","328","罗马尼亚","10","一般贸易","42","湖北省","0","千克","0","?","3,270",
"202504","85177950","光通信设备的激光收发模块","328","罗马尼亚","10","一般贸易","44","广东省","54","千克","0","?","25,910",
"202504","85177950","光通信设备的激光收发模块","328","罗马尼亚","10","一般贸易","51","四川省","5","千克","0","?","6,196",
"202504","85177950","光通信设备的激光收发模块","328","罗马尼亚","15","进料加工贸易","44","广东省","0","千克","0","?","112,535",
"202504","85177950","光通信设备的激光收发模块","330","瑞典","10","一般贸易","31","上海市","6","千克","0","?","4,148",
"202504","85177950","光通信设备的激光收发模块","330","瑞典","10","一般贸易","33","浙江省","32","千克","0","?","1,592",
"202504","85177950","光通信设备的激光收发模块","330","瑞典","10","一般贸易","42","湖北省","350","千克","0","?","331,465",
"202504","85177950","光通信设备的激光收发模块","330","瑞典","10","一般贸易","44","广东省","721","千克","0","?","203,503",
"202504","85177950","光通信设备的激光收发模块","330","瑞典","10","一般贸易","51","四川省","1012","千克","0","?","516,861",
"202504","85177950","光通信设备的激光收发模块","330","瑞典","15","进料加工贸易","32","江苏省","0","千克","0","?","1,156",
"202504","85177950","光通信设备的激光收发模块","330","瑞典","15","进料加工贸易","51","四川省","918","千克","0","?","225,881",
"202504","85177950","光通信设备的激光收发模块","330","瑞典","34","海关特殊监管区域物流货物","32","江苏省","11","千克","0","?","44,911",
"202504","85177950","光通信设备的激光收发模块","331","瑞士","10","一般贸易","21","辽宁省","3","千克","0","?","6,957",
"202504","85177950","光通信设备的激光收发模块","331","瑞士","10","一般贸易","33","浙江省","0","千克","0","?","60",
"202504","85177950","光通信设备的激光收发模块","331","瑞士","10","一般贸易","43","湖南省","2","千克","0","?","4,210",
"202504","85177950","光通信设备的激光收发模块","331","瑞士","10","一般贸易","44","广东省","123","千克","0","?","68,900",
"202504","85177950","光通信设备的激光收发模块","331","瑞士","10","一般贸易","65","新疆维吾尔自治区","0","千克","0","?","31",
"202504","85177950","光通信设备的激光收发模块","334","爱沙尼亚","10","一般贸易","32","江苏省","0","千克","0","?","217",
"202504","85177950","光通信设备的激光收发模块","334","爱沙尼亚","10","一般贸易","42","湖北省","2","千克","0","?","3,475",
"202504","85177950","光通信设备的激光收发模块","334","爱沙尼亚","10","一般贸易","44","广东省","5","千克","0","?","2,028",
"202504","85177950","光通信设备的激光收发模块","334","爱沙尼亚","15","进料加工贸易","51","四川省","3","千克","0","?","16,500",
"202504","85177950","光通信设备的激光收发模块","335","拉脱维亚","10","一般贸易","42","湖北省","0","千克","0","?","1,121",
"202504","85177950","光通信设备的激光收发模块","335","拉脱维亚","10","一般贸易","43","湖南省","8","千克","0","?","684",
"202504","85177950","光通信设备的激光收发模块","335","拉脱维亚","10","一般贸易","44","广东省","958","千克","0","?","389,818",
"202504","85177950","光通信设备的激光收发模块","335","拉脱维亚","10","一般贸易","51","四川省","1","千克","0","?","552",
"202504","85177950","光通信设备的激光收发模块","336","立陶宛","10","一般贸易","33","浙江省","0","千克","0","?","31",
"202504","85177950","光通信设备的激光收发模块","336","立陶宛","10","一般贸易","35","福建省","1","千克","0","?","196",
"202504","85177950","光通信设备的激光收发模块","336","立陶宛","10","一般贸易","36","江西省","1","千克","0","?","282",
"202504","85177950","光通信设备的激光收发模块","336","立陶宛","10","一般贸易","44","广东省","9","千克","0","?","1,198",
"202504","85177950","光通信设备的激光收发模块","336","立陶宛","10","一般贸易","50","重庆市","8","千克","0","?","8,150",
"202504","85177950","光通信设备的激光收发模块","340","白俄罗斯","10","一般贸易","31","上海市","9","千克","0","?","828",
"202504","85177950","光通信设备的激光收发模块","340","白俄罗斯","10","一般贸易","42","湖北省","2","千克","0","?","3,798",
"202504","85177950","光通信设备的激光收发模块","340","白俄罗斯","10","一般贸易","44","广东省","64","千克","0","?","3,096",
"202504","85177950","光通信设备的激光收发模块","343","摩尔多瓦","10","一般贸易","44","广东省","43","千克","0","?","14,488",
"202504","85177950","光通信设备的激光收发模块","344","俄罗斯","10","一般贸易","11","北京市","40","千克","0","?","26,334",
"202504","85177950","光通信设备的激光收发模块","344","俄罗斯","10","一般贸易","21","辽宁省","49","千克","0","?","11,079",
"202504","85177950","光通信设备的激光收发模块","344","俄罗斯","10","一般贸易","23","黑龙江省","0","千克","0","?","19",
"202504","85177950","光通信设备的激光收发模块","344","俄罗斯","10","一般贸易","31","上海市","474","千克","0","?","332,200",
"202504","85177950","光通信设备的激光收发模块","344","俄罗斯","10","一般贸易","32","江苏省","877","千克","0","?","425,896",
"202504","85177950","光通信设备的激光收发模块","344","俄罗斯","10","一般贸易","33","浙江省","60","千克","0","?","4,293",
"202504","85177950","光通信设备的激光收发模块","344","俄罗斯","10","一般贸易","34","安徽省","1317","千克","0","?","296,252",
"202504","85177950","光通信设备的激光收发模块","344","俄罗斯","10","一般贸易","36","江西省","2","千克","0","?","504",
"202504","85177950","光通信设备的激光收发模块","344","俄罗斯","10","一般贸易","37","山东省","7","千克","0","?","1,292",
"202504","85177950","光通信设备的激光收发模块","344","俄罗斯","10","一般贸易","42","湖北省","426","千克","0","?","413,621",
"202504","85177950","光通信设备的激光收发模块","344","俄罗斯","10","一般贸易","43","湖南省","17","千克","0","?","1,059",
"202504","85177950","光通信设备的激光收发模块","344","俄罗斯","10","一般贸易","44","广东省","3177","千克","0","?","2,045,232",
"202504","85177950","光通信设备的激光收发模块","344","俄罗斯","10","一般贸易","51","四川省","2","千克","0","?","417",
"202504","85177950","光通信设备的激光收发模块","344","俄罗斯","10","一般贸易","65","新疆维吾尔自治区","1","千克","0","?","16",
"202504","85177950","光通信设备的激光收发模块","344","俄罗斯","33","保税监管场所进出境货物","43","湖南省","175","千克","0","?","14,651",
"202504","85177950","光通信设备的激光收发模块","344","俄罗斯","33","保税监管场所进出境货物","44","广东省","457","千克","0","?","59,322",
"202504","85177950","光通信设备的激光收发模块","344","俄罗斯","34","海关特殊监管区域物流货物","42","湖北省","71","千克","0","?","30,297",
"202504","85177950","光通信设备的激光收发模块","344","俄罗斯","34","海关特殊监管区域物流货物","44","广东省","8","千克","0","?","1,593",
"202504","85177950","光通信设备的激光收发模块","347","乌克兰","10","一般贸易","35","福建省","0","千克","0","?","1,645",
"202504","85177950","光通信设备的激光收发模块","347","乌克兰","10","一般贸易","42","湖北省","18","千克","0","?","19,938",
"202504","85177950","光通信设备的激光收发模块","347","乌克兰","10","一般贸易","44","广东省","559","千克","0","?","610,332",
"202504","85177950","光通信设备的激光收发模块","350","斯洛文尼亚","10","一般贸易","44","广东省","36","千克","0","?","12,108",
"202504","85177950","光通信设备的激光收发模块","350","斯洛文尼亚","33","保税监管场所进出境货物","44","广东省","160","千克","0","?","9,845",
"202504","85177950","光通信设备的激光收发模块","351","克罗地亚","10","一般贸易","33","浙江省","3","千克","0","?","1,319",
"202504","85177950","光通信设备的激光收发模块","351","克罗地亚","10","一般贸易","44","广东省","17","千克","0","?","10,283",
"202504","85177950","光通信设备的激光收发模块","352","捷克","10","一般贸易","31","上海市","10","千克","0","?","6,967",
"202504","85177950","光通信设备的激光收发模块","352","捷克","10","一般贸易","33","浙江省","3","千克","0","?","1,465",
"202504","85177950","光通信设备的激光收发模块","352","捷克","10","一般贸易","42","湖北省","187","千克","0","?","77,009",
"202504","85177950","光通信设备的激光收发模块","352","捷克","10","一般贸易","44","广东省","1612","千克","0","?","691,877",
"202504","85177950","光通信设备的激光收发模块","352","捷克","10","一般贸易","51","四川省","0","千克","0","?","7,406",
"202504","85177950","光通信设备的激光收发模块","352","捷克","15","进料加工贸易","32","江苏省","88","千克","0","?","44,643",
"202504","85177950","光通信设备的激光收发模块","352","捷克","34","海关特殊监管区域物流货物","44","广东省","0","千克","0","?","67",
"202504","85177950","光通信设备的激光收发模块","353","斯洛伐克","10","一般贸易","44","广东省","100","千克","0","?","2,328",
"202504","85177950","光通信设备的激光收发模块","353","斯洛伐克","10","一般贸易","51","四川省","51","千克","0","?","102,854",
"202504","85177950","光通信设备的激光收发模块","354","北马其顿","10","一般贸易","44","广东省","4","千克","0","?","5,380",
"202504","85177950","光通信设备的激光收发模块","355","波斯尼亚和黑塞哥维那","10","一般贸易","44","广东省","0","千克","0","?","29",
"202504","85177950","光通信设备的激光收发模块","358","塞尔维亚","10","一般贸易","33","浙江省","6","千克","0","?","2,293",
"202504","85177950","光通信设备的激光收发模块","358","塞尔维亚","10","一般贸易","42","湖北省","1","千克","0","?","705",
"202504","85177950","光通信设备的激光收发模块","358","塞尔维亚","10","一般贸易","44","广东省","21","千克","0","?","8,249",
"202504","85177950","光通信设备的激光收发模块","358","塞尔维亚","33","保税监管场所进出境货物","44","广东省","246","千克","0","?","10,170",
"202504","85177950","光通信设备的激光收发模块","358","塞尔维亚","34","海关特殊监管区域物流货物","44","广东省","22","千克","0","?","5,825",
"202504","85177950","光通信设备的激光收发模块","402","阿根廷","10","一般贸易","32","江苏省","1","千克","0","?","316",
"202504","85177950","光通信设备的激光收发模块","402","阿根廷","10","一般贸易","42","湖北省","12","千克","0","?","3,841",
"202504","85177950","光通信设备的激光收发模块","402","阿根廷","10","一般贸易","44","广东省","532","千克","0","?","721,568",
"202504","85177950","光通信设备的激光收发模块","402","阿根廷","10","一般贸易","51","四川省","4","千克","0","?","1,154",
"202504","85177950","光通信设备的激光收发模块","402","阿根廷","10","一般贸易","52","贵州省","1","千克","0","?","2",
"202504","85177950","光通信设备的激光收发模块","402","阿根廷","34","海关特殊监管区域物流货物","32","江苏省","0","千克","0","?","350",
"202504","85177950","光通信设备的激光收发模块","403","阿鲁巴","34","海关特殊监管区域物流货物","32","江苏省","0","千克","0","?","44",
"202504","85177950","光通信设备的激光收发模块","408","玻利维亚
","10","一般贸易","44","广东省","38","千克","0","?","4,307",
"202504","85177950","光通信设备的激光收发模块","410","巴西","10","一般贸易","11","北京市","0","千克","0","?","1,875",
"202504","85177950","光通信设备的激光收发模块","410","巴西","10","一般贸易","31","上海市","3","千克","0","?","608",
"202504","85177950","光通信设备的激光收发模块","410","巴西","10","一般贸易","32","江苏省","29","千克","0","?","18,412",
"202504","85177950","光通信设备的激光收发模块","410","巴西","10","一般贸易","33","浙江省","10","千克","0","?","10,136",
"202504","85177950","光通信设备的激光收发模块","410","巴西","10","一般贸易","34","安徽省","0","千克","0","?","112",
"202504","85177950","光通信设备的激光收发模块","410","巴西","10","一般贸易","37","山东省","17","千克","0","?","1,811",
"202504","85177950","光通信设备的激光收发模块","410","巴西","10","一般贸易","41","河南省","9","千克","0","?","18,484",
"202504","85177950","光通信设备的激光收发模块","410","巴西","10","一般贸易","42","湖北省","261","千克","0","?","160,415",
"202504","85177950","光通信设备的激光收发模块","410","巴西","10","一般贸易","44","广东省","3873","千克","0","?","2,461,696",
"202504","85177950","光通信设备的激光收发模块","410","巴西","10","一般贸易","51","四川省","150","千克","0","?","72,045",
"202504","85177950","光通信设备的激光收发模块","410","巴西","10","一般贸易","52","贵州省","14","千克","0","?","3,256",
"202504","85177950","光通信设备的激光收发模块","410","巴西","10","一般贸易","61","陕西省","9","千克","0","?","3,540",
"202504","85177950","光通信设备的激光收发模块","410","巴西","15","进料加工贸易","32","江苏省","1","千克","0","?","485",
"202504","85177950","光通信设备的激光收发模块","410","巴西","15","进料加工贸易","44","广东省","5","千克","0","?","107,551",
"202504","85177950","光通信设备的激光收发模块","410","巴西","33","保税监管场所进出境货物","44","广东省","1635","千克","0","?","29,259",
"202504","85177950","光通信设备的激光收发模块","410","巴西","34","海关特殊监管区域物流货物","32","江苏省","1578","千克","0","?","230,098",
"202504","85177950","光通信设备的激光收发模块","412","智利","10","一般贸易","31","上海市","1","千克","0","?","208",
"202504","85177950","光通信设备的激光收发模块","412","智利","10","一般贸易","33","浙江省","0","千克","0","?","630",
"202504","85177950","光通信设备的激光收发模块","412","智利","10","一般贸易","34","安徽省","0","千克","0","?","168",
"202504","85177950","光通信设备的激光收发模块","412","智利","10","一般贸易","36","江西省","0","千克","0","?","525",
"202504","85177950","光通信设备的激光收发模块","412","智利","10","一般贸易","37","山东省","9","千克","0","?","1,168",
"202504","85177950","光通信设备的激光收发模块","412","智利","10","一般贸易","42","湖北省","6","千克","0","?","9,907",
"202504","85177950","光通信设备的激光收发模块","412","智利","10","一般贸易","43","湖南省","120","千克","0","?","3,827",
"202504","85177950","光通信设备的激光收发模块","412","智利","10","一般贸易","44","广东省","25","千克","0","?","35,606",
"202504","85177950","光通信设备的激光收发模块","412","智利","10","一般贸易","51","四川省","4","千克","0","?","544",
"202504","85177950","光通信设备的激光收发模块","412","智利","10","一般贸易","52","贵州省","7","千克","0","?","1,403",
"202504","85177950","光通信设备的激光收发模块","412","智利","15","进料加工贸易","44","广东省","0","千克","0","?","3,783",
"202504","85177950","光通信设备的激光收发模块","412","智利","33","保税监管场所进出境货物","44","广东省","19","千克","0","?","1,360",
"202504","85177950","光通信设备的激光收发模块","412","智利","34","海关特殊监管区域物流货物","44","广东省","0","千克","0","?","7,477",
"202504","85177950","光通信设备的激光收发模块","413","哥伦比亚","10","一般贸易","32","江苏省","3","千克","0","?","75",
"202504","85177950","光通信设备的激光收发模块","413","哥伦比亚","10","一般贸易","33","浙江省","0","千克","0","?","608",
"202504","85177950","光通信设备的激光收发模块","413","哥伦比亚","10","一般贸易","35","福建省","2","千克","0","?","2,805",
"202504","85177950","光通信设备的激光收发模块","413","哥伦比亚","10","一般贸易","37","山东省","1","千克","0","?","176",
"202504","85177950","光通信设备的激光收发模块","413","哥伦比亚","10","一般贸易","44","广东省","414","千克","0","?","100,507",
"202504","85177950","光通信设备的激光收发模块","413","哥伦比亚","33","保税监管场所进出境货物","44","广东省","2","千克","0","?","1,430",
"202504","85177950","光通信设备的激光收发模块","413","哥伦比亚","34","海关特殊监管区域物流货物","32","江苏省","345","千克","0","?","78,874",
"202504","85177950","光通信设备的激光收发模块","415","哥斯达黎加","10","一般贸易","44","广东省","10","千克","0","?","38,034",
"202504","85177950","光通信设备的激光收发模块","416","古巴","10","一般贸易","44","广东省","1","千克","0","?","32,552",
"202504","85177950","光通信设备的激光收发模块","417","库拉索
","10","一般贸易","44","广东省","0","千克","0","?","106",
"202504","85177950","光通信设备的激光收发模块","418","多米尼加
","10","一般贸易","33","浙江省","0","千克","0","?","304",
"202504","85177950","光通信设备的激光收发模块","418","多米尼加
","10","一般贸易","35","福建省","2","千克","0","?","106",
"202504","85177950","光通信设备的激光收发模块","418","多米尼加
","10","一般贸易","44","广东省","34","千克","0","?","35,980",
"202504","85177950","光通信设备的激光收发模块","418","多米尼加
","10","一般贸易","52","贵州省","20","千克","0","?","400",
"202504","85177950","光通信设备的激光收发模块","418","多米尼加
","33","保税监管场所进出境货物","44","广东省","5","千克","0","?","3,648",
"202504","85177950","光通信设备的激光收发模块","419","厄瓜多尔","10","一般贸易","31","上海市","8","千克","0","?","6,947",
"202504","85177950","光通信设备的激光收发模块","419","厄瓜多尔","10","一般贸易","32","江苏省","840","千克","0","?","19,620",
"202504","85177950","光通信设备的激光收发模块","419","厄瓜多尔","10","一般贸易","33","浙江省","4","千克","0","?","1,305",
"202504","85177950","光通信设备的激光收发模块","419","厄瓜多尔","10","一般贸易","36","江西省","1","千克","0","?","640",
"202504","85177950","光通信设备的激光收发模块","419","厄瓜多尔","10","一般贸易","41","河南省","0","千克","0","?","156",
"202504","85177950","光通信设备的激光收发模块","419","厄瓜多尔","10","一般贸易","42","湖北省","1","千克","0","?","392",
"202504","85177950","光通信设备的激光收发模块","419","厄瓜多尔","10","一般贸易","44","广东省","104","千克","0","?","39,341",
"202504","85177950","光通信设备的激光收发模块","423","危地马拉","10","一般贸易","32","江苏省","6","千克","0","?","429",
"202504","85177950","光通信设备的激光收发模块","423","危地马拉","10","一般贸易","44","广东省","14","千克","0","?","5,799",
"202504","85177950","光通信设备的激光收发模块","423","危地马拉","33","保税监管场所进出境货物","44","广东省","52","千克","0","?","66",
"202504","85177950","光通信设备的激光收发模块","424","圭亚那","10","一般贸易","44","广东省","3","千克","0","?","748",
"202504","85177950","光通信设备的激光收发模块","426","洪都拉斯","10","一般贸易","31","上海市","7","千克","0","?","1,021",
"202504","85177950","光通信设备的激光收发模块","426","洪都拉斯","10","一般贸易","44","广东省","24","千克","0","?","3,758",
"202504","85177950","光通信设备的激光收发模块","427","牙买加","10","一般贸易","44","广东省","1","千克","0","?","3,135",
"202504","85177950","光通信设备的激光收发模块","429","墨西哥","10","一般贸易","31","上海市","179","千克","0","?","471,789",
"202504","85177950","光通信设备的激光收发模块","429","墨西哥","10","一般贸易","32","江苏省","1988","千克","0","?","11,669,942",
"202504","85177950","光通信设备的激光收发模块","429","墨西哥","10","一般贸易","33","浙江省","39","千克","0","?","82,355",
"202504","85177950","光通信设备的激光收发模块","429","墨西哥","10","一般贸易","35","福建省","0","千克","0","?","60,237",
"202504","85177950","光通信设备的激光收发模块","429","墨西哥","10","一般贸易","37","山东省","24","千克","0","?","3,725",
"202504","85177950","光通信设备的激光收发模块","429","墨西哥","10","一般贸易","42","湖北省","2587","千克","0","?","2,316,054",
"202504","85177950","光通信设备的激光收发模块","429","墨西哥","10","一般贸易","44","广东省","1554","千克","0","?","3,466,405",
"202504","85177950","光通信设备的激光收发模块","429","墨西哥","10","一般贸易","51","四川省","336","千克","0","?","1,102,594",
"202504","85177950","光通信设备的激光收发模块","429","墨西哥","15","进料加工贸易","32","江苏省","205","千克","0","?","610,988",
"202504","85177950","光通信设备的激光收发模块","429","墨西哥","15","进料加工贸易","44","广东省","2","千克","0","?","4,115",
"202504","85177950","光通信设备的激光收发模块","429","墨西哥","15","进料加工贸易","51","四川省","523","千克","0","?","994,730",
"202504","85177950","光通信设备的激光收发模块","429","墨西哥","22","对外承包工程出口货物","23","黑龙江省","1","千克","0","?","369",
"202504","85177950","光通信设备的激光收发模块","429","墨西哥","33","保税监管场所进出境货物","44","广东省","2","千克","0","?","624",
"202504","85177950","光通信设备的激光收发模块","429","墨西哥","34","海关特殊监管区域物流货物","32","江苏省","26","千克","0","?","26,985",
"202504","85177950","光通信设备的激光收发模块","431","尼加拉瓜","10","一般贸易","44","广东省","3","千克","0","?","4,282",
"202504","85177950","光通信设备的激光收发模块","432","巴拿马","10","一般贸易","31","上海市","1","千克","0","?","86",
"202504","85177950","光通信设备的激光收发模块","432","巴拿马","10","一般贸易","33","浙江省","13","千克","0","?","3,515",
"202504","85177950","光通信设备的激光收发模块","432","巴拿马","10","一般贸易","44","广东省","427","千克","0","?","163,492",
"202504","85177950","光通信设备的激光收发模块","432","巴拿马","33","保税监管场所进出境货物","44","广东省","0","千克","0","?","174",
"202504","85177950","光通信设备的激光收发模块","433","巴拉圭","10","一般贸易","31","上海市","23","千克","0","?","2,870",
"202504","85177950","光通信设备的激光收发模块","433","巴拉圭","10","一般贸易","33","浙江省","0","千克","0","?","749",
"202504","85177950","光通信设备的激光收发模块","433","巴拉圭","10","一般贸易","44","广东省","43","千克","0","?","106,139",
"202504","85177950","光通信设备的激光收发模块","433","巴拉圭","34","海关特殊监管区域物流货物","32","江苏省","0","千克","0","?","75",
"202504","85177950","光通信设备的激光收发模块","434","秘鲁","10","一般贸易","33","浙江省","1","千克","0","?","473",
"202504","85177950","光通信设备的激光收发模块","434","秘鲁","10","一般贸易","35","福建省","1","千克","0","?","1,941",
"202504","85177950","光通信设备的激光收发模块","434","秘鲁","10","一般贸易","42","湖北省","1","千克","0","?","2,855",
"202504","85177950","光通信设备的激光收发模块","434","秘鲁","10","一般贸易","44","广东省","664","千克","0","?","340,941",
"202504","85177950","光通信设备的激光收发模块","435","波多黎各","10","一般贸易","42","湖北省","1","千克","0","?","178",
"202504","85177950","光通信设备的激光收发模块","435","波多黎各","10","一般贸易","44","广东省","0","千克","0","?","132",
"202504","85177950","光通信设备的激光收发模块","438","法属圣马丁
","10","一般贸易","33","浙江省","1","千克","0","?","224",
"202504","85177950","光通信设备的激光收发模块","440","萨尔瓦多","10","一般贸易","44","广东省","0","千克","0","?","2,100",
"202504","85177950","光通信设备的激光收发模块","442","特立尼达和多巴哥","10","一般贸易","44","广东省","5","千克","0","?","1,363",
"202504","85177950","光通信设备的激光收发模块","444","乌拉圭","10","一般贸易","33","浙江省","2","千克","0","?","640",
"202504","85177950","光通信设备的激光收发模块","444","乌拉圭","10","一般贸易","44","广东省","11","千克","0","?","2,547",
"202504","85177950","光通信设备的激光收发模块","444","乌拉圭","33","保税监管场所进出境货物","44","广东省","3","千克","0","?","426",
"202504","85177950","光通信设备的激光收发模块","445","委内瑞拉","10","一般贸易","33","浙江省","3","千克","0","?","2,127",
"202504","85177950","光通信设备的激光收发模块","445","委内瑞拉","10","一般贸易","44","广东省","28","千克","0","?","11,590",
"202504","85177950","光通信设备的激光收发模块","501","加拿大","10","一般贸易","32","江苏省","6","千克","0","?","19,100",
"202504","85177950","光通信设备的激光收发模块","501","加拿大","10","一般贸易","33","浙江省","76","千克","0","?","39,441",
"202504","85177950","光通信设备的激光收发模块","501","加拿大","10","一般贸易","37","山东省","2","千克","0","?","354",
"202504","85177950","光通信设备的激光收发模块","501","加拿大","10","一般贸易","42","湖北省","444","千克","0","?","234,097",
"202504","85177950","光通信设备的激光收发模块","501","加拿大","10","一般贸易","43","湖南省","7","千克","0","?","8,915",
"202504","85177950","光通信设备的激光收发模块","501","加拿大","10","一般贸易","44","广东省","694","千克","0","?","1,180,054",
"202504","85177950","光通信设备的激光收发模块","501","加拿大","10","一般贸易","51","四川省","7","千克","0","?","20,877",
"202504","85177950","光通信设备的激光收发模块","501","加拿大","10","一般贸易","65","新疆维吾尔自治区","0","千克","0","?","14",
"202504","85177950","光通信设备的激光收发模块","501","加拿大","15","进料加工贸易","32","江苏省","0","千克","0","?","9,553",
"202504","85177950","光通信设备的激光收发模块","501","加拿大","15","进料加工贸易","44","广东省","52","千克","0","?","97,101",
"202504","85177950","光通信设备的激光收发模块","501","加拿大","15","进料加工贸易","51","四川省","1","千克","0","?","12,322",
"202504","85177950","光通信设备的激光收发模块","501","加拿大","34","海关特殊监管区域物流货物","32","江苏省","1241","千克","0","?","350,861",
"202504","85177950","光通信设备的激光收发模块","502","美国","10","一般贸易","11","北京市","21","千克","0","?","24,927",
"202504","85177950","光通信设备的激光收发模块","502","美国","10","一般贸易","23","黑龙江省","0","千克","0","?","105",
"202504","85177950","光通信设备的激光收发模块","502","美国","10","一般贸易","31","上海市","1018","千克","0","?","1,571,719",
"202504","85177950","光通信设备的激光收发模块","502","美国","10","一般贸易","32","江苏省","12719","千克","0","?","33,734,211",
"202504","85177950","光通信设备的激光收发模块","502","美国","10","一般贸易","33","浙江省","156","千克","0","?","340,428",
"202504","85177950","光通信设备的激光收发模块","502","美国","10","一般贸易","34","安徽省","1","千克","0","?","2,694",
"202504","85177950","光通信设备的激光收发模块","502","美国","10","一般贸易","35","福建省","3","千克","0","?","5,325",
"202504","85177950","光通信设备的激光收发模块","502","美国","10","一般贸易","36","江西省","5","千克","0","?","10,600",
"202504","85177950","光通信设备的激光收发模块","502","美国","10","一般贸易","37","山东省","8","千克","0","?","53,545",
"202504","85177950","光通信设备的激光收发模块","502","美国","10","一般贸易","42","湖北省","2184","千克","0","?","3,719,935",
"202504","85177950","光通信设备的激光收发模块","502","美国","10","一般贸易","43","湖南省","1","千克","0","?","3,760",
"202504","85177950","光通信设备的激光收发模块","502","美国","10","一般贸易","44","广东省","14628","千克","0","?","11,233,305",
"202504","85177950","光通信设备的激光收发模块","502","美国","10","一般贸易","51","四川省","7099","千克","0","?","17,819,330",
"202504","85177950","光通信设备的激光收发模块","502","美国","10","一般贸易","65","新疆维吾尔自治区","44","千克","0","?","108",
"202504","85177950","光通信设备的激光收发模块","502","美国","15","进料加工贸易","32","江苏省","2903","千克","0","?","4,472,305",
"202504","85177950","光通信设备的激光收发模块","502","美国","15","进料加工贸易","42","湖北省","3","千克","0","?","112",
"202504","85177950","光通信设备的激光收发模块","502","美国","15","进料加工贸易","44","广东省","5","千克","0","?","95,396",
"202504","85177950","光通信设备的激光收发模块","502","美国","15","进料加工贸易","51","四川省","139","千克","0","?","340,247",
"202504","85177950","光通信设备的激光收发模块","502","美国","33","保税监管场所进出境货物","44","广东省","68","千克","0","?","23,465",
"202504","85177950","光通信设备的激光收发模块","502","美国","34","海关特殊监管区域物流货物","21","辽宁省","0","千克","0","?","1,051",
"202504","85177950","光通信设备的激光收发模块","502","美国","34","海关特殊监管区域物流货物","31","上海市","18720","千克","0","?","21,745,312",
"202504","85177950","光通信设备的激光收发模块","502","美国","34","海关特殊监管区域物流货物","32","江苏省","47","千克","0","?","70,631",
"202504","85177950","光通信设备的激光收发模块","502","美国","39","其他","33","浙江省","185","千克","0","?","1,217",
"202504","85177950","光通信设备的激光收发模块","503","格陵兰","10","一般贸易","36","江西省","0","千克","0","?","33",
"202504","85177950","光通信设备的激光收发模块","504","百慕大","10","一般贸易","44","广东省","1","千克","0","?","3,464",
"202504","85177950","光通信设备的激光收发模块","601","澳大利亚","10","一般贸易","31","上海市","0","千克","0","?","124",
"202504","85177950","光通信设备的激光收发模块","601","澳大利亚","10","一般贸易","32","江苏省","2","千克","0","?","1,600",
"202504","85177950","光通信设备的激光收发模块","601","澳大利亚","10","一般贸易","33","浙江省","3","千克","0","?","3,177",
"202504","85177950","光通信设备的激光收发模块","601","澳大利亚","10","一般贸易","35","福建省","3","千克","0","?","8,654",
"202504","85177950","光通信设备的激光收发模块","601","澳大利亚","10","一般贸易","37","山东省","0","千克","0","?","44",
"202504","85177950","光通信设备的激光收发模块","601","澳大利亚","10","一般贸易","42","湖北省","27","千克","0","?","48,625",
"202504","85177950","光通信设备的激光收发模块","601","澳大利亚","10","一般贸易","44","广东省","218","千克","0","?","237,176",
"202504","85177950","光通信设备的激光收发模块","601","澳大利亚","10","一般贸易","51","四川省","15","千克","0","?","59,532",
"202504","85177950","光通信设备的激光收发模块","601","澳大利亚","10","一般贸易","65","新疆维吾尔自治区","1","千克","0","?","80",
"202504","85177950","光通信设备的激光收发模块","601","澳大利亚","15","进料加工贸易","32","江苏省","635","千克","0","?","87,643",
"202504","85177950","光通信设备的激光收发模块","601","澳大利亚","15","进料加工贸易","33","浙江省","1017","千克","0","?","903,625",
"202504","85177950","光通信设备的激光收发模块","601","澳大利亚","15","进料加工贸易","35","福建省","7","千克","0","?","15,965",
"202504","85177950","光通信设备的激光收发模块","601","澳大利亚","15","进料加工贸易","44","广东省","3","千克","0","?","6,676",
"202504","85177950","光通信设备的激光收发模块","601","澳大利亚","33","保税监管场所进出境货物","32","江苏省","0","千克","0","?","206",
"202504","85177950","光通信设备的激光收发模块","601","澳大利亚","34","海关特殊监管区域物流货物","32","江苏省","287","千克","0","?","143,969",
"202504","85177950","光通信设备的激光收发模块","601","澳大利亚","34","海关特殊监管区域物流货物","42","湖北省","283","千克","0","?","310,954",
"202504","85177950","光通信设备的激光收发模块","603","斐济","10","一般贸易","33","浙江省","12","千克","0","?","450",
"202504","85177950","光通信设备的激光收发模块","603","斐济","10","一般贸易","44","广东省","0","千克","0","?","294",
"202504","85177950","光通信设备的激光收发模块","607","新喀里多尼亚","10","一般贸易","44","广东省","1","千克","0","?","1,854",
"202504","85177950","光通信设备的激光收发模块","609","新西兰","10","一般贸易","32","江苏省","0","千克","0","?","500",
"202504","85177950","光通信设备的激光收发模块","609","新西兰","10","一般贸易","37","山东省","1","千克","0","?","276",
"202504","85177950","光通信设备的激光收发模块","609","新西兰","10","一般贸易","44","广东省","14","千克","0","?","52,009",
"202504","85177950","光通信设备的激光收发模块","609","新西兰","10","一般贸易","51","四川省","0","千克","0","?","2,100",
"202504","85177950","光通信设备的激光收发模块","609","新西兰","10","一般贸易","65","新疆维吾尔自治区","0","千克","0","?","9",
"202504","85177950","光通信设备的激光收发模块","609","新西兰","34","海关特殊监管区域物流货物","32","江苏省","51","千克","0","?","15,525",
"202504","85177950","光通信设备的激光收发模块","611","巴布亚新几内亚","10","一般贸易","11","北京市","2","千克","0","?","4,138",
"202504","85177950","光通信设备的激光收发模块","611","巴布亚新几内亚","10","一般贸易","44","广东省","0","千克","0","?","107",
"202504","85177950","光通信设备的激光收发模块","611","巴布亚新几内亚","34","海关特殊监管区域物流货物","32","江苏省","1","千克","0","?","1,905",
"202504","85177950","光通信设备的激光收发模块","620","密克罗尼西亚联邦","10","一般贸易","44","广东省","5","千克","0","?","24,750",
"202504","85177950","光通信设备的激光收发模块","623","法属波利尼西亚","10","一般贸易","44","广东省","0","千克","0","?","369",
"202504","85177950","光通信设备的激光收发模块","623","法属波利尼西亚","34","海关特殊监管区域物流货物","32","江苏省","2","千克","0","?","753",
"202505","85177950","光通信设备的激光收发模块","101","阿富汗","10","一般贸易","44","广东省","2","千克","0","?","381",
"202505","85177950","光通信设备的激光收发模块","102","巴林","10","一般贸易","37","山东省","0","千克","0","?","36",
"202505","85177950","光通信设备的激光收发模块","102","巴林","10","一般贸易","44","广东省","1","千克","0","?","1,131",
"202505","85177950","光通信设备的激光收发模块","103","孟加拉国","10","一般贸易","31","上海市","56","千克","0","?","17,187",
"202505","85177950","光通信设备的激光收发模块","103","孟加拉国","10","一般贸易","33","浙江省","7","千克","0","?","64",
"202505","85177950","光通信设备的激光收发模块","103","孟加拉国","10","一般贸易","37","山东省","263","千克","0","?","5,339",
"202505","85177950","光通信设备的激光收发模块","103","孟加拉国","10","一般贸易","44","广东省","89","千克","0","?","21,158",
"202505","85177950","光通信设备的激光收发模块","103","孟加拉国","10","一般贸易","45","广西壮族自治区","47","千克","0","?","465",
"202505","85177950","光通信设备的激光收发模块","104","不丹","10","一般贸易","44","广东省","1","千克","0","?","900",
"202505","85177950","光通信设备的激光收发模块","104","不丹","34","海关特殊监管区域物流货物","32","江苏省","0","千克","0","?","74",
"202505","85177950","光通信设备的激光收发模块","105","文莱","10","一般贸易","44","广东省","0","千克","0","?","13",
"202505","85177950","光通信设备的激光收发模块","106","缅甸","10","一般贸易","13","河北省","10","千克","0","?","333",
"202505","85177950","光通信设备的激光收发模块","106","缅甸","10","一般贸易","35","福建省","0","千克","0","?","1,931",
"202505","85177950","光通信设备的激光收发模块","106","缅甸","10","一般贸易","44","广东省","75","千克","0","?","23,106",
"202505","85177950","光通信设备的激光收发模块","106","缅甸","10","一般贸易","51","四川省","0","千克","0","?","4",
"202505","85177950","光通信设备的激光收发模块","106","缅甸","33","保税监管场所进出境货物","44","广东省","1","千克","0","?","111,571",
"202505","85177950","光通信设备的激光收发模块","106","缅甸","39","其他","44","广东省","3","千克","0","?","2,424",
"202505","85177950","光通信设备的激光收发模块","107","柬埔寨","10","一般贸易","33","浙江省","6","千克","0","?","2,277",
"202505","85177950","光通信设备的激光收发模块","107","柬埔寨","10","一般贸易","37","山东省","0","千克","0","?","12",
"202505","85177950","光通信设备的激光收发模块","107","柬埔寨","10","一般贸易","42","湖北省","16","千克","0","?","405",
"202505","85177950","光通信设备的激光收发模块","107","柬埔寨","10","一般贸易","44","广东省","137","千克","0","?","36,421",
"202505","85177950","光通信设备的激光收发模块","110","中国香港","10","一般贸易","11","北京市","14","千克","0","?","58,006",
"202505","85177950","光通信设备的激光收发模块","110","中国香港","10","一般贸易","21","辽宁省","0","千克","0","?","169,128",
"202505","85177950","光通信设备的激光收发模块","110","中国香港","10","一般贸易","31","上海市","198","千克","0","?","292,092",
"202505","85177950","光通信设备的激光收发模块","110","中国香港","10","一般贸易","32","江苏省","837","千克","0","?","1,659,122",
"202505","85177950","光通信设备的激光收发模块","110","中国香港","10","一般贸易","33","浙江省","123","千克","0","?","283,068",
"202505","85177950","光通信设备的激光收发模块","110","中国香港","10","一般贸易","35","福建省","8","千克","0","?","13,100",
"202505","85177950","光通信设备的激光收发模块","110","中国香港","10","一般贸易","37","山东省","60","千克","0","?","6,967",
"202505","85177950","光通信设备的激光收发模块","110","中国香港","10","一般贸易","41","河南省","156","千克","0","?","994,177",
"202505","85177950","光通信设备的激光收发模块","110","中国香港","10","一般贸易","42","湖北省","503","千克","0","?","1,212,695",
"202505","85177950","光通信设备的激光收发模块","110","中国香港","10","一般贸易","44","广东省","3314","千克","0","?","11,174,952",
"202505","85177950","光通信设备的激光收发模块","110","中国香港","10","一般贸易","51","四川省","379","千克","0","?","251,695",
"202505","85177950","光通信设备的激光收发模块","110","中国香港","10","一般贸易","52","贵州省","47","千克","0","?","41,610",
"202505","85177950","光通信设备的激光收发模块","110","中国香港","10","一般贸易","65","新疆维吾尔自治区","57","千克","0","?","14,946",
"202505","85177950","光通信设备的激光收发模块","110","中国香港","15","进料加工贸易","32","江苏省","4956","千克","0","?","12,126,293",
"202505","85177950","光通信设备的激光收发模块","110","中国香港","15","进料加工贸易","33","浙江省","20","千克","0","?","31,624",
"202505","85177950","光通信设备的激光收发模块","110","中国香港","15","进料加工贸易","35","福建省","5","千克","0","?","8,769",
"202505","85177950","光通信设备的激光收发模块","110","中国香港","15","进料加工贸易","44","广东省","6","千克","0","?","154,366",
"202505","85177950","光通信设备的激光收发模块","110","中国香港","15","进料加工贸易","51","四川省","11","千克","0","?","88,492",
"202505","85177950","光通信设备的激光收发模块","110","中国香港","34","海关特殊监管区域物流货物","32","江苏省","14","千克","0","?","18,087",
"202505","85177950","光通信设备的激光收发模块","110","中国香港","34","海关特殊监管区域物流货物","44","广东省","2456","千克","0","?","3,156,767",
"202505","85177950","光通信设备的激光收发模块","110","中国香港","39","其他","44","广东省","3","千克","0","?","262",
"202505","85177950","光通信设备的激光收发模块","111","印度","10","一般贸易","12","天津市","35","千克","0","?","3,234",
"202505","85177950","光通信设备的激光收发模块","111","印度","10","一般贸易","21","辽宁省","2","千克","0","?","1,468",
"202505","85177950","光通信设备的激光收发模块","111","印度","10","一般贸易","31","上海市","78","千克","0","?","33,246",
"202505","85177950","光通信设备的激光收发模块","111","印度","10","一般贸易","32","江苏省","548","千克","0","?","194,420",
"202505","85177950","光通信设备的激光收发模块","111","印度","10","一般贸易","33","浙江省","554","千克","0","?","11,463",
"202505","85177950","光通信设备的激光收发模块","111","印度","10","一般贸易","35","福建省","6","千克","0","?","8,599",
"202505","85177950","光通信设备的激光收发模块","111","印度","10","一般贸易","42","湖北省","562","千克","0","?","196,095",
"202505","85177950","光通信设备的激光收发模块","111","印度","10","一般贸易","44","广东省","1438","千克","0","?","518,634",
"202505","85177950","光通信设备的激光收发模块","111","印度","10","一般贸易","50","重庆市","3","千克","0","?","8,250",
"202505","85177950","光通信设备的激光收发模块","111","印度","10","一般贸易","51","四川省","189","千克","0","?","196,031",
"202505","85177950","光通信设备的激光收发模块","111","印度","15","进料加工贸易","32","江苏省","66","千克","0","?","103,173",
"202505","85177950","光通信设备的激光收发模块","111","印度","15","进料加工贸易","44","广东省","1","千克","0","?","1,701",
"202505","85177950","光通信设备的激光收发模块","111","印度","15","进料加工贸易","51","四川省","104","千克","0","?","204,849",
"202505","85177950","光通信设备的激光收发模块","111","印度","33","保税监管场所进出境货物","44","广东省","0","千克","0","?","330",
"202505","85177950","光通信设备的激光收发模块","111","印度","34","海关特殊监管区域物流货物","32","江苏省","2330","千克","0","?","542,471",
"202505","85177950","光通信设备的激光收发模块","112","印度尼西亚","10","一般贸易","31","上海市","33","千克","0","?","35,955",
"202505","85177950","光通信设备的激光收发模块","112","印度尼西亚","10","一般贸易","32","江苏省","371","千克","0","?","35,141",
"202505","85177950","光通信设备的激光收发模块","112","印度尼西亚","10","一般贸易","33","浙江省","53","千克","0","?","66,216",
"202505","85177950","光通信设备的激光收发模块","112","印度尼西亚","10","一般贸易","35","福建省","91","千克","0","?","55,297",
"202505","85177950","光通信设备的激光收发模块","112","印度尼西亚","10","一般贸易","37","山东省","490","千克","0","?","404,472",
"202505","85177950","光通信设备的激光收发模块","112","印度尼西亚","10","一般贸易","41","河南省","8","千克","0","?","27,997",
"202505","85177950","光通信设备的激光收发模块","112","印度尼西亚","10","一般贸易","42","湖北省","1053","千克","0","?","527,031",
"202505","85177950","光通信设备的激光收发模块","112","印度尼西亚","10","一般贸易","44","广东省","1557","千克","0","?","1,520,243",
"202505","85177950","光通信设备的激光收发模块","112","印度尼西亚","10","一般贸易","51","四川省","88","千克","0","?","1,707",
"202505","85177950","光通信设备的激光收发模块","112","印度尼西亚","10","一般贸易","52","贵州省","0","千克","0","?","282",
"202505","85177950","光通信设备的激光收发模块","112","印度尼西亚","15","进料加工贸易","35","福建省","3","千克","0","?","4,822",
"202505","85177950","光通信设备的激光收发模块","112","印度尼西亚","15","进料加工贸易","44","广东省","0","千克","0","?","7,741",
"202505","85177950","光通信设备的激光收发模块","112","印度尼西亚","34","海关特殊监管区域物流货物","32","江苏省","230","千克","0","?","62,101",
"202505","85177950","光通信设备的激光收发模块","113","伊朗","10","一般贸易","44","广东省","8","千克","0","?","150",
"202505","85177950","光通信设备的激光收发模块","113","伊朗","10","一般贸易","65","新疆维吾尔自治区","125","千克","0","?","2,600",
"202505","85177950","光通信设备的激光收发模块","114","伊拉克","10","一般贸易","32","江苏省","142","千克","0","?","12,067",
"202505","85177950","光通信设备的激光收发模块","114","伊拉克","10","一般贸易","33","浙江省","921","千克","0","?","18,459",
"202505","85177950","光通信设备的激光收发模块","114","伊拉克","10","一般贸易","35","福建省","1","千克","0","?","880",
"202505","85177950","光通信设备的激光收发模块","114","伊拉克","10","一般贸易","42","湖北省","227","千克","0","?","4,722",
"202505","85177950","光通信设备的激光收发模块","114","伊拉克","10","一般贸易","44","广东省","394","千克","0","?","240,647",
"202505","85177950","光通信设备的激光收发模块","114","伊拉克","10","一般贸易","51","四川省","365","千克","0","?","7,483",
"202505","85177950","光通信设备的激光收发模块","114","伊拉克","10","一般贸易","52","贵州省","1","千克","0","?","9,280",
"202505","85177950","光通信设备的激光收发模块","115","以色列","10","一般贸易","31","上海市","1","千克","0","?","6,650",
"202505","85177950","光通信设备的激光收发模块","115","以色列","10","一般贸易","32","江苏省","0","千克","0","?","1,060",
"202505","85177950","光通信设备的激光收发模块","115","以色列","10","一般贸易","33","浙江省","1","千克","0","?","1,805",
"202505","85177950","光通信设备的激光收发模块","115","以色列","10","一般贸易","35","福建省","2","千克","0","?","1,912",
"202505","85177950","光通信设备的激光收发模块","115","以色列","10","一般贸易","42","湖北省","44","千克","0","?","114,677",
"202505","85177950","光通信设备的激光收发模块","115","以色列","10","一般贸易","44","广东省","353","千克","0","?","136,859",
"202505","85177950","光通信设备的激光收发模块","115","以色列","10","一般贸易","51","四川省","177","千克","0","?","376,808",
"202505","85177950","光通信设备的激光收发模块","115","以色列","15","进料加工贸易","32","江苏省","37","千克","0","?","45,909",
"202505","85177950","光通信设备的激光收发模块","115","以色列","15","进料加工贸易","33","浙江省","0","千克","0","?","698",
"202505","85177950","光通信设备的激光收发模块","115","以色列","22","对外承包工程出口货物","11","北京市","1","千克","0","?","138",
"202505","85177950","光通信设备的激光收发模块","115","以色列","34","海关特殊监管区域物流货物","32","江苏省","4","千克","0","?","4,259",
"202505","85177950","光通信设备的激光收发模块","115","以色列","39","其他","44","广东省","0","千克","0","?","700",
"202505","85177950","光通信设备的激光收发模块","116","日本","10","一般贸易","11","北京市","1","千克","0","?","790",
"202505","85177950","光通信设备的激光收发模块","116","日本","10","一般贸易","31","上海市","93","千克","0","?","296,589",
"202505","85177950","光通信设备的激光收发模块","116","日本","10","一般贸易","32","江苏省","564","千克","0","?","256,393",
"202505","85177950","光通信设备的激光收发模块","116","日本","10","一般贸易","33","浙江省","67","千克","0","?","91,988",
"202505","85177950","光通信设备的激光收发模块","116","日本","10","一般贸易","35","福建省","4","千克","0","?","21,367",
"202505","85177950","光通信设备的激光收发模块","116","日本","10","一般贸易","37","山东省","12","千克","0","?","17,715",
"202505","85177950","光通信设备的激光收发模块","116","日本","10","一般贸易","41","河南省","5","千克","0","?","8,792",
"202505","85177950","光通信设备的激光收发模块","116","日本","10","一般贸易","42","湖北省","297","千克","0","?","261,717",
"202505","85177950","光通信设备的激光收发模块","116","日本","10","一般贸易","44","广东省","689","千克","0","?","570,891",
"202505","85177950","光通信设备的激光收发模块","116","日本","10","一般贸易","51","四川省","335","千克","0","?","274,984",
"202505","85177950","光通信设备的激光收发模块","116","日本","15","进料加工贸易","32","江苏省","374","千克","0","?","677,204",
"202505","85177950","光通信设备的激光收发模块","116","日本","15","进料加工贸易","35","福建省","16","千克","0","?","38,875",
"202505","85177950","光通信设备的激光收发模块","116","日本","15","进料加工贸易","44","广东省","0","千克","0","?","14,521",
"202505","85177950","光通信设备的激光收发模块","116","日本","15","进料加工贸易","51","四川省","49","千克","0","?","84,301",
"202505","85177950","光通信设备的激光收发模块","116","日本","34","海关特殊监管区域物流货物","32","江苏省","131","千克","0","?","418,345",
"202505","85177950","光通信设备的激光收发模块","116","日本","34","海关特殊监管区域物流货物","42","湖北省","24","千克","0","?","66,009",
"202505","85177950","光通信设备的激光收发模块","116","日本","39","其他","35","福建省","82","千克","0","?","697",
"202505","85177950","光通信设备的激光收发模块","116","日本","39","其他","44","广东省","1","千克","0","?","139",
"202505","85177950","光通信设备的激光收发模块","117","约旦","10","一般贸易","35","福建省","0","千克","0","?","518",
"202505","85177950","光通信设备的激光收发模块","117","约旦","10","一般贸易","44","广东省","48","千克","0","?","6,781",
"202505","85177950","光通信设备的激光收发模块","117","约旦","34","海关特殊监管区域物流货物","32","江苏省","19","千克","0","?","9,659",
"202505","85177950","光通信设备的激光收发模块","118","科威特","10","一般贸易","33","浙江省","0","千克","0","?","54",
"202505","85177950","光通信设备的激光收发模块","118","科威特","10","一般贸易","42","湖北省","2","千克","0","?","2,312",
"202505","85177950","光通信设备的激光收发模块","118","科威特","10","一般贸易","44","广东省","20","千克","0","?","10,401",
"202505","85177950","光通信设备的激光收发模块","118","科威特","34","海关特殊监管区域物流货物","32","江苏省","0","千克","0","?","3,500",
"202505","85177950","光通信设备的激光收发模块","119","老挝","10","一般贸易","11","北京市","2","千克","0","?","222",
"202505","85177950","光通信设备的激光收发模块","119","老挝","10","一般贸易","44","广东省","1","千克","0","?","23",
"202505","85177950","光通信设备的激光收发模块","119","老挝","10","一般贸易","53","云南省","4","千克","0","?","541",
"202505","85177950","光通信设备的激光收发模块","120","黎巴嫩","10","一般贸易","33","浙江省","0","千克","0","?","280",
"202505","85177950","光通信设备的激光收发模块","120","黎巴嫩","10","一般贸易","42","湖北省","197","千克","0","?","6,029",
"202505","85177950","光通信设备的激光收发模块","120","黎巴嫩","10","一般贸易","44","广东省","11","千克","0","?","3,269",
"202505","85177950","光通信设备的激光收发模块","120","黎巴嫩","10","一般贸易","61","陕西省","1","千克","0","?","944",
"202505","85177950","光通信设备的激光收发模块","121","中国澳门","10","一般贸易","33","浙江省","1","千克","0","?","1,513",
"202505","85177950","光通信设备的激光收发模块","121","中国澳门","10","一般贸易","44","广东省","14","千克","0","?","4,497",
"202505","85177950","光通信设备的激光收发模块","122","马来西亚","10","一般贸易","11","北京市","338","千克","0","?","584,649",
"202505","85177950","光通信设备的激光收发模块","122","马来西亚","10","一般贸易","31","上海市","3008","千克","0","?","1,662,723",
"202505","85177950","光通信设备的激光收发模块","122","马来西亚","10","一般贸易","32","江苏省","682","千克","0","?","1,185,322",
"202505","85177950","光通信设备的激光收发模块","122","马来西亚","10","一般贸易","33","浙江省","593","千克","0","?","751,946",
"202505","85177950","光通信设备的激光收发模块","122","马来西亚","10","一般贸易","34","安徽省","2","千克","0","?","13,000",
"202505","85177950","光通信设备的激光收发模块","122","马来西亚","10","一般贸易","35","福建省","93","千克","0","?","117,203",
"202505","85177950","光通信设备的激光收发模块","122","马来西亚","10","一般贸易","36","江西省","10","千克","0","?","12,728",
"202505","85177950","光通信设备的激光收发模块","122","马来西亚","10","一般贸易","37","山东省","61","千克","0","?","129,023",
"202505","85177950","光通信设备的激光收发模块","122","马来西亚","10","一般贸易","41","河南省","48","千克","0","?","10,683",
"202505","85177950","光通信设备的激光收发模块","122","马来西亚","10","一般贸易","42","湖北省","8077","千克","0","?","8,466,382",
"202505","85177950","光通信设备的激光收发模块","122","马来西亚","10","一般贸易","43","湖南省","83","千克","0","?","55,897",
"202505","85177950","光通信设备的激光收发模块","122","马来西亚","10","一般贸易","44","广东省","4744","千克","0","?","4,216,512",
"202505","85177950","光通信设备的激光收发模块","122","马来西亚","10","一般贸易","51","四川省","15","千克","0","?","65,615",
"202505","85177950","光通信设备的激光收发模块","122","马来西亚","10","一般贸易","65","新疆维吾尔自治区","135","千克","0","?","1,997",
"202505","85177950","光通信设备的激光收发模块","122","马来西亚","15","进料加工贸易","32","江苏省","44321","千克","0","?","120,165,108",
"202505","85177950","光通信设备的激光收发模块","122","马来西亚","15","进料加工贸易","35","福建省","0","千克","0","?","552",
"202505","85177950","光通信设备的激光收发模块","122","马来西亚","15","进料加工贸易","44","广东省","1413","千克","0","?","1,435,346",
"202505","85177950","光通信设备的激光收发模块","122","马来西亚","15","进料加工贸易","51","四川省","23","千克","0","?","25,627",
"202505","85177950","光通信设备的激光收发模块","122","马来西亚","33","保税监管场所进出境货物","44","广东省","1","千克","0","?","248",
"202505","85177950","光通信设备的激光收发模块","122","马来西亚","34","海关特殊监管区域物流货物","32","江苏省","65","千克","0","?","81,429",
"202505","85177950","光通信设备的激光收发模块","122","马来西亚","34","海关特殊监管区域物流货物","35","福建省","2","千克","0","?","4,304",
"202505","85177950","光通信设备的激光收发模块","122","马来西亚","39","其他","42","湖北省","14","千克","0","?","10,824",
"202505","85177950","光通信设备的激光收发模块","123","马尔代夫","10","一般贸易","44","广东省","9","千克","0","?","4,354",
"202505","85177950","光通信设备的激光收发模块","124","蒙古","10","一般贸易","33","浙江省","1","千克","0","?","921",
"202505","85177950","光通信设备的激光收发模块","124","蒙古","10","一般贸易","44","广东省","383","千克","0","?","111,277",
"202505","85177950","光通信设备的激光收发模块","125","尼泊尔","10","一般贸易","44","广东省","0","千克","0","?","4,183",
"202505","85177950","光通信设备的激光收发模块","126","阿曼","10","一般贸易","41","河南省","0","千克","0","?","1,547",
"202505","85177950","光通信设备的激光收发模块","126","阿曼","10","一般贸易","44","广东省","28","千克","0","?","6,023",
"202505","85177950","光通信设备的激光收发模块","127","巴基斯坦","10","一般贸易","33","浙江省","1","千克","0","?","2,206",
"202505","85177950","光通信设备的激光收发模块","127","巴基斯坦","10","一般贸易","37","山东省","22","千克","0","?","268",
"202505","85177950","光通信设备的激光收发模块","127","巴基斯坦","10","一般贸易","42","湖北省","21","千克","0","?","2,606",
"202505","85177950","光通信设备的激光收发模块","127","巴基斯坦","10","一般贸易","44","广东省","553","千克","0","?","357,920",
"202505","85177950","光通信设备的激光收发模块","127","巴基斯坦","10","一般贸易","65","新疆维吾尔自治区","90","千克","0","?","408",
"202505","85177950","光通信设备的激光收发模块","129","菲律宾","10","一般贸易","31","上海市","64","千克","0","?","9,477",
"202505","85177950","光通信设备的激光收发模块","129","菲律宾","10","一般贸易","32","江苏省","10","千克","0","?","5,073",
"202505","85177950","光通信设备的激光收发模块","129","菲律宾","10","一般贸易","33","浙江省","16","千克","0","?","16,957",
"202505","85177950","光通信设备的激光收发模块","129","菲律宾","10","一般贸易","35","福建省","30","千克","0","?","20,237",
"202505","85177950","光通信设备的激光收发模块","129","菲律宾","10","一般贸易","37","山东省","0","千克","0","?","7",
"202505","85177950","光通信设备的激光收发模块","129","菲律宾","10","一般贸易","42","湖北省","54","千克","0","?","20,683",
"202505","85177950","光通信设备的激光收发模块","129","菲律宾","10","一般贸易","44","广东省","309","千克","0","?","149,046",
"202505","85177950","光通信设备的激光收发模块","129","菲律宾","33","保税监管场所进出境货物","44","广东省","0","千克","0","?","1,061",
"202505","85177950","光通信设备的激光收发模块","129","菲律宾","34","海关特殊监管区域物流货物","32","江苏省","49","千克","0","?","19,794",
"202505","85177950","光通信设备的激光收发模块","129","菲律宾","39","其他","33","浙江省","575","千克","0","?","2,013",
"202505","85177950","光通信设备的激光收发模块","130","卡塔尔","10","一般贸易","31","上海市","548","千克","0","?","18,930",
"202505","85177950","光通信设备的激光收发模块","130","卡塔尔","10","一般贸易","32","江苏省","0","千克","0","?","15",
"202505","85177950","光通信设备的激光收发模块","130","卡塔尔","10","一般贸易","33","浙江省","1","千克","0","?","717",
"202505","85177950","光通信设备的激光收发模块","130","卡塔尔","10","一般贸易","44","广东省","10","千克","0","?","2,289",
"202505","85177950","光通信设备的激光收发模块","130","卡塔尔","34","海关特殊监管区域物流货物","32","江苏省","0","千克","0","?","2,730",
"202505","85177950","光通信设备的激光收发模块","131","沙特阿拉伯","10","一般贸易","31","上海市","7","千克","0","?","5,984",
"202505","85177950","光通信设备的激光收发模块","131","沙特阿拉伯","10","一般贸易","33","浙江省","131","千克","0","?","29,445",
"202505","85177950","光通信设备的激光收发模块","131","沙特阿拉伯","10","一般贸易","35","福建省","16","千克","0","?","12,395",
"202505","85177950","光通信设备的激光收发模块","131","沙特阿拉伯","10","一般贸易","37","山东省","0","千克","0","?","117",
"202505","85177950","光通信设备的激光收发模块","131","沙特阿拉伯","10","一般贸易","42","湖北省","81","千克","0","?","58,617",
"202505","85177950","光通信设备的激光收发模块","131","沙特阿拉伯","10","一般贸易","43","湖南省","8","千克","0","?","256",
"202505","85177950","光通信设备的激光收发模块","131","沙特阿拉伯","10","一般贸易","44","广东省","168","千克","0","?","96,764",
"202505","85177950","光通信设备的激光收发模块","131","沙特阿拉伯","10","一般贸易","52","贵州省","8","千克","0","?","2,378",
"202505","85177950","光通信设备的激光收发模块","131","沙特阿拉伯","10","一般贸易","65","新疆维吾尔自治区","0","千克","0","?","25",
"202505","85177950","光通信设备的激光收发模块","131","沙特阿拉伯","15","进料加工贸易","44","广东省","1","千克","0","?","397",
"202505","85177950","光通信设备的激光收发模块","131","沙特阿拉伯","34","海关特殊监管区域物流货物","32","江苏省","332","千克","0","?","78,464",
"202505","85177950","光通信设备的激光收发模块","132","新加坡","10","一般贸易","11","北京市","35","千克","0","?","26,280",
"202505","85177950","光通信设备的激光收发模块","132","新加坡","10","一般贸易","31","上海市","6","千克","0","?","30,412",
"202505","85177950","光通信设备的激光收发模块","132","新加坡","10","一般贸易","32","江苏省","40","千克","0","?","90,661",
"202505","85177950","光通信设备的激光收发模块","132","新加坡","10","一般贸易","33","浙江省","508","千克","0","?","956,936",
"202505","85177950","光通信设备的激光收发模块","132","新加坡","10","一般贸易","35","福建省","30","千克","0","?","25,605",
"202505","85177950","光通信设备的激光收发模块","132","新加坡","10","一般贸易","37","山东省","183","千克","0","?","23,679",
"202505","85177950","光通信设备的激光收发模块","132","新加坡","10","一般贸易","41","河南省","0","千克","0","?","43",
"202505","85177950","光通信设备的激光收发模块","132","新加坡","10","一般贸易","42","湖北省","1357","千克","0","?","1,182,292",
"202505","85177950","光通信设备的激光收发模块","132","新加坡","10","一般贸易","44","广东省","1346","千克","0","?","1,101,299",
"202505","85177950","光通信设备的激光收发模块","132","新加坡","10","一般贸易","51","四川省","325","千克","0","?","690,456",
"202505","85177950","光通信设备的激光收发模块","132","新加坡","10","一般贸易","52","贵州省","22","千克","0","?","14,154",
"202505","85177950","光通信设备的激光收发模块","132","新加坡","10","一般贸易","65","新疆维吾尔自治区","30","千克","0","?","4,939",
"202505","85177950","光通信设备的激光收发模块","132","新加坡","15","进料加工贸易","32","江苏省","6282","千克","0","?","1,116,471",
"202505","85177950","光通信设备的激光收发模块","132","新加坡","15","进料加工贸易","33","浙江省","762","千克","0","?","679,572",
"202505","85177950","光通信设备的激光收发模块","132","新加坡","15","进料加工贸易","35","福建省","12","千克","0","?","11,016",
"202505","85177950","光通信设备的激光收发模块","132","新加坡","15","进料加工贸易","44","广东省","862","千克","0","?","2,482,443",
"202505","85177950","光通信设备的激光收发模块","132","新加坡","15","进料加工贸易","51","四川省","0","千克","0","?","360",
"202505","85177950","光通信设备的激光收发模块","132","新加坡","33","保税监管场所进出境货物","44","广东省","4","千克","0","?","1,507",
"202505","85177950","光通信设备的激光收发模块","132","新加坡","34","海关特殊监管区域物流货物","32","江苏省","151","千克","0","?","106,155",
"202505","85177950","光通信设备的激光收发模块","132","新加坡","34","海关特殊监管区域物流货物","35","福建省","0","千克","0","?","195",
"202505","85177950","光通信设备的激光收发模块","132","新加坡","34","海关特殊监管区域物流货物","42","湖北省","36","千克","0","?","48,164",
"202505","85177950","光通信设备的激光收发模块","133","韩国","10","一般贸易","11","北京市","5","千克","0","?","4,801",
"202505","85177950","光通信设备的激光收发模块","133","韩国","10","一般贸易","13","河北省","69","千克","0","?","15,775",
"202505","85177950","光通信设备的激光收发模块","133","韩国","10","一般贸易","21","辽宁省","216","千克","0","?","56,267",
"202505","85177950","光通信设备的激光收发模块","133","韩国","10","一般贸易","31","上海市","104","千克","0","?","27,943",
"202505","85177950","光通信设备的激光收发模块","133","韩国","10","一般贸易","32","江苏省","72","千克","0","?","65,397",
"202505","85177950","光通信设备的激光收发模块","133","韩国","10","一般贸易","33","浙江省","120","千克","0","?","63,205",
"202505","85177950","光通信设备的激光收发模块","133","韩国","10","一般贸易","35","福建省","2","千克","0","?","2,514",
"202505","85177950","光通信设备的激光收发模块","133","韩国","10","一般贸易","37","山东省","518","千克","0","?","704,152",
"202505","85177950","光通信设备的激光收发模块","133","韩国","10","一般贸易","41","河南省","55","千克","0","?","71,760",
"202505","85177950","光通信设备的激光收发模块","133","韩国","10","一般贸易","42","湖北省","76","千克","0","?","99,846",
"202505","85177950","光通信设备的激光收发模块","133","韩国","10","一般贸易","44","广东省","2974","千克","0","?","1,916,666",
"202505","85177950","光通信设备的激光收发模块","133","韩国","10","一般贸易","51","四川省","1021","千克","0","?","800,141",
"202505","85177950","光通信设备的激光收发模块","133","韩国","10","一般贸易","65","新疆维吾尔自治区","32","千克","0","?","2,719",
"202505","85177950","光通信设备的激光收发模块","133","韩国","15","进料加工贸易","32","江苏省","26","千克","0","?","18,719",
"202505","85177950","光通信设备的激光收发模块","133","韩国","15","进料加工贸易","35","福建省","2","千克","0","?","21,882",
"202505","85177950","光通信设备的激光收发模块","133","韩国","15","进料加工贸易","51","四川省","0","千克","0","?","88",
"202505","85177950","光通信设备的激光收发模块","133","韩国","33","保税监管场所进出境货物","44","广东省","15","千克","0","?","2,368",
"202505","85177950","光通信设备的激光收发模块","133","韩国","34","海关特殊监管区域物流货物","32","江苏省","240","千克","0","?","391,185",
"202505","85177950","光通信设备的激光收发模块","133","韩国","34","海关特殊监管区域物流货物","44","广东省","0","千克","0","?","688",
"202505","85177950","光通信设备的激光收发模块","133","韩国","39","其他","31","上海市","11","千克","0","?","6,512",
"202505","85177950","光通信设备的激光收发模块","133","韩国","39","其他","32","江苏省","10","千克","0","?","62,297",
"202505","85177950","光通信设备的激光收发模块","134","斯里兰卡","10","一般贸易","31","上海市","1","千克","0","?","48",
"202505","85177950","光通信设备的激光收发模块","134","斯里兰卡","10","一般贸易","32","江苏省","131","千克","0","?","1,729",
"202505","85177950","光通信设备的激光收发模块","134","斯里兰卡","10","一般贸易","33","浙江省","1","千克","0","?","564",
"202505","85177950","光通信设备的激光收发模块","134","斯里兰卡","10","一般贸易","44","广东省","51","千克","0","?","56,156",
"202505","85177950","光通信设备的激光收发模块","134","斯里兰卡","33","保税监管场所进出境货物","44","广东省","3","千克","0","?","206",
"202505","85177950","光通信设备的激光收发模块","134","斯里兰卡","34","海关特殊监管区域物流货物","32","江苏省","0","千克","0","?","18",
"202505","85177950","光通信设备的激光收发模块","136","泰国","10","一般贸易","13","河北省","1","千克","0","?","16,383",
"202505","85177950","光通信设备的激光收发模块","136","泰国","10","一般贸易","31","上海市","513","千克","0","?","1,581,766",
"202505","85177950","光通信设备的激光收发模块","136","泰国","10","一般贸易","32","江苏省","989","千克","0","?","2,705,954",
"202505","85177950","光通信设备的激光收发模块","136","泰国","10","一般贸易","33","浙江省","50","千克","0","?","22,352",
"202505","85177950","光通信设备的激光收发模块","136","泰国","10","一般贸易","34","安徽省","380","千克","0","?","15,874",
"202505","85177950","光通信设备的激光收发模块","136","泰国","10","一般贸易","35","福建省","3","千克","0","?","3,791",
"202505","85177950","光通信设备的激光收发模块","136","泰国","10","一般贸易","37","山东省","32","千克","0","?","277,320",
"202505","85177950","光通信设备的激光收发模块","136","泰国","10","一般贸易","41","河南省","0","千克","0","?","138",
"202505","85177950","光通信设备的激光收发模块","136","泰国","10","一般贸易","42","湖北省","6290","千克","0","?","5,634,061",
"202505","85177950","光通信设备的激光收发模块","136","泰国","10","一般贸易","44","广东省","826","千克","0","?","633,700",
"202505","85177950","光通信设备的激光收发模块","136","泰国","10","一般贸易","46","海南省","0","千克","0","?","136",
"202505","85177950","光通信设备的激光收发模块","136","泰国","10","一般贸易","51","四川省","18333","千克","0","?","48,336,439",
"202505","85177950","光通信设备的激光收发模块","136","泰国","10","一般贸易","52","贵州省","10","千克","0","?","9,237",
"202505","85177950","光通信设备的激光收发模块","136","泰国","15","进料加工贸易","32","江苏省","193","千克","0","?","70,918",
"202505","85177950","光通信设备的激光收发模块","136","泰国","15","进料加工贸易","35","福建省","0","千克","0","?","726",
"202505","85177950","光通信设备的激光收发模块","136","泰国","15","进料加工贸易","44","广东省","2","千克","0","?","1,812",
"202505","85177950","光通信设备的激光收发模块","136","泰国","34","海关特殊监管区域物流货物","32","江苏省","472","千克","0","?","108,948",
"202505","85177950","光通信设备的激光收发模块","136","泰国","34","海关特殊监管区域物流货物","35","福建省","0","千克","0","?","418",
"202505","85177950","光通信设备的激光收发模块","136","泰国","34","海关特殊监管区域物流货物","44","广东省","0","千克","0","?","447",
"202505","85177950","光通信设备的激光收发模块","136","泰国","39","其他","32","江苏省","0","千克","0","?","2,139",
"202505","85177950","光通信设备的激光收发模块","137","土耳其","10","一般贸易","33","浙江省","0","千克","0","?","584",
"202505","85177950","光通信设备的激光收发模块","137","土耳其","10","一般贸易","35","福建省","18","千克","0","?","18,477",
"202505","85177950","光通信设备的激光收发模块","137","土耳其","10","一般贸易","36","江西省","1","千克","0","?","315",
"202505","85177950","光通信设备的激光收发模块","137","土耳其","10","一般贸易","37","山东省","9","千克","0","?","530",
"202505","85177950","光通信设备的激光收发模块","137","土耳其","10","一般贸易","42","湖北省","3","千克","0","?","18,277",
"202505","85177950","光通信设备的激光收发模块","137","土耳其","10","一般贸易","44","广东省","808","千克","0","?","751,343",
"202505","85177950","光通信设备的激光收发模块","137","土耳其","10","一般贸易","51","四川省","30","千克","0","?","11,456",
"202505","85177950","光通信设备的激光收发模块","137","土耳其","10","一般贸易","65","新疆维吾尔自治区","0","千克","0","?","34",
"202505","85177950","光通信设备的激光收发模块","137","土耳其","34","海关特殊监管区域物流货物","35","福建省","2","千克","0","?","3,213",
"202505","85177950","光通信设备的激光收发模块","138","阿联酋","10","一般贸易","31","上海市","1","千克","0","?","200",
"202505","85177950","光通信设备的激光收发模块","138","阿联酋","10","一般贸易","32","江苏省","1082","千克","0","?","155,635",
"202505","85177950","光通信设备的激光收发模块","138","阿联酋","10","一般贸易","33","浙江省","788","千克","0","?","64,611",
"202505","85177950","光通信设备的激光收发模块","138","阿联酋","10","一般贸易","35","福建省","3","千克","0","?","4,053",
"202505","85177950","光通信设备的激光收发模块","138","阿联酋","10","一般贸易","42","湖北省","949","千克","0","?","274,266",
"202505","85177950","光通信设备的激光收发模块","138","阿联酋","10","一般贸易","44","广东省","3074","千克","0","?","2,010,590",
"202505","85177950","光通信设备的激光收发模块","138","阿联酋","10","一般贸易","45","广西壮族自治区","0","千克","0","?","406",
"202505","85177950","光通信设备的激光收发模块","138","阿联酋","10","一般贸易","51","四川省","409","千克","0","?","7,654",
"202505","85177950","光通信设备的激光收发模块","138","阿联酋","10","一般贸易","52","贵州省","0","千克","0","?","22",
"202505","85177950","光通信设备的激光收发模块","138","阿联酋","10","一般贸易","61","陕西省","2","千克","0","?","683",
"202505","85177950","光通信设备的激光收发模块","138","阿联酋","15","进料加工贸易","44","广东省","1","千克","0","?","7,585",
"202505","85177950","光通信设备的激光收发模块","138","阿联酋","15","进料加工贸易","51","四川省","64","千克","0","?","12,241",
"202505","85177950","光通信设备的激光收发模块","138","阿联酋","33","保税监管场所进出境货物","44","广东省","23","千克","0","?","3,200",
"202505","85177950","光通信设备的激光收发模块","138","阿联酋","34","海关特殊监管区域物流货物","31","上海市","1","千克","0","?","15,454",
"202505","85177950","光通信设备的激光收发模块","138","阿联酋","34","海关特殊监管区域物流货物","32","江苏省","106","千克","0","?","35,771",
"202505","85177950","光通信设备的激光收发模块","138","阿联酋","39","其他","35","福建省","0","千克","0","?","43",
"202505","85177950","光通信设备的激光收发模块","139","也门","10","一般贸易","35","福建省","0","千克","0","?","508",
"202505","85177950","光通信设备的激光收发模块","139","也门","10","一般贸易","44","广东省","0","千克","0","?","393",
"202505","85177950","光通信设备的激光收发模块","141","越南","10","一般贸易","11","北京市","4","千克","0","?","3,447",
"202505","85177950","光通信设备的激光收发模块","141","越南","10","一般贸易","31","上海市","1912","千克","0","?","764,911",
"202505","85177950","光通信设备的激光收发模块","141","越南","10","一般贸易","32","江苏省","829","千克","0","?","177,004",
"202505","85177950","光通信设备的激光收发模块","141","越南","10","一般贸易","33","浙江省","24","千克","0","?","16,602",
"202505","85177950","光通信设备的激光收发模块","141","越南","10","一般贸易","35","福建省","7","千克","0","?","6,134",
"202505","85177950","光通信设备的激光收发模块","141","越南","10","一般贸易","37","山东省","263","千克","0","?","66,657",
"202505","85177950","光通信设备的激光收发模块","141","越南","10","一般贸易","42","湖北省","938","千克","0","?","94,797",
"202505","85177950","光通信设备的激光收发模块","141","越南","10","一般贸易","44","广东省","507","千克","0","?","827,957",
"202505","85177950","光通信设备的激光收发模块","141","越南","10","一般贸易","51","四川省","265","千克","0","?","784,598",
"202505","85177950","光通信设备的激光收发模块","141","越南","15","进料加工贸易","32","江苏省","19","千克","0","?","7,979",
"202505","85177950","光通信设备的激光收发模块","141","越南","15","进料加工贸易","44","广东省","0","千克","0","?","2,916",
"202505","85177950","光通信设备的激光收发模块","141","越南","15","进料加工贸易","51","四川省","508","千克","0","?","545,390",
"202505","85177950","光通信设备的激光收发模块","141","越南","19","边境小额贸易","45","广西壮族自治区","98","千克","0","?","109,501",
"202505","85177950","光通信设备的激光收发模块","141","越南","33","保税监管场所进出境货物","44","广东省","14","千克","0","?","3,637",
"202505","85177950","光通信设备的激光收发模块","141","越南","34","海关特殊监管区域物流货物","31","上海市","2","千克","0","?","1,360",
"202505","85177950","光通信设备的激光收发模块","141","越南","34","海关特殊监管区域物流货物","32","江苏省","27","千克","0","?","35,321",
"202505","85177950","光通信设备的激光收发模块","141","越南","34","海关特殊监管区域物流货物","35","福建省","2","千克","0","?","1,068",
"202505","85177950","光通信设备的激光收发模块","141","越南","34","海关特殊监管区域物流货物","45","广西壮族自治区","309","千克","0","?","278,622",
"202505","85177950","光通信设备的激光收发模块","143","中国台湾","10","一般贸易","12","天津市","61","千克","0","?","15,944",
"202505","85177950","光通信设备的激光收发模块","143","中国台湾","10","一般贸易","13","河北省","34","千克","0","?","8,814",
"202505","85177950","光通信设备的激光收发模块","143","中国台湾","10","一般贸易","31","上海市","52","千克","0","?","20,002",
"202505","85177950","光通信设备的激光收发模块","143","中国台湾","10","一般贸易","32","江苏省","421","千克","0","?","737,269",
"202505","85177950","光通信设备的激光收发模块","143","中国台湾","10","一般贸易","33","浙江省","2707","千克","0","?","5,921,118",
"202505","85177950","光通信设备的激光收发模块","143","中国台湾","10","一般贸易","34","安徽省","585","千克","0","?","2,307,862",
"202505","85177950","光通信设备的激光收发模块","143","中国台湾","10","一般贸易","35","福建省","8","千克","0","?","5,220",
"202505","85177950","光通信设备的激光收发模块","143","中国台湾","10","一般贸易","37","山东省","86","千克","0","?","45,426",
"202505","85177950","光通信设备的激光收发模块","143","中国台湾","10","一般贸易","42","湖北省","829","千克","0","?","376,736",
"202505","85177950","光通信设备的激光收发模块","143","中国台湾","10","一般贸易","43","湖南省","41","千克","0","?","27,623",
"202505","85177950","光通信设备的激光收发模块","143","中国台湾","10","一般贸易","44","广东省","5537","千克","0","?","6,510,916",
"202505","85177950","光通信设备的激光收发模块","143","中国台湾","10","一般贸易","51","四川省","265","千克","0","?","871,923",
"202505","85177950","光通信设备的激光收发模块","143","中国台湾","15","进料加工贸易","32","江苏省","30","千克","0","?","12,645",
"202505","85177950","光通信设备的激光收发模块","143","中国台湾","15","进料加工贸易","33","浙江省","2686","千克","0","?","3,126,646",
"202505","85177950","光通信设备的激光收发模块","143","中国台湾","15","进料加工贸易","35","福建省","6","千克","0","?","14,797",
"202505","85177950","光通信设备的激光收发模块","143","中国台湾","15","进料加工贸易","44","广东省","7","千克","0","?","3,329",
"202505","85177950","光通信设备的激光收发模块","143","中国台湾","15","进料加工贸易","51","四川省","9804","千克","0","?","9,353,359",
"202505","85177950","光通信设备的激光收发模块","143","中国台湾","34","海关特殊监管区域物流货物","32","江苏省","4","千克","0","?","1,430",
"202505","85177950","光通信设备的激光收发模块","145","哈萨克斯坦","10","一般贸易","21","辽宁省","4","千克","0","?","16,165",
"202505","85177950","光通信设备的激光收发模块","145","哈萨克斯坦","10","一般贸易","31","上海市","22","千克","0","?","19,383",
"202505","85177950","光通信设备的激光收发模块","145","哈萨克斯坦","10","一般贸易","33","浙江省","37","千克","0","?","120,093",
"202505","85177950","光通信设备的激光收发模块","145","哈萨克斯坦","10","一般贸易","35","福建省","23","千克","0","?","22,473",
"202505","85177950","光通信设备的激光收发模块","145","哈萨克斯坦","10","一般贸易","44","广东省","99","千克","0","?","40,490",
"202505","85177950","光通信设备的激光收发模块","145","哈萨克斯坦","34","海关特殊监管区域物流货物","61","陕西省","1","千克","0","?","831",
"202505","85177950","光通信设备的激光收发模块","146","吉尔吉斯斯坦","10","一般贸易","42","湖北省","188","千克","0","?","28,370",
"202505","85177950","光通信设备的激光收发模块","146","吉尔吉斯斯坦","10","一般贸易","44","广东省","91","千克","0","?","71,852",
"202505","85177950","光通信设备的激光收发模块","147","塔吉克斯坦","10","一般贸易","31","上海市","9","千克","0","?","6,852",
"202505","85177950","光通信设备的激光收发模块","148","土库曼斯坦","10","一般贸易","33","浙江省","5","千克","0","?","3,258",
"202505","85177950","光通信设备的激光收发模块","149","乌兹别克斯坦","10","一般贸易","31","上海市","22","千克","0","?","2,089",
"202505","85177950","光通信设备的激光收发模块","149","乌兹别克斯坦","10","一般贸易","42","湖北省","43","千克","0","?","6,557",
"202505","85177950","光通信设备的激光收发模块","149","乌兹别克斯坦","10","一般贸易","44","广东省","103","千克","0","?","331,004",
"202505","85177950","光通信设备的激光收发模块","149","乌兹别克斯坦","10","一般贸易","51","四川省","0","千克","0","?","31",
"202505","85177950","光通信设备的激光收发模块","149","乌兹别克斯坦","22","对外承包工程出口货物","11","北京市","2","千克","0","?","3,187",
"202505","85177950","光通信设备的激光收发模块","150","格鲁吉亚","10","一般贸易","31","上海市","4","千克","0","?","5,039",
"202505","85177950","光通信设备的激光收发模块","150","格鲁吉亚","10","一般贸易","42","湖北省","25","千克","0","?","20,357",
"202505","85177950","光通信设备的激光收发模块","150","格鲁吉亚","10","一般贸易","44","广东省","62","千克","0","?","44,492",
"202505","85177950","光通信设备的激光收发模块","151","亚美尼亚","10","一般贸易","33","浙江省","30","千克","0","?","17,565",
"202505","85177950","光通信设备的激光收发模块","151","亚美尼亚","10","一般贸易","44","广东省","8","千克","0","?","470",
"202505","85177950","光通信设备的激光收发模块","152","阿塞拜疆","10","一般贸易","31","上海市","2","千克","0","?","1,350",
"202505","85177950","光通信设备的激光收发模块","152","阿塞拜疆","10","一般贸易","33","浙江省","3","千克","0","?","1,479",
"202505","85177950","光通信设备的激光收发模块","152","阿塞拜疆","10","一般贸易","44","广东省","158","千克","0","?","30,362",
"202505","85177950","光通信设备的激光收发模块","152","阿塞拜疆","15","进料加工贸易","44","广东省","0","千克","0","?","5,767",
"202505","85177950","光通信设备的激光收发模块","201","阿尔及利亚","10","一般贸易","42","湖北省","4","千克","0","?","758",
"202505","85177950","光通信设备的激光收发模块","201","阿尔及利亚","10","一般贸易","44","广东省","882","千克","0","?","263,770",
"202505","85177950","光通信设备的激光收发模块","202","安哥拉","10","一般贸易","44","广东省","6","千克","0","?","2,208",
"202505","85177950","光通信设备的激光收发模块","202","安哥拉","22","对外承包工程出口货物","11","北京市","19","千克","0","?","14,473",
"202505","85177950","光通信设备的激光收发模块","203","贝宁","10","一般贸易","44","广东省","50","千克","0","?","144,990",
"202505","85177950","光通信设备的激光收发模块","204","博茨瓦纳","10","一般贸易","44","广东省","0","千克","0","?","151",
"202505","85177950","光通信设备的激光收发模块","206","喀麦隆","10","一般贸易","44","广东省","45","千克","0","?","58,283",
"202505","85177950","光通信设备的激光收发模块","209","中非","10","一般贸易","44","广东省","8","千克","0","?","2,094",
"202505","85177950","光通信设备的激光收发模块","215","埃及","10","一般贸易","33","浙江省","2","千克","0","?","690",
"202505","85177950","光通信设备的激光收发模块","215","埃及","10","一般贸易","35","福建省","0","千克","0","?","1,547",
"202505","85177950","光通信设备的激光收发模块","215","埃及","10","一般贸易","44","广东省","989","千克","0","?","169,351",
"202505","85177950","光通信设备的激光收发模块","215","埃及","34","海关特殊监管区域物流货物","32","江苏省","0","千克","0","?","16",
"202505","85177950","光通信设备的激光收发模块","216","赤道几内亚","10","一般贸易","44","广东省","0","千克","0","?","24",
"202505","85177950","光通信设备的激光收发模块","217","埃塞俄比亚","10","一般贸易","37","山东省","5","千克","0","?","198",
"202505","85177950","光通信设备的激光收发模块","217","埃塞俄比亚","10","一般贸易","44","广东省","26","千克","0","?","28,936",
"202505","85177950","光通信设备的激光收发模块","218","加蓬","10","一般贸易","44","广东省","32","千克","0","?","5,135",
"202505","85177950","光通信设备的激光收发模块","218","加蓬","11","国家间、国际组织无偿援助和赠送的物资","11","北京市","17","千克","0","?","463",
"202505","85177950","光通信设备的激光收发模块","220","加纳","10","一般贸易","44","广东省","120","千克","0","?","122,463",
"202505","85177950","光通信设备的激光收发模块","221","几内亚","10","一般贸易","11","北京市","6","千克","0","?","247,142",
"202505","85177950","光通信设备的激光收发模块","221","几内亚","10","一般贸易","44","广东省","1","千克","0","?","3,838",
"202505","85177950","光通信设备的激光收发模块","223","科特迪瓦","10","一般贸易","32","江苏省","148","千克","0","?","2,205",
"202505","85177950","光通信设备的激光收发模块","223","科特迪瓦","10","一般贸易","44","广东省","72","千克","0","?","206,770",
"202505","85177950","光通信设备的激光收发模块","223","科特迪瓦","22","对外承包工程出口货物","45","广西壮族自治区","1","千克","0","?","143",
"202505","85177950","光通信设备的激光收发模块","224","肯尼亚","10","一般贸易","31","上海市","8","千克","0","?","5,920",
"202505","85177950","光通信设备的激光收发模块","224","肯尼亚","10","一般贸易","33","浙江省","137","千克","0","?","2,918",
"202505","85177950","光通信设备的激光收发模块","224","肯尼亚","10","一般贸易","42","湖北省","136","千克","0","?","13,268",
"202505","85177950","光通信设备的激光收发模块","224","肯尼亚","10","一般贸易","44","广东省","17","千克","0","?","16,324",
"202505","85177950","光通信设备的激光收发模块","225","利比里亚","10","一般贸易","44","广东省","49","千克","0","?","4,818",
"202505","85177950","光通信设备的激光收发模块","225","利比里亚","33","保税监管场所进出境货物","37","山东省","290","千克","0","?","1,732",
"202505","85177950","光通信设备的激光收发模块","226","利比亚","10","一般贸易","33","浙江省","5","千克","0","?","3,507",
"202505","85177950","光通信设备的激光收发模块","226","利比亚","10","一般贸易","44","广东省","1","千克","0","?","99",
"202505","85177950","光通信设备的激光收发模块","227","马达加斯加","10","一般贸易","44","广东省","7","千克","0","?","4,324",
"202505","85177950","光通信设备的激光收发模块","228","马拉维","10","一般贸易","44","广东省","1","千克","0","?","431",
"202505","85177950","光通信设备的激光收发模块","229","马里","10","一般贸易","44","广东省","0","千克","0","?","7",
"202505","85177950","光通信设备的激光收发模块","230","毛里塔尼亚","10","一般贸易","44","广东省","7","千克","0","?","2,694",
"202505","85177950","光通信设备的激光收发模块","231","毛里求斯","10","一般贸易","32","江苏省","0","千克","0","?","18",
"202505","85177950","光通信设备的激光收发模块","231","毛里求斯","10","一般贸易","33","浙江省","2","千克","0","?","1,547",
"202505","85177950","光通信设备的激光收发模块","231","毛里求斯","10","一般贸易","44","广东省","6","千克","0","?","2,963",
"202505","85177950","光通信设备的激光收发模块","232","摩洛哥","10","一般贸易","33","浙江省","3","千克","0","?","3,144",
"202505","85177950","光通信设备的激光收发模块","232","摩洛哥","10","一般贸易","35","福建省","2","千克","0","?","2,552",
"202505","85177950","光通信设备的激光收发模块","232","摩洛哥","10","一般贸易","44","广东省","427","千克","0","?","172,365",
"202505","85177950","光通信设备的激光收发模块","232","摩洛哥","33","保税监管场所进出境货物","44","广东省","19","千克","0","?","2,242",
"202505","85177950","光通信设备的激光收发模块","233","莫桑比克","10","一般贸易","44","广东省","52","千克","0","?","9,722",
"202505","85177950","光通信设备的激光收发模块","234","纳米比亚","10","一般贸易","33","浙江省","0","千克","0","?","183",
"202505","85177950","光通信设备的激光收发模块","234","纳米比亚","10","一般贸易","44","广东省","0","千克","0","?","17",
"202505","85177950","光通信设备的激光收发模块","236","尼日利亚","10","一般贸易","32","江苏省","365","千克","0","?","5,053",
"202505","85177950","光通信设备的激光收发模块","236","尼日利亚","10","一般贸易","33","浙江省","216","千克","0","?","4,471",
"202505","85177950","光通信设备的激光收发模块","236","尼日利亚","10","一般贸易","35","福建省","13","千克","0","?","454",
"202505","85177950","光通信设备的激光收发模块","236","尼日利亚","10","一般贸易","37","山东省","0","千克","0","?","2",
"202505","85177950","光通信设备的激光收发模块","236","尼日利亚","10","一般贸易","42","湖北省","615","千克","0","?","11,046",
"202505","85177950","光通信设备的激光收发模块","236","尼日利亚","10","一般贸易","44","广东省","348","千克","0","?","1,143,753",
"202505","85177950","光通信设备的激光收发模块","236","尼日利亚","10","一般贸易","65","新疆维吾尔自治区","337","千克","0","?","4,785",
"202505","85177950","光通信设备的激光收发模块","236","尼日利亚","34","海关特殊监管区域物流货物","32","江苏省","1","千克","0","?","149",
"202505","85177950","光通信设备的激光收发模块","237","留尼汪","10","一般贸易","44","广东省","1","千克","0","?","531",
"202505","85177950","光通信设备的激光收发模块","238","卢旺达","10","一般贸易","44","广东省","4","千克","0","?","230,451",
"202505","85177950","光通信设备的激光收发模块","240","塞内加尔","10","一般贸易","44","广东省","0","千克","0","?","517",
"202505","85177950","光通信设备的激光收发模块","240","塞内加尔","10","一般贸易","65","新疆维吾尔自治区","179","千克","0","?","2,112",
"202505","85177950","光通信设备的激光收发模块","241","塞舌尔","10","一般贸易","44","广东省","0","千克","0","?","22",
"202505","85177950","光通信设备的激光收发模块","242","塞拉利昂","10","一般贸易","44","广东省","1","千克","0","?","1,423",
"202505","85177950","光通信设备的激光收发模块","243","索马里","10","一般贸易","42","湖北省","0","千克","0","?","1,012",
"202505","85177950","光通信设备的激光收发模块","244","南非","10","一般贸易","32","江苏省","4","千克","0","?","2,211",
"202505","85177950","光通信设备的激光收发模块","244","南非","10","一般贸易","33","浙江省","5","千克","0","?","9,394",
"202505","85177950","光通信设备的激光收发模块","244","南非","10","一般贸易","35","福建省","4","千克","0","?","179",
"202505","85177950","光通信设备的激光收发模块","244","南非","10","一般贸易","37","山东省","0","千克","0","?","33",
"202505","85177950","光通信设备的激光收发模块","244","南非","10","一般贸易","44","广东省","558","千克","0","?","348,943",
"202505","85177950","光通信设备的激光收发模块","244","南非","10","一般贸易","51","四川省","0","千克","0","?","194",
"202505","85177950","光通信设备的激光收发模块","244","南非","10","一般贸易","52","贵州省","7","千克","0","?","10,330",
"202505","85177950","光通信设备的激光收发模块","244","南非","15","进料加工贸易","44","广东省","0","千克","0","?","99",
"202505","85177950","光通信设备的激光收发模块","244","南非","34","海关特殊监管区域物流货物","32","江苏省","0","千克","0","?","72",
"202505","85177950","光通信设备的激光收发模块","247","坦桑尼亚","10","一般贸易","33","浙江省","162","千克","0","?","11,850",
"202505","85177950","光通信设备的激光收发模块","247","坦桑尼亚","10","一般贸易","44","广东省","12","千克","0","?","7,239",
"202505","85177950","光通信设备的激光收发模块","247","坦桑尼亚","10","一般贸易","65","新疆维吾尔自治区","96","千克","0","?","1,373",
"202505","85177950","光通信设备的激光收发模块","248","多哥","10","一般贸易","44","广东省","0","千克","0","?","2,392",
"202505","85177950","光通信设备的激光收发模块","249","突尼斯","10","一般贸易","35","福建省","0","千克","0","?","402",
"202505","85177950","光通信设备的激光收发模块","249","突尼斯","10","一般贸易","44","广东省","2","千克","0","?","2,896",
"202505","85177950","光通信设备的激光收发模块","250","乌干达","10","一般贸易","33","浙江省","1","千克","0","?","928",
"202505","85177950","光通信设备的激光收发模块","250","乌干达","10","一般贸易","44","广东省","6","千克","0","?","17,306",
"202505","85177950","光通信设备的激光收发模块","251","布基纳法索","10","一般贸易","44","广东省","0","千克","0","?","194",
"202505","85177950","光通信设备的激光收发模块","252","刚果民主共和国","10","一般贸易","11","北京市","20","千克","0","?","236",
"202505","85177950","光通信设备的激光收发模块","252","刚果民主共和国","10","一般贸易","31","上海市","9","千克","0","?","877",
"202505","85177950","光通信设备的激光收发模块","252","刚果民主共和国","10","一般贸易","44","广东省","17","千克","0","?","7,092",
"202505","85177950","光通信设备的激光收发模块","253","赞比亚","10","一般贸易","11","北京市","5","千克","0","?","1,416",
"202505","85177950","光通信设备的激光收发模块","253","赞比亚","10","一般贸易","42","湖北省","147","千克","0","?","3,028",
"202505","85177950","光通信设备的激光收发模块","253","赞比亚","10","一般贸易","44","广东省","2","千克","0","?","77,652",
"202505","85177950","光通信设备的激光收发模块","254","津巴布韦","10","一般贸易","42","湖北省","179","千克","0","?","3,133",
"202505","85177950","光通信设备的激光收发模块","254","津巴布韦","10","一般贸易","44","广东省","22","千克","0","?","14,329",
"202505","85177950","光通信设备的激光收发模块","257","斯威士兰","10","一般贸易","44","广东省","12","千克","0","?","2,010",
"202505","85177950","光通信设备的激光收发模块","301","比利时","10","一般贸易","31","上海市","68","千克","0","?","244,642",
"202505","85177950","光通信设备的激光收发模块","301","比利时","10","一般贸易","32","江苏省","3","千克","0","?","324",
"202505","85177950","光通信设备的激光收发模块","301","比利时","10","一般贸易","33","浙江省","0","千克","0","?","44",
"202505","85177950","光通信设备的激光收发模块","301","比利时","10","一般贸易","34","安徽省","721","千克","0","?","90,386",
"202505","85177950","光通信设备的激光收发模块","301","比利时","10","一般贸易","37","山东省","36","千克","0","?","2,800",
"202505","85177950","光通信设备的激光收发模块","301","比利时","10","一般贸易","42","湖北省","361","千克","0","?","278,428",
"202505","85177950","光通信设备的激光收发模块","301","比利时","10","一般贸易","44","广东省","126","千克","0","?","53,055",
"202505","85177950","光通信设备的激光收发模块","301","比利时","10","一般贸易","51","四川省","6","千克","0","?","16,851",
"202505","85177950","光通信设备的激光收发模块","301","比利时","10","一般贸易","65","新疆维吾尔自治区","8","千克","0","?","329",
"202505","85177950","光通信设备的激光收发模块","301","比利时","15","进料加工贸易","32","江苏省","195","千克","0","?","90,467",
"202505","85177950","光通信设备的激光收发模块","302","丹麦","10","一般贸易","31","上海市","1","千克","0","?","13,779",
"202505","85177950","光通信设备的激光收发模块","302","丹麦","10","一般贸易","32","江苏省","0","千克","0","?","3,159",
"202505","85177950","光通信设备的激光收发模块","302","丹麦","10","一般贸易","35","福建省","1","千克","0","?","16",
"202505","85177950","光通信设备的激光收发模块","302","丹麦","10","一般贸易","42","湖北省","351","千克","0","?","144,847",
"202505","85177950","光通信设备的激光收发模块","302","丹麦","10","一般贸易","44","广东省","177","千克","0","?","112,755",
"202505","85177950","光通信设备的激光收发模块","302","丹麦","10","一般贸易","51","四川省","211","千克","0","?","141,736",
"202505","85177950","光通信设备的激光收发模块","302","丹麦","15","进料加工贸易","32","江苏省","0","千克","0","?","94",
"202505","85177950","光通信设备的激光收发模块","303","英国","10","一般贸易","31","上海市","75","千克","0","?","268,590",
"202505","85177950","光通信设备的激光收发模块","303","英国","10","一般贸易","32","江苏省","62","千克","0","?","202,267",
"202505","85177950","光通信设备的激光收发模块","303","英国","10","一般贸易","33","浙江省","60","千克","0","?","50,255",
"202505","85177950","光通信设备的激光收发模块","303","英国","10","一般贸易","35","福建省","1","千克","0","?","2,200",
"202505","85177950","光通信设备的激光收发模块","303","英国","10","一般贸易","37","山东省","14","千克","0","?","3,090",
"202505","85177950","光通信设备的激光收发模块","303","英国","10","一般贸易","42","湖北省","1154","千克","0","?","1,676,861",
"202505","85177950","光通信设备的激光收发模块","303","英国","10","一般贸易","44","广东省","2975","千克","0","?","1,443,440",
"202505","85177950","光通信设备的激光收发模块","303","英国","10","一般贸易","51","四川省","79","千克","0","?","100,894",
"202505","85177950","光通信设备的激光收发模块","303","英国","15","进料加工贸易","32","江苏省","135","千克","0","?","51,084",
"202505","85177950","光通信设备的激光收发模块","303","英国","15","进料加工贸易","44","广东省","0","千克","0","?","5,073",
"202505","85177950","光通信设备的激光收发模块","303","英国","15","进料加工贸易","51","四川省","79","千克","0","?","229,412",
"202505","85177950","光通信设备的激光收发模块","303","英国","33","保税监管场所进出境货物","33","浙江省","2","千克","0","?","261",
"202505","85177950","光通信设备的激光收发模块","303","英国","33","保税监管场所进出境货物","44","广东省","7","千克","0","?","35",
"202505","85177950","光通信设备的激光收发模块","303","英国","34","海关特殊监管区域物流货物","44","广东省","36","千克","0","?","20,121",
"202505","85177950","光通信设备的激光收发模块","304","德国","10","一般贸易","11","北京市","12","千克","0","?","3,762",
"202505","85177950","光通信设备的激光收发模块","304","德国","10","一般贸易","31","上海市","11","千克","0","?","18,299",
"202505","85177950","光通信设备的激光收发模块","304","德国","10","一般贸易","32","江苏省","217","千克","0","?","321,948",
"202505","85177950","光通信设备的激光收发模块","304","德国","10","一般贸易","33","浙江省","90","千克","0","?","163,823",
"202505","85177950","光通信设备的激光收发模块","304","德国","10","一般贸易","34","安徽省","1","千克","0","?","40,000",
"202505","85177950","光通信设备的激光收发模块","304","德国","10","一般贸易","35","福建省","0","千克","0","?","478",
"202505","85177950","光通信设备的激光收发模块","304","德国","10","一般贸易","37","山东省","38","千克","0","?","21,789",
"202505","85177950","光通信设备的激光收发模块","304","德国","10","一般贸易","41","河南省","2","千克","0","?","1,570",
"202505","85177950","光通信设备的激光收发模块","304","德国","10","一般贸易","42","湖北省","1067","千克","0","?","1,074,196",
"202505","85177950","光通信设备的激光收发模块","304","德国","10","一般贸易","44","广东省","2475","千克","0","?","1,748,385",
"202505","85177950","光通信设备的激光收发模块","304","德国","10","一般贸易","51","四川省","1985","千克","0","?","778,575",
"202505","85177950","光通信设备的激光收发模块","304","德国","15","进料加工贸易","32","江苏省","125","千克","0","?","834,974",
"202505","85177950","光通信设备的激光收发模块","304","德国","15","进料加工贸易","44","广东省","0","千克","0","?","9,869",
"202505","85177950","光通信设备的激光收发模块","304","德国","15","进料加工贸易","51","四川省","1","千克","0","?","1,766",
"202505","85177950","光通信设备的激光收发模块","304","德国","34","海关特殊监管区域物流货物","42","湖北省","1325","千克","0","?","2,097,082",
"202505","85177950","光通信设备的激光收发模块","304","德国","34","海关特殊监管区域物流货物","44","广东省","194","千克","0","?","277,787",
"202505","85177950","光通信设备的激光收发模块","305","法国","10","一般贸易","31","上海市","15","千克","0","?","1,879",
"202505","85177950","光通信设备的激光收发模块","305","法国","10","一般贸易","32","江苏省","4","千克","0","?","3,097",
"202505","85177950","光通信设备的激光收发模块","305","法国","10","一般贸易","33","浙江省","3","千克","0","?","4,055",
"202505","85177950","光通信设备的激光收发模块","305","法国","10","一般贸易","35","福建省","23","千克","0","?","12,464",
"202505","85177950","光通信设备的激光收发模块","305","法国","10","一般贸易","37","山东省","2","千克","0","?","464",
"202505","85177950","光通信设备的激光收发模块","305","法国","10","一般贸易","41","河南省","0","千克","0","?","16",
"202505","85177950","光通信设备的激光收发模块","305","法国","10","一般贸易","42","湖北省","18","千克","0","?","47,180",
"202505","85177950","光通信设备的激光收发模块","305","法国","10","一般贸易","44","广东省","1077","千克","0","?","1,239,481",
"202505","85177950","光通信设备的激光收发模块","305","法国","10","一般贸易","51","四川省","593","千克","0","?","296,151",
"202505","85177950","光通信设备的激光收发模块","305","法国","10","一般贸易","52","贵州省","0","千克","0","?","161",
"202505","85177950","光通信设备的激光收发模块","305","法国","10","一般贸易","61","陕西省","0","千克","0","?","236",
"202505","85177950","光通信设备的激光收发模块","305","法国","10","一般贸易","65","新疆维吾尔自治区","0","千克","0","?","34",
"202505","85177950","光通信设备的激光收发模块","305","法国","15","进料加工贸易","32","江苏省","3","千克","0","?","17,728",
"202505","85177950","光通信设备的激光收发模块","305","法国","15","进料加工贸易","51","四川省","4","千克","0","?","25,055",
"202505","85177950","光通信设备的激光收发模块","306","爱尔兰","10","一般贸易","21","辽宁省","3","千克","0","?","25,333",
"202505","85177950","光通信设备的激光收发模块","306","爱尔兰","10","一般贸易","32","江苏省","7792","千克","0","?","21,534,400",
"202505","85177950","光通信设备的激光收发模块","306","爱尔兰","10","一般贸易","33","浙江省","2","千克","0","?","8,139",
"202505","85177950","光通信设备的激光收发模块","306","爱尔兰","10","一般贸易","42","湖北省","0","千克","0","?","190",
"202505","85177950","光通信设备的激光收发模块","306","爱尔兰","10","一般贸易","44","广东省","71","千克","0","?","137,080",
"202505","85177950","光通信设备的激光收发模块","306","爱尔兰","10","一般贸易","51","四川省","45","千克","0","?","267,150",
"202505","85177950","光通信设备的激光收发模块","306","爱尔兰","10","一般贸易","52","贵州省","116","千克","0","?","324,215",
"202505","85177950","光通信设备的激光收发模块","306","爱尔兰","15","进料加工贸易","32","江苏省","8145","千克","0","?","1,418,790",
"202505","85177950","光通信设备的激光收发模块","306","爱尔兰","15","进料加工贸易","33","浙江省","1236","千克","0","?","945,367",
"202505","85177950","光通信设备的激光收发模块","306","爱尔兰","34","海关特殊监管区域物流货物","32","江苏省","2","千克","0","?","427",
"202505","85177950","光通信设备的激光收发模块","307","意大利","10","一般贸易","31","上海市","2","千克","0","?","16,426",
"202505","85177950","光通信设备的激光收发模块","307","意大利","10","一般贸易","32","江苏省","6","千克","0","?","12,685",
"202505","85177950","光通信设备的激光收发模块","307","意大利","10","一般贸易","33","浙江省","56","千克","0","?","16,182",
"202505","85177950","光通信设备的激光收发模块","307","意大利","10","一般贸易","35","福建省","0","千克","0","?","1,100",
"202505","85177950","光通信设备的激光收发模块","307","意大利","10","一般贸易","37","山东省","1","千克","0","?","208",
"202505","85177950","光通信设备的激光收发模块","307","意大利","10","一般贸易","42","湖北省","3","千克","0","?","14,330",
"202505","85177950","光通信设备的激光收发模块","307","意大利","10","一般贸易","44","广东省","216","千克","0","?","297,828",
"202505","85177950","光通信设备的激光收发模块","307","意大利","10","一般贸易","51","四川省","1","千克","0","?","6,380",
"202505","85177950","光通信设备的激光收发模块","307","意大利","10","一般贸易","65","新疆维吾尔自治区","8","千克","0","?","138",
"202505","85177950","光通信设备的激光收发模块","307","意大利","15","进料加工贸易","32","江苏省","1","千克","0","?","8,053",
"202505","85177950","光通信设备的激光收发模块","307","意大利","15","进料加工贸易","51","四川省","0","千克","0","?","720",
"202505","85177950","光通信设备的激光收发模块","307","意大利","33","保税监管场所进出境货物","44","广东省","10","千克","0","?","142",
"202505","85177950","光通信设备的激光收发模块","308","卢森堡","10","一般贸易","42","湖北省","186","千克","0","?","79,782",
"202505","85177950","光通信设备的激光收发模块","309","荷兰","10","一般贸易","12","天津市","50","千克","0","?","23,337",
"202505","85177950","光通信设备的激光收发模块","309","荷兰","10","一般贸易","31","上海市","126","千克","0","?","107,944",
"202505","85177950","光通信设备的激光收发模块","309","荷兰","10","一般贸易","32","江苏省","150","千克","0","?","285,327",
"202505","85177950","光通信设备的激光收发模块","309","荷兰","10","一般贸易","33","浙江省","289","千克","0","?","509,537",
"202505","85177950","光通信设备的激光收发模块","309","荷兰","10","一般贸易","37","山东省","0","千克","0","?","12",
"202505","85177950","光通信设备的激光收发模块","309","荷兰","10","一般贸易","42","湖北省","4660","千克","0","?","3,339,791",
"202505","85177950","光通信设备的激光收发模块","309","荷兰","10","一般贸易","44","广东省","6246","千克","0","?","13,588,403",
"202505","85177950","光通信设备的激光收发模块","309","荷兰","10","一般贸易","51","四川省","1722","千克","0","?","3,137,414",
"202505","85177950","光通信设备的激光收发模块","309","荷兰","10","一般贸易","61","陕西省","1","千克","0","?","409",
"202505","85177950","光通信设备的激光收发模块","309","荷兰","15","进料加工贸易","32","江苏省","318","千克","0","?","939,153",
"202505","85177950","光通信设备的激光收发模块","309","荷兰","15","进料加工贸易","51","四川省","213","千克","0","?","224,784",
"202505","85177950","光通信设备的激光收发模块","309","荷兰","34","海关特殊监管区域物流货物","32","江苏省","10","千克","0","?","116,341",
"202505","85177950","光通信设备的激光收发模块","310","希腊","10","一般贸易","31","上海市","0","千克","0","?","348",
"202505","85177950","光通信设备的激光收发模块","310","希腊","10","一般贸易","32","江苏省","10","千克","0","?","3,800",
"202505","85177950","光通信设备的激光收发模块","310","希腊","10","一般贸易","35","福建省","8","千克","0","?","2,200",
"202505","85177950","光通信设备的激光收发模块","310","希腊","10","一般贸易","37","山东省","0","千克","0","?","72",
"202505","85177950","光通信设备的激光收发模块","310","希腊","10","一般贸易","42","湖北省","3","千克","0","?","1,737",
"202505","85177950","光通信设备的激光收发模块","310","希腊","10","一般贸易","44","广东省","23","千克","0","?","10,966",
"202505","85177950","光通信设备的激光收发模块","311","葡萄牙","10","一般贸易","11","北京市","0","千克","0","?","1,096",
"202505","85177950","光通信设备的激光收发模块","311","葡萄牙","10","一般贸易","33","浙江省","25","千克","0","?","9,260",
"202505","85177950","光通信设备的激光收发模块","311","葡萄牙","10","一般贸易","42","湖北省","0","千克","0","?","2,536",
"202505","85177950","光通信设备的激光收发模块","311","葡萄牙","10","一般贸易","43","湖南省","1","千克","0","?","1,568",
"202505","85177950","光通信设备的激光收发模块","311","葡萄牙","10","一般贸易","44","广东省","25","千克","0","?","11,346",
"202505","85177950","光通信设备的激光收发模块","312","西班牙","10","一般贸易","31","上海市","2","千克","0","?","550",
"202505","85177950","光通信设备的激光收发模块","312","西班牙","10","一般贸易","33","浙江省","53","千克","0","?","88,277",
"202505","85177950","光通信设备的激光收发模块","312","西班牙","10","一般贸易","35","福建省","40","千克","0","?","23,743",
"202505","85177950","光通信设备的激光收发模块","312","西班牙","10","一般贸易","37","山东省","1","千克","0","?","87",
"202505","85177950","光通信设备的激光收发模块","312","西班牙","10","一般贸易","43","湖南省","0","千克","0","?","740",
"202505","85177950","光通信设备的激光收发模块","312","西班牙","10","一般贸易","44","广东省","334","千克","0","?","198,756",
"202505","85177950","光通信设备的激光收发模块","312","西班牙","10","一般贸易","61","陕西省","0","千克","0","?","207",
"202505","85177950","光通信设备的激光收发模块","312","西班牙","33","保税监管场所进出境货物","44","广东省","3","千克","0","?","286",
"202505","85177950","光通信设备的激光收发模块","312","西班牙","34","海关特殊监管区域物流货物","32","江苏省","0","千克","0","?","303",
"202505","85177950","光通信设备的激光收发模块","313","阿尔巴尼亚","10","一般贸易","42","湖北省","2","千克","0","?","4,213",
"202505","85177950","光通信设备的激光收发模块","313","阿尔巴尼亚","10","一般贸易","44","广东省","1","千克","0","?","1,060",
"202505","85177950","光通信设备的激光收发模块","315","奥地利","10","一般贸易","31","上海市","2","千克","0","?","1,693",
"202505","85177950","光通信设备的激光收发模块","315","奥地利","10","一般贸易","42","湖北省","1","千克","0","?","11,180",
"202505","85177950","光通信设备的激光收发模块","315","奥地利","10","一般贸易","44","广东省","78","千克","0","?","18,882",
"202505","85177950","光通信设备的激光收发模块","316","保加利亚","10","一般贸易","31","上海市","14","千克","0","?","4,420",
"202505","85177950","光通信设备的激光收发模块","316","保加利亚","10","一般贸易","35","福建省","0","千克","0","?","129",
"202505","85177950","光通信设备的激光收发模块","316","保加利亚","10","一般贸易","42","湖北省","1","千克","0","?","22,600",
"202505","85177950","光通信设备的激光收发模块","316","保加利亚","10","一般贸易","44","广东省","4","千克","0","?","5,315",
"202505","85177950","光通信设备的激光收发模块","316","保加利亚","10","一般贸易","51","四川省","28","千克","0","?","12,086",
"202505","85177950","光通信设备的激光收发模块","316","保加利亚","33","保税监管场所进出境货物","44","广东省","0","千克","0","?","571",
"202505","85177950","光通信设备的激光收发模块","318","芬兰","10","一般贸易","33","浙江省","32","千克","0","?","27,243",
"202505","85177950","光通信设备的激光收发模块","318","芬兰","10","一般贸易","42","湖北省","121","千克","0","?","131,594",
"202505","85177950","光通信设备的激光收发模块","318","芬兰","10","一般贸易","44","广东省","171","千克","0","?","186,510",
"202505","85177950","光通信设备的激光收发模块","318","芬兰","15","进料加工贸易","33","浙江省","9","千克","0","?","7,810",
"202505","85177950","光通信设备的激光收发模块","318","芬兰","34","海关特殊监管区域物流货物","32","江苏省","30","千克","0","?","12,630",
"202505","85177950","光通信设备的激光收发模块","321","匈牙利","10","一般贸易","11","北京市","23","千克","0","?","3,893",
"202505","85177950","光通信设备的激光收发模块","321","匈牙利","10","一般贸易","32","江苏省","0","千克","0","?","40",
"202505","85177950","光通信设备的激光收发模块","321","匈牙利","10","一般贸易","33","浙江省","8","千克","0","?","1,901",
"202505","85177950","光通信设备的激光收发模块","321","匈牙利","10","一般贸易","37","山东省","36","千克","0","?","4,887",
"202505","85177950","光通信设备的激光收发模块","321","匈牙利","10","一般贸易","44","广东省","4924","千克","0","?","4,564,911",
"202505","85177950","光通信设备的激光收发模块","321","匈牙利","10","一般贸易","50","重庆市","4","千克","0","?","37,952",
"202505","85177950","光通信设备的激光收发模块","321","匈牙利","10","一般贸易","65","新疆维吾尔自治区","0","千克","0","?","24",
"202505","85177950","光通信设备的激光收发模块","321","匈牙利","15","进料加工贸易","51","四川省","0","千克","0","?","9,152",
"202505","85177950","光通信设备的激光收发模块","321","匈牙利","33","保税监管场所进出境货物","44","广东省","8","千克","0","?","86,653",
"202505","85177950","光通信设备的激光收发模块","324","马耳他","10","一般贸易","33","浙江省","3","千克","0","?","2,460",
"202505","85177950","光通信设备的激光收发模块","326","挪威","10","一般贸易","11","北京市","61","千克","0","?","107,307",
"202505","85177950","光通信设备的激光收发模块","326","挪威","10","一般贸易","32","江苏省","1","千克","0","?","12,014",
"202505","85177950","光通信设备的激光收发模块","326","挪威","10","一般贸易","33","浙江省","26","千克","0","?","11,214",
"202505","85177950","光通信设备的激光收发模块","326","挪威","10","一般贸易","37","山东省","0","千克","0","?","8",
"202505","85177950","光通信设备的激光收发模块","326","挪威","10","一般贸易","42","湖北省","322","千克","0","?","437,273",
"202505","85177950","光通信设备的激光收发模块","326","挪威","10","一般贸易","44","广东省","208","千克","0","?","135,963",
"202505","85177950","光通信设备的激光收发模块","326","挪威","10","一般贸易","51","四川省","71","千克","0","?","123,296",
"202505","85177950","光通信设备的激光收发模块","326","挪威","10","一般贸易","65","新疆维吾尔自治区","0","千克","0","?","3",
"202505","85177950","光通信设备的激光收发模块","326","挪威","15","进料加工贸易","32","江苏省","10","千克","0","?","174,145",
"202505","85177950","光通信设备的激光收发模块","327","波兰","10","一般贸易","31","上海市","58","千克","0","?","163,890",
"202505","85177950","光通信设备的激光收发模块","327","波兰","10","一般贸易","33","浙江省","32","千克","0","?","49,414",
"202505","85177950","光通信设备的激光收发模块","327","波兰","10","一般贸易","34","安徽省","81","千克","0","?","20,747",
"202505","85177950","光通信设备的激光收发模块","327","波兰","10","一般贸易","42","湖北省","255","千克","0","?","88,481",
"202505","85177950","光通信设备的激光收发模块","327","波兰","10","一般贸易","44","广东省","508","千克","0","?","118,249",
"202505","85177950","光通信设备的激光收发模块","327","波兰","10","一般贸易","51","四川省","28","千克","0","?","25,723",
"202505","85177950","光通信设备的激光收发模块","327","波兰","10","一般贸易","65","新疆维吾尔自治区","82","千克","0","?","5,682",
"202505","85177950","光通信设备的激光收发模块","327","波兰","15","进料加工贸易","32","江苏省","11","千克","0","?","194,842",
"202505","85177950","光通信设备的激光收发模块","328","罗马尼亚","10","一般贸易","33","浙江省","34","千克","0","?","13,903",
"202505","85177950","光通信设备的激光收发模块","328","罗马尼亚","10","一般贸易","41","河南省","66","千克","0","?","89,535",
"202505","85177950","光通信设备的激光收发模块","328","罗马尼亚","10","一般贸易","44","广东省","73","千克","0","?","17,079",
"202505","85177950","光通信设备的激光收发模块","328","罗马尼亚","10","一般贸易","51","四川省","2","千克","0","?","4,660",
"202505","85177950","光通信设备的激光收发模块","328","罗马尼亚","15","进料加工贸易","32","江苏省","4","千克","0","?","17,862",
"202505","85177950","光通信设备的激光收发模块","328","罗马尼亚","15","进料加工贸易","44","广东省","0","千克","0","?","41,560",
"202505","85177950","光通信设备的激光收发模块","330","瑞典","10","一般贸易","31","上海市","1","千克","0","?","720",
"202505","85177950","光通信设备的激光收发模块","330","瑞典","10","一般贸易","32","江苏省","0","千克","0","?","996",
"202505","85177950","光通信设备的激光收发模块","330","瑞典","10","一般贸易","42","湖北省","854","千克","0","?","442,441",
"202505","85177950","光通信设备的激光收发模块","330","瑞典","10","一般贸易","44","广东省","618","千克","0","?","180,028",
"202505","85177950","光通信设备的激光收发模块","330","瑞典","10","一般贸易","51","四川省","1144","千克","0","?","367,873",
"202505","85177950","光通信设备的激光收发模块","330","瑞典","15","进料加工贸易","51","四川省","10","千克","0","?","23,206",
"202505","85177950","光通信设备的激光收发模块","330","瑞典","34","海关特殊监管区域物流货物","32","江苏省","0","千克","0","?","78",
"202505","85177950","光通信设备的激光收发模块","331","瑞士","10","一般贸易","21","辽宁省","57","千克","0","?","122,438",
"202505","85177950","光通信设备的激光收发模块","331","瑞士","10","一般贸易","32","江苏省","0","千克","0","?","51",
"202505","85177950","光通信设备的激光收发模块","331","瑞士","10","一般贸易","33","浙江省","0","千克","0","?","73",
"202505","85177950","光通信设备的激光收发模块","331","瑞士","10","一般贸易","37","山东省","17","千克","0","?","866",
"202505","85177950","光通信设备的激光收发模块","331","瑞士","10","一般贸易","42","湖北省","275","千克","0","?","208,254",
"202505","85177950","光通信设备的激光收发模块","331","瑞士","10","一般贸易","44","广东省","71","千克","0","?","36,232",
"202505","85177950","光通信设备的激光收发模块","331","瑞士","10","一般贸易","61","陕西省","0","千克","0","?","207",
"202505","85177950","光通信设备的激光收发模块","334","爱沙尼亚","10","一般贸易","33","浙江省","2","千克","0","?","990",
"202505","85177950","光通信设备的激光收发模块","334","爱沙尼亚","10","一般贸易","43","湖南省","1","千克","0","?","1,800",
"202505","85177950","光通信设备的激光收发模块","334","爱沙尼亚","10","一般贸易","44","广东省","5","千克","0","?","2,508",
"202505","85177950","光通信设备的激光收发模块","335","拉脱维亚","10","一般贸易","31","上海市","7","千克","0","?","2,740",
"202505","85177950","光通信设备的激光收发模块","335","拉脱维亚","10","一般贸易","32","江苏省","0","千克","0","?","2,520",
"202505","85177950","光通信设备的激光收发模块","335","拉脱维亚","10","一般贸易","43","湖南省","12","千克","0","?","1,643",
"202505","85177950","光通信设备的激光收发模块","335","拉脱维亚","10","一般贸易","44","广东省","1263","千克","0","?","667,026",
"202505","85177950","光通信设备的激光收发模块","335","拉脱维亚","10","一般贸易","51","四川省","12","千克","0","?","6,592",
"202505","85177950","光通信设备的激光收发模块","336","立陶宛","10","一般贸易","44","广东省","75","千克","0","?","8,963",
"202505","85177950","光通信设备的激光收发模块","336","立陶宛","33","保税监管场所进出境货物","44","广东省","7","千克","0","?","724",
"202505","85177950","光通信设备的激光收发模块","340","白俄罗斯","10","一般贸易","31","上海市","0","千克","0","?","172",
"202505","85177950","光通信设备的激光收发模块","340","白俄罗斯","10","一般贸易","44","广东省","22","千克","0","?","1,684",
"202505","85177950","光通信设备的激光收发模块","343","摩尔多瓦","10","一般贸易","44","广东省","66","千克","0","?","5,285",
"202505","85177950","光通信设备的激光收发模块","343","摩尔多瓦","10","一般贸易","65","新疆维吾尔自治区","5","千克","0","?","1,580",
"202505","85177950","光通信设备的激光收发模块","344","俄罗斯","10","一般贸易","11","北京市","35","千克","0","?","55,683",
"202505","85177950","光通信设备的激光收发模块","344","俄罗斯","10","一般贸易","22","吉林省","9","千克","0","?","11,664",
"202505","85177950","光通信设备的激光收发模块","344","俄罗斯","10","一般贸易","23","黑龙江省","0","千克","0","?","79",
"202505","85177950","光通信设备的激光收发模块","344","俄罗斯","10","一般贸易","31","上海市","832","千克","0","?","268,870",
"202505","85177950","光通信设备的激光收发模块","344","俄罗斯","10","一般贸易","32","江苏省","234","千克","0","?","941,263",
"202505","85177950","光通信设备的激光收发模块","344","俄罗斯","10","一般贸易","33","浙江省","1","千克","0","?","722",
"202505","85177950","光通信设备的激光收发模块","344","俄罗斯","10","一般贸易","34","安徽省","1257","千克","0","?","240,359",
"202505","85177950","光通信设备的激光收发模块","344","俄罗斯","10","一般贸易","35","福建省","118","千克","0","?","589",
"202505","85177950","光通信设备的激光收发模块","344","俄罗斯","10","一般贸易","42","湖北省","683","千克","0","?","3,999,664",
"202505","85177950","光通信设备的激光收发模块","344","俄罗斯","10","一般贸易","44","广东省","4237","千克","0","?","1,810,203",
"202505","85177950","光通信设备的激光收发模块","344","俄罗斯","10","一般贸易","51","四川省","26","千克","0","?","6,028",
"202505","85177950","光通信设备的激光收发模块","344","俄罗斯","34","海关特殊监管区域物流货物","23","黑龙江省","8","千克","0","?","2,920",
"202505","85177950","光通信设备的激光收发模块","344","俄罗斯","34","海关特殊监管区域物流货物","31","上海市","10","千克","0","?","960",
"202505","85177950","光通信设备的激光收发模块","344","俄罗斯","34","海关特殊监管区域物流货物","42","湖北省","219","千克","0","?","56,342",
"202505","85177950","光通信设备的激光收发模块","344","俄罗斯","34","海关特殊监管区域物流货物","44","广东省","50","千克","0","?","6,192",
"202505","85177950","光通信设备的激光收发模块","344","俄罗斯","39","其他","44","广东省","13","千克","0","?","46",
"202505","85177950","光通信设备的激光收发模块","347","乌克兰","10","一般贸易","44","广东省","387","千克","0","?","433,077",
"202505","85177950","光通信设备的激光收发模块","350","斯洛文尼亚","10","一般贸易","31","上海市","1","千克","0","?","1,302",
"202505","85177950","光通信设备的激光收发模块","350","斯洛文尼亚","10","一般贸易","44","广东省","36","千克","0","?","21,302",
"202505","85177950","光通信设备的激光收发模块","350","斯洛文尼亚","33","保税监管场所进出境货物","44","广东省","11","千克","0","?","735",
"202505","85177950","光通信设备的激光收发模块","351","克罗地亚","10","一般贸易","33","浙江省","0","千克","0","?","268",
"202505","85177950","光通信设备的激光收发模块","351","克罗地亚","10","一般贸易","51","四川省","0","千克","0","?","400",
"202505","85177950","光通信设备的激光收发模块","352","捷克","10","一般贸易","31","上海市","7","千克","0","?","1,357",
"202505","85177950","光通信设备的激光收发模块","352","捷克","10","一般贸易","32","江苏省","9","千克","0","?","6,750",
"202505","85177950","光通信设备的激光收发模块","352","捷克","10","一般贸易","42","湖北省","5","千克","0","?","2,380",
"202505","85177950","光通信设备的激光收发模块","352","捷克","10","一般贸易","44","广东省","666","千克","0","?","274,023",
"202505","85177950","光通信设备的激光收发模块","352","捷克","15","进料加工贸易","32","江苏省","75","千克","0","?","43,061",
"202505","85177950","光通信设备的激光收发模块","353","斯洛伐克","10","一般贸易","51","四川省","70","千克","0","?","186,021",
"202505","85177950","光通信设备的激光收发模块","354","北马其顿","10","一般贸易","44","广东省","8","千克","0","?","3,040",
"202505","85177950","光通信设备的激光收发模块","355","波斯尼亚和黑塞哥维那","10","一般贸易","33","浙江省","1","千克","0","?","435",
"202505","85177950","光通信设备的激光收发模块","355","波斯尼亚和黑塞哥维那","10","一般贸易","44","广东省","2","千克","0","?","646",
"202505","85177950","光通信设备的激光收发模块","355","波斯尼亚和黑塞哥维那","10","一般贸易","52","贵州省","32","千克","0","?","9,384",
"202505","85177950","光通信设备的激光收发模块","358","塞尔维亚","10","一般贸易","11","北京市","5","千克","0","?","26,864",
"202505","85177950","光通信设备的激光收发模块","358","塞尔维亚","10","一般贸易","32","江苏省","13","千克","0","?","6,478",
"202505","85177950","光通信设备的激光收发模块","358","塞尔维亚","10","一般贸易","33","浙江省","1","千克","0","?","1,189",
"202505","85177950","光通信设备的激光收发模块","358","塞尔维亚","10","一般贸易","42","湖北省","2","千克","0","?","8,201",
"202505","85177950","光通信设备的激光收发模块","358","塞尔维亚","10","一般贸易","44","广东省","9","千克","0","?","3,943",
"202505","85177950","光通信设备的激光收发模块","358","塞尔维亚","10","一般贸易","51","四川省","3","千克","0","?","640",
"202505","85177950","光通信设备的激光收发模块","358","塞尔维亚","34","海关特殊监管区域物流货物","44","广东省","21","千克","0","?","12,345",
"202505","85177950","光通信设备的激光收发模块","402","阿根廷","10","一般贸易","33","浙江省","1","千克","0","?","32",
"202505","85177950","光通信设备的激光收发模块","402","阿根廷","10","一般贸易","44","广东省","162","千克","0","?","62,731",
"202505","85177950","光通信设备的激光收发模块","402","阿根廷","33","保税监管场所进出境货物","44","广东省","5","千克","0","?","810",
"202505","85177950","光通信设备的激光收发模块","402","阿根廷","34","海关特殊监管区域物流货物","32","江苏省","0","千克","0","?","1,132",
"202505","85177950","光通信设备的激光收发模块","404","巴哈马","10","一般贸易","44","广东省","0","千克","0","?","254",
"202505","85177950","光通信设备的激光收发模块","404","巴哈马","34","海关特殊监管区域物流货物","32","江苏省","3","千克","0","?","5,672",
"202505","85177950","光通信设备的激光收发模块","408","玻利维亚
","10","一般贸易","44","广东省","2","千克","0","?","1,220",
"202505","85177950","光通信设备的激光收发模块","408","玻利维亚
","22","对外承包工程出口货物","11","北京市","2","千克","0","?","29",
"202505","85177950","光通信设备的激光收发模块","410","巴西","10","一般贸易","11","北京市","10","千克","0","?","10,625",
"202505","85177950","光通信设备的激光收发模块","410","巴西","10","一般贸易","31","上海市","1","千克","0","?","2,056",
"202505","85177950","光通信设备的激光收发模块","410","巴西","10","一般贸易","32","江苏省","17","千克","0","?","205,523",
"202505","85177950","光通信设备的激光收发模块","410","巴西","10","一般贸易","33","浙江省","24","千克","0","?","13,225",
"202505","85177950","光通信设备的激光收发模块","410","巴西","10","一般贸易","34","安徽省","0","千克","0","?","355",
"202505","85177950","光通信设备的激光收发模块","410","巴西","10","一般贸易","35","福建省","0","千克","0","?","914",
"202505","85177950","光通信设备的激光收发模块","410","巴西","10","一般贸易","37","山东省","7","千克","0","?","1,295",
"202505","85177950","光通信设备的激光收发模块","410","巴西","10","一般贸易","41","河南省","0","千克","0","?","805",
"202505","85177950","光通信设备的激光收发模块","410","巴西","10","一般贸易","42","湖北省","595","千克","0","?","414,796",
"202505","85177950","光通信设备的激光收发模块","410","巴西","10","一般贸易","44","广东省","3029","千克","0","?","1,647,713",
"202505","85177950","光通信设备的激光收发模块","410","巴西","10","一般贸易","51","四川省","105","千克","0","?","56,120",
"202505","85177950","光通信设备的激光收发模块","410","巴西","10","一般贸易","52","贵州省","7","千克","0","?","2,117",
"202505","85177950","光通信设备的激光收发模块","410","巴西","10","一般贸易","65","新疆维吾尔自治区","64","千克","0","?","48,242",
"202505","85177950","光通信设备的激光收发模块","410","巴西","15","进料加工贸易","32","江苏省","1","千克","0","?","14,016",
"202505","85177950","光通信设备的激光收发模块","410","巴西","15","进料加工贸易","51","四川省","142","千克","0","?","150,865",
"202505","85177950","光通信设备的激光收发模块","410","巴西","33","保税监管场所进出境货物","44","广东省","350","千克","0","?","42,528",
"202505","85177950","光通信设备的激光收发模块","410","巴西","34","海关特殊监管区域物流货物","32","江苏省","1093","千克","0","?","126,890",
"202505","85177950","光通信设备的激光收发模块","412","智利","10","一般贸易","32","江苏省","0","千克","0","?","30",
"202505","85177950","光通信设备的激光收发模块","412","智利","10","一般贸易","33","浙江省","65","千克","0","?","361",
"202505","85177950","光通信设备的激光收发模块","412","智利","10","一般贸易","37","山东省","17","千克","0","?","2,317",
"202505","85177950","光通信设备的激光收发模块","412","智利","10","一般贸易","42","湖北省","0","千克","0","?","1,871",
"202505","85177950","光通信设备的激光收发模块","412","智利","10","一般贸易","44","广东省","5","千克","0","?","8,700",
"202505","85177950","光通信设备的激光收发模块","412","智利","10","一般贸易","51","四川省","2","千克","0","?","75",
"202505","85177950","光通信设备的激光收发模块","412","智利","10","一般贸易","52","贵州省","6","千克","0","?","7,518",
"202505","85177950","光通信设备的激光收发模块","412","智利","33","保税监管场所进出境货物","44","广东省","14","千克","0","?","1,260",
"202505","85177950","光通信设备的激光收发模块","412","智利","34","海关特殊监管区域物流货物","44","广东省","0","千克","0","?","197",
"202505","85177950","光通信设备的激光收发模块","413","哥伦比亚","10","一般贸易","33","浙江省","303","千克","0","?","104,514",
"202505","85177950","光通信设备的激光收发模块","413","哥伦比亚","10","一般贸易","35","福建省","1","千克","0","?","878",
"202505","85177950","光通信设备的激光收发模块","413","哥伦比亚","10","一般贸易","44","广东省","278","千克","0","?","356,623",
"202505","85177950","光通信设备的激光收发模块","413","哥伦比亚","15","进料加工贸易","44","广东省","0","千克","0","?","579",
"202505","85177950","光通信设备的激光收发模块","413","哥伦比亚","33","保税监管场所进出境货物","44","广东省","0","千克","0","?","111",
"202505","85177950","光通信设备的激光收发模块","413","哥伦比亚","34","海关特殊监管区域物流货物","32","江苏省","62","千克","0","?","14,199",
"202505","85177950","光通信设备的激光收发模块","413","哥伦比亚","39","其他","42","湖北省","0","千克","0","?","200",
"202505","85177950","光通信设备的激光收发模块","415","哥斯达黎加","10","一般贸易","34","安徽省","6","千克","0","?","2,316",
"202505","85177950","光通信设备的激光收发模块","415","哥斯达黎加","10","一般贸易","44","广东省","4","千克","0","?","1,790",
"202505","85177950","光通信设备的激光收发模块","416","古巴","10","一般贸易","46","海南省","5","千克","0","?","1,864",
"202505","85177950","光通信设备的激光收发模块","417","库拉索
","34","海关特殊监管区域物流货物","32","江苏省","3","千克","0","?","666",
"202505","85177950","光通信设备的激光收发模块","418","多米尼加
","10","一般贸易","35","福建省","109","千克","0","?","6,373",
"202505","85177950","光通信设备的激光收发模块","418","多米尼加
","10","一般贸易","42","湖北省","4","千克","0","?","1,250",
"202505","85177950","光通信设备的激光收发模块","418","多米尼加
","10","一般贸易","44","广东省","37","千克","0","?","21,871",
"202505","85177950","光通信设备的激光收发模块","419","厄瓜多尔","10","一般贸易","35","福建省","0","千克","0","?","2,285",
"202505","85177950","光通信设备的激光收发模块","419","厄瓜多尔","10","一般贸易","44","广东省","335","千克","0","?","13,628",
"202505","85177950","光通信设备的激光收发模块","419","厄瓜多尔","10","一般贸易","65","新疆维吾尔自治区","19","千克","0","?","396",
"202505","85177950","光通信设备的激光收发模块","419","厄瓜多尔","33","保税监管场所进出境货物","44","广东省","2","千克","0","?","1,714",
"202505","85177950","光通信设备的激光收发模块","419","厄瓜多尔","34","海关特殊监管区域物流货物","32","江苏省","17","千克","0","?","9,417",
"202505","85177950","光通信设备的激光收发模块","423","危地马拉","10","一般贸易","44","广东省","12","千克","0","?","4,263",
"202505","85177950","光通信设备的激光收发模块","423","危地马拉","34","海关特殊监管区域物流货物","32","江苏省","1","千克","0","?","95",
"202505","85177950","光通信设备的激光收发模块","426","洪都拉斯","10","一般贸易","44","广东省","33","千克","0","?","10,050",
"202505","85177950","光通信设备的激光收发模块","427","牙买加","10","一般贸易","44","广东省","24","千克","0","?","3,163",
"202505","85177950","光通信设备的激光收发模块","429","墨西哥","10","一般贸易","31","上海市","5","千克","0","?","72,176",
"202505","85177950","光通信设备的激光收发模块","429","墨西哥","10","一般贸易","32","江苏省","4370","千克","0","?","23,230,932",
"202505","85177950","光通信设备的激光收发模块","429","墨西哥","10","一般贸易","33","浙江省","47","千克","0","?","41,116",
"202505","85177950","光通信设备的激光收发模块","429","墨西哥","10","一般贸易","35","福建省","2","千克","0","?","2,029",
"202505","85177950","光通信设备的激光收发模块","429","墨西哥","10","一般贸易","37","山东省","35","千克","0","?","4,926",
"202505","85177950","光通信设备的激光收发模块","429","墨西哥","10","一般贸易","42","湖北省","2225","千克","0","?","1,386,172",
"202505","85177950","光通信设备的激光收发模块","429","墨西哥","10","一般贸易","44","广东省","1104","千克","0","?","2,636,913",
"202505","85177950","光通信设备的激光收发模块","429","墨西哥","10","一般贸易","51","四川省","239","千克","0","?","427,252",
"202505","85177950","光通信设备的激光收发模块","429","墨西哥","10","一般贸易","65","新疆维吾尔自治区","1","千克","0","?","98",
"202505","85177950","光通信设备的激光收发模块","429","墨西哥","15","进料加工贸易","32","江苏省","230","千克","0","?","389,191",
"202505","85177950","光通信设备的激光收发模块","429","墨西哥","15","进料加工贸易","44","广东省","1","千克","0","?","4,844",
"202505","85177950","光通信设备的激光收发模块","429","墨西哥","15","进料加工贸易","51","四川省","700","千克","0","?","939,585",
"202505","85177950","光通信设备的激光收发模块","429","墨西哥","33","保税监管场所进出境货物","44","广东省","2","千克","0","?","5,360",
"202505","85177950","光通信设备的激光收发模块","429","墨西哥","34","海关特殊监管区域物流货物","32","江苏省","31","千克","0","?","26,796",
"202505","85177950","光通信设备的激光收发模块","432","巴拿马","10","一般贸易","44","广东省","1497","千克","0","?","866,247",
"202505","85177950","光通信设备的激光收发模块","432","巴拿马","34","海关特殊监管区域物流货物","32","江苏省","8","千克","0","?","5,256",
"202505","85177950","光通信设备的激光收发模块","433","巴拉圭","10","一般贸易","44","广东省","797","千克","0","?","340,107",
"202505","85177950","光通信设备的激光收发模块","434","秘鲁","10","一般贸易","33","浙江省","2","千克","0","?","1,651",
"202505","85177950","光通信设备的激光收发模块","434","秘鲁","10","一般贸易","37","山东省","0","千克","0","?","35",
"202505","85177950","光通信设备的激光收发模块","434","秘鲁","10","一般贸易","42","湖北省","14","千克","0","?","7,332",
"202505","85177950","光通信设备的激光收发模块","434","秘鲁","10","一般贸易","44","广东省","255","千克","0","?","265,913",
"202505","85177950","光通信设备的激光收发模块","434","秘鲁","15","进料加工贸易","44","广东省","0","千克","0","?","55",
"202505","85177950","光通信设备的激光收发模块","434","秘鲁","33","保税监管场所进出境货物","44","广东省","1","千克","0","?","240",
"202505","85177950","光通信设备的激光收发模块","435","波多黎各","15","进料加工贸易","51","四川省","0","千克","0","?","480",
"202505","85177950","光通信设备的激光收发模块","440","萨尔瓦多","10","一般贸易","44","广东省","39","千克","0","?","16,603",
"202505","85177950","光通信设备的激光收发模块","442","特立尼达和多巴哥","10","一般贸易","44","广东省","4","千克","0","?","4,854",
"202505","85177950","光通信设备的激光收发模块","444","乌拉圭","10","一般贸易","44","广东省","10","千克","0","?","9,042",
"202505","85177950","光通信设备的激光收发模块","444","乌拉圭","10","一般贸易","51","四川省","5","千克","0","?","2,750",
"202505","85177950","光通信设备的激光收发模块","444","乌拉圭","33","保税监管场所进出境货物","44","广东省","0","千克","0","?","48",
"202505","85177950","光通信设备的激光收发模块","445","委内瑞拉","10","一般贸易","33","浙江省","50","千克","0","?","9,805",
"202505","85177950","光通信设备的激光收发模块","445","委内瑞拉","10","一般贸易","44","广东省","97","千克","0","?","400,185",
"202505","85177950","光通信设备的激光收发模块","501","加拿大","10","一般贸易","11","北京市","1","千克","0","?","350",
"202505","85177950","光通信设备的激光收发模块","501","加拿大","10","一般贸易","31","上海市","17","千克","0","?","123,766",
"202505","85177950","光通信设备的激光收发模块","501","加拿大","10","一般贸易","32","江苏省","7","千克","0","?","38,866",
"202505","85177950","光通信设备的激光收发模块","501","加拿大","10","一般贸易","33","浙江省","5","千克","0","?","10,687",
"202505","85177950","光通信设备的激光收发模块","501","加拿大","10","一般贸易","42","湖北省","267","千克","0","?","64,053",
"202505","85177950","光通信设备的激光收发模块","501","加拿大","10","一般贸易","43","湖南省","0","千克","0","?","76",
"202505","85177950","光通信设备的激光收发模块","501","加拿大","10","一般贸易","44","广东省","507","千克","0","?","581,364",
"202505","85177950","光通信设备的激光收发模块","501","加拿大","10","一般贸易","51","四川省","9","千克","0","?","44,498",
"202505","85177950","光通信设备的激光收发模块","501","加拿大","10","一般贸易","65","新疆维吾尔自治区","0","千克","0","?","28",
"202505","85177950","光通信设备的激光收发模块","501","加拿大","15","进料加工贸易","32","江苏省","1","千克","0","?","9,421",
"202505","85177950","光通信设备的激光收发模块","501","加拿大","15","进料加工贸易","44","广东省","16","千克","0","?","52,731",
"202505","85177950","光通信设备的激光收发模块","501","加拿大","15","进料加工贸易","51","四川省","0","千克","0","?","1,907",
"202505","85177950","光通信设备的激光收发模块","501","加拿大","33","保税监管场所进出境货物","44","广东省","0","千克","0","?","175",
"202505","85177950","光通信设备的激光收发模块","501","加拿大","34","海关特殊监管区域物流货物","32","江苏省","1378","千克","0","?","365,688",
"202505","85177950","光通信设备的激光收发模块","502","美国","10","一般贸易","11","北京市","6","千克","0","?","7,700",
"202505","85177950","光通信设备的激光收发模块","502","美国","10","一般贸易","13","河北省","1","千克","0","?","9,144",
"202505","85177950","光通信设备的激光收发模块","502","美国","10","一般贸易","21","辽宁省","0","千克","0","?","321",
"202505","85177950","光通信设备的激光收发模块","502","美国","10","一般贸易","31","上海市","968","千克","0","?","1,653,700",
"202505","85177950","光通信设备的激光收发模块","502","美国","10","一般贸易","32","江苏省","2023","千克","0","?","4,719,326",
"202505","85177950","光通信设备的激光收发模块","502","美国","10","一般贸易","33","浙江省","229","千克","0","?","226,885",
"202505","85177950","光通信设备的激光收发模块","502","美国","10","一般贸易","34","安徽省","1","千克","0","?","300",
"202505","85177950","光通信设备的激光收发模块","502","美国","10","一般贸易","35","福建省","4","千克","0","?","4,134",
"202505","85177950","光通信设备的激光收发模块","502","美国","10","一般贸易","37","山东省","53","千克","0","?","206,206",
"202505","85177950","光通信设备的激光收发模块","502","美国","10","一般贸易","42","湖北省","2537","千克","0","?","3,156,333",
"202505","85177950","光通信设备的激光收发模块","502","美国","10","一般贸易","44","广东省","21101","千克","0","?","17,670,677",
"202505","85177950","光通信设备的激光收发模块","502","美国","10","一般贸易","51","四川省","2042","千克","0","?","4,530,171",
"202505","85177950","光通信设备的激光收发模块","502","美国","10","一般贸易","61","陕西省","1","千克","0","?","354",
"202505","85177950","光通信设备的激光收发模块","502","美国","10","一般贸易","65","新疆维吾尔自治区","42","千克","0","?","1,164",
"202505","85177950","光通信设备的激光收发模块","502","美国","15","进料加工贸易","32","江苏省","1326","千克","0","?","1,417,443",
"202505","85177950","光通信设备的激光收发模块","502","美国","15","进料加工贸易","33","浙江省","6","千克","0","?","4,005",
"202505","85177950","光通信设备的激光收发模块","502","美国","15","进料加工贸易","44","广东省","12","千克","0","?","104,356",
"202505","85177950","光通信设备的激光收发模块","502","美国","15","进料加工贸易","51","四川省","538","千克","0","?","1,028,987",
"202505","85177950","光通信设备的激光收发模块","502","美国","33","保税监管场所进出境货物","44","广东省","1","千克","0","?","1,672",
"202505","85177950","光通信设备的激光收发模块","502","美国","34","海关特殊监管区域物流货物","31","上海市","13048","千克","0","?","5,810,926",
"202505","85177950","光通信设备的激光收发模块","502","美国","34","海关特殊监管区域物流货物","32","江苏省","63","千克","0","?","85,192",
"202505","85177950","光通信设备的激光收发模块","502","美国","34","海关特殊监管区域物流货物","44","广东省","14","千克","0","?","9,258",
"202505","85177950","光通信设备的激光收发模块","502","美国","39","其他","33","浙江省","30","千克","0","?","166",
"202505","85177950","光通信设备的激光收发模块","504","百慕大","10","一般贸易","44","广东省","0","千克","0","?","553",
"202505","85177950","光通信设备的激光收发模块","601","澳大利亚","10","一般贸易","31","上海市","1","千克","0","?","19,093",
"202505","85177950","光通信设备的激光收发模块","601","澳大利亚","10","一般贸易","33","浙江省","10","千克","0","?","22,414",
"202505","85177950","光通信设备的激光收发模块","601","澳大利亚","10","一般贸易","37","山东省","2","千克","0","?","282",
"202505","85177950","光通信设备的激光收发模块","601","澳大利亚","10","一般贸易","42","湖北省","15","千克","0","?","13,120",
"202505","85177950","光通信设备的激光收发模块","601","澳大利亚","10","一般贸易","43","湖南省","1","千克","0","?","5,430",
"202505","85177950","光通信设备的激光收发模块","601","澳大利亚","10","一般贸易","44","广东省","151","千克","0","?","214,846",
"202505","85177950","光通信设备的激光收发模块","601","澳大利亚","10","一般贸易","51","四川省","34","千克","0","?","57,498",
"202505","85177950","光通信设备的激光收发模块","601","澳大利亚","10","一般贸易","65","新疆维吾尔自治区","0","千克","0","?","42",
"202505","85177950","光通信设备的激光收发模块","601","澳大利亚","15","进料加工贸易","32","江苏省","1251","千克","0","?","243,463",
"202505","85177950","光通信设备的激光收发模块","601","澳大利亚","15","进料加工贸易","33","浙江省","106","千克","0","?","98,013",
"202505","85177950","光通信设备的激光收发模块","601","澳大利亚","15","进料加工贸易","35","福建省","1","千克","0","?","7,329",
"202505","85177950","光通信设备的激光收发模块","601","澳大利亚","15","进料加工贸易","44","广东省","48","千克","0","?","586,972",
"202505","85177950","光通信设备的激光收发模块","601","澳大利亚","33","保税监管场所进出境货物","44","广东省","15","千克","0","?","6,645",
"202505","85177950","光通信设备的激光收发模块","601","澳大利亚","34","海关特殊监管区域物流货物","32","江苏省","162","千克","0","?","87,690",
"202505","85177950","光通信设备的激光收发模块","601","澳大利亚","34","海关特殊监管区域物流货物","42","湖北省","60","千克","0","?","51,021",
"202505","85177950","光通信设备的激光收发模块","609","新西兰","10","一般贸易","32","江苏省","1","千克","0","?","980",
"202505","85177950","光通信设备的激光收发模块","609","新西兰","10","一般贸易","44","广东省","85","千克","0","?","331,766",
"202505","85177950","光通信设备的激光收发模块","609","新西兰","10","一般贸易","51","四川省","8","千克","0","?","6,266",
"202505","85177950","光通信设备的激光收发模块","609","新西兰","10","一般贸易","65","新疆维吾尔自治区","1","千克","0","?","83",
"202505","85177950","光通信设备的激光收发模块","609","新西兰","15","进料加工贸易","35","福建省","0","千克","0","?","1,005",
"202505","85177950","光通信设备的激光收发模块","609","新西兰","15","进料加工贸易","44","广东省","0","千克","0","?","354",
"202505","85177950","光通信设备的激光收发模块","609","新西兰","34","海关特殊监管区域物流货物","32","江苏省","37","千克","0","?","18,327",
"202505","85177950","光通信设备的激光收发模块","611","巴布亚新几内亚","10","一般贸易","44","广东省","4","千克","0","?","4,440",
"202505","85177950","光通信设备的激光收发模块","613","所罗门群岛","10","一般贸易","44","广东省","22","千克","0","?","6,275",
"202505","85177950","光通信设备的激光收发模块","621","马绍尔群岛","33","保税监管场所进出境货物","37","山东省","17","千克","0","?","4,603",
"202505","85177950","光通信设备的激光收发模块","623","法属波利尼西亚","10","一般贸易","44","广东省","0","千克","0","?","232",
"202505","85177950","光通信设备的激光收发模块","623","法属波利尼西亚","34","海关特殊监管区域物流货物","32","江苏省","7","千克","0","?","1,393",
"202506","85177950","光通信设备的激光收发模块","101","阿富汗","10","一般贸易","44","广东省","343","千克","0","?","100,674",
"202506","85177950","光通信设备的激光收发模块","102","巴林","10","一般贸易","33","浙江省","1","千克","0","?","195",
"202506","85177950","光通信设备的激光收发模块","102","巴林","10","一般贸易","37","山东省","0","千克","0","?","23",
"202506","85177950","光通信设备的激光收发模块","102","巴林","10","一般贸易","44","广东省","0","千克","0","?","271",
"202506","85177950","光通信设备的激光收发模块","102","巴林","34","海关特殊监管区域物流货物","35","福建省","4","千克","0","?","4,187",
"202506","85177950","光通信设备的激光收发模块","103","孟加拉国","10","一般贸易","44","广东省","235","千克","0","?","132,609",
"202506","85177950","光通信设备的激光收发模块","103","孟加拉国","10","一般贸易","51","四川省","437","千克","0","?","18,253",
"202506","85177950","光通信设备的激光收发模块","103","孟加拉国","34","海关特殊监管区域物流货物","32","江苏省","70","千克","0","?","15,469",
"202506","85177950","光通信设备的激光收发模块","104","不丹","10","一般贸易","44","广东省","8","千克","0","?","8,339",
"202506","85177950","光通信设备的激光收发模块","104","不丹","34","海关特殊监管区域物流货物","32","江苏省","0","千克","0","?","146",
"202506","85177950","光通信设备的激光收发模块","105","文莱","10","一般贸易","44","广东省","1","千克","0","?","504",
"202506","85177950","光通信设备的激光收发模块","106","缅甸","10","一般贸易","35","福建省","1","千克","0","?","1,176",
"202506","85177950","光通信设备的激光收发模块","106","缅甸","10","一般贸易","44","广东省","46","千克","0","?","98,259",
"202506","85177950","光通信设备的激光收发模块","106","缅甸","10","一般贸易","51","四川省","0","千克","0","?","8",
"202506","85177950","光通信设备的激光收发模块","106","缅甸","19","边境小额贸易","53","云南省","31","千克","0","?","21,315",
"202506","85177950","光通信设备的激光收发模块","107","柬埔寨","10","一般贸易","13","河北省","2","千克","0","?","48",
"202506","85177950","光通信设备的激光收发模块","107","柬埔寨","10","一般贸易","32","江苏省","9","千克","0","?","416",
"202506","85177950","光通信设备的激光收发模块","107","柬埔寨","10","一般贸易","33","浙江省","29","千克","0","?","823",
"202506","85177950","光通信设备的激光收发模块","107","柬埔寨","10","一般贸易","35","福建省","2","千克","0","?","2,524",
"202506","85177950","光通信设备的激光收发模块","107","柬埔寨","10","一般贸易","37","山东省","7","千克","0","?","5,963",
"202506","85177950","光通信设备的激光收发模块","107","柬埔寨","10","一般贸易","44","广东省","60","千克","0","?","26,977",
"202506","85177950","光通信设备的激光收发模块","110","中国香港","10","一般贸易","11","北京市","8","千克","0","?","26,073",
"202506","85177950","光通信设备的激光收发模块","110","中国香港","10","一般贸易","12","天津市","1","千克","0","?","684",
"202506","85177950","光通信设备的激光收发模块","110","中国香港","10","一般贸易","21","辽宁省","0","千克","0","?","117,443",
"202506","85177950","光通信设备的激光收发模块","110","中国香港","10","一般贸易","31","上海市","319","千克","0","?","212,812",
"202506","85177950","光通信设备的激光收发模块","110","中国香港","10","一般贸易","32","江苏省","909","千克","0","?","3,433,054",
"202506","85177950","光通信设备的激光收发模块","110","中国香港","10","一般贸易","33","浙江省","1631","千克","0","?","1,984,830",
"202506","85177950","光通信设备的激光收发模块","110","中国香港","10","一般贸易","34","安徽省","52","千克","0","?","21,879",
"202506","85177950","光通信设备的激光收发模块","110","中国香港","10","一般贸易","35","福建省","52","千克","0","?","347,631",
"202506","85177950","光通信设备的激光收发模块","110","中国香港","10","一般贸易","37","山东省","134","千克","0","?","31,998",
"202506","85177950","光通信设备的激光收发模块","110","中国香港","10","一般贸易","41","河南省","238","千克","0","?","2,013,226",
"202506","85177950","光通信设备的激光收发模块","110","中国香港","10","一般贸易","42","湖北省","1055","千克","0","?","1,710,003",
"202506","85177950","光通信设备的激光收发模块","110","中国香港","10","一般贸易","44","广东省","2639","千克","0","?","5,716,728",
"202506","85177950","光通信设备的激光收发模块","110","中国香港","10","一般贸易","51","四川省","496","千克","0","?","260,662",
"202506","85177950","光通信设备的激光收发模块","110","中国香港","10","一般贸易","52","贵州省","57","千克","0","?","53,835",
"202506","85177950","光通信设备的激光收发模块","110","中国香港","10","一般贸易","65","新疆维吾尔自治区","2","千克","0","?","2,904",
"202506","85177950","光通信设备的激光收发模块","110","中国香港","15","进料加工贸易","32","江苏省","5200","千克","0","?","12,754,524",
"202506","85177950","光通信设备的激光收发模块","110","中国香港","15","进料加工贸易","33","浙江省","1","千克","0","?","716",
"202506","85177950","光通信设备的激光收发模块","110","中国香港","15","进料加工贸易","35","福建省","1","千克","0","?","11,358",
"202506","85177950","光通信设备的激光收发模块","110","中国香港","15","进料加工贸易","44","广东省","0","千克","0","?","33,854",
"202506","85177950","光通信设备的激光收发模块","110","中国香港","15","进料加工贸易","51","四川省","43","千克","0","?","71,841",
"202506","85177950","光通信设备的激光收发模块","110","中国香港","33","保税监管场所进出境货物","44","广东省","120","千克","0","?","1,153,338",
"202506","85177950","光通信设备的激光收发模块","110","中国香港","34","海关特殊监管区域物流货物","32","江苏省","88","千克","0","?","171,903",
"202506","85177950","光通信设备的激光收发模块","110","中国香港","34","海关特殊监管区域物流货物","34","安徽省","0","千克","0","?","22",
"202506","85177950","光通信设备的激光收发模块","110","中国香港","34","海关特殊监管区域物流货物","42","湖北省","1","千克","0","?","10,500",
"202506","85177950","光通信设备的激光收发模块","110","中国香港","34","海关特殊监管区域物流货物","44","广东省","2942","千克","0","?","7,932,812",
"202506","85177950","光通信设备的激光收发模块","111","印度","10","一般贸易","13","河北省","241","千克","0","?","8,900",
"202506","85177950","光通信设备的激光收发模块","111","印度","10","一般贸易","21","辽宁省","3","千克","0","?","214",
"202506","85177950","光通信设备的激光收发模块","111","印度","10","一般贸易","23","黑龙江省","22","千克","0","?","430",
"202506","85177950","光通信设备的激光收发模块","111","印度","10","一般贸易","31","上海市","81","千克","0","?","21,301",
"202506","85177950","光通信设备的激光收发模块","111","印度","10","一般贸易","32","江苏省","332","千克","0","?","102,705",
"202506","85177950","光通信设备的激光收发模块","111","印度","10","一般贸易","33","浙江省","76","千克","0","?","21,356",
"202506","85177950","光通信设备的激光收发模块","111","印度","10","一般贸易","34","安徽省","1","千克","0","?","5,200",
"202506","85177950","光通信设备的激光收发模块","111","印度","10","一般贸易","35","福建省","17","千克","0","?","808",
"202506","85177950","光通信设备的激光收发模块","111","印度","10","一般贸易","37","山东省","285","千克","0","?","14,382",
"202506","85177950","光通信设备的激光收发模块","111","印度","10","一般贸易","42","湖北省","1433","千克","0","?","868,599",
"202506","85177950","光通信设备的激光收发模块","111","印度","10","一般贸易","43","湖南省","13","千克","0","?","312",
"202506","85177950","光通信设备的激光收发模块","111","印度","10","一般贸易","44","广东省","848","千克","0","?","505,167",
"202506","85177950","光通信设备的激光收发模块","111","印度","10","一般贸易","51","四川省","108","千克","0","?","87,722",
"202506","85177950","光通信设备的激光收发模块","111","印度","10","一般贸易","52","贵州省","1","千克","0","?","315",
"202506","85177950","光通信设备的激光收发模块","111","印度","15","进料加工贸易","32","江苏省","7","千克","0","?","8,915",
"202506","85177950","光通信设备的激光收发模块","111","印度","15","进料加工贸易","44","广东省","0","千克","0","?","2,243",
"202506","85177950","光通信设备的激光收发模块","111","印度","15","进料加工贸易","50","重庆市","0","千克","0","?","30",
"202506","85177950","光通信设备的激光收发模块","111","印度","15","进料加工贸易","51","四川省","29","千克","0","?","78,098",
"202506","85177950","光通信设备的激光收发模块","111","印度","33","保税监管场所进出境货物","44","广东省","106","千克","0","?","12,985",
"202506","85177950","光通信设备的激光收发模块","111","印度","34","海关特殊监管区域物流货物","31","上海市","25","千克","0","?","41,385",
"202506","85177950","光通信设备的激光收发模块","111","印度","34","海关特殊监管区域物流货物","32","江苏省","3920","千克","0","?","886,983",
"202506","85177950","光通信设备的激光收发模块","112","印度尼西亚","10","一般贸易","13","河北省","304","千克","0","?","11,354",
"202506","85177950","光通信设备的激光收发模块","112","印度尼西亚","10","一般贸易","31","上海市","36","千克","0","?","10,513",
"202506","85177950","光通信设备的激光收发模块","112","印度尼西亚","10","一般贸易","32","江苏省","237","千克","0","?","32,664",
"202506","85177950","光通信设备的激光收发模块","112","印度尼西亚","10","一般贸易","33","浙江省","119","千克","0","?","182,124",
"202506","85177950","光通信设备的激光收发模块","112","印度尼西亚","10","一般贸易","35","福建省","30","千克","0","?","42,617",
"202506","85177950","光通信设备的激光收发模块","112","印度尼西亚","10","一般贸易","37","山东省","58","千克","0","?","14,148",
"202506","85177950","光通信设备的激光收发模块","112","印度尼西亚","10","一般贸易","41","河南省","0","千克","0","?","540",
"202506","85177950","光通信设备的激光收发模块","112","印度尼西亚","10","一般贸易","42","湖北省","470","千克","0","?","334,049",
"202506","85177950","光通信设备的激光收发模块","112","印度尼西亚","10","一般贸易","44","广东省","1225","千克","0","?","562,158",
"202506","85177950","光通信设备的激光收发模块","112","印度尼西亚","10","一般贸易","52","贵州省","4","千克","0","?","3,548",
"202506","85177950","光通信设备的激光收发模块","112","印度尼西亚","15","进料加工贸易","35","福建省","0","千克","0","?","436",
"202506","85177950","光通信设备的激光收发模块","112","印度尼西亚","15","进料加工贸易","44","广东省","0","千克","0","?","472",
"202506","85177950","光通信设备的激光收发模块","112","印度尼西亚","33","保税监管场所进出境货物","44","广东省","3","千克","0","?","2,873",
"202506","85177950","光通信设备的激光收发模块","112","印度尼西亚","34","海关特殊监管区域物流货物","32","江苏省","733","千克","0","?","297,493",
"202506","85177950","光通信设备的激光收发模块","112","印度尼西亚","39","其他","42","湖北省","2","千克","0","?","2,954",
"202506","85177950","光通信设备的激光收发模块","113","伊朗","10","一般贸易","32","江苏省","109","千克","0","?","1,613",
"202506","85177950","光通信设备的激光收发模块","113","伊朗","10","一般贸易","42","湖北省","162","千克","0","?","2,317",
"202506","85177950","光通信设备的激光收发模块","113","伊朗","10","一般贸易","51","四川省","184","千克","0","?","7,066",
"202506","85177950","光通信设备的激光收发模块","114","伊拉克","10","一般贸易","31","上海市","3","千克","0","?","15,120",
"202506","85177950","光通信设备的激光收发模块","114","伊拉克","10","一般贸易","32","江苏省","735","千克","0","?","13,619",
"202506","85177950","光通信设备的激光收发模块","114","伊拉克","10","一般贸易","33","浙江省","2","千克","0","?","1,425",
"202506","85177950","光通信设备的激光收发模块","114","伊拉克","10","一般贸易","35","福建省","5","千克","0","?","396",
"202506","85177950","光通信设备的激光收发模块","114","伊拉克","10","一般贸易","42","湖北省","379","千克","0","?","14,184",
"202506","85177950","光通信设备的激光收发模块","114","伊拉克","10","一般贸易","44","广东省","116","千克","0","?","44,099",
"202506","85177950","光通信设备的激光收发模块","115","以色列","10","一般贸易","31","上海市","2","千克","0","?","3,535",
"202506","85177950","光通信设备的激光收发模块","115","以色列","10","一般贸易","32","江苏省","1","千克","0","?","744",
"202506","85177950","光通信设备的激光收发模块","115","以色列","10","一般贸易","33","浙江省","8","千克","0","?","2,958",
"202506","85177950","光通信设备的激光收发模块","115","以色列","10","一般贸易","42","湖北省","36","千克","0","?","85,468",
"202506","85177950","光通信设备的激光收发模块","115","以色列","10","一般贸易","44","广东省","528","千克","0","?","117,131",
"202506","85177950","光通信设备的激光收发模块","115","以色列","10","一般贸易","51","四川省","104","千克","0","?","491,919",
"202506","85177950","光通信设备的激光收发模块","115","以色列","15","进料加工贸易","32","江苏省","7","千克","0","?","11,945",
"202506","85177950","光通信设备的激光收发模块","116","日本","10","一般贸易","11","北京市","6","千克","0","?","3,035",
"202506","85177950","光通信设备的激光收发模块","116","日本","10","一般贸易","31","上海市","21","千克","0","?","66,689",
"202506","85177950","光通信设备的激光收发模块","116","日本","10","一般贸易","32","江苏省","318","千克","0","?","248,947",
"202506","85177950","光通信设备的激光收发模块","116","日本","10","一般贸易","33","浙江省","148","千克","0","?","204,963",
"202506","85177950","光通信设备的激光收发模块","116","日本","10","一般贸易","35","福建省","16","千克","0","?","2,925",
"202506","85177950","光通信设备的激光收发模块","116","日本","10","一般贸易","37","山东省","4","千克","0","?","2,355",
"202506","85177950","光通信设备的激光收发模块","116","日本","10","一般贸易","41","河南省","51","千克","0","?","183,865",
"202506","85177950","光通信设备的激光收发模块","116","日本","10","一般贸易","42","湖北省","497","千克","0","?","398,604",
"202506","85177950","光通信设备的激光收发模块","116","日本","10","一般贸易","44","广东省","399","千克","0","?","437,078",
"202506","85177950","光通信设备的激光收发模块","116","日本","10","一般贸易","50","重庆市","0","千克","0","?","481",
"202506","85177950","光通信设备的激光收发模块","116","日本","10","一般贸易","51","四川省","115","千克","0","?","150,548",
"202506","85177950","光通信设备的激光收发模块","116","日本","15","进料加工贸易","32","江苏省","262","千克","0","?","387,644",
"202506","85177950","光通信设备的激光收发模块","116","日本","15","进料加工贸易","35","福建省","6","千克","0","?","9,320",
"202506","85177950","光通信设备的激光收发模块","116","日本","15","进料加工贸易","44","广东省","0","千克","0","?","4,072",
"202506","85177950","光通信设备的激光收发模块","116","日本","15","进料加工贸易","51","四川省","6","千克","0","?","32,662",
"202506","85177950","光通信设备的激光收发模块","116","日本","33","保税监管场所进出境货物","44","广东省","0","千克","0","?","222",
"202506","85177950","光通信设备的激光收发模块","116","日本","34","海关特殊监管区域物流货物","32","江苏省","266","千克","0","?","594,330",
"202506","85177950","光通信设备的激光收发模块","116","日本","34","海关特殊监管区域物流货物","42","湖北省","30","千克","0","?","28,369",
"202506","85177950","光通信设备的激光收发模块","117","约旦","10","一般贸易","33","浙江省","1","千克","0","?","728",
"202506","85177950","光通信设备的激光收发模块","117","约旦","10","一般贸易","44","广东省","246","千克","0","?","11,858",
"202506","85177950","光通信设备的激光收发模块","118","科威特","10","一般贸易","42","湖北省","1","千克","0","?","288",
"202506","85177950","光通信设备的激光收发模块","118","科威特","10","一般贸易","44","广东省","4","千克","0","?","3,189",
"202506","85177950","光通信设备的激光收发模块","118","科威特","10","一般贸易","51","四川省","177","千克","0","?","6,584",
"202506","85177950","光通信设备的激光收发模块","119","老挝","10","一般贸易","33","浙江省","0","千克","0","?","414",
"202506","85177950","光通信设备的激光收发模块","119","老挝","10","一般贸易","35","福建省","1","千克","0","?","517",
"202506","85177950","光通信设备的激光收发模块","119","老挝","10","一般贸易","44","广东省","120","千克","0","?","620",
"202506","85177950","光通信设备的激光收发模块","119","老挝","10","一般贸易","53","云南省","0","千克","0","?","832",
"202506","85177950","光通信设备的激光收发模块","119","老挝","34","海关特殊监管区域物流货物","45","广西壮族自治区","0","千克","0","?","41",
"202506","85177950","光通信设备的激光收发模块","120","黎巴嫩","10","一般贸易","13","河北省","553","千克","0","?","20,502",
"202506","85177950","光通信设备的激光收发模块","120","黎巴嫩","10","一般贸易","23","黑龙江省","169","千克","0","?","6,304",
"202506","85177950","光通信设备的激光收发模块","120","黎巴嫩","10","一般贸易","32","江苏省","403","千克","0","?","6,744",
"202506","85177950","光通信设备的激光收发模块","120","黎巴嫩","10","一般贸易","44","广东省","8","千克","0","?","2,063",
"202506","85177950","光通信设备的激光收发模块","120","黎巴嫩","10","一般贸易","51","四川省","205","千克","0","?","7,544",
"202506","85177950","光通信设备的激光收发模块","121","中国澳门","10","一般贸易","32","江苏省","12","千克","0","?","32,900",
"202506","85177950","光通信设备的激光收发模块","121","中国澳门","10","一般贸易","33","浙江省","4","千克","0","?","3,551",
"202506","85177950","光通信设备的激光收发模块","121","中国澳门","10","一般贸易","42","湖北省","16","千克","0","?","10,852",
"202506","85177950","光通信设备的激光收发模块","121","中国澳门","10","一般贸易","44","广东省","168","千克","0","?","151,230",
"202506","85177950","光通信设备的激光收发模块","122","马来西亚","10","一般贸易","11","北京市","46","千克","0","?","133,985",
"202506","85177950","光通信设备的激光收发模块","122","马来西亚","10","一般贸易","31","上海市","4894","千克","0","?","9,237,822",
"202506","85177950","光通信设备的激光收发模块","122","马来西亚","10","一般贸易","32","江苏省","1507","千克","0","?","2,663,479",
"202506","85177950","光通信设备的激光收发模块","122","马来西亚","10","一般贸易","33","浙江省","773","千克","0","?","892,497",
"202506","85177950","光通信设备的激光收发模块","122","马来西亚","10","一般贸易","35","福建省","21","千克","0","?","19,312",
"202506","85177950","光通信设备的激光收发模块","122","马来西亚","10","一般贸易","36","江西省","18","千克","0","?","69,318",
"202506","85177950","光通信设备的激光收发模块","122","马来西亚","10","一般贸易","37","山东省","1902","千克","0","?","2,083,208",
"202506","85177950","光通信设备的激光收发模块","122","马来西亚","10","一般贸易","41","河南省","21","千克","0","?","4,746",
"202506","85177950","光通信设备的激光收发模块","122","马来西亚","10","一般贸易","42","湖北省","13848","千克","0","?","16,077,079",
"202506","85177950","光通信设备的激光收发模块","122","马来西亚","10","一般贸易","43","湖南省","141","千克","0","?","104,990",
"202506","85177950","光通信设备的激光收发模块","122","马来西亚","10","一般贸易","44","广东省","4407","千克","0","?","5,268,732",
"202506","85177950","光通信设备的激光收发模块","122","马来西亚","10","一般贸易","51","四川省","123","千克","0","?","99,140",
"202506","85177950","光通信设备的激光收发模块","122","马来西亚","15","进料加工贸易","32","江苏省","59022","千克","0","?","125,438,010",
"202506","85177950","光通信设备的激光收发模块","122","马来西亚","15","进料加工贸易","35","福建省","5","千克","0","?","7,925",
"202506","85177950","光通信设备的激光收发模块","122","马来西亚","15","进料加工贸易","44","广东省","1118","千克","0","?","1,366,145",
"202506","85177950","光通信设备的激光收发模块","122","马来西亚","15","进料加工贸易","51","四川省","21","千克","0","?","51,769",
"202506","85177950","光通信设备的激光收发模块","122","马来西亚","22","对外承包工程出口货物","11","北京市","1","千克","0","?","418",
"202506","85177950","光通信设备的激光收发模块","122","马来西亚","33","保税监管场所进出境货物","44","广东省","6","千克","0","?","3,605",
"202506","85177950","光通信设备的激光收发模块","122","马来西亚","34","海关特殊监管区域物流货物","32","江苏省","28","千克","0","?","53,204",
"202506","85177950","光通信设备的激光收发模块","122","马来西亚","34","海关特殊监管区域物流货物","35","福建省","2","千克","0","?","3,521",
"202506","85177950","光通信设备的激光收发模块","122","马来西亚","34","海关特殊监管区域物流货物","45","广西壮族自治区","272","千克","0","?","94,866",
"202506","85177950","光通信设备的激光收发模块","122","马来西亚","39","其他","42","湖北省","47","千克","0","?","4,916",
"202506","85177950","光通信设备的激光收发模块","123","马尔代夫","10","一般贸易","44","广东省","8","千克","0","?","5,540",
"202506","85177950","光通信设备的激光收发模块","124","蒙古","10","一般贸易","33","浙江省","0","千克","0","?","273",
"202506","85177950","光通信设备的激光收发模块","124","蒙古","10","一般贸易","44","广东省","77","千克","0","?","28,090",
"202506","85177950","光通信设备的激光收发模块","125","尼泊尔","10","一般贸易","31","上海市","72","千克","0","?","7,135",
"202506","85177950","光通信设备的激光收发模块","125","尼泊尔","10","一般贸易","33","浙江省","3","千克","0","?","1,081",
"202506","85177950","光通信设备的激光收发模块","125","尼泊尔","10","一般贸易","35","福建省","7","千克","0","?","450",
"202506","85177950","光通信设备的激光收发模块","125","尼泊尔","10","一般贸易","44","广东省","32","千克","0","?","10,889",
"202506","85177950","光通信设备的激光收发模块","126","阿曼","10","一般贸易","31","上海市","0","千克","0","?","132",
"202506","85177950","光通信设备的激光收发模块","126","阿曼","10","一般贸易","44","广东省","13","千克","0","?","3,966",
"202506","85177950","光通信设备的激光收发模块","127","巴基斯坦","10","一般贸易","31","上海市","150","千克","0","?","140",
"202506","85177950","光通信设备的激光收发模块","127","巴基斯坦","10","一般贸易","32","江苏省","23","千克","0","?","2,000",
"202506","85177950","光通信设备的激光收发模块","127","巴基斯坦","10","一般贸易","33","浙江省","45","千克","0","?","62,819",
"202506","85177950","光通信设备的激光收发模块","127","巴基斯坦","10","一般贸易","35","福建省","0","千克","0","?","153",
"202506","85177950","光通信设备的激光收发模块","127","巴基斯坦","10","一般贸易","42","湖北省","8","千克","0","?","14,935",
"202506","85177950","光通信设备的激光收发模块","127","巴基斯坦","10","一般贸易","44","广东省","200","千克","0","?","833,616",
"202506","85177950","光通信设备的激光收发模块","127","巴基斯坦","10","一般贸易","51","四川省","197","千克","0","?","7,348",
"202506","85177950","光通信设备的激光收发模块","127","巴基斯坦","10","一般贸易","65","新疆维吾尔自治区","31","千克","0","?","92",
"202506","85177950","光通信设备的激光收发模块","127","巴基斯坦","33","保税监管场所进出境货物","44","广东省","18","千克","0","?","11,187",
"202506","85177950","光通信设备的激光收发模块","129","菲律宾","10","一般贸易","31","上海市","7","千克","0","?","62,932",
"202506","85177950","光通信设备的激光收发模块","129","菲律宾","10","一般贸易","32","江苏省","12","千克","0","?","2,812",
"202506","85177950","光通信设备的激光收发模块","129","菲律宾","10","一般贸易","33","浙江省","12","千克","0","?","6,831",
"202506","85177950","光通信设备的激光收发模块","129","菲律宾","10","一般贸易","35","福建省","4","千克","0","?","2,653",
"202506","85177950","光通信设备的激光收发模块","129","菲律宾","10","一般贸易","42","湖北省","9","千克","0","?","11,752",
"202506","85177950","光通信设备的激光收发模块","129","菲律宾","10","一般贸易","44","广东省","536","千克","0","?","323,478",
"202506","85177950","光通信设备的激光收发模块","129","菲律宾","33","保税监管场所进出境货物","32","江苏省","3","千克","0","?","662",
"202506","85177950","光通信设备的激光收发模块","129","菲律宾","34","海关特殊监管区域物流货物","32","江苏省","25","千克","0","?","14,554",
"202506","85177950","光通信设备的激光收发模块","129","菲律宾","39","其他","42","湖北省","0","千克","0","?","20,687",
"202506","85177950","光通信设备的激光收发模块","130","卡塔尔","10","一般贸易","31","上海市","4","千克","0","?","2,290",
"202506","85177950","光通信设备的激光收发模块","130","卡塔尔","10","一般贸易","33","浙江省","11","千克","0","?","4,502",
"202506","85177950","光通信设备的激光收发模块","130","卡塔尔","10","一般贸易","37","山东省","16","千克","0","?","543",
"202506","85177950","光通信设备的激光收发模块","130","卡塔尔","10","一般贸易","44","广东省","31","千克","0","?","21,334",
"202506","85177950","光通信设备的激光收发模块","130","卡塔尔","34","海关特殊监管区域物流货物","32","江苏省","55","千克","0","?","47,220",
"202506","85177950","光通信设备的激光收发模块","131","沙特阿拉伯","10","一般贸易","23","黑龙江省","166","千克","0","?","6,192",
"202506","85177950","光通信设备的激光收发模块","131","沙特阿拉伯","10","一般贸易","32","江苏省","138","千克","0","?","4,158",
"202506","85177950","光通信设备的激光收发模块","131","沙特阿拉伯","10","一般贸易","33","浙江省","41","千克","0","?","26,057",
"202506","85177950","光通信设备的激光收发模块","131","沙特阿拉伯","10","一般贸易","35","福建省","10","千克","0","?","5,320",
"202506","85177950","光通信设备的激光收发模块","131","沙特阿拉伯","10","一般贸易","37","山东省","675","千克","0","?","25,159",
"202506","85177950","光通信设备的激光收发模块","131","沙特阿拉伯","10","一般贸易","42","湖北省","76","千克","0","?","15,103",
"202506","85177950","光通信设备的激光收发模块","131","沙特阿拉伯","10","一般贸易","44","广东省","154","千克","0","?","155,319",
"202506","85177950","光通信设备的激光收发模块","131","沙特阿拉伯","10","一般贸易","51","四川省","373","千克","0","?","13,803",
"202506","85177950","光通信设备的激光收发模块","131","沙特阿拉伯","10","一般贸易","52","贵州省","22","千克","0","?","14,773",
"202506","85177950","光通信设备的激光收发模块","131","沙特阿拉伯","34","海关特殊监管区域物流货物","32","江苏省","338","千克","0","?","113,994",
"202506","85177950","光通信设备的激光收发模块","131","沙特阿拉伯","39","其他","33","浙江省","351","千克","0","?","2,801",
"202506","85177950","光通信设备的激光收发模块","132","新加坡","10","一般贸易","11","北京市","1","千克","0","?","102",
"202506","85177950","光通信设备的激光收发模块","132","新加坡","10","一般贸易","31","上海市","9","千克","0","?","23,673",
"202506","85177950","光通信设备的激光收发模块","132","新加坡","10","一般贸易","32","江苏省","170","千克","0","?","239,805",
"202506","85177950","光通信设备的激光收发模块","132","新加坡","10","一般贸易","33","浙江省","319","千克","0","?","487,762",
"202506","85177950","光通信设备的激光收发模块","132","新加坡","10","一般贸易","35","福建省","23","千克","0","?","2,596",
"202506","85177950","光通信设备的激光收发模块","132","新加坡","10","一般贸易","37","山东省","17","千克","0","?","21,126",
"202506","85177950","光通信设备的激光收发模块","132","新加坡","10","一般贸易","41","河南省","2","千克","0","?","3,527",
"202506","85177950","光通信设备的激光收发模块","132","新加坡","10","一般贸易","42","湖北省","1601","千克","0","?","1,500,179",
"202506","85177950","光通信设备的激光收发模块","132","新加坡","10","一般贸易","44","广东省","1402","千克","0","?","1,172,671",
"202506","85177950","光通信设备的激光收发模块","132","新加坡","10","一般贸易","51","四川省","372","千克","0","?","933,856",
"202506","85177950","光通信设备的激光收发模块","132","新加坡","10","一般贸易","52","贵州省","24","千克","0","?","8,048",
"202506","85177950","光通信设备的激光收发模块","132","新加坡","10","一般贸易","65","新疆维吾尔自治区","21","千克","0","?","7,979",
"202506","85177950","光通信设备的激光收发模块","132","新加坡","15","进料加工贸易","32","江苏省","2096","千克","0","?","355,506",
"202506","85177950","光通信设备的激光收发模块","132","新加坡","15","进料加工贸易","33","浙江省","786","千克","0","?","677,531",
"202506","85177950","光通信设备的激光收发模块","132","新加坡","15","进料加工贸易","35","福建省","8","千克","0","?","13,232",
"202506","85177950","光通信设备的激光收发模块","132","新加坡","15","进料加工贸易","44","广东省","1139","千克","0","?","2,873,075",
"202506","85177950","光通信设备的激光收发模块","132","新加坡","15","进料加工贸易","50","重庆市","0","千克","0","?","40",
"202506","85177950","光通信设备的激光收发模块","132","新加坡","15","进料加工贸易","51","四川省","0","千克","0","?","178",
"202506","85177950","光通信设备的激光收发模块","132","新加坡","33","保税监管场所进出境货物","34","安徽省","0","千克","0","?","200",
"202506","85177950","光通信设备的激光收发模块","132","新加坡","33","保税监管场所进出境货物","44","广东省","58","千克","0","?","12,463",
"202506","85177950","光通信设备的激光收发模块","132","新加坡","34","海关特殊监管区域物流货物","32","江苏省","176","千克","0","?","368,387",
"202506","85177950","光通信设备的激光收发模块","132","新加坡","34","海关特殊监管区域物流货物","42","湖北省","36","千克","0","?","96,631",
"202506","85177950","光通信设备的激光收发模块","132","新加坡","34","海关特殊监管区域物流货物","44","广东省","1","千克","0","?","1,447",
"202506","85177950","光通信设备的激光收发模块","132","新加坡","39","其他","42","湖北省","2","千克","0","?","2,315",
"202506","85177950","光通信设备的激光收发模块","132","新加坡","39","其他","51","四川省","1","千克","0","?","50",
"202506","85177950","光通信设备的激光收发模块","133","韩国","10","一般贸易","12","天津市","0","千克","0","?","1,800",
"202506","85177950","光通信设备的激光收发模块","133","韩国","10","一般贸易","21","辽宁省","50","千克","0","?","35,690",
"202506","85177950","光通信设备的激光收发模块","133","韩国","10","一般贸易","31","上海市","368","千克","0","?","38,880",
"202506","85177950","光通信设备的激光收发模块","133","韩国","10","一般贸易","32","江苏省","86","千克","0","?","62,244",
"202506","85177950","光通信设备的激光收发模块","133","韩国","10","一般贸易","33","浙江省","12","千克","0","?","17,997",
"202506","85177950","光通信设备的激光收发模块","133","韩国","10","一般贸易","35","福建省","12","千克","0","?","530",
"202506","85177950","光通信设备的激光收发模块","133","韩国","10","一般贸易","37","山东省","114","千克","0","?","83,708",
"202506","85177950","光通信设备的激光收发模块","133","韩国","10","一般贸易","41","河南省","1","千克","0","?","1,040",
"202506","85177950","光通信设备的激光收发模块","133","韩国","10","一般贸易","42","湖北省","73","千克","0","?","127,681",
"202506","85177950","光通信设备的激光收发模块","133","韩国","10","一般贸易","44","广东省","2567","千克","0","?","1,680,401",
"202506","85177950","光通信设备的激光收发模块","133","韩国","10","一般贸易","51","四川省","988","千克","0","?","773,630",
"202506","85177950","光通信设备的激光收发模块","133","韩国","15","进料加工贸易","32","江苏省","128","千克","0","?","54,138",
"202506","85177950","光通信设备的激光收发模块","133","韩国","15","进料加工贸易","35","福建省","7","千克","0","?","10,859",
"202506","85177950","光通信设备的激光收发模块","133","韩国","15","进料加工贸易","42","湖北省","0","千克","0","?","8,467",
"202506","85177950","光通信设备的激光收发模块","133","韩国","15","进料加工贸易","44","广东省","5","千克","0","?","21,976",
"202506","85177950","光通信设备的激光收发模块","133","韩国","15","进料加工贸易","51","四川省","1","千克","0","?","390",
"202506","85177950","光通信设备的激光收发模块","133","韩国","34","海关特殊监管区域物流货物","32","江苏省","89","千克","0","?","184,112",
"202506","85177950","光通信设备的激光收发模块","134","斯里兰卡","10","一般贸易","31","上海市","2","千克","0","?","474",
"202506","85177950","光通信设备的激光收发模块","134","斯里兰卡","10","一般贸易","44","广东省","7","千克","0","?","942",
"202506","85177950","光通信设备的激光收发模块","134","斯里兰卡","11","国家间、国际组织无偿援助和赠送的物资","14","山西省","1","千克","0","?","1,203",
"202506","85177950","光通信设备的激光收发模块","134","斯里兰卡","34","海关特殊监管区域物流货物","35","福建省","4","千克","0","?","3,629",
"202506","85177950","光通信设备的激光收发模块","136","泰国","10","一般贸易","13","河北省","178","千克","0","?","28,523",
"202506","85177950","光通信设备的激光收发模块","136","泰国","10","一般贸易","31","上海市","247","千克","0","?","654,221",
"202506","85177950","光通信设备的激光收发模块","136","泰国","10","一般贸易","32","江苏省","1598","千克","0","?","3,990,166",
"202506","85177950","光通信设备的激光收发模块","136","泰国","10","一般贸易","33","浙江省","40","千克","0","?","58,388",
"202506","85177950","光通信设备的激光收发模块","136","泰国","10","一般贸易","34","安徽省","1200","千克","0","?","48,948",
"202506","85177950","光通信设备的激光收发模块","136","泰国","10","一般贸易","35","福建省","40","千克","0","?","124,012",
"202506","85177950","光通信设备的激光收发模块","136","泰国","10","一般贸易","37","山东省","37","千克","0","?","236,315",
"202506","85177950","光通信设备的激光收发模块","136","泰国","10","一般贸易","42","湖北省","4373","千克","0","?","5,199,965",
"202506","85177950","光通信设备的激光收发模块","136","泰国","10","一般贸易","44","广东省","564","千克","0","?","742,417",
"202506","85177950","光通信设备的激光收发模块","136","泰国","10","一般贸易","51","四川省","6222","千克","0","?","16,701,380",
"202506","85177950","光通信设备的激光收发模块","136","泰国","10","一般贸易","52","贵州省","15","千克","0","?","6,202",
"202506","85177950","光通信设备的激光收发模块","136","泰国","15","进料加工贸易","32","江苏省","348","千克","0","?","140,363",
"202506","85177950","光通信设备的激光收发模块","136","泰国","15","进料加工贸易","35","福建省","0","千克","0","?","320",
"202506","85177950","光通信设备的激光收发模块","136","泰国","15","进料加工贸易","44","广东省","0","千克","0","?","66",
"202506","85177950","光通信设备的激光收发模块","136","泰国","15","进料加工贸易","51","四川省","298","千克","0","?","376,709",
"202506","85177950","光通信设备的激光收发模块","136","泰国","33","保税监管场所进出境货物","44","广东省","5","千克","0","?","963",
"202506","85177950","光通信设备的激光收发模块","136","泰国","34","海关特殊监管区域物流货物","32","江苏省","459","千克","0","?","103,677",
"202506","85177950","光通信设备的激光收发模块","137","土耳其","10","一般贸易","11","北京市","1","千克","0","?","1,380",
"202506","85177950","光通信设备的激光收发模块","137","土耳其","10","一般贸易","31","上海市","552","千克","0","?","24,180",
"202506","85177950","光通信设备的激光收发模块","137","土耳其","10","一般贸易","32","江苏省","3","千克","0","?","2,400",
"202506","85177950","光通信设备的激光收发模块","137","土耳其","10","一般贸易","33","浙江省","5","千克","0","?","2,267",
"202506","85177950","光通信设备的激光收发模块","137","土耳其","10","一般贸易","35","福建省","16","千克","0","?","18,135",
"202506","85177950","光通信设备的激光收发模块","137","土耳其","10","一般贸易","42","湖北省","180","千克","0","?","3,745",
"202506","85177950","光通信设备的激光收发模块","137","土耳其","10","一般贸易","44","广东省","400","千克","0","?","194,032",
"202506","85177950","光通信设备的激光收发模块","137","土耳其","34","海关特殊监管区域物流货物","32","江苏省","129","千克","0","?","24,589",
"202506","85177950","光通信设备的激光收发模块","138","阿联酋","10","一般贸易","13","河北省","152","千克","0","?","5,715",
"202506","85177950","光通信设备的激光收发模块","138","阿联酋","10","一般贸易","31","上海市","0","千克","0","?","565",
"202506","85177950","光通信设备的激光收发模块","138","阿联酋","10","一般贸易","32","江苏省","291","千克","0","?","4,403",
"202506","85177950","光通信设备的激光收发模块","138","阿联酋","10","一般贸易","33","浙江省","286","千克","0","?","30,793",
"202506","85177950","光通信设备的激光收发模块","138","阿联酋","10","一般贸易","35","福建省","1","千克","0","?","607",
"202506","85177950","光通信设备的激光收发模块","138","阿联酋","10","一般贸易","37","山东省","267","千克","0","?","10,104",
"202506","85177950","光通信设备的激光收发模块","138","阿联酋","10","一般贸易","41","河南省","0","千克","0","?","7",
"202506","85177950","光通信设备的激光收发模块","138","阿联酋","10","一般贸易","42","湖北省","468","千克","0","?","82,910",
"202506","85177950","光通信设备的激光收发模块","138","阿联酋","10","一般贸易","44","广东省","2484","千克","0","?","1,653,499",
"202506","85177950","光通信设备的激光收发模块","138","阿联酋","10","一般贸易","51","四川省","495","千克","0","?","156,513",
"202506","85177950","光通信设备的激光收发模块","138","阿联酋","15","进料加工贸易","44","广东省","7","千克","0","?","11,366",
"202506","85177950","光通信设备的激光收发模块","138","阿联酋","15","进料加工贸易","51","四川省","258","千克","0","?","52,957",
"202506","85177950","光通信设备的激光收发模块","138","阿联酋","33","保税监管场所进出境货物","44","广东省","0","千克","0","?","330",
"202506","85177950","光通信设备的激光收发模块","138","阿联酋","34","海关特殊监管区域物流货物","32","江苏省","65","千克","0","?","13,845",
"202506","85177950","光通信设备的激光收发模块","138","阿联酋","34","海关特殊监管区域物流货物","35","福建省","0","千克","0","?","384",
"202506","85177950","光通信设备的激光收发模块","141","越南","10","一般贸易","31","上海市","158","千克","0","?","208,776",
"202506","85177950","光通信设备的激光收发模块","141","越南","10","一般贸易","32","江苏省","336","千克","0","?","102,127",
"202506","85177950","光通信设备的激光收发模块","141","越南","10","一般贸易","33","浙江省","137","千克","0","?","38,154",
"202506","85177950","光通信设备的激光收发模块","141","越南","10","一般贸易","35","福建省","22","千克","0","?","15,046",
"202506","85177950","光通信设备的激光收发模块","141","越南","10","一般贸易","37","山东省","0","千克","0","?","600",
"202506","85177950","光通信设备的激光收发模块","141","越南","10","一般贸易","42","湖北省","6","千克","0","?","5,891",
"202506","85177950","光通信设备的激光收发模块","141","越南","10","一般贸易","44","广东省","3372","千克","0","?","1,473,434",
"202506","85177950","光通信设备的激光收发模块","141","越南","10","一般贸易","51","四川省","196","千克","0","?","270,282",
"202506","85177950","光通信设备的激光收发模块","141","越南","15","进料加工贸易","51","四川省","114","千克","0","?","178,230",
"202506","85177950","光通信设备的激光收发模块","141","越南","19","边境小额贸易","45","广西壮族自治区","335","千克","0","?","68,127",
"202506","85177950","光通信设备的激光收发模块","141","越南","33","保税监管场所进出境货物","44","广东省","472","千克","0","?","244,392",
"202506","85177950","光通信设备的激光收发模块","141","越南","34","海关特殊监管区域物流货物","31","上海市","1","千克","0","?","468",
"202506","85177950","光通信设备的激光收发模块","141","越南","34","海关特殊监管区域物流货物","32","江苏省","62","千克","0","?","89,021",
"202506","85177950","光通信设备的激光收发模块","141","越南","34","海关特殊监管区域物流货物","35","福建省","0","千克","0","?","2,115",
"202506","85177950","光通信设备的激光收发模块","141","越南","34","海关特殊监管区域物流货物","45","广西壮族自治区","21","千克","0","?","11,209",
"202506","85177950","光通信设备的激光收发模块","143","中国台湾","10","一般贸易","11","北京市","0","千克","0","?","6,205",
"202506","85177950","光通信设备的激光收发模块","143","中国台湾","10","一般贸易","13","河北省","95","千克","0","?","19,859",
"202506","85177950","光通信设备的激光收发模块","143","中国台湾","10","一般贸易","31","上海市","70","千克","0","?","133,635",
"202506","85177950","光通信设备的激光收发模块","143","中国台湾","10","一般贸易","32","江苏省","275","千克","0","?","483,836",
"202506","85177950","光通信设备的激光收发模块","143","中国台湾","10","一般贸易","33","浙江省","2387","千克","0","?","8,248,391",
"202506","85177950","光通信设备的激光收发模块","143","中国台湾","10","一般贸易","34","安徽省","68","千克","0","?","174,977",
"202506","85177950","光通信设备的激光收发模块","143","中国台湾","10","一般贸易","35","福建省","6","千克","0","?","9,800",
"202506","85177950","光通信设备的激光收发模块","143","中国台湾","10","一般贸易","37","山东省","193","千克","0","?","37,147",
"202506","85177950","光通信设备的激光收发模块","143","中国台湾","10","一般贸易","42","湖北省","1763","千克","0","?","1,531,243",
"202506","85177950","光通信设备的激光收发模块","143","中国台湾","10","一般贸易","43","湖南省","24","千克","0","?","26,268",
"202506","85177950","光通信设备的激光收发模块","143","中国台湾","10","一般贸易","44","广东省","5457","千克","0","?","6,600,229",
"202506","85177950","光通信设备的激光收发模块","143","中国台湾","10","一般贸易","51","四川省","79","千克","0","?","70,849",
"202506","85177950","光通信设备的激光收发模块","143","中国台湾","15","进料加工贸易","32","江苏省","11","千克","0","?","3,819",
"202506","85177950","光通信设备的激光收发模块","143","中国台湾","15","进料加工贸易","33","浙江省","3869","千克","0","?","4,628,660",
"202506","85177950","光通信设备的激光收发模块","143","中国台湾","15","进料加工贸易","35","福建省","4","千克","0","?","7,499",
"202506","85177950","光通信设备的激光收发模块","143","中国台湾","15","进料加工贸易","44","广东省","0","千克","0","?","239",
"202506","85177950","光通信设备的激光收发模块","143","中国台湾","15","进料加工贸易","51","四川省","8599","千克","0","?","8,938,743",
"202506","85177950","光通信设备的激光收发模块","143","中国台湾","33","保税监管场所进出境货物","44","广东省","3","千克","0","?","923",
"202506","85177950","光通信设备的激光收发模块","143","中国台湾","34","海关特殊监管区域物流货物","32","江苏省","232","千克","0","?","46,264",
"202506","85177950","光通信设备的激光收发模块","143","中国台湾","39","其他","31","上海市","3","千克","0","?","2,891",
"202506","85177950","光通信设备的激光收发模块","143","中国台湾","39","其他","33","浙江省","7","千克","0","?","1,552",
"202506","85177950","光通信设备的激光收发模块","144","东帝汶","10","一般贸易","43","湖南省","30","千克","0","?","1,342",
"202506","85177950","光通信设备的激光收发模块","144","东帝汶","10","一般贸易","44","广东省","0","千克","0","?","666",
"202506","85177950","光通信设备的激光收发模块","145","哈萨克斯坦","10","一般贸易","21","辽宁省","2","千克","0","?","6,195",
"202506","85177950","光通信设备的激光收发模块","145","哈萨克斯坦","10","一般贸易","31","上海市","139","千克","0","?","39,205",
"202506","85177950","光通信设备的激光收发模块","145","哈萨克斯坦","10","一般贸易","33","浙江省","194","千克","0","?","62,116",
"202506","85177950","光通信设备的激光收发模块","145","哈萨克斯坦","10","一般贸易","35","福建省","21","千克","0","?","24,981",
"202506","85177950","光通信设备的激光收发模块","145","哈萨克斯坦","10","一般贸易","41","河南省","6","千克","0","?","1,391",
"202506","85177950","光通信设备的激光收发模块","145","哈萨克斯坦","10","一般贸易","44","广东省","426","千克","0","?","1,227,136",
"202506","85177950","光通信设备的激光收发模块","145","哈萨克斯坦","10","一般贸易","51","四川省","0","千克","0","?","3,545",
"202506","85177950","光通信设备的激光收发模块","145","哈萨克斯坦","34","海关特殊监管区域物流货物","13","河北省","1","千克","0","?","445",
"202506","85177950","光通信设备的激光收发模块","146","吉尔吉斯斯坦","10","一般贸易","32","江苏省","6","千克","0","?","795",
"202506","85177950","光通信设备的激光收发模块","146","吉尔吉斯斯坦","10","一般贸易","44","广东省","74","千克","0","?","28,039",
"202506","85177950","光通信设备的激光收发模块","147","塔吉克斯坦","10","一般贸易","33","浙江省","2","千克","0","?","983",
"202506","85177950","光通信设备的激光收发模块","147","塔吉克斯坦","10","一般贸易","44","广东省","0","千克","0","?","236",
"202506","85177950","光通信设备的激光收发模块","147","塔吉克斯坦","34","海关特殊监管区域物流货物","32","江苏省","1","千克","0","?","475",
"202506","85177950","光通信设备的激光收发模块","148","土库曼斯坦","10","一般贸易","44","广东省","7","千克","0","?","3,756",
"202506","85177950","光通信设备的激光收发模块","148","土库曼斯坦","34","海关特殊监管区域物流货物","45","广西壮族自治区","14","千克","0","?","2,214",
"202506","85177950","光通信设备的激光收发模块","149","乌兹别克斯坦","10","一般贸易","33","浙江省","45","千克","0","?","68,343",
"202506","85177950","光通信设备的激光收发模块","149","乌兹别克斯坦","10","一般贸易","35","福建省","2","千克","0","?","3,364",
"202506","85177950","光通信设备的激光收发模块","149","乌兹别克斯坦","10","一般贸易","42","湖北省","50","千克","0","?","8,997",
"202506","85177950","光通信设备的激光收发模块","149","乌兹别克斯坦","10","一般贸易","44","广东省","395","千克","0","?","265,542",
"202506","85177950","光通信设备的激光收发模块","149","乌兹别克斯坦","34","海关特殊监管区域物流货物","44","广东省","30","千克","0","?","12,757",
"202506","85177950","光通信设备的激光收发模块","150","格鲁吉亚","10","一般贸易","31","上海市","5","千克","0","?","3,913",
"202506","85177950","光通信设备的激光收发模块","150","格鲁吉亚","10","一般贸易","33","浙江省","6","千克","0","?","2,708",
"202506","85177950","光通信设备的激光收发模块","150","格鲁吉亚","10","一般贸易","44","广东省","11","千克","0","?","6,894",
"202506","85177950","光通信设备的激光收发模块","151","亚美尼亚","10","一般贸易","31","上海市","1","千克","0","?","560",
"202506","85177950","光通信设备的激光收发模块","151","亚美尼亚","10","一般贸易","33","浙江省","4","千克","0","?","3,627",
"202506","85177950","光通信设备的激光收发模块","151","亚美尼亚","10","一般贸易","44","广东省","3","千克","0","?","3,231",
"202506","85177950","光通信设备的激光收发模块","152","阿塞拜疆","10","一般贸易","31","上海市","0","千克","0","?","2,160",
"202506","85177950","光通信设备的激光收发模块","152","阿塞拜疆","10","一般贸易","44","广东省","22","千克","0","?","23,852",
"202506","85177950","光通信设备的激光收发模块","152","阿塞拜疆","15","进料加工贸易","44","广东省","0","千克","0","?","88",
"202506","85177950","光通信设备的激光收发模块","201","阿尔及利亚","10","一般贸易","44","广东省","352","千克","0","?","563,527",
"202506","85177950","光通信设备的激光收发模块","202","安哥拉","10","一般贸易","33","浙江省","3","千克","0","?","1,650",
"202506","85177950","光通信设备的激光收发模块","202","安哥拉","10","一般贸易","44","广东省","0","千克","0","?","189",
"202506","85177950","光通信设备的激光收发模块","202","安哥拉","22","对外承包工程出口货物","11","北京市","10","千克","0","?","1,475",
"202506","85177950","光通信设备的激光收发模块","204","博茨瓦纳","10","一般贸易","44","广东省","13","千克","0","?","19",
"202506","85177950","光通信设备的激光收发模块","211","乍得","10","一般贸易","44","广东省","9","千克","0","?","909",
"202506","85177950","光通信设备的激光收发模块","212","科摩罗","22","对外承包工程出口货物","37","山东省","0","千克","0","?","61",
"202506","85177950","光通信设备的激光收发模块","213","刚果共和国","10","一般贸易","33","浙江省","0","千克","0","?","190",
"202506","85177950","光通信设备的激光收发模块","213","刚果共和国","10","一般贸易","44","广东省","1","千克","0","?","5,342",
"202506","85177950","光通信设备的激光收发模块","215","埃及","10","一般贸易","33","浙江省","15","千克","0","?","5,327",
"202506","85177950","光通信设备的激光收发模块","215","埃及","10","一般贸易","35","福建省","5","千克","0","?","5,016",
"202506","85177950","光通信设备的激光收发模块","215","埃及","10","一般贸易","44","广东省","13","千克","0","?","13,513",
"202506","85177950","光通信设备的激光收发模块","217","埃塞俄比亚","10","一般贸易","11","北京市","4","千克","0","?","351",
"202506","85177950","光通信设备的激光收发模块","217","埃塞俄比亚","10","一般贸易","33","浙江省","2","千克","0","?","2,450",
"202506","85177950","光通信设备的激光收发模块","217","埃塞俄比亚","10","一般贸易","43","湖南省","125","千克","0","?","8,603",
"202506","85177950","光通信设备的激光收发模块","218","加蓬","10","一般贸易","44","广东省","37","千克","0","?","10,640",
"202506","85177950","光通信设备的激光收发模块","219","冈比亚","10","一般贸易","44","广东省","3","千克","0","?","797",
"202506","85177950","光通信设备的激光收发模块","220","加纳","10","一般贸易","33","浙江省","0","千克","0","?","49",
"202506","85177950","光通信设备的激光收发模块","220","加纳","10","一般贸易","44","广东省","98","千克","0","?","127,495",
"202506","85177950","光通信设备的激光收发模块","221","几内亚","10","一般贸易","44","广东省","0","千克","0","?","184",
"202506","85177950","光通信设备的激光收发模块","223","科特迪瓦","10","一般贸易","32","江苏省","131","千克","0","?","2,201",
"202506","85177950","光通信设备的激光收发模块","223","科特迪瓦","10","一般贸易","44","广东省","90","千克","0","?","228,968",
"202506","85177950","光通信设备的激光收发模块","224","肯尼亚","10","一般贸易","13","河北省","103","千克","0","?","3,863",
"202506","85177950","光通信设备的激光收发模块","224","肯尼亚","10","一般贸易","31","上海市","4","千克","0","?","3,012",
"202506","85177950","光通信设备的激光收发模块","224","肯尼亚","10","一般贸易","33","浙江省","1","千克","0","?","985",
"202506","85177950","光通信设备的激光收发模块","224","肯尼亚","10","一般贸易","37","山东省","70","千克","0","?","2,548",
"202506","85177950","光通信设备的激光收发模块","224","肯尼亚","10","一般贸易","41","河南省","4333","千克","0","?","77,500",
"202506","85177950","光通信设备的激光收发模块","224","肯尼亚","10","一般贸易","43","湖南省","266","千克","0","?","7,836",
"202506","85177950","光通信设备的激光收发模块","224","肯尼亚","10","一般贸易","44","广东省","870","千克","0","?","276,153",
"202506","85177950","光通信设备的激光收发模块","224","肯尼亚","22","对外承包工程出口货物","11","北京市","10","千克","0","?","109,010",
"202506","85177950","光通信设备的激光收发模块","224","肯尼亚","34","海关特殊监管区域物流货物","32","江苏省","42","千克","0","?","9,047",
"202506","85177950","光通信设备的激光收发模块","224","肯尼亚","34","海关特殊监管区域物流货物","42","湖北省","1","千克","0","?","3,020",
"202506","85177950","光通信设备的激光收发模块","225","利比里亚","10","一般贸易","44","广东省","9","千克","0","?","1,378",
"202506","85177950","光通信设备的激光收发模块","226","利比亚","10","一般贸易","35","福建省","1","千克","0","?","1,389",
"202506","85177950","光通信设备的激光收发模块","226","利比亚","10","一般贸易","44","广东省","6","千克","0","?","1,371",
"202506","85177950","光通信设备的激光收发模块","227","马达加斯加","10","一般贸易","44","广东省","2","千克","0","?","2,726",
"202506","85177950","光通信设备的激光收发模块","228","马拉维","10","一般贸易","44","广东省","44","千克","0","?","44,324",
"202506","85177950","光通信设备的激光收发模块","229","马里","10","一般贸易","44","广东省","1","千克","0","?","3,003",
"202506","85177950","光通信设备的激光收发模块","229","马里","10","一般贸易","46","海南省","0","千克","0","?","282",
"202506","85177950","光通信设备的激光收发模块","231","毛里求斯","10","一般贸易","33","浙江省","0","千克","0","?","450",
"202506","85177950","光通信设备的激光收发模块","231","毛里求斯","10","一般贸易","44","广东省","9","千克","0","?","3,419",
"202506","85177950","光通信设备的激光收发模块","232","摩洛哥","10","一般贸易","33","浙江省","74","千克","0","?","63,476",
"202506","85177950","光通信设备的激光收发模块","232","摩洛哥","10","一般贸易","35","福建省","2","千克","0","?","27",
"202506","85177950","光通信设备的激光收发模块","232","摩洛哥","10","一般贸易","44","广东省","208","千克","0","?","246,740",
"202506","85177950","光通信设备的激光收发模块","233","莫桑比克","10","一般贸易","44","广东省","0","千克","0","?","2,190",
"202506","85177950","光通信设备的激光收发模块","236","尼日利亚","10","一般贸易","32","江苏省","305","千克","0","?","4,470",
"202506","85177950","光通信设备的激光收发模块","236","尼日利亚","10","一般贸易","33","浙江省","2","千克","0","?","3,613",
"202506","85177950","光通信设备的激光收发模块","236","尼日利亚","10","一般贸易","35","福建省","0","千克","0","?","44",
"202506","85177950","光通信设备的激光收发模块","236","尼日利亚","10","一般贸易","37","山东省","229","千克","0","?","8,610",
"202506","85177950","光通信设备的激光收发模块","236","尼日利亚","10","一般贸易","44","广东省","142","千克","0","?","111,121",
"202506","85177950","光通信设备的激光收发模块","236","尼日利亚","10","一般贸易","51","四川省","201","千克","0","?","7,538",
"202506","85177950","光通信设备的激光收发模块","237","留尼汪","10","一般贸易","44","广东省","12","千克","0","?","37,926",
"202506","85177950","光通信设备的激光收发模块","240","塞内加尔","10","一般贸易","37","山东省","395","千克","0","?","13,699",
"202506","85177950","光通信设备的激光收发模块","240","塞内加尔","10","一般贸易","44","广东省","6","千克","0","?","1,471",
"202506","85177950","光通信设备的激光收发模块","241","塞舌尔","10","一般贸易","33","浙江省","1","千克","0","?","511",
"202506","85177950","光通信设备的激光收发模块","242","塞拉利昂","10","一般贸易","42","湖北省","0","千克","0","?","1,324",
"202506","85177950","光通信设备的激光收发模块","243","索马里","10","一般贸易","44","广东省","7","千克","0","?","1,489",
"202506","85177950","光通信设备的激光收发模块","244","南非","10","一般贸易","31","上海市","12","千克","0","?","2,666",
"202506","85177950","光通信设备的激光收发模块","244","南非","10","一般贸易","32","江苏省","0","千克","0","?","68",
"202506","85177950","光通信设备的激光收发模块","244","南非","10","一般贸易","33","浙江省","16","千克","0","?","13,860",
"202506","85177950","光通信设备的激光收发模块","244","南非","10","一般贸易","35","福建省","0","千克","0","?","235",
"202506","85177950","光通信设备的激光收发模块","244","南非","10","一般贸易","42","湖北省","96","千克","0","?","36,713",
"202506","85177950","光通信设备的激光收发模块","244","南非","10","一般贸易","44","广东省","358","千克","0","?","284,108",
"202506","85177950","光通信设备的激光收发模块","244","南非","10","一般贸易","52","贵州省","27","千克","0","?","10,384",
"202506","85177950","光通信设备的激光收发模块","244","南非","15","进料加工贸易","44","广东省","1","千克","0","?","12,585",
"202506","85177950","光通信设备的激光收发模块","244","南非","33","保税监管场所进出境货物","44","广东省","25","千克","0","?","7,313",
"202506","85177950","光通信设备的激光收发模块","244","南非","34","海关特殊监管区域物流货物","32","江苏省","100","千克","0","?","13,258",
"202506","85177950","光通信设备的激光收发模块","247","坦桑尼亚","10","一般贸易","32","江苏省","148","千克","0","?","2,306",
"202506","85177950","光通信设备的激光收发模块","247","坦桑尼亚","10","一般贸易","33","浙江省","2","千克","0","?","3,195",
"202506","85177950","光通信设备的激光收发模块","247","坦桑尼亚","10","一般贸易","43","湖南省","7","千克","0","?","1,666",
"202506","85177950","光通信设备的激光收发模块","247","坦桑尼亚","10","一般贸易","44","广东省","203","千克","0","?","172,892",
"202506","85177950","光通信设备的激光收发模块","249","突尼斯","10","一般贸易","44","广东省","6","千克","0","?","21,757",
"202506","85177950","光通信设备的激光收发模块","250","乌干达","10","一般贸易","33","浙江省","4","千克","0","?","4,674",
"202506","85177950","光通信设备的激光收发模块","250","乌干达","10","一般贸易","37","山东省","178","千克","0","?","6,533",
"202506","85177950","光通信设备的激光收发模块","250","乌干达","10","一般贸易","44","广东省","7","千克","0","?","5,803",
"202506","85177950","光通信设备的激光收发模块","251","布基纳法索","10","一般贸易","44","广东省","10","千克","0","?","8,107",
"202506","85177950","光通信设备的激光收发模块","252","刚果民主共和国","10","一般贸易","44","广东省","99","千克","0","?","73,064",
"202506","85177950","光通信设备的激光收发模块","253","赞比亚","10","一般贸易","11","北京市","11","千克","0","?","5,913",
"202506","85177950","光通信设备的激光收发模块","253","赞比亚","10","一般贸易","44","广东省","26","千克","0","?","7,879",
"202506","85177950","光通信设备的激光收发模块","254","津巴布韦","10","一般贸易","44","广东省","35","千克","0","?","28,736",
"202506","85177950","光通信设备的激光收发模块","255","莱索托","10","一般贸易","44","广东省","0","千克","0","?","378",
"202506","85177950","光通信设备的激光收发模块","301","比利时","10","一般贸易","11","北京市","0","千克","0","?","360",
"202506","85177950","光通信设备的激光收发模块","301","比利时","10","一般贸易","31","上海市","91","千克","0","?","98,568",
"202506","85177950","光通信设备的激光收发模块","301","比利时","10","一般贸易","32","江苏省","24","千克","0","?","59,428",
"202506","85177950","光通信设备的激光收发模块","301","比利时","10","一般贸易","33","浙江省","3","千克","0","?","3,990",
"202506","85177950","光通信设备的激光收发模块","301","比利时","10","一般贸易","34","安徽省","513","千克","0","?","69,240",
"202506","85177950","光通信设备的激光收发模块","301","比利时","10","一般贸易","35","福建省","0","千克","0","?","204",
"202506","85177950","光通信设备的激光收发模块","301","比利时","10","一般贸易","37","山东省","0","千克","0","?","195",
"202506","85177950","光通信设备的激光收发模块","301","比利时","10","一般贸易","42","湖北省","149","千克","0","?","133,828",
"202506","85177950","光通信设备的激光收发模块","301","比利时","10","一般贸易","44","广东省","193","千克","0","?","80,481",
"202506","85177950","光通信设备的激光收发模块","301","比利时","10","一般贸易","51","四川省","73","千克","0","?","64,548",
"202506","85177950","光通信设备的激光收发模块","301","比利时","15","进料加工贸易","32","江苏省","104","千克","0","?","96,834",
"202506","85177950","光通信设备的激光收发模块","302","丹麦","10","一般贸易","31","上海市","3","千克","0","?","13,997",
"202506","85177950","光通信设备的激光收发模块","302","丹麦","10","一般贸易","32","江苏省","9","千克","0","?","9,987",
"202506","85177950","光通信设备的激光收发模块","302","丹麦","10","一般贸易","42","湖北省","0","千克","0","?","7,905",
"202506","85177950","光通信设备的激光收发模块","302","丹麦","10","一般贸易","44","广东省","69","千克","0","?","76,753",
"202506","85177950","光通信设备的激光收发模块","302","丹麦","10","一般贸易","51","四川省","386","千克","0","?","219,097",
"202506","85177950","光通信设备的激光收发模块","302","丹麦","33","保税监管场所进出境货物","44","广东省","3","千克","0","?","372",
"202506","85177950","光通信设备的激光收发模块","302","丹麦","34","海关特殊监管区域物流货物","32","江苏省","1","千克","0","?","2,048",
"202506","85177950","光通信设备的激光收发模块","303","英国","10","一般贸易","12","天津市","0","千克","0","?","618",
"202506","85177950","光通信设备的激光收发模块","303","英国","10","一般贸易","31","上海市","20","千克","0","?","70,033",
"202506","85177950","光通信设备的激光收发模块","303","英国","10","一般贸易","32","江苏省","22","千克","0","?","34,683",
"202506","85177950","光通信设备的激光收发模块","303","英国","10","一般贸易","33","浙江省","0","千克","0","?","97",
"202506","85177950","光通信设备的激光收发模块","303","英国","10","一般贸易","34","安徽省","25","千克","0","?","2,770",
"202506","85177950","光通信设备的激光收发模块","303","英国","10","一般贸易","35","福建省","12","千克","0","?","3,690",
"202506","85177950","光通信设备的激光收发模块","303","英国","10","一般贸易","37","山东省","5","千克","0","?","691",
"202506","85177950","光通信设备的激光收发模块","303","英国","10","一般贸易","42","湖北省","285","千克","0","?","332,706",
"202506","85177950","光通信设备的激光收发模块","303","英国","10","一般贸易","44","广东省","2545","千克","0","?","1,173,247",
"202506","85177950","光通信设备的激光收发模块","303","英国","10","一般贸易","51","四川省","274","千克","0","?","682,294",
"202506","85177950","光通信设备的激光收发模块","303","英国","10","一般贸易","61","陕西省","1","千克","0","?","179",
"202506","85177950","光通信设备的激光收发模块","303","英国","15","进料加工贸易","32","江苏省","31","千克","0","?","7,616",
"202506","85177950","光通信设备的激光收发模块","303","英国","15","进料加工贸易","44","广东省","0","千克","0","?","8,733",
"202506","85177950","光通信设备的激光收发模块","303","英国","15","进料加工贸易","51","四川省","1","千克","0","?","10,949",
"202506","85177950","光通信设备的激光收发模块","303","英国","34","海关特殊监管区域物流货物","31","上海市","0","千克","0","?","716",
"202506","85177950","光通信设备的激光收发模块","303","英国","34","海关特殊监管区域物流货物","32","江苏省","0","千克","0","?","682",
"202506","85177950","光通信设备的激光收发模块","303","英国","34","海关特殊监管区域物流货物","44","广东省","112","千克","0","?","65,595",
"202506","85177950","光通信设备的激光收发模块","304","德国","10","一般贸易","11","北京市","15","千克","0","?","9,045",
"202506","85177950","光通信设备的激光收发模块","304","德国","10","一般贸易","12","天津市","13","千克","0","?","5,709",
"202506","85177950","光通信设备的激光收发模块","304","德国","10","一般贸易","31","上海市","7","千克","0","?","5,621",
"202506","85177950","光通信设备的激光收发模块","304","德国","10","一般贸易","32","江苏省","140","千克","0","?","212,556",
"202506","85177950","光通信设备的激光收发模块","304","德国","10","一般贸易","33","浙江省","86","千克","0","?","117,760",
"202506","85177950","光通信设备的激光收发模块","304","德国","10","一般贸易","34","安徽省","2","千克","0","?","117,040",
"202506","85177950","光通信设备的激光收发模块","304","德国","10","一般贸易","37","山东省","1","千克","0","?","653",
"202506","85177950","光通信设备的激光收发模块","304","德国","10","一般贸易","42","湖北省","2025","千克","0","?","1,004,873",
"202506","85177950","光通信设备的激光收发模块","304","德国","10","一般贸易","44","广东省","4115","千克","0","?","2,254,638",
"202506","85177950","光通信设备的激光收发模块","304","德国","10","一般贸易","51","四川省","2635","千克","0","?","1,126,594",
"202506","85177950","光通信设备的激光收发模块","304","德国","10","一般贸易","52","贵州省","7","千克","0","?","6,385",
"202506","85177950","光通信设备的激光收发模块","304","德国","15","进料加工贸易","32","江苏省","93","千克","0","?","655,463",
"202506","85177950","光通信设备的激光收发模块","304","德国","15","进料加工贸易","51","四川省","1","千克","0","?","1,875",
"202506","85177950","光通信设备的激光收发模块","304","德国","33","保税监管场所进出境货物","44","广东省","13","千克","0","?","2,097",
"202506","85177950","光通信设备的激光收发模块","304","德国","34","海关特殊监管区域物流货物","32","江苏省","5","千克","0","?","2,583",
"202506","85177950","光通信设备的激光收发模块","304","德国","34","海关特殊监管区域物流货物","42","湖北省","1137","千克","0","?","1,790,882",
"202506","85177950","光通信设备的激光收发模块","304","德国","34","海关特殊监管区域物流货物","44","广东省","99","千克","0","?","131,141",
"202506","85177950","光通信设备的激光收发模块","305","法国","10","一般贸易","32","江苏省","12","千克","0","?","3,902",
"202506","85177950","光通信设备的激光收发模块","305","法国","10","一般贸易","33","浙江省","16","千克","0","?","22,566",
"202506","85177950","光通信设备的激光收发模块","305","法国","10","一般贸易","37","山东省","0","千克","0","?","143",
"202506","85177950","光通信设备的激光收发模块","305","法国","10","一般贸易","41","河南省","4","千克","0","?","3,350",
"202506","85177950","光通信设备的激光收发模块","305","法国","10","一般贸易","42","湖北省","17","千克","0","?","26,769",
"202506","85177950","光通信设备的激光收发模块","305","法国","10","一般贸易","43","湖南省","5","千克","0","?","1,035",
"202506","85177950","光通信设备的激光收发模块","305","法国","10","一般贸易","44","广东省","560","千克","0","?","216,753",
"202506","85177950","光通信设备的激光收发模块","305","法国","10","一般贸易","51","四川省","1037","千克","0","?","403,628",
"202506","85177950","光通信设备的激光收发模块","305","法国","15","进料加工贸易","32","江苏省","8","千克","0","?","24,142",
"202506","85177950","光通信设备的激光收发模块","305","法国","15","进料加工贸易","51","四川省","0","千克","0","?","17,440",
"202506","85177950","光通信设备的激光收发模块","305","法国","33","保税监管场所进出境货物","44","广东省","638","千克","0","?","142,100",
"202506","85177950","光通信设备的激光收发模块","306","爱尔兰","10","一般贸易","21","辽宁省","4","千克","0","?","18,537",
"202506","85177950","光通信设备的激光收发模块","306","爱尔兰","10","一般贸易","31","上海市","0","千克","0","?","1,330",
"202506","85177950","光通信设备的激光收发模块","306","爱尔兰","10","一般贸易","32","江苏省","2019","千克","0","?","5,577,800",
"202506","85177950","光通信设备的激光收发模块","306","爱尔兰","10","一般贸易","33","浙江省","1","千克","0","?","3,932",
"202506","85177950","光通信设备的激光收发模块","306","爱尔兰","10","一般贸易","44","广东省","33","千克","0","?","41,643",
"202506","85177950","光通信设备的激光收发模块","306","爱尔兰","10","一般贸易","52","贵州省","20","千克","0","?","18,096",
"202506","85177950","光通信设备的激光收发模块","306","爱尔兰","15","进料加工贸易","32","江苏省","13532","千克","0","?","2,591,425",
"202506","85177950","光通信设备的激光收发模块","306","爱尔兰","15","进料加工贸易","33","浙江省","855","千克","0","?","697,511",
"202506","85177950","光通信设备的激光收发模块","307","意大利","10","一般贸易","31","上海市","9","千克","0","?","33,242",
"202506","85177950","光通信设备的激光收发模块","307","意大利","10","一般贸易","32","江苏省","29","千克","0","?","12,985",
"202506","85177950","光通信设备的激光收发模块","307","意大利","10","一般贸易","33","浙江省","57","千克","0","?","27,152",
"202506","85177950","光通信设备的激光收发模块","307","意大利","10","一般贸易","35","福建省","1","千克","0","?","880",
"202506","85177950","光通信设备的激光收发模块","307","意大利","10","一般贸易","37","山东省","0","千克","0","?","127",
"202506","85177950","光通信设备的激光收发模块","307","意大利","10","一般贸易","41","河南省","1","千克","0","?","267",
"202506","85177950","光通信设备的激光收发模块","307","意大利","10","一般贸易","42","湖北省","6","千克","0","?","8,130",
"202506","85177950","光通信设备的激光收发模块","307","意大利","10","一般贸易","43","湖南省","4","千克","0","?","68",
"202506","85177950","光通信设备的激光收发模块","307","意大利","10","一般贸易","44","广东省","148","千克","0","?","175,571",
"202506","85177950","光通信设备的激光收发模块","307","意大利","10","一般贸易","51","四川省","2","千克","0","?","7,100",
"202506","85177950","光通信设备的激光收发模块","307","意大利","10","一般贸易","61","陕西省","2","千克","0","?","1,180",
"202506","85177950","光通信设备的激光收发模块","307","意大利","15","进料加工贸易","32","江苏省","0","千克","0","?","1,410",
"202506","85177950","光通信设备的激光收发模块","307","意大利","15","进料加工贸易","44","广东省","0","千克","0","?","31",
"202506","85177950","光通信设备的激光收发模块","307","意大利","15","进料加工贸易","51","四川省","0","千克","0","?","89",
"202506","85177950","光通信设备的激光收发模块","307","意大利","33","保税监管场所进出境货物","44","广东省","7","千克","0","?","920",
"202506","85177950","光通信设备的激光收发模块","309","荷兰","10","一般贸易","12","天津市","92","千克","0","?","35,424",
"202506","85177950","光通信设备的激光收发模块","309","荷兰","10","一般贸易","31","上海市","305","千克","0","?","223,993",
"202506","85177950","光通信设备的激光收发模块","309","荷兰","10","一般贸易","32","江苏省","22","千克","0","?","26,415",
"202506","85177950","光通信设备的激光收发模块","309","荷兰","10","一般贸易","33","浙江省","128","千克","0","?","250,534",
"202506","85177950","光通信设备的激光收发模块","309","荷兰","10","一般贸易","35","福建省","1","千克","0","?","100",
"202506","85177950","光通信设备的激光收发模块","309","荷兰","10","一般贸易","37","山东省","0","千克","0","?","59",
"202506","85177950","光通信设备的激光收发模块","309","荷兰","10","一般贸易","42","湖北省","3989","千克","0","?","2,410,759",
"202506","85177950","光通信设备的激光收发模块","309","荷兰","10","一般贸易","44","广东省","3355","千克","0","?","5,901,719",
"202506","85177950","光通信设备的激光收发模块","309","荷兰","10","一般贸易","51","四川省","756","千克","0","?","902,378",
"202506","85177950","光通信设备的激光收发模块","309","荷兰","10","一般贸易","52","贵州省","40","千克","0","?","10,920",
"202506","85177950","光通信设备的激光收发模块","309","荷兰","10","一般贸易","61","陕西省","0","千克","0","?","207",
"202506","85177950","光通信设备的激光收发模块","309","荷兰","15","进料加工贸易","32","江苏省","1331","千克","0","?","1,619,114",
"202506","85177950","光通信设备的激光收发模块","309","荷兰","15","进料加工贸易","44","广东省","41","千克","0","?","245,700",
"202506","85177950","光通信设备的激光收发模块","309","荷兰","15","进料加工贸易","51","四川省","212","千克","0","?","216,056",
"202506","85177950","光通信设备的激光收发模块","309","荷兰","33","保税监管场所进出境货物","44","广东省","2","千克","0","?","2,485",
"202506","85177950","光通信设备的激光收发模块","309","荷兰","34","海关特殊监管区域物流货物","32","江苏省","12","千克","0","?","27,390",
"202506","85177950","光通信设备的激光收发模块","310","希腊","10","一般贸易","32","江苏省","3","千克","0","?","1,330",
"202506","85177950","光通信设备的激光收发模块","310","希腊","10","一般贸易","33","浙江省","0","千克","0","?","80",
"202506","85177950","光通信设备的激光收发模块","310","希腊","10","一般贸易","37","山东省","0","千克","0","?","1",
"202506","85177950","光通信设备的激光收发模块","310","希腊","10","一般贸易","44","广东省","59","千克","0","?","29,065",
"202506","85177950","光通信设备的激光收发模块","310","希腊","33","保税监管场所进出境货物","44","广东省","4","千克","0","?","268",
"202506","85177950","光通信设备的激光收发模块","311","葡萄牙","10","一般贸易","33","浙江省","7","千克","0","?","6,500",
"202506","85177950","光通信设备的激光收发模块","311","葡萄牙","10","一般贸易","42","湖北省","0","千克","0","?","5,929",
"202506","85177950","光通信设备的激光收发模块","311","葡萄牙","10","一般贸易","43","湖南省","0","千克","0","?","195",
"202506","85177950","光通信设备的激光收发模块","311","葡萄牙","10","一般贸易","44","广东省","48","千克","0","?","96,554",
"202506","85177950","光通信设备的激光收发模块","312","西班牙","10","一般贸易","23","黑龙江省","1","千克","0","?","66",
"202506","85177950","光通信设备的激光收发模块","312","西班牙","10","一般贸易","33","浙江省","63","千克","0","?","96,715",
"202506","85177950","光通信设备的激光收发模块","312","西班牙","10","一般贸易","34","安徽省","2","千克","0","?","291",
"202506","85177950","光通信设备的激光收发模块","312","西班牙","10","一般贸易","35","福建省","26","千克","0","?","28,629",
"202506","85177950","光通信设备的激光收发模块","312","西班牙","10","一般贸易","37","山东省","4","千克","0","?","729",
"202506","85177950","光通信设备的激光收发模块","312","西班牙","10","一般贸易","42","湖北省","5","千克","0","?","1,344",
"202506","85177950","光通信设备的激光收发模块","312","西班牙","10","一般贸易","44","广东省","148","千克","0","?","105,852",
"202506","85177950","光通信设备的激光收发模块","312","西班牙","33","保税监管场所进出境货物","44","广东省","15","千克","0","?","263",
"202506","85177950","光通信设备的激光收发模块","312","西班牙","34","海关特殊监管区域物流货物","32","江苏省","0","千克","0","?","944",
"202506","85177950","光通信设备的激光收发模块","312","西班牙","34","海关特殊监管区域物流货物","44","广东省","17","千克","0","?","1,952",
"202506","85177950","光通信设备的激光收发模块","313","阿尔巴尼亚","10","一般贸易","35","福建省","0","千克","0","?","470",
"202506","85177950","光通信设备的激光收发模块","313","阿尔巴尼亚","10","一般贸易","44","广东省","28","千克","0","?","18,620",
"202506","85177950","光通信设备的激光收发模块","315","奥地利","10","一般贸易","31","上海市","8","千克","0","?","12,284",
"202506","85177950","光通信设备的激光收发模块","315","奥地利","10","一般贸易","33","浙江省","0","千克","0","?","519",
"202506","85177950","光通信设备的激光收发模块","315","奥地利","10","一般贸易","44","广东省","42","千克","0","?","28,455",
"202506","85177950","光通信设备的激光收发模块","316","保加利亚","10","一般贸易","33","浙江省","4","千克","0","?","8,121",
"202506","85177950","光通信设备的激光收发模块","316","保加利亚","10","一般贸易","35","福建省","0","千克","0","?","105",
"202506","85177950","光通信设备的激光收发模块","316","保加利亚","10","一般贸易","42","湖北省","4","千克","0","?","3,757",
"202506","85177950","光通信设备的激光收发模块","316","保加利亚","10","一般贸易","44","广东省","5","千克","0","?","6,522",
"202506","85177950","光通信设备的激光收发模块","316","保加利亚","10","一般贸易","51","四川省","21","千克","0","?","5,359",
"202506","85177950","光通信设备的激光收发模块","318","芬兰","10","一般贸易","11","北京市","3","千克","0","?","1,125",
"202506","85177950","光通信设备的激光收发模块","318","芬兰","10","一般贸易","42","湖北省","176","千克","0","?","149,900",
"202506","85177950","光通信设备的激光收发模块","318","芬兰","10","一般贸易","44","广东省","240","千克","0","?","95,065",
"202506","85177950","光通信设备的激光收发模块","318","芬兰","10","一般贸易","51","四川省","2","千克","0","?","3,380",
"202506","85177950","光通信设备的激光收发模块","318","芬兰","10","一般贸易","61","陕西省","1","千克","0","?","590",
"202506","85177950","光通信设备的激光收发模块","318","芬兰","15","进料加工贸易","33","浙江省","7","千克","0","?","7,133",
"202506","85177950","光通信设备的激光收发模块","318","芬兰","15","进料加工贸易","51","四川省","0","千克","0","?","162",
"202506","85177950","光通信设备的激光收发模块","318","芬兰","34","海关特殊监管区域物流货物","32","江苏省","10","千克","0","?","4,210",
"202506","85177950","光通信设备的激光收发模块","321","匈牙利","10","一般贸易","12","天津市","27","千克","0","?","7,212",
"202506","85177950","光通信设备的激光收发模块","321","匈牙利","10","一般贸易","23","黑龙江省","0","千克","0","?","26",
"202506","85177950","光通信设备的激光收发模块","321","匈牙利","10","一般贸易","32","江苏省","5","千克","0","?","568",
"202506","85177950","光通信设备的激光收发模块","321","匈牙利","10","一般贸易","33","浙江省","17","千克","0","?","3,318",
"202506","85177950","光通信设备的激光收发模块","321","匈牙利","10","一般贸易","35","福建省","0","千克","0","?","103",
"202506","85177950","光通信设备的激光收发模块","321","匈牙利","10","一般贸易","37","山东省","7","千克","0","?","1,200",
"202506","85177950","光通信设备的激光收发模块","321","匈牙利","10","一般贸易","42","湖北省","15","千克","0","?","57,524",
"202506","85177950","光通信设备的激光收发模块","321","匈牙利","10","一般贸易","44","广东省","4023","千克","0","?","4,989,121",
"202506","85177950","光通信设备的激光收发模块","321","匈牙利","10","一般贸易","51","四川省","10","千克","0","?","7,531",
"202506","85177950","光通信设备的激光收发模块","321","匈牙利","10","一般贸易","61","陕西省","1","千克","0","?","483",
"202506","85177950","光通信设备的激光收发模块","321","匈牙利","15","进料加工贸易","32","江苏省","3","千克","0","?","6,669",
"202506","85177950","光通信设备的激光收发模块","321","匈牙利","15","进料加工贸易","51","四川省","0","千克","0","?","136",
"202506","85177950","光通信设备的激光收发模块","321","匈牙利","33","保税监管场所进出境货物","44","广东省","64","千克","0","?","50,961",
"202506","85177950","光通信设备的激光收发模块","322","冰岛","10","一般贸易","44","广东省","57","千克","0","?","105,341",
"202506","85177950","光通信设备的激光收发模块","322","冰岛","10","一般贸易","61","陕西省","0","千克","0","?","138",
"202506","85177950","光通信设备的激光收发模块","323","列支敦士登","10","一般贸易","44","广东省","18","千克","0","?","6,501",
"202506","85177950","光通信设备的激光收发模块","324","马耳他","10","一般贸易","44","广东省","0","千克","0","?","34",
"202506","85177950","光通信设备的激光收发模块","326","挪威","10","一般贸易","33","浙江省","137","千克","0","?","144,790",
"202506","85177950","光通信设备的激光收发模块","326","挪威","10","一般贸易","37","山东省","39","千克","0","?","63,820",
"202506","85177950","光通信设备的激光收发模块","326","挪威","10","一般贸易","42","湖北省","691","千克","0","?","1,112,700",
"202506","85177950","光通信设备的激光收发模块","326","挪威","10","一般贸易","44","广东省","329","千克","0","?","251,895",
"202506","85177950","光通信设备的激光收发模块","326","挪威","10","一般贸易","51","四川省","218","千克","0","?","338,075",
"202506","85177950","光通信设备的激光收发模块","327","波兰","10","一般贸易","31","上海市","9","千克","0","?","109,743",
"202506","85177950","光通信设备的激光收发模块","327","波兰","10","一般贸易","33","浙江省","59","千克","0","?","51,051",
"202506","85177950","光通信设备的激光收发模块","327","波兰","10","一般贸易","42","湖北省","166","千克","0","?","143,948",
"202506","85177950","光通信设备的激光收发模块","327","波兰","10","一般贸易","44","广东省","697","千克","0","?","167,936",
"202506","85177950","光通信设备的激光收发模块","327","波兰","10","一般贸易","51","四川省","100","千克","0","?","81,113",
"202506","85177950","光通信设备的激光收发模块","327","波兰","10","一般贸易","65","新疆维吾尔自治区","56","千克","0","?","5,862",
"202506","85177950","光通信设备的激光收发模块","327","波兰","15","进料加工贸易","32","江苏省","0","千克","0","?","1,256",
"202506","85177950","光通信设备的激光收发模块","327","波兰","33","保税监管场所进出境货物","44","广东省","0","千克","0","?","212",
"202506","85177950","光通信设备的激光收发模块","328","罗马尼亚","10","一般贸易","33","浙江省","27","千克","0","?","13,171",
"202506","85177950","光通信设备的激光收发模块","328","罗马尼亚","10","一般贸易","37","山东省","6","千克","0","?","2,300",
"202506","85177950","光通信设备的激光收发模块","328","罗马尼亚","10","一般贸易","41","河南省","35","千克","0","?","48,790",
"202506","85177950","光通信设备的激光收发模块","328","罗马尼亚","10","一般贸易","43","湖南省","24","千克","0","?","4,416",
"202506","85177950","光通信设备的激光收发模块","328","罗马尼亚","10","一般贸易","44","广东省","79","千克","0","?","19,058",
"202506","85177950","光通信设备的激光收发模块","328","罗马尼亚","10","一般贸易","51","四川省","16","千克","0","?","29,375",
"202506","85177950","光通信设备的激光收发模块","328","罗马尼亚","15","进料加工贸易","32","江苏省","8","千克","0","?","37,029",
"202506","85177950","光通信设备的激光收发模块","328","罗马尼亚","34","海关特殊监管区域物流货物","32","江苏省","1","千克","0","?","2,920",
"202506","85177950","光通信设备的激光收发模块","330","瑞典","10","一般贸易","31","上海市","2","千克","0","?","3,520",
"202506","85177950","光通信设备的激光收发模块","330","瑞典","10","一般贸易","32","江苏省","23","千克","0","?","70,767",
"202506","85177950","光通信设备的激光收发模块","330","瑞典","10","一般贸易","33","浙江省","10","千克","0","?","1,573",
"202506","85177950","光通信设备的激光收发模块","330","瑞典","10","一般贸易","42","湖北省","1713","千克","0","?","595,218",
"202506","85177950","光通信设备的激光收发模块","330","瑞典","10","一般贸易","44","广东省","465","千克","0","?","160,570",
"202506","85177950","光通信设备的激光收发模块","330","瑞典","10","一般贸易","51","四川省","710","千克","0","?","477,993",
"202506","85177950","光通信设备的激光收发模块","330","瑞典","10","一般贸易","61","陕西省","0","千克","0","?","3,870",
"202506","85177950","光通信设备的激光收发模块","330","瑞典","15","进料加工贸易","32","江苏省","13","千克","0","?","33,256",
"202506","85177950","光通信设备的激光收发模块","330","瑞典","15","进料加工贸易","51","四川省","714","千克","0","?","141,872",
"202506","85177950","光通信设备的激光收发模块","330","瑞典","34","海关特殊监管区域物流货物","32","江苏省","17","千克","0","?","19,270",
"202506","85177950","光通信设备的激光收发模块","331","瑞士","10","一般贸易","21","辽宁省","50","千克","0","?","99,774",
"202506","85177950","光通信设备的激光收发模块","331","瑞士","10","一般贸易","31","上海市","215","千克","0","?","311,454",
"202506","85177950","光通信设备的激光收发模块","331","瑞士","10","一般贸易","33","浙江省","1","千克","0","?","1,190",
"202506","85177950","光通信设备的激光收发模块","331","瑞士","10","一般贸易","35","福建省","0","千克","0","?","1,298",
"202506","85177950","光通信设备的激光收发模块","331","瑞士","10","一般贸易","37","山东省","1","千克","0","?","35",
"202506","85177950","光通信设备的激光收发模块","331","瑞士","10","一般贸易","42","湖北省","416","千克","0","?","314,290",
"202506","85177950","光通信设备的激光收发模块","331","瑞士","10","一般贸易","43","湖南省","8","千克","0","?","10,600",
"202506","85177950","光通信设备的激光收发模块","331","瑞士","10","一般贸易","44","广东省","111","千克","0","?","108,987",
"202506","85177950","光通信设备的激光收发模块","334","爱沙尼亚","10","一般贸易","33","浙江省","2","千克","0","?","990",
"202506","85177950","光通信设备的激光收发模块","334","爱沙尼亚","10","一般贸易","42","湖北省","10","千克","0","?","15,567",
"202506","85177950","光通信设备的激光收发模块","334","爱沙尼亚","10","一般贸易","43","湖南省","1","千克","0","?","1,440",
"202506","85177950","光通信设备的激光收发模块","334","爱沙尼亚","10","一般贸易","44","广东省","1","千克","0","?","834",
"202506","85177950","光通信设备的激光收发模块","334","爱沙尼亚","15","进料加工贸易","51","四川省","2","千克","0","?","11,000",
"202506","85177950","光通信设备的激光收发模块","335","拉脱维亚","10","一般贸易","42","湖北省","1","千克","0","?","393",
"202506","85177950","光通信设备的激光收发模块","335","拉脱维亚","10","一般贸易","44","广东省","1051","千克","0","?","469,890",
"202506","85177950","光通信设备的激光收发模块","336","立陶宛","10","一般贸易","44","广东省","59","千克","0","?","17,931",
"202506","85177950","光通信设备的激光收发模块","340","白俄罗斯","10","一般贸易","42","湖北省","63","千克","0","?","12,331",
"202506","85177950","光通信设备的激光收发模块","340","白俄罗斯","10","一般贸易","44","广东省","230","千克","0","?","21,796",
"202506","85177950","光通信设备的激光收发模块","343","摩尔多瓦","10","一般贸易","44","广东省","32","千克","0","?","15,783",
"202506","85177950","光通信设备的激光收发模块","344","俄罗斯","10","一般贸易","11","北京市","54","千克","0","?","13,825",
"202506","85177950","光通信设备的激光收发模块","344","俄罗斯","10","一般贸易","21","辽宁省","0","千克","0","?","2,165",
"202506","85177950","光通信设备的激光收发模块","344","俄罗斯","10","一般贸易","23","黑龙江省","0","千克","0","?","10",
"202506","85177950","光通信设备的激光收发模块","344","俄罗斯","10","一般贸易","31","上海市","686","千克","0","?","450,430",
"202506","85177950","光通信设备的激光收发模块","344","俄罗斯","10","一般贸易","32","江苏省","928","千克","0","?","493,484",
"202506","85177950","光通信设备的激光收发模块","344","俄罗斯","10","一般贸易","33","浙江省","12","千克","0","?","1,263",
"202506","85177950","光通信设备的激光收发模块","344","俄罗斯","10","一般贸易","34","安徽省","972","千克","0","?","173,792",
"202506","85177950","光通信设备的激光收发模块","344","俄罗斯","10","一般贸易","37","山东省","3","千克","0","?","737",
"202506","85177950","光通信设备的激光收发模块","344","俄罗斯","10","一般贸易","42","湖北省","687","千克","0","?","431,199",
"202506","85177950","光通信设备的激光收发模块","344","俄罗斯","10","一般贸易","43","湖南省","11","千克","0","?","1,308",
"202506","85177950","光通信设备的激光收发模块","344","俄罗斯","10","一般贸易","44","广东省","4021","千克","0","?","1,056,535",
"202506","85177950","光通信设备的激光收发模块","344","俄罗斯","10","一般贸易","51","四川省","149","千克","0","?","36,335",
"202506","85177950","光通信设备的激光收发模块","344","俄罗斯","10","一般贸易","65","新疆维吾尔自治区","1","千克","0","?","18",
"202506","85177950","光通信设备的激光收发模块","344","俄罗斯","33","保税监管场所进出境货物","43","湖南省","1","千克","0","?","1,000",
"202506","85177950","光通信设备的激光收发模块","344","俄罗斯","34","海关特殊监管区域物流货物","42","湖北省","382","千克","0","?","1,546,986",
"202506","85177950","光通信设备的激光收发模块","344","俄罗斯","34","海关特殊监管区域物流货物","44","广东省","12","千克","0","?","3,209",
"202506","85177950","光通信设备的激光收发模块","344","俄罗斯","34","海关特殊监管区域物流货物","61","陕西省","0","千克","0","?","536",
"202506","85177950","光通信设备的激光收发模块","347","乌克兰","10","一般贸易","31","上海市","29","千克","0","?","23,973",
"202506","85177950","光通信设备的激光收发模块","347","乌克兰","10","一般贸易","42","湖北省","1","千克","0","?","93",
"202506","85177950","光通信设备的激光收发模块","347","乌克兰","10","一般贸易","44","广东省","819","千克","0","?","195,269",
"202506","85177950","光通信设备的激光收发模块","350","斯洛文尼亚","10","一般贸易","31","上海市","0","千克","0","?","2",
"202506","85177950","光通信设备的激光收发模块","350","斯洛文尼亚","10","一般贸易","44","广东省","70","千克","0","?","16,180",
"202506","85177950","光通信设备的激光收发模块","351","克罗地亚","10","一般贸易","44","广东省","1","千克","0","?","2,010",
"202506","85177950","光通信设备的激光收发模块","352","捷克","10","一般贸易","31","上海市","2","千克","0","?","1,560",
"202506","85177950","光通信设备的激光收发模块","352","捷克","10","一般贸易","33","浙江省","1","千克","0","?","16",
"202506","85177950","光通信设备的激光收发模块","352","捷克","10","一般贸易","35","福建省","100","千克","0","?","5,481",
"202506","85177950","光通信设备的激光收发模块","352","捷克","10","一般贸易","37","山东省","1","千克","0","?","8",
"202506","85177950","光通信设备的激光收发模块","352","捷克","10","一般贸易","42","湖北省","37","千克","0","?","27,042",
"202506","85177950","光通信设备的激光收发模块","352","捷克","10","一般贸易","44","广东省","1402","千克","0","?","546,634",
"202506","85177950","光通信设备的激光收发模块","352","捷克","10","一般贸易","51","四川省","88","千克","0","?","4,760",
"202506","85177950","光通信设备的激光收发模块","352","捷克","10","一般贸易","52","贵州省","4","千克","0","?","530",
"202506","85177950","光通信设备的激光收发模块","352","捷克","15","进料加工贸易","32","江苏省","103","千克","0","?","33,790",
"202506","85177950","光通信设备的激光收发模块","353","斯洛伐克","10","一般贸易","51","四川省","32","千克","0","?","72,789",
"202506","85177950","光通信设备的激光收发模块","354","北马其顿","10","一般贸易","44","广东省","2","千克","0","?","912",
"202506","85177950","光通信设备的激光收发模块","355","波斯尼亚和黑塞哥维那","10","一般贸易","33","浙江省","0","千克","0","?","283",
"202506","85177950","光通信设备的激光收发模块","355","波斯尼亚和黑塞哥维那","10","一般贸易","44","广东省","2","千克","0","?","494",
"202506","85177950","光通信设备的激光收发模块","358","塞尔维亚","10","一般贸易","11","北京市","7","千克","0","?","40,440",
"202506","85177950","光通信设备的激光收发模块","358","塞尔维亚","10","一般贸易","33","浙江省","4","千克","0","?","11,302",
"202506","85177950","光通信设备的激光收发模块","358","塞尔维亚","10","一般贸易","44","广东省","6","千克","0","?","17,598",
"202506","85177950","光通信设备的激光收发模块","359","黑山","10","一般贸易","44","广东省","2","千克","0","?","5,621",
"202506","85177950","光通信设备的激光收发模块","402","阿根廷","10","一般贸易","12","天津市","73","千克","0","?","36,030",
"202506","85177950","光通信设备的激光收发模块","402","阿根廷","10","一般贸易","32","江苏省","125","千克","0","?","72,006",
"202506","85177950","光通信设备的激光收发模块","402","阿根廷","10","一般贸易","33","浙江省","1","千克","0","?","416",
"202506","85177950","光通信设备的激光收发模块","402","阿根廷","10","一般贸易","42","湖北省","18","千克","0","?","1,652",
"202506","85177950","光通信设备的激光收发模块","402","阿根廷","10","一般贸易","44","广东省","154","千克","0","?","83,316",
"202506","85177950","光通信设备的激光收发模块","402","阿根廷","34","海关特殊监管区域物流货物","32","江苏省","398","千克","0","?","103,138",
"202506","85177950","光通信设备的激光收发模块","403","阿鲁巴","10","一般贸易","44","广东省","0","千克","0","?","1,432",
"202506","85177950","光通信设备的激光收发模块","403","阿鲁巴","34","海关特殊监管区域物流货物","32","江苏省","8","千克","0","?","16,253",
"202506","85177950","光通信设备的激光收发模块","408","玻利维亚
","10","一般贸易","44","广东省","0","千克","0","?","790",
"202506","85177950","光通信设备的激光收发模块","410","巴西","10","一般贸易","32","江苏省","73","千克","0","?","67,255",
"202506","85177950","光通信设备的激光收发模块","410","巴西","10","一般贸易","33","浙江省","29","千克","0","?","14,711",
"202506","85177950","光通信设备的激光收发模块","410","巴西","10","一般贸易","35","福建省","1","千克","0","?","935",
"202506","85177950","光通信设备的激光收发模块","410","巴西","10","一般贸易","37","山东省","36","千克","0","?","55,767",
"202506","85177950","光通信设备的激光收发模块","410","巴西","10","一般贸易","41","河南省","41","千克","0","?","31,731",
"202506","85177950","光通信设备的激光收发模块","410","巴西","10","一般贸易","42","湖北省","127","千克","0","?","459,454",
"202506","85177950","光通信设备的激光收发模块","410","巴西","10","一般贸易","44","广东省","3465","千克","0","?","1,225,477",
"202506","85177950","光通信设备的激光收发模块","410","巴西","10","一般贸易","52","贵州省","29","千克","0","?","38,066",
"202506","85177950","光通信设备的激光收发模块","410","巴西","15","进料加工贸易","32","江苏省","2","千克","0","?","5,791",
"202506","85177950","光通信设备的激光收发模块","410","巴西","15","进料加工贸易","44","广东省","0","千克","0","?","187",
"202506","85177950","光通信设备的激光收发模块","410","巴西","33","保税监管场所进出境货物","44","广东省","334","千克","0","?","38,596",
"202506","85177950","光通信设备的激光收发模块","410","巴西","34","海关特殊监管区域物流货物","32","江苏省","445","千克","0","?","58,647",
"202506","85177950","光通信设备的激光收发模块","412","智利","10","一般贸易","32","江苏省","3","千克","0","?","169",
"202506","85177950","光通信设备的激光收发模块","412","智利","10","一般贸易","33","浙江省","11","千克","0","?","7,081",
"202506","85177950","光通信设备的激光收发模块","412","智利","10","一般贸易","37","山东省","8","千克","0","?","640",
"202506","85177950","光通信设备的激光收发模块","412","智利","10","一般贸易","42","湖北省","5","千克","0","?","15,337",
"202506","85177950","光通信设备的激光收发模块","412","智利","10","一般贸易","44","广东省","23","千克","0","?","13,917",
"202506","85177950","光通信设备的激光收发模块","412","智利","10","一般贸易","52","贵州省","1","千克","0","?","922",
"202506","85177950","光通信设备的激光收发模块","412","智利","33","保税监管场所进出境货物","44","广东省","19","千克","0","?","1,480",
"202506","85177950","光通信设备的激光收发模块","412","智利","34","海关特殊监管区域物流货物","32","江苏省","0","千克","0","?","49",
"202506","85177950","光通信设备的激光收发模块","412","智利","34","海关特殊监管区域物流货物","44","广东省","0","千克","0","?","14,955",
"202506","85177950","光通信设备的激光收发模块","413","哥伦比亚","10","一般贸易","31","上海市","27","千克","0","?","2,650",
"202506","85177950","光通信设备的激光收发模块","413","哥伦比亚","10","一般贸易","33","浙江省","1","千克","0","?","304",
"202506","85177950","光通信设备的激光收发模块","413","哥伦比亚","10","一般贸易","35","福建省","0","千克","0","?","8",
"202506","85177950","光通信设备的激光收发模块","413","哥伦比亚","10","一般贸易","37","山东省","0","千克","0","?","7",
"202506","85177950","光通信设备的激光收发模块","413","哥伦比亚","10","一般贸易","44","广东省","22","千克","0","?","194,615",
"202506","85177950","光通信设备的激光收发模块","413","哥伦比亚","15","进料加工贸易","44","广东省","0","千克","0","?","289",
"202506","85177950","光通信设备的激光收发模块","413","哥伦比亚","34","海关特殊监管区域物流货物","32","江苏省","1","千克","0","?","125",
"202506","85177950","光通信设备的激光收发模块","415","哥斯达黎加","10","一般贸易","44","广东省","0","千克","0","?","317",
"202506","85177950","光通信设备的激光收发模块","416","古巴","10","一般贸易","11","北京市","0","千克","0","?","68",
"202506","85177950","光通信设备的激光收发模块","418","多米尼加
","10","一般贸易","41","河南省","0","千克","0","?","358",
"202506","85177950","光通信设备的激光收发模块","418","多米尼加
","10","一般贸易","44","广东省","40","千克","0","?","35,579",
"202506","85177950","光通信设备的激光收发模块","419","厄瓜多尔","10","一般贸易","32","江苏省","1","千克","0","?","151",
"202506","85177950","光通信设备的激光收发模块","419","厄瓜多尔","10","一般贸易","33","浙江省","0","千克","0","?","33",
"202506","85177950","光通信设备的激光收发模块","419","厄瓜多尔","10","一般贸易","35","福建省","2","千克","0","?","360",
"202506","85177950","光通信设备的激光收发模块","419","厄瓜多尔","10","一般贸易","41","河南省","0","千克","0","?","137",
"202506","85177950","光通信设备的激光收发模块","419","厄瓜多尔","10","一般贸易","42","湖北省","4","千克","0","?","492",
"202506","85177950","光通信设备的激光收发模块","419","厄瓜多尔","10","一般贸易","44","广东省","31","千克","0","?","67,977",
"202506","85177950","光通信设备的激光收发模块","419","厄瓜多尔","15","进料加工贸易","44","广东省","1","千克","0","?","22,454",
"202506","85177950","光通信设备的激光收发模块","420","法属圭亚那","10","一般贸易","44","广东省","0","千克","0","?","754",
"202506","85177950","光通信设备的激光收发模块","423","危地马拉","10","一般贸易","44","广东省","6","千克","0","?","854",
"202506","85177950","光通信设备的激光收发模块","424","圭亚那","10","一般贸易","33","浙江省","1","千克","0","?","1,021",
"202506","85177950","光通信设备的激光收发模块","424","圭亚那","10","一般贸易","35","福建省","0","千克","0","?","1,573",
"202506","85177950","光通信设备的激光收发模块","426","洪都拉斯","10","一般贸易","31","上海市","34","千克","0","?","5,552",
"202506","85177950","光通信设备的激光收发模块","426","洪都拉斯","10","一般贸易","33","浙江省","2","千克","0","?","1,808",
"202506","85177950","光通信设备的激光收发模块","426","洪都拉斯","10","一般贸易","44","广东省","5","千克","0","?","25,788",
"202506","85177950","光通信设备的激光收发模块","427","牙买加","10","一般贸易","33","浙江省","0","千克","0","?","400",
"202506","85177950","光通信设备的激光收发模块","429","墨西哥","10","一般贸易","31","上海市","86","千克","0","?","180,180",
"202506","85177950","光通信设备的激光收发模块","429","墨西哥","10","一般贸易","32","江苏省","1804","千克","0","?","10,373,805",
"202506","85177950","光通信设备的激光收发模块","429","墨西哥","10","一般贸易","33","浙江省","15","千克","0","?","3,314",
"202506","85177950","光通信设备的激光收发模块","429","墨西哥","10","一般贸易","35","福建省","8","千克","0","?","51,226",
"202506","85177950","光通信设备的激光收发模块","429","墨西哥","10","一般贸易","37","山东省","19","千克","0","?","2,519",
"202506","85177950","光通信设备的激光收发模块","429","墨西哥","10","一般贸易","42","湖北省","1896","千克","0","?","1,340,064",
"202506","85177950","光通信设备的激光收发模块","429","墨西哥","10","一般贸易","44","广东省","1259","千克","0","?","775,927",
"202506","85177950","光通信设备的激光收发模块","429","墨西哥","10","一般贸易","51","四川省","546","千克","0","?","1,932,927",
"202506","85177950","光通信设备的激光收发模块","429","墨西哥","10","一般贸易","61","陕西省","24","千克","0","?","8,567",
"202506","85177950","光通信设备的激光收发模块","429","墨西哥","15","进料加工贸易","32","江苏省","347","千克","0","?","434,937",
"202506","85177950","光通信设备的激光收发模块","429","墨西哥","15","进料加工贸易","51","四川省","383","千克","0","?","1,190,072",
"202506","85177950","光通信设备的激光收发模块","429","墨西哥","33","保税监管场所进出境货物","44","广东省","8","千克","0","?","7,228",
"202506","85177950","光通信设备的激光收发模块","429","墨西哥","34","海关特殊监管区域物流货物","32","江苏省","77","千克","0","?","70,438",
"202506","85177950","光通信设备的激光收发模块","431","尼加拉瓜","33","保税监管场所进出境货物","44","广东省","0","千克","0","?","29",
"202506","85177950","光通信设备的激光收发模块","432","巴拿马","10","一般贸易","33","浙江省","0","千克","0","?","148",
"202506","85177950","光通信设备的激光收发模块","432","巴拿马","10","一般贸易","44","广东省","638","千克","0","?","464,304",
"202506","85177950","光通信设备的激光收发模块","432","巴拿马","34","海关特殊监管区域物流货物","32","江苏省","63","千克","0","?","13,203",
"202506","85177950","光通信设备的激光收发模块","433","巴拉圭","10","一般贸易","44","广东省","119","千克","0","?","46,220",
"202506","85177950","光通信设备的激光收发模块","434","秘鲁","10","一般贸易","31","上海市","2","千克","0","?","189",
"202506","85177950","光通信设备的激光收发模块","434","秘鲁","10","一般贸易","32","江苏省","0","千克","0","?","13",
"202506","85177950","光通信设备的激光收发模块","434","秘鲁","10","一般贸易","42","湖北省","5","千克","0","?","5,952",
"202506","85177950","光通信设备的激光收发模块","434","秘鲁","10","一般贸易","44","广东省","184","千克","0","?","273,136",
"202506","85177950","光通信设备的激光收发模块","434","秘鲁","33","保税监管场所进出境货物","44","广东省","4","千克","0","?","1,262",
"202506","85177950","光通信设备的激光收发模块","434","秘鲁","34","海关特殊监管区域物流货物","32","江苏省","0","千克","0","?","144",
"202506","85177950","光通信设备的激光收发模块","435","波多黎各","10","一般贸易","44","广东省","0","千克","0","?","16",
"202506","85177950","光通信设备的激光收发模块","435","波多黎各","15","进料加工贸易","51","四川省","0","千克","0","?","178",
"202506","85177950","光通信设备的激光收发模块","435","波多黎各","34","海关特殊监管区域物流货物","32","江苏省","51","千克","0","?","11,860",
"202506","85177950","光通信设备的激光收发模块","440","萨尔瓦多","10","一般贸易","44","广东省","1","千克","0","?","2,781",
"202506","85177950","光通信设备的激光收发模块","440","萨尔瓦多","33","保税监管场所进出境货物","44","广东省","4","千克","0","?","1,472",
"202506","85177950","光通信设备的激光收发模块","443","特克斯和凯科斯群岛","10","一般贸易","44","广东省","0","千克","0","?","194",
"202506","85177950","光通信设备的激光收发模块","444","乌拉圭","10","一般贸易","31","上海市","0","千克","0","?","400",
"202506","85177950","光通信设备的激光收发模块","444","乌拉圭","10","一般贸易","42","湖北省","7","千克","0","?","2,474",
"202506","85177950","光通信设备的激光收发模块","444","乌拉圭","10","一般贸易","43","湖南省","6","千克","0","?","60",
"202506","85177950","光通信设备的激光收发模块","444","乌拉圭","10","一般贸易","44","广东省","26","千克","0","?","21,310",
"202506","85177950","光通信设备的激光收发模块","445","委内瑞拉","10","一般贸易","44","广东省","1","千克","0","?","261",
"202506","85177950","光通信设备的激光收发模块","501","加拿大","10","一般贸易","11","北京市","4","千克","0","?","3,280",
"202506","85177950","光通信设备的激光收发模块","501","加拿大","10","一般贸易","31","上海市","19","千克","0","?","176,410",
"202506","85177950","光通信设备的激光收发模块","501","加拿大","10","一般贸易","32","江苏省","0","千克","0","?","19,500",
"202506","85177950","光通信设备的激光收发模块","501","加拿大","10","一般贸易","33","浙江省","16","千克","0","?","4,698",
"202506","85177950","光通信设备的激光收发模块","501","加拿大","10","一般贸易","35","福建省","15","千克","0","?","5,952",
"202506","85177950","光通信设备的激光收发模块","501","加拿大","10","一般贸易","37","山东省","0","千克","0","?","76",
"202506","85177950","光通信设备的激光收发模块","501","加拿大","10","一般贸易","42","湖北省","239","千克","0","?","96,725",
"202506","85177950","光通信设备的激光收发模块","501","加拿大","10","一般贸易","43","湖南省","1","千克","0","?","663",
"202506","85177950","光通信设备的激光收发模块","501","加拿大","10","一般贸易","44","广东省","526","千克","0","?","695,436",
"202506","85177950","光通信设备的激光收发模块","501","加拿大","10","一般贸易","50","重庆市","0","千克","0","?","121",
"202506","85177950","光通信设备的激光收发模块","501","加拿大","10","一般贸易","51","四川省","13","千克","0","?","16,933",
"202506","85177950","光通信设备的激光收发模块","501","加拿大","15","进料加工贸易","32","江苏省","1","千克","0","?","796",
"202506","85177950","光通信设备的激光收发模块","501","加拿大","15","进料加工贸易","44","广东省","49","千克","0","?","119,721",
"202506","85177950","光通信设备的激光收发模块","501","加拿大","15","进料加工贸易","51","四川省","4","千克","0","?","26,695",
"202506","85177950","光通信设备的激光收发模块","501","加拿大","34","海关特殊监管区域物流货物","32","江苏省","951","千克","0","?","213,928",
"202506","85177950","光通信设备的激光收发模块","502","美国","10","一般贸易","11","北京市","1","千克","0","?","1,502",
"202506","85177950","光通信设备的激光收发模块","502","美国","10","一般贸易","21","辽宁省","1","千克","0","?","7,265",
"202506","85177950","光通信设备的激光收发模块","502","美国","10","一般贸易","31","上海市","358","千克","0","?","1,132,351",
"202506","85177950","光通信设备的激光收发模块","502","美国","10","一般贸易","32","江苏省","4134","千克","0","?","12,592,628",
"202506","85177950","光通信设备的激光收发模块","502","美国","10","一般贸易","33","浙江省","457","千克","0","?","197,077",
"202506","85177950","光通信设备的激光收发模块","502","美国","10","一般贸易","35","福建省","0","千克","0","?","849",
"202506","85177950","光通信设备的激光收发模块","502","美国","10","一般贸易","36","江西省","5","千克","0","?","10,600",
"202506","85177950","光通信设备的激光收发模块","502","美国","10","一般贸易","37","山东省","64","千克","0","?","13,859",
"202506","85177950","光通信设备的激光收发模块","502","美国","10","一般贸易","42","湖北省","2664","千克","0","?","2,890,954",
"202506","85177950","光通信设备的激光收发模块","502","美国","10","一般贸易","43","湖南省","0","千克","0","?","3,900",
"202506","85177950","光通信设备的激光收发模块","502","美国","10","一般贸易","44","广东省","15389","千克","0","?","20,972,122",
"202506","85177950","光通信设备的激光收发模块","502","美国","10","一般贸易","50","重庆市","27","千克","0","?","670",
"202506","85177950","光通信设备的激光收发模块","502","美国","10","一般贸易","51","四川省","1540","千克","0","?","2,565,782",
"202506","85177950","光通信设备的激光收发模块","502","美国","10","一般贸易","65","新疆维吾尔自治区","16","千克","0","?","1,740",
"202506","85177950","光通信设备的激光收发模块","502","美国","15","进料加工贸易","32","江苏省","3020","千克","0","?","2,739,980",
"202506","85177950","光通信设备的激光收发模块","502","美国","15","进料加工贸易","33","浙江省","2","千克","0","?","4,725",
"202506","85177950","光通信设备的激光收发模块","502","美国","15","进料加工贸易","42","湖北省","2","千克","0","?","3,000",
"202506","85177950","光通信设备的激光收发模块","502","美国","15","进料加工贸易","44","广东省","0","千克","0","?","1,000",
"202506","85177950","光通信设备的激光收发模块","502","美国","15","进料加工贸易","51","四川省","425","千克","0","?","1,121,976",
"202506","85177950","光通信设备的激光收发模块","502","美国","33","保税监管场所进出境货物","44","广东省","153","千克","0","?","25,854",
"202506","85177950","光通信设备的激光收发模块","502","美国","34","海关特殊监管区域物流货物","11","北京市","0","千克","0","?","9,435",
"202506","85177950","光通信设备的激光收发模块","502","美国","34","海关特殊监管区域物流货物","32","江苏省","29","千克","0","?","18,712",
"202506","85177950","光通信设备的激光收发模块","502","美国","34","海关特殊监管区域物流货物","44","广东省","45","千克","0","?","21,580",
"202506","85177950","光通信设备的激光收发模块","502","美国","39","其他","33","浙江省","70","千克","0","?","724",
"202506","85177950","光通信设备的激光收发模块","502","美国","39","其他","44","广东省","6","千克","0","?","17,090",
"202506","85177950","光通信设备的激光收发模块","601","澳大利亚","10","一般贸易","32","江苏省","3","千克","0","?","5,912",
"202506","85177950","光通信设备的激光收发模块","601","澳大利亚","10","一般贸易","33","浙江省","14","千克","0","?","3,577",
"202506","85177950","光通信设备的激光收发模块","601","澳大利亚","10","一般贸易","35","福建省","59","千克","0","?","8,860",
"202506","85177950","光通信设备的激光收发模块","601","澳大利亚","10","一般贸易","37","山东省","2","千克","0","?","71",
"202506","85177950","光通信设备的激光收发模块","601","澳大利亚","10","一般贸易","42","湖北省","2","千克","0","?","2,076",
"202506","85177950","光通信设备的激光收发模块","601","澳大利亚","10","一般贸易","44","广东省","262","千克","0","?","368,654",
"202506","85177950","光通信设备的激光收发模块","601","澳大利亚","10","一般贸易","51","四川省","15","千克","0","?","46,282",
"202506","85177950","光通信设备的激光收发模块","601","澳大利亚","10","一般贸易","61","陕西省","20","千克","0","?","1,118",
"202506","85177950","光通信设备的激光收发模块","601","澳大利亚","15","进料加工贸易","32","江苏省","491","千克","0","?","79,200",
"202506","85177950","光通信设备的激光收发模块","601","澳大利亚","15","进料加工贸易","33","浙江省","166","千克","0","?","155,390",
"202506","85177950","光通信设备的激光收发模块","601","澳大利亚","15","进料加工贸易","35","福建省","5","千克","0","?","12,169",
"202506","85177950","光通信设备的激光收发模块","601","澳大利亚","15","进料加工贸易","44","广东省","6","千克","0","?","9,919",
"202506","85177950","光通信设备的激光收发模块","601","澳大利亚","33","保税监管场所进出境货物","32","江苏省","81","千克","0","?","24,753",
"202506","85177950","光通信设备的激光收发模块","601","澳大利亚","34","海关特殊监管区域物流货物","32","江苏省","164","千克","0","?","147,102",
"202506","85177950","光通信设备的激光收发模块","601","澳大利亚","34","海关特殊监管区域物流货物","42","湖北省","43","千克","0","?","48,226",
"202506","85177950","光通信设备的激光收发模块","603","斐济","10","一般贸易","44","广东省","1","千克","0","?","1,326",
"202506","85177950","光通信设备的激光收发模块","606","瑙鲁","10","一般贸易","44","广东省","1","千克","0","?","365",
"202506","85177950","光通信设备的激光收发模块","607","新喀里多尼亚","10","一般贸易","44","广东省","1","千克","0","?","703",
"202506","85177950","光通信设备的激光收发模块","608","瓦努阿图","10","一般贸易","44","广东省","2","千克","0","?","188",
"202506","85177950","光通信设备的激光收发模块","609","新西兰","10","一般贸易","32","江苏省","2","千克","0","?","1,190",
"202506","85177950","光通信设备的激光收发模块","609","新西兰","10","一般贸易","33","浙江省","0","千克","0","?","62",
"202506","85177950","光通信设备的激光收发模块","609","新西兰","10","一般贸易","42","湖北省","0","千克","0","?","182",
"202506","85177950","光通信设备的激光收发模块","609","新西兰","10","一般贸易","44","广东省","4","千克","0","?","23,999",
"202506","85177950","光通信设备的激光收发模块","609","新西兰","15","进料加工贸易","35","福建省","0","千克","0","?","1,358",
"202506","85177950","光通信设备的激光收发模块","609","新西兰","33","保税监管场所进出境货物","44","广东省","24","千克","0","?","1,244",
"202506","85177950","光通信设备的激光收发模块","609","新西兰","34","海关特殊监管区域物流货物","32","江苏省","11","千克","0","?","19,857",
"202506","85177950","光通信设备的激光收发模块","611","巴布亚新几内亚","10","一般贸易","44","广东省","70","千克","0","?","1,440",
"202506","85177950","光通信设备的激光收发模块","622","帕劳","10","一般贸易","44","广东省","0","千克","0","?","136",
"202506","85177950","光通信设备的激光收发模块","626","美属萨摩亚
","10","一般贸易","44","广东省","2","千克","0","?","1,490",
"202506","85177950","光通信设备的激光收发模块","629","关岛
","34","海关特殊监管区域物流货物","32","江苏省","1","千克","0","?","283",
"202506","85177950","光通信设备的激光收发模块","631","北马里亚纳群岛
","10","一般贸易","44","广东省","1","千克","0","?","922",
"202506","85177950","光通信设备的激光收发模块","632","纽埃
","10","一般贸易","44","广东省","0","千克","0","?","15",
"202507","85177950","光通信设备的激光收发模块","101","阿富汗","10","一般贸易","44","广东省","168","千克","0","?","44,030",
"202507","85177950","光通信设备的激光收发模块","102","巴林","10","一般贸易","32","江苏省","0","千克","0","?","2",
"202507","85177950","光通信设备的激光收发模块","102","巴林","10","一般贸易","35","福建省","12","千克","0","?","18,647",
"202507","85177950","光通信设备的激光收发模块","102","巴林","10","一般贸易","44","广东省","1","千克","0","?","710",
"202507","85177950","光通信设备的激光收发模块","103","孟加拉国","10","一般贸易","32","江苏省","6","千克","0","?","51,451",
"202507","85177950","光通信设备的激光收发模块","103","孟加拉国","10","一般贸易","43","湖南省","271","千克","0","?","5,772",
"202507","85177950","光通信设备的激光收发模块","103","孟加拉国","10","一般贸易","44","广东省","16","千克","0","?","8,299",
"202507","85177950","光通信设备的激光收发模块","103","孟加拉国","33","保税监管场所进出境货物","44","广东省","7","千克","0","?","1,944",
"202507","85177950","光通信设备的激光收发模块","103","孟加拉国","34","海关特殊监管区域物流货物","32","江苏省","102","千克","0","?","22,529",
"202507","85177950","光通信设备的激光收发模块","105","文莱","10","一般贸易","33","浙江省","0","千克","0","?","38",
"202507","85177950","光通信设备的激光收发模块","105","文莱","10","一般贸易","44","广东省","9","千克","0","?","3,469",
"202507","85177950","光通信设备的激光收发模块","106","缅甸","10","一般贸易","35","福建省","14","千克","0","?","2,365",
"202507","85177950","光通信设备的激光收发模块","106","缅甸","10","一般贸易","44","广东省","227","千克","0","?","35,749",
"202507","85177950","光通信设备的激光收发模块","106","缅甸","19","边境小额贸易","53","云南省","25","千克","0","?","11,020",
"202507","85177950","光通信设备的激光收发模块","107","柬埔寨","10","一般贸易","33","浙江省","1","千克","0","?","397",
"202507","85177950","光通信设备的激光收发模块","107","柬埔寨","10","一般贸易","35","福建省","1","千克","0","?","892",
"202507","85177950","光通信设备的激光收发模块","107","柬埔寨","10","一般贸易","37","山东省","8","千克","0","?","231",
"202507","85177950","光通信设备的激光收发模块","107","柬埔寨","10","一般贸易","44","广东省","141","千克","0","?","26,553",
"202507","85177950","光通信设备的激光收发模块","108","塞浦路斯","10","一般贸易","44","广东省","17","千克","0","?","1,101",
"202507","85177950","光通信设备的激光收发模块","110","中国香港","10","一般贸易","11","北京市","1439","千克","0","?","2,495,961",
"202507","85177950","光通信设备的激光收发模块","110","中国香港","10","一般贸易","21","辽宁省","0","千克","0","?","145,280",
"202507","85177950","光通信设备的激光收发模块","110","中国香港","10","一般贸易","31","上海市","203","千克","0","?","229,874",
"202507","85177950","光通信设备的激光收发模块","110","中国香港","10","一般贸易","32","江苏省","120","千克","0","?","349,433",
"202507","85177950","光通信设备的激光收发模块","110","中国香港","10","一般贸易","33","浙江省","213","千克","0","?","479,177",
"202507","85177950","光通信设备的激光收发模块","110","中国香港","10","一般贸易","34","安徽省","74","千克","0","?","101,271",
"202507","85177950","光通信设备的激光收发模块","110","中国香港","10","一般贸易","35","福建省","18","千克","0","?","20,415",
"202507","85177950","光通信设备的激光收发模块","110","中国香港","10","一般贸易","37","山东省","54","千克","0","?","290,364",
"202507","85177950","光通信设备的激光收发模块","110","中国香港","10","一般贸易","41","河南省","164","千克","0","?","923,782",
"202507","85177950","光通信设备的激光收发模块","110","中国香港","10","一般贸易","42","湖北省","888","千克","0","?","987,325",
"202507","85177950","光通信设备的激光收发模块","110","中国香港","10","一般贸易","43","湖南省","402","千克","0","?","866,042",
"202507","85177950","光通信设备的激光收发模块","110","中国香港","10","一般贸易","44","广东省","1305","千克","0","?","2,544,272",
"202507","85177950","光通信设备的激光收发模块","110","中国香港","10","一般贸易","51","四川省","466","千克","0","?","533,465",
"202507","85177950","光通信设备的激光收发模块","110","中国香港","10","一般贸易","52","贵州省","91","千克","0","?","72,419",
"202507","85177950","光通信设备的激光收发模块","110","中国香港","10","一般贸易","61","陕西省","155","千克","0","?","452,565",
"202507","85177950","光通信设备的激光收发模块","110","中国香港","15","进料加工贸易","32","江苏省","5972","千克","0","?","11,993,234",
"202507","85177950","光通信设备的激光收发模块","110","中国香港","15","进料加工贸易","33","浙江省","9","千克","0","?","8,195",
"202507","85177950","光通信设备的激光收发模块","110","中国香港","15","进料加工贸易","35","福建省","2","千克","0","?","6,899",
"202507","85177950","光通信设备的激光收发模块","110","中国香港","15","进料加工贸易","44","广东省","1","千克","0","?","193,830",
"202507","85177950","光通信设备的激光收发模块","110","中国香港","15","进料加工贸易","51","四川省","29","千克","0","?","123,529",
"202507","85177950","光通信设备的激光收发模块","110","中国香港","33","保税监管场所进出境货物","44","广东省","43","千克","0","?","7,609",
"202507","85177950","光通信设备的激光收发模块","110","中国香港","34","海关特殊监管区域物流货物","11","北京市","0","千克","0","?","56,415",
"202507","85177950","光通信设备的激光收发模块","110","中国香港","34","海关特殊监管区域物流货物","32","江苏省","10","千克","0","?","19,494",
"202507","85177950","光通信设备的激光收发模块","110","中国香港","34","海关特殊监管区域物流货物","44","广东省","2190","千克","0","?","1,530,295",
"202507","85177950","光通信设备的激光收发模块","110","中国香港","39","其他","42","湖北省","0","千克","0","?","2,800",
"202507","85177950","光通信设备的激光收发模块","110","中国香港","39","其他","44","广东省","5","千克","0","?","180",
"202507","85177950","光通信设备的激光收发模块","111","印度","10","一般贸易","11","北京市","3","千克","0","?","6,165",
"202507","85177950","光通信设备的激光收发模块","111","印度","10","一般贸易","13","河北省","154","千克","0","?","4,967",
"202507","85177950","光通信设备的激光收发模块","111","印度","10","一般贸易","21","辽宁省","6","千克","0","?","7,449",
"202507","85177950","光通信设备的激光收发模块","111","印度","10","一般贸易","31","上海市","357","千克","0","?","196,292",
"202507","85177950","光通信设备的激光收发模块","111","印度","10","一般贸易","32","江苏省","299","千克","0","?","37,798",
"202507","85177950","光通信设备的激光收发模块","111","印度","10","一般贸易","33","浙江省","10","千克","0","?","10,007",
"202507","85177950","光通信设备的激光收发模块","111","印度","10","一般贸易","36","江西省","3","千克","0","?","5,000",
"202507","85177950","光通信设备的激光收发模块","111","印度","10","一般贸易","37","山东省","552","千克","0","?","42,879",
"202507","85177950","光通信设备的激光收发模块","111","印度","10","一般贸易","42","湖北省","2074","千克","0","?","1,231,917",
"202507","85177950","光通信设备的激光收发模块","111","印度","10","一般贸易","43","湖南省","1","千克","0","?","615",
"202507","85177950","光通信设备的激光收发模块","111","印度","10","一般贸易","44","广东省","1597","千克","0","?","900,807",
"202507","85177950","光通信设备的激光收发模块","111","印度","10","一般贸易","51","四川省","408","千克","0","?","139,149",
"202507","85177950","光通信设备的激光收发模块","111","印度","10","一般贸易","61","陕西省","4","千克","0","?","3,450",
"202507","85177950","光通信设备的激光收发模块","111","印度","15","进料加工贸易","32","江苏省","10","千克","0","?","114,423",
"202507","85177950","光通信设备的激光收发模块","111","印度","15","进料加工贸易","50","重庆市","0","千克","0","?","10",
"202507","85177950","光通信设备的激光收发模块","111","印度","15","进料加工贸易","51","四川省","21","千克","0","?","76,200",
"202507","85177950","光通信设备的激光收发模块","111","印度","33","保税监管场所进出境货物","32","江苏省","265","千克","0","?","80,194",
"202507","85177950","光通信设备的激光收发模块","111","印度","33","保税监管场所进出境货物","44","广东省","15","千克","0","?","19,788",
"202507","85177950","光通信设备的激光收发模块","111","印度","34","海关特殊监管区域物流货物","32","江苏省","1161","千克","0","?","365,112",
"202507","85177950","光通信设备的激光收发模块","111","印度","34","海关特殊监管区域物流货物","44","广东省","184","千克","0","?","20,545",
"202507","85177950","光通信设备的激光收发模块","112","印度尼西亚","10","一般贸易","31","上海市","10","千克","0","?","7,010",
"202507","85177950","光通信设备的激光收发模块","112","印度尼西亚","10","一般贸易","32","江苏省","9","千克","0","?","9,827",
"202507","85177950","光通信设备的激光收发模块","112","印度尼西亚","10","一般贸易","33","浙江省","219","千克","0","?","447,131",
"202507","85177950","光通信设备的激光收发模块","112","印度尼西亚","10","一般贸易","35","福建省","24","千克","0","?","24,688",
"202507","85177950","光通信设备的激光收发模块","112","印度尼西亚","10","一般贸易","37","山东省","170","千克","0","?","3,689",
"202507","85177950","光通信设备的激光收发模块","112","印度尼西亚","10","一般贸易","42","湖北省","601","千克","0","?","141,022",
"202507","85177950","光通信设备的激光收发模块","112","印度尼西亚","10","一般贸易","43","湖南省","96","千克","0","?","1,949",
"202507","85177950","光通信设备的激光收发模块","112","印度尼西亚","10","一般贸易","44","广东省","3198","千克","0","?","1,429,437",
"202507","85177950","光通信设备的激光收发模块","112","印度尼西亚","10","一般贸易","52","贵州省","5","千克","0","?","17,022",
"202507","85177950","光通信设备的激光收发模块","112","印度尼西亚","15","进料加工贸易","35","福建省","1","千克","0","?","3,488",
"202507","85177950","光通信设备的激光收发模块","112","印度尼西亚","33","保税监管场所进出境货物","44","广东省","1","千克","0","?","7,974",
"202507","85177950","光通信设备的激光收发模块","112","印度尼西亚","34","海关特殊监管区域物流货物","32","江苏省","298","千克","0","?","193,410",
"202507","85177950","光通信设备的激光收发模块","112","印度尼西亚","39","其他","31","上海市","4","千克","0","?","440",
"202507","85177950","光通信设备的激光收发模块","113","伊朗","10","一般贸易","33","浙江省","0","千克","0","?","1,083",
"202507","85177950","光通信设备的激光收发模块","113","伊朗","10","一般贸易","42","湖北省","487","千克","0","?","16,522",
"202507","85177950","光通信设备的激光收发模块","114","伊拉克","10","一般贸易","13","河北省","435","千克","0","?","9,348",
"202507","85177950","光通信设备的激光收发模块","114","伊拉克","10","一般贸易","33","浙江省","55","千克","0","?","22,791",
"202507","85177950","光通信设备的激光收发模块","114","伊拉克","10","一般贸易","35","福建省","1","千克","0","?","1,154",
"202507","85177950","光通信设备的激光收发模块","114","伊拉克","10","一般贸易","37","山东省","181","千克","0","?","3,986",
"202507","85177950","光通信设备的激光收发模块","114","伊拉克","10","一般贸易","43","湖南省","410","千克","0","?","8,739",
"202507","85177950","光通信设备的激光收发模块","114","伊拉克","10","一般贸易","44","广东省","508","千克","0","?","175,382",
"202507","85177950","光通信设备的激光收发模块","114","伊拉克","10","一般贸易","45","广西壮族自治区","0","千克","0","?","6,126",
"202507","85177950","光通信设备的激光收发模块","114","伊拉克","10","一般贸易","51","四川省","32","千克","0","?","33,600",
"202507","85177950","光通信设备的激光收发模块","114","伊拉克","34","海关特殊监管区域物流货物","32","江苏省","1","千克","0","?","1,661",
"202507","85177950","光通信设备的激光收发模块","115","以色列","10","一般贸易","31","上海市","2","千克","0","?","9,006",
"202507","85177950","光通信设备的激光收发模块","115","以色列","10","一般贸易","32","江苏省","17","千克","0","?","16,200",
"202507","85177950","光通信设备的激光收发模块","115","以色列","10","一般贸易","33","浙江省","6","千克","0","?","11,845",
"202507","85177950","光通信设备的激光收发模块","115","以色列","10","一般贸易","42","湖北省","37","千克","0","?","109,662",
"202507","85177950","光通信设备的激光收发模块","115","以色列","10","一般贸易","44","广东省","502","千克","0","?","255,524",
"202507","85177950","光通信设备的激光收发模块","115","以色列","10","一般贸易","51","四川省","266","千克","0","?","719,143",
"202507","85177950","光通信设备的激光收发模块","115","以色列","15","进料加工贸易","32","江苏省","172","千克","0","?","84,682",
"202507","85177950","光通信设备的激光收发模块","115","以色列","33","保税监管场所进出境货物","44","广东省","1","千克","0","?","365",
"202507","85177950","光通信设备的激光收发模块","115","以色列","34","海关特殊监管区域物流货物","32","江苏省","0","千克","0","?","2,439",
"202507","85177950","光通信设备的激光收发模块","116","日本","10","一般贸易","11","北京市","184","千克","0","?","63,091",
"202507","85177950","光通信设备的激光收发模块","116","日本","10","一般贸易","31","上海市","93","千克","0","?","230,093",
"202507","85177950","光通信设备的激光收发模块","116","日本","10","一般贸易","32","江苏省","327","千克","0","?","318,770",
"202507","85177950","光通信设备的激光收发模块","116","日本","10","一般贸易","33","浙江省","47","千克","0","?","68,397",
"202507","85177950","光通信设备的激光收发模块","116","日本","10","一般贸易","34","安徽省","0","千克","0","?","11,966",
"202507","85177950","光通信设备的激光收发模块","116","日本","10","一般贸易","35","福建省","0","千克","0","?","1,137",
"202507","85177950","光通信设备的激光收发模块","116","日本","10","一般贸易","36","江西省","0","千克","0","?","41",
"202507","85177950","光通信设备的激光收发模块","116","日本","10","一般贸易","37","山东省","16","千克","0","?","27,976",
"202507","85177950","光通信设备的激光收发模块","116","日本","10","一般贸易","41","河南省","1","千克","0","?","2,308",
"202507","85177950","光通信设备的激光收发模块","116","日本","10","一般贸易","42","湖北省","554","千克","0","?","419,898",
"202507","85177950","光通信设备的激光收发模块","116","日本","10","一般贸易","44","广东省","588","千克","0","?","442,641",
"202507","85177950","光通信设备的激光收发模块","116","日本","10","一般贸易","51","四川省","124","千克","0","?","182,839",
"202507","85177950","光通信设备的激光收发模块","116","日本","15","进料加工贸易","32","江苏省","348","千克","0","?","377,437",
"202507","85177950","光通信设备的激光收发模块","116","日本","15","进料加工贸易","35","福建省","51","千克","0","?","69,206",
"202507","85177950","光通信设备的激光收发模块","116","日本","15","进料加工贸易","44","广东省","0","千克","0","?","280",
"202507","85177950","光通信设备的激光收发模块","116","日本","15","进料加工贸易","51","四川省","59","千克","0","?","203,631",
"202507","85177950","光通信设备的激光收发模块","116","日本","34","海关特殊监管区域物流货物","32","江苏省","696","千克","0","?","493,893",
"202507","85177950","光通信设备的激光收发模块","116","日本","34","海关特殊监管区域物流货物","42","湖北省","31","千克","0","?","40,353",
"202507","85177950","光通信设备的激光收发模块","117","约旦","10","一般贸易","33","浙江省","0","千克","0","?","20",
"202507","85177950","光通信设备的激光收发模块","117","约旦","10","一般贸易","35","福建省","1","千克","0","?","916",
"202507","85177950","光通信设备的激光收发模块","117","约旦","10","一般贸易","44","广东省","92","千克","0","?","9,085",
"202507","85177950","光通信设备的激光收发模块","117","约旦","15","进料加工贸易","44","广东省","1","千克","0","?","347",
"202507","85177950","光通信设备的激光收发模块","117","约旦","33","保税监管场所进出境货物","44","广东省","2","千克","0","?","282",
"202507","85177950","光通信设备的激光收发模块","117","约旦","34","海关特殊监管区域物流货物","32","江苏省","0","千克","0","?","55",
"202507","85177950","光通信设备的激光收发模块","118","科威特","10","一般贸易","32","江苏省","1","千克","0","?","33",
"202507","85177950","光通信设备的激光收发模块","118","科威特","10","一般贸易","33","浙江省","4","千克","0","?","2,619",
"202507","85177950","光通信设备的激光收发模块","118","科威特","10","一般贸易","44","广东省","6","千克","0","?","7,848",
"202507","85177950","光通信设备的激光收发模块","119","老挝","10","一般贸易","31","上海市","3","千克","0","?","53,522",
"202507","85177950","光通信设备的激光收发模块","119","老挝","10","一般贸易","44","广东省","5","千克","0","?","28,523",
"202507","85177950","光通信设备的激光收发模块","120","黎巴嫩","10","一般贸易","32","江苏省","153","千克","0","?","3,259",
"202507","85177950","光通信设备的激光收发模块","120","黎巴嫩","10","一般贸易","33","浙江省","1","千克","0","?","3,570",
"202507","85177950","光通信设备的激光收发模块","120","黎巴嫩","10","一般贸易","35","福建省","1","千克","0","?","352",
"202507","85177950","光通信设备的激光收发模块","120","黎巴嫩","10","一般贸易","37","山东省","224","千克","0","?","8,422",
"202507","85177950","光通信设备的激光收发模块","120","黎巴嫩","10","一般贸易","42","湖北省","142","千克","0","?","5,282",
"202507","85177950","光通信设备的激光收发模块","120","黎巴嫩","10","一般贸易","44","广东省","144","千克","0","?","154,601",
"202507","85177950","光通信设备的激光收发模块","121","中国澳门","10","一般贸易","33","浙江省","3","千克","0","?","3,664",
"202507","85177950","光通信设备的激光收发模块","121","中国澳门","10","一般贸易","44","广东省","24","千克","0","?","11,692",
"202507","85177950","光通信设备的激光收发模块","122","马来西亚","10","一般贸易","11","北京市","32","千克","0","?","180,387",
"202507","85177950","光通信设备的激光收发模块","122","马来西亚","10","一般贸易","15","内蒙古自治区","0","千克","0","?","21",
"202507","85177950","光通信设备的激光收发模块","122","马来西亚","10","一般贸易","31","上海市","1365","千克","0","?","2,968,995",
"202507","85177950","光通信设备的激光收发模块","122","马来西亚","10","一般贸易","32","江苏省","1790","千克","0","?","3,205,509",
"202507","85177950","光通信设备的激光收发模块","122","马来西亚","10","一般贸易","33","浙江省","98","千克","0","?","69,220",
"202507","85177950","光通信设备的激光收发模块","122","马来西亚","10","一般贸易","35","福建省","21","千克","0","?","23,583",
"202507","85177950","光通信设备的激光收发模块","122","马来西亚","10","一般贸易","36","江西省","6","千克","0","?","34,449",
"202507","85177950","光通信设备的激光收发模块","122","马来西亚","10","一般贸易","37","山东省","1689","千克","0","?","2,317,635",
"202507","85177950","光通信设备的激光收发模块","122","马来西亚","10","一般贸易","41","河南省","68","千克","0","?","19,436",
"202507","85177950","光通信设备的激光收发模块","122","马来西亚","10","一般贸易","42","湖北省","12472","千克","0","?","16,675,735",
"202507","85177950","光通信设备的激光收发模块","122","马来西亚","10","一般贸易","43","湖南省","128","千克","0","?","97,023",
"202507","85177950","光通信设备的激光收发模块","122","马来西亚","10","一般贸易","44","广东省","4050","千克","0","?","3,412,437",
"202507","85177950","光通信设备的激光收发模块","122","马来西亚","10","一般贸易","51","四川省","25","千克","0","?","117,100",
"202507","85177950","光通信设备的激光收发模块","122","马来西亚","10","一般贸易","52","贵州省","2","千克","0","?","2,060",
"202507","85177950","光通信设备的激光收发模块","122","马来西亚","10","一般贸易","61","陕西省","0","千克","0","?","51",
"202507","85177950","光通信设备的激光收发模块","122","马来西亚","10","一般贸易","65","新疆维吾尔自治区","800","千克","0","?","1,200",
"202507","85177950","光通信设备的激光收发模块","122","马来西亚","15","进料加工贸易","32","江苏省","45476","千克","0","?","123,693,349",
"202507","85177950","光通信设备的激光收发模块","122","马来西亚","15","进料加工贸易","35","福建省","0","千克","0","?","1,941",
"202507","85177950","光通信设备的激光收发模块","122","马来西亚","15","进料加工贸易","44","广东省","1196","千克","0","?","1,498,863",
"202507","85177950","光通信设备的激光收发模块","122","马来西亚","33","保税监管场所进出境货物","44","广东省","2","千克","0","?","654",
"202507","85177950","光通信设备的激光收发模块","122","马来西亚","34","海关特殊监管区域物流货物","32","江苏省","39","千克","0","?","45,283",
"202507","85177950","光通信设备的激光收发模块","123","马尔代夫","10","一般贸易","37","山东省","146","千克","0","?","3,183",
"202507","85177950","光通信设备的激光收发模块","123","马尔代夫","10","一般贸易","44","广东省","6","千克","0","?","4,318",
"202507","85177950","光通信设备的激光收发模块","123","马尔代夫","10","一般贸易","61","陕西省","6","千克","0","?","210",
"202507","85177950","光通信设备的激光收发模块","124","蒙古","10","一般贸易","33","浙江省","0","千克","0","?","609",
"202507","85177950","光通信设备的激光收发模块","124","蒙古","10","一般贸易","44","广东省","4","千克","0","?","5,249",
"202507","85177950","光通信设备的激光收发模块","125","尼泊尔","10","一般贸易","31","上海市","31","千克","0","?","5,110",
"202507","85177950","光通信设备的激光收发模块","125","尼泊尔","10","一般贸易","42","湖北省","16","千克","0","?","4,650",
"202507","85177950","光通信设备的激光收发模块","125","尼泊尔","10","一般贸易","44","广东省","103","千克","0","?","26,955",
"202507","85177950","光通信设备的激光收发模块","126","阿曼","10","一般贸易","33","浙江省","16","千克","0","?","5,433",
"202507","85177950","光通信设备的激光收发模块","126","阿曼","10","一般贸易","42","湖北省","3","千克","0","?","4,885",
"202507","85177950","光通信设备的激光收发模块","126","阿曼","10","一般贸易","44","广东省","45","千克","0","?","72,323",
"202507","85177950","光通信设备的激光收发模块","127","巴基斯坦","10","一般贸易","12","天津市","1","千克","0","?","11,600",
"202507","85177950","光通信设备的激光收发模块","127","巴基斯坦","10","一般贸易","32","江苏省","177","千克","0","?","3,770",
"202507","85177950","光通信设备的激光收发模块","127","巴基斯坦","10","一般贸易","33","浙江省","20","千克","0","?","43,548",
"202507","85177950","光通信设备的激光收发模块","127","巴基斯坦","10","一般贸易","42","湖北省","161","千克","0","?","4,793",
"202507","85177950","光通信设备的激光收发模块","127","巴基斯坦","10","一般贸易","44","广东省","112","千克","0","?","70,171",
"202507","85177950","光通信设备的激光收发模块","127","巴基斯坦","33","保税监管场所进出境货物","44","广东省","7","千克","0","?","2,117",
"202507","85177950","光通信设备的激光收发模块","127","巴基斯坦","34","海关特殊监管区域物流货物","32","江苏省","19","千克","0","?","2,921",
"202507","85177950","光通信设备的激光收发模块","129","菲律宾","10","一般贸易","31","上海市","30","千克","0","?","1,345,439",
"202507","85177950","光通信设备的激光收发模块","129","菲律宾","10","一般贸易","32","江苏省","2","千克","0","?","578",
"202507","85177950","光通信设备的激光收发模块","129","菲律宾","10","一般贸易","33","浙江省","16","千克","0","?","19,469",
"202507","85177950","光通信设备的激光收发模块","129","菲律宾","10","一般贸易","35","福建省","11","千克","0","?","11,873",
"202507","85177950","光通信设备的激光收发模块","129","菲律宾","10","一般贸易","42","湖北省","26","千克","0","?","4,382",
"202507","85177950","光通信设备的激光收发模块","129","菲律宾","10","一般贸易","43","湖南省","2","千克","0","?","1,200",
"202507","85177950","光通信设备的激光收发模块","129","菲律宾","10","一般贸易","44","广东省","450","千克","0","?","216,231",
"202507","85177950","光通信设备的激光收发模块","129","菲律宾","15","进料加工贸易","44","广东省","1","千克","0","?","434",
"202507","85177950","光通信设备的激光收发模块","129","菲律宾","34","海关特殊监管区域物流货物","32","江苏省","6","千克","0","?","2,240",
"202507","85177950","光通信设备的激光收发模块","130","卡塔尔","10","一般贸易","33","浙江省","23","千克","0","?","11,650",
"202507","85177950","光通信设备的激光收发模块","130","卡塔尔","10","一般贸易","42","湖北省","152","千克","0","?","3,238",
"202507","85177950","光通信设备的激光收发模块","130","卡塔尔","10","一般贸易","44","广东省","3","千克","0","?","8,010",
"202507","85177950","光通信设备的激光收发模块","130","卡塔尔","15","进料加工贸易","44","广东省","0","千克","0","?","93",
"202507","85177950","光通信设备的激光收发模块","131","沙特阿拉伯","10","一般贸易","31","上海市","11","千克","0","?","503",
"202507","85177950","光通信设备的激光收发模块","131","沙特阿拉伯","10","一般贸易","32","江苏省","12","千克","0","?","35,746",
"202507","85177950","光通信设备的激光收发模块","131","沙特阿拉伯","10","一般贸易","33","浙江省","17","千克","0","?","20,808",
"202507","85177950","光通信设备的激光收发模块","131","沙特阿拉伯","10","一般贸易","35","福建省","46","千克","0","?","56,964",
"202507","85177950","光通信设备的激光收发模块","131","沙特阿拉伯","10","一般贸易","37","山东省","151","千克","0","?","3,277",
"202507","85177950","光通信设备的激光收发模块","131","沙特阿拉伯","10","一般贸易","42","湖北省","491","千克","0","?","100,663",
"202507","85177950","光通信设备的激光收发模块","131","沙特阿拉伯","10","一般贸易","44","广东省","123","千克","0","?","181,734",
"202507","85177950","光通信设备的激光收发模块","131","沙特阿拉伯","10","一般贸易","52","贵州省","51","千克","0","?","11,667",
"202507","85177950","光通信设备的激光收发模块","131","沙特阿拉伯","22","对外承包工程出口货物","43","湖南省","3","千克","0","?","587",
"202507","85177950","光通信设备的激光收发模块","131","沙特阿拉伯","33","保税监管场所进出境货物","44","广东省","6","千克","0","?","2,602",
"202507","85177950","光通信设备的激光收发模块","131","沙特阿拉伯","34","海关特殊监管区域物流货物","32","江苏省","215","千克","0","?","111,341",
"202507","85177950","光通信设备的激光收发模块","132","新加坡","10","一般贸易","11","北京市","17","千克","0","?","49,870",
"202507","85177950","光通信设备的激光收发模块","132","新加坡","10","一般贸易","15","内蒙古自治区","0","千克","0","?","28",
"202507","85177950","光通信设备的激光收发模块","132","新加坡","10","一般贸易","31","上海市","63","千克","0","?","136,977",
"202507","85177950","光通信设备的激光收发模块","132","新加坡","10","一般贸易","32","江苏省","1926","千克","0","?","4,667,637",
"202507","85177950","光通信设备的激光收发模块","132","新加坡","10","一般贸易","33","浙江省","39","千克","0","?","152,552",
"202507","85177950","光通信设备的激光收发模块","132","新加坡","10","一般贸易","35","福建省","5","千克","0","?","5,807",
"202507","85177950","光通信设备的激光收发模块","132","新加坡","10","一般贸易","37","山东省","131","千克","0","?","68,123",
"202507","85177950","光通信设备的激光收发模块","132","新加坡","10","一般贸易","41","河南省","0","千克","0","?","7",
"202507","85177950","光通信设备的激光收发模块","132","新加坡","10","一般贸易","42","湖北省","1169","千克","0","?","1,182,838",
"202507","85177950","光通信设备的激光收发模块","132","新加坡","10","一般贸易","44","广东省","1579","千克","0","?","907,721",
"202507","85177950","光通信设备的激光收发模块","132","新加坡","10","一般贸易","51","四川省","527","千克","0","?","820,301",
"202507","85177950","光通信设备的激光收发模块","132","新加坡","10","一般贸易","52","贵州省","47","千克","0","?","41,445",
"202507","85177950","光通信设备的激光收发模块","132","新加坡","10","一般贸易","61","陕西省","1","千克","0","?","29",
"202507","85177950","光通信设备的激光收发模块","132","新加坡","15","进料加工贸易","32","江苏省","5070","千克","0","?","1,049,948",
"202507","85177950","光通信设备的激光收发模块","132","新加坡","15","进料加工贸易","33","浙江省","728","千克","0","?","627,741",
"202507","85177950","光通信设备的激光收发模块","132","新加坡","15","进料加工贸易","35","福建省","3","千克","0","?","5,660",
"202507","85177950","光通信设备的激光收发模块","132","新加坡","15","进料加工贸易","44","广东省","1026","千克","0","?","2,453,717",
"202507","85177950","光通信设备的激光收发模块","132","新加坡","15","进料加工贸易","50","重庆市","0","千克","0","?","40",
"202507","85177950","光通信设备的激光收发模块","132","新加坡","15","进料加工贸易","51","四川省","1","千克","0","?","18,178",
"202507","85177950","光通信设备的激光收发模块","132","新加坡","33","保税监管场所进出境货物","44","广东省","41","千克","0","?","227",
"202507","85177950","光通信设备的激光收发模块","132","新加坡","34","海关特殊监管区域物流货物","11","北京市","0","千克","0","?","106",
"202507","85177950","光通信设备的激光收发模块","132","新加坡","34","海关特殊监管区域物流货物","32","江苏省","29","千克","0","?","16,443",
"202507","85177950","光通信设备的激光收发模块","133","韩国","10","一般贸易","21","辽宁省","206","千克","0","?","54,434",
"202507","85177950","光通信设备的激光收发模块","133","韩国","10","一般贸易","31","上海市","1","千克","0","?","14,514",
"202507","85177950","光通信设备的激光收发模块","133","韩国","10","一般贸易","32","江苏省","165","千克","0","?","102,763",
"202507","85177950","光通信设备的激光收发模块","133","韩国","10","一般贸易","33","浙江省","15","千克","0","?","20,576",
"202507","85177950","光通信设备的激光收发模块","133","韩国","10","一般贸易","35","福建省","0","千克","0","?","818",
"202507","85177950","光通信设备的激光收发模块","133","韩国","10","一般贸易","37","山东省","150","千克","0","?","142,812",
"202507","85177950","光通信设备的激光收发模块","133","韩国","10","一般贸易","41","河南省","5","千克","0","?","7,440",
"202507","85177950","光通信设备的激光收发模块","133","韩国","10","一般贸易","42","湖北省","292","千克","0","?","182,951",
"202507","85177950","光通信设备的激光收发模块","133","韩国","10","一般贸易","44","广东省","2174","千克","0","?","1,266,247",
"202507","85177950","光通信设备的激光收发模块","133","韩国","10","一般贸易","51","四川省","928","千克","0","?","707,033",
"202507","85177950","光通信设备的激光收发模块","133","韩国","10","一般贸易","61","陕西省","1","千克","0","?","345",
"202507","85177950","光通信设备的激光收发模块","133","韩国","15","进料加工贸易","32","江苏省","19","千克","0","?","6,560",
"202507","85177950","光通信设备的激光收发模块","133","韩国","15","进料加工贸易","35","福建省","7","千克","0","?","13,236",
"202507","85177950","光通信设备的激光收发模块","133","韩国","15","进料加工贸易","44","广东省","0","千克","0","?","292",
"202507","85177950","光通信设备的激光收发模块","133","韩国","15","进料加工贸易","51","四川省","3","千克","0","?","2,343",
"202507","85177950","光通信设备的激光收发模块","133","韩国","34","海关特殊监管区域物流货物","32","江苏省","17","千克","0","?","25,527",
"202507","85177950","光通信设备的激光收发模块","134","斯里兰卡","10","一般贸易","31","上海市","1","千克","0","?","619",
"202507","85177950","光通信设备的激光收发模块","134","斯里兰卡","10","一般贸易","44","广东省","241","千克","0","?","66,918",
"202507","85177950","光通信设备的激光收发模块","134","斯里兰卡","33","保税监管场所进出境货物","44","广东省","2","千克","0","?","436",
"202507","85177950","光通信设备的激光收发模块","135","叙利亚","10","一般贸易","44","广东省","48","千克","0","?","5,479",
"202507","85177950","光通信设备的激光收发模块","136","泰国","10","一般贸易","13","河北省","1","千克","0","?","25,146",
"202507","85177950","光通信设备的激光收发模块","136","泰国","10","一般贸易","31","上海市","1521","千克","0","?","3,858,070",
"202507","85177950","光通信设备的激光收发模块","136","泰国","10","一般贸易","32","江苏省","1419","千克","0","?","1,504,483",
"202507","85177950","光通信设备的激光收发模块","136","泰国","10","一般贸易","33","浙江省","283","千克","0","?","134,214",
"202507","85177950","光通信设备的激光收发模块","136","泰国","10","一般贸易","35","福建省","2","千克","0","?","2,929",
"202507","85177950","光通信设备的激光收发模块","136","泰国","10","一般贸易","37","山东省","171","千克","0","?","478,543",
"202507","85177950","光通信设备的激光收发模块","136","泰国","10","一般贸易","42","湖北省","4845","千克","0","?","6,108,924",
"202507","85177950","光通信设备的激光收发模块","136","泰国","10","一般贸易","43","湖南省","182","千克","0","?","15,687",
"202507","85177950","光通信设备的激光收发模块","136","泰国","10","一般贸易","44","广东省","672","千克","0","?","719,908",
"202507","85177950","光通信设备的激光收发模块","136","泰国","10","一般贸易","51","四川省","5934","千克","0","?","18,453,125",
"202507","85177950","光通信设备的激光收发模块","136","泰国","10","一般贸易","61","陕西省","1","千克","0","?","1,380",
"202507","85177950","光通信设备的激光收发模块","136","泰国","15","进料加工贸易","32","江苏省","314","千克","0","?","115,564",
"202507","85177950","光通信设备的激光收发模块","136","泰国","15","进料加工贸易","35","福建省","2","千克","0","?","5,268",
"202507","85177950","光通信设备的激光收发模块","136","泰国","15","进料加工贸易","44","广东省","2","千克","0","?","4,296",
"202507","85177950","光通信设备的激光收发模块","136","泰国","34","海关特殊监管区域物流货物","32","江苏省","389","千克","0","?","72,281",
"202507","85177950","光通信设备的激光收发模块","136","泰国","34","海关特殊监管区域物流货物","35","福建省","2","千克","0","?","2,421",
"202507","85177950","光通信设备的激光收发模块","136","泰国","34","海关特殊监管区域物流货物","44","广东省","0","千克","0","?","1,656",
"202507","85177950","光通信设备的激光收发模块","136","泰国","34","海关特殊监管区域物流货物","53","云南省","0","千克","0","?","1,303",
"202507","85177950","光通信设备的激光收发模块","136","泰国","39","其他","32","江苏省","0","千克","0","?","3,970",
"202507","85177950","光通信设备的激光收发模块","137","土耳其","10","一般贸易","31","上海市","3","千克","0","?","900",
"202507","85177950","光通信设备的激光收发模块","137","土耳其","10","一般贸易","33","浙江省","75","千克","0","?","93,773",
"202507","85177950","光通信设备的激光收发模块","137","土耳其","10","一般贸易","35","福建省","4","千克","0","?","3,644",
"202507","85177950","光通信设备的激光收发模块","137","土耳其","10","一般贸易","42","湖北省","30","千克","0","?","6,011",
"202507","85177950","光通信设备的激光收发模块","137","土耳其","10","一般贸易","44","广东省","397","千克","0","?","225,836",
"202507","85177950","光通信设备的激光收发模块","137","土耳其","33","保税监管场所进出境货物","44","广东省","25","千克","0","?","4,128",
"202507","85177950","光通信设备的激光收发模块","137","土耳其","34","海关特殊监管区域物流货物","32","江苏省","30","千克","0","?","3,270",
"202507","85177950","光通信设备的激光收发模块","137","土耳其","34","海关特殊监管区域物流货物","35","福建省","0","千克","0","?","579",
"202507","85177950","光通信设备的激光收发模块","138","阿联酋","10","一般贸易","12","天津市","31","千克","0","?","928",
"202507","85177950","光通信设备的激光收发模块","138","阿联酋","10","一般贸易","13","河北省","81","千克","0","?","1,677",
"202507","85177950","光通信设备的激光收发模块","138","阿联酋","10","一般贸易","31","上海市","0","千克","0","?","82",
"202507","85177950","光通信设备的激光收发模块","138","阿联酋","10","一般贸易","32","江苏省","0","千克","0","?","88",
"202507","85177950","光通信设备的激光收发模块","138","阿联酋","10","一般贸易","33","浙江省","69","千克","0","?","51,019",
"202507","85177950","光通信设备的激光收发模块","138","阿联酋","10","一般贸易","35","福建省","9","千克","0","?","6,513",
"202507","85177950","光通信设备的激光收发模块","138","阿联酋","10","一般贸易","37","山东省","499","千克","0","?","10,631",
"202507","85177950","光通信设备的激光收发模块","138","阿联酋","10","一般贸易","41","河南省","0","千克","0","?","23",
"202507","85177950","光通信设备的激光收发模块","138","阿联酋","10","一般贸易","42","湖北省","1153","千克","0","?","206,327",
"202507","85177950","光通信设备的激光收发模块","138","阿联酋","10","一般贸易","43","湖南省","355","千克","0","?","7,641",
"202507","85177950","光通信设备的激光收发模块","138","阿联酋","10","一般贸易","44","广东省","2763","千克","0","?","1,288,492",
"202507","85177950","光通信设备的激光收发模块","138","阿联酋","10","一般贸易","51","四川省","169","千克","0","?","80,797",
"202507","85177950","光通信设备的激光收发模块","138","阿联酋","10","一般贸易","65","新疆维吾尔自治区","456","千克","0","?","13,087",
"202507","85177950","光通信设备的激光收发模块","138","阿联酋","15","进料加工贸易","44","广东省","4","千克","0","?","12,342",
"202507","85177950","光通信设备的激光收发模块","138","阿联酋","15","进料加工贸易","51","四川省","217","千克","0","?","109,096",
"202507","85177950","光通信设备的激光收发模块","138","阿联酋","33","保税监管场所进出境货物","44","广东省","15","千克","0","?","1,100",
"202507","85177950","光通信设备的激光收发模块","138","阿联酋","34","海关特殊监管区域物流货物","32","江苏省","405","千克","0","?","139,933",
"202507","85177950","光通信设备的激光收发模块","138","阿联酋","39","其他","33","浙江省","16","千克","0","?","32",
"202507","85177950","光通信设备的激光收发模块","139","也门","10","一般贸易","33","浙江省","9","千克","0","?","3,843",
"202507","85177950","光通信设备的激光收发模块","141","越南","10","一般贸易","11","北京市","8","千克","0","?","8,856",
"202507","85177950","光通信设备的激光收发模块","141","越南","10","一般贸易","31","上海市","1443","千克","0","?","436,343",
"202507","85177950","光通信设备的激光收发模块","141","越南","10","一般贸易","32","江苏省","39","千克","0","?","42,836",
"202507","85177950","光通信设备的激光收发模块","141","越南","10","一般贸易","33","浙江省","158","千克","0","?","48,994",
"202507","85177950","光通信设备的激光收发模块","141","越南","10","一般贸易","35","福建省","6","千克","0","?","10,484",
"202507","85177950","光通信设备的激光收发模块","141","越南","10","一般贸易","37","山东省","116","千克","0","?","36,440",
"202507","85177950","光通信设备的激光收发模块","141","越南","10","一般贸易","42","湖北省","1425","千克","0","?","156,598",
"202507","85177950","光通信设备的激光收发模块","141","越南","10","一般贸易","43","湖南省","2","千克","0","?","270",
"202507","85177950","光通信设备的激光收发模块","141","越南","10","一般贸易","44","广东省","928","千克","0","?","479,824",
"202507","85177950","光通信设备的激光收发模块","141","越南","10","一般贸易","51","四川省","232","千克","0","?","305,042",
"202507","85177950","光通信设备的激光收发模块","141","越南","15","进料加工贸易","32","江苏省","1","千克","0","?","187",
"202507","85177950","光通信设备的激光收发模块","141","越南","15","进料加工贸易","33","浙江省","60","千克","0","?","102,609",
"202507","85177950","光通信设备的激光收发模块","141","越南","15","进料加工贸易","51","四川省","89","千克","0","?","37,688",
"202507","85177950","光通信设备的激光收发模块","141","越南","19","边境小额贸易","45","广西壮族自治区","55","千克","0","?","230",
"202507","85177950","光通信设备的激光收发模块","141","越南","33","保税监管场所进出境货物","44","广东省","755","千克","0","?","64,675",
"202507","85177950","光通信设备的激光收发模块","141","越南","34","海关特殊监管区域物流货物","32","江苏省","921","千克","0","?","421,433",
"202507","85177950","光通信设备的激光收发模块","141","越南","34","海关特殊监管区域物流货物","35","福建省","1","千克","0","?","1,760",
"202507","85177950","光通信设备的激光收发模块","141","越南","34","海关特殊监管区域物流货物","45","广西壮族自治区","1168","千克","0","?","415,043",
"202507","85177950","光通信设备的激光收发模块","143","中国台湾","10","一般贸易","13","河北省","133","千克","0","?","20,402",
"202507","85177950","光通信设备的激光收发模块","143","中国台湾","10","一般贸易","31","上海市","66","千克","0","?","127,463",
"202507","85177950","光通信设备的激光收发模块","143","中国台湾","10","一般贸易","32","江苏省","1052","千克","0","?","3,364,752",
"202507","85177950","光通信设备的激光收发模块","143","中国台湾","10","一般贸易","33","浙江省","967","千克","0","?","2,700,668",
"202507","85177950","光通信设备的激光收发模块","143","中国台湾","10","一般贸易","34","安徽省","1","千克","0","?","1,000",
"202507","85177950","光通信设备的激光收发模块","143","中国台湾","10","一般贸易","35","福建省","8","千克","0","?","4,950",
"202507","85177950","光通信设备的激光收发模块","143","中国台湾","10","一般贸易","37","山东省","340","千克","0","?","109,360",
"202507","85177950","光通信设备的激光收发模块","143","中国台湾","10","一般贸易","42","湖北省","1078","千克","0","?","1,057,361",
"202507","85177950","光通信设备的激光收发模块","143","中国台湾","10","一般贸易","43","湖南省","62","千克","0","?","33,951",
"202507","85177950","光通信设备的激光收发模块","143","中国台湾","10","一般贸易","44","广东省","4130","千克","0","?","4,293,822",
"202507","85177950","光通信设备的激光收发模块","143","中国台湾","10","一般贸易","51","四川省","185","千克","0","?","377,537",
"202507","85177950","光通信设备的激光收发模块","143","中国台湾","15","进料加工贸易","32","江苏省","26","千克","0","?","38,388",
"202507","85177950","光通信设备的激光收发模块","143","中国台湾","15","进料加工贸易","33","浙江省","4301","千克","0","?","5,472,277",
"202507","85177950","光通信设备的激光收发模块","143","中国台湾","15","进料加工贸易","35","福建省","8","千克","0","?","10,290",
"202507","85177950","光通信设备的激光收发模块","143","中国台湾","15","进料加工贸易","44","广东省","3","千克","0","?","8,196",
"202507","85177950","光通信设备的激光收发模块","143","中国台湾","15","进料加工贸易","51","四川省","11593","千克","0","?","13,487,354",
"202507","85177950","光通信设备的激光收发模块","143","中国台湾","34","海关特殊监管区域物流货物","32","江苏省","12","千克","0","?","12,080",
"202507","85177950","光通信设备的激光收发模块","143","中国台湾","34","海关特殊监管区域物流货物","35","福建省","2","千克","0","?","7,980",
"202507","85177950","光通信设备的激光收发模块","143","中国台湾","34","海关特殊监管区域物流货物","44","广东省","0","千克","0","?","185",
"202507","85177950","光通信设备的激光收发模块","145","哈萨克斯坦","10","一般贸易","31","上海市","47","千克","0","?","12,636",
"202507","85177950","光通信设备的激光收发模块","145","哈萨克斯坦","10","一般贸易","33","浙江省","75","千克","0","?","22,476",
"202507","85177950","光通信设备的激光收发模块","145","哈萨克斯坦","10","一般贸易","34","安徽省","2","千克","0","?","1,514",
"202507","85177950","光通信设备的激光收发模块","145","哈萨克斯坦","10","一般贸易","35","福建省","4","千克","0","?","5,667",
"202507","85177950","光通信设备的激光收发模块","145","哈萨克斯坦","10","一般贸易","42","湖北省","345","千克","0","?","28,712",
"202507","85177950","光通信设备的激光收发模块","145","哈萨克斯坦","10","一般贸易","44","广东省","490","千克","0","?","563,225",
"202507","85177950","光通信设备的激光收发模块","145","哈萨克斯坦","19","边境小额贸易","65","新疆维吾尔自治区","48","千克","0","?","9,150",
"202507","85177950","光通信设备的激光收发模块","145","哈萨克斯坦","34","海关特殊监管区域物流货物","32","江苏省","0","千克","0","?","185",
"202507","85177950","光通信设备的激光收发模块","145","哈萨克斯坦","39","其他","44","广东省","0","千克","0","?","288",
"202507","85177950","光通信设备的激光收发模块","146","吉尔吉斯斯坦","10","一般贸易","33","浙江省","6","千克","0","?","5,504",
"202507","85177950","光通信设备的激光收发模块","146","吉尔吉斯斯坦","10","一般贸易","44","广东省","25","千克","0","?","5,215",
"202507","85177950","光通信设备的激光收发模块","147","塔吉克斯坦","11","国家间、国际组织无偿援助和赠送的物资","32","江苏省","9","千克","0","?","3,211",
"202507","85177950","光通信设备的激光收发模块","148","土库曼斯坦","10","一般贸易","33","浙江省","2","千克","0","?","1,507",
"202507","85177950","光通信设备的激光收发模块","148","土库曼斯坦","10","一般贸易","44","广东省","3","千克","0","?","166",
"202507","85177950","光通信设备的激光收发模块","149","乌兹别克斯坦","10","一般贸易","12","天津市","2","千克","0","?","864",
"202507","85177950","光通信设备的激光收发模块","149","乌兹别克斯坦","10","一般贸易","31","上海市","41","千克","0","?","6,709",
"202507","85177950","光通信设备的激光收发模块","149","乌兹别克斯坦","10","一般贸易","33","浙江省","15","千克","0","?","20,928",
"202507","85177950","光通信设备的激光收发模块","149","乌兹别克斯坦","10","一般贸易","42","湖北省","77","千克","0","?","13,274",
"202507","85177950","光通信设备的激光收发模块","149","乌兹别克斯坦","10","一般贸易","44","广东省","28","千克","0","?","10,590",
"202507","85177950","光通信设备的激光收发模块","149","乌兹别克斯坦","10","一般贸易","61","陕西省","20","千克","0","?","1,844",
"202507","85177950","光通信设备的激光收发模块","150","格鲁吉亚","10","一般贸易","31","上海市","7","千克","0","?","4,526",
"202507","85177950","光通信设备的激光收发模块","150","格鲁吉亚","10","一般贸易","44","广东省","62","千克","0","?","15,623",
"202507","85177950","光通信设备的激光收发模块","150","格鲁吉亚","33","保税监管场所进出境货物","44","广东省","19","千克","0","?","2,394",
"202507","85177950","光通信设备的激光收发模块","151","亚美尼亚","10","一般贸易","31","上海市","4","千克","0","?","21,045",
"202507","85177950","光通信设备的激光收发模块","151","亚美尼亚","10","一般贸易","33","浙江省","4","千克","0","?","1,635",
"202507","85177950","光通信设备的激光收发模块","151","亚美尼亚","10","一般贸易","44","广东省","35","千克","0","?","1,464",
"202507","85177950","光通信设备的激光收发模块","152","阿塞拜疆","10","一般贸易","44","广东省","73","千克","0","?","46,327",
"202507","85177950","光通信设备的激光收发模块","152","阿塞拜疆","15","进料加工贸易","44","广东省","0","千克","0","?","3,966",
"202507","85177950","光通信设备的激光收发模块","201","阿尔及利亚","10","一般贸易","33","浙江省","2","千克","0","?","1,033",
"202507","85177950","光通信设备的激光收发模块","201","阿尔及利亚","10","一般贸易","42","湖北省","509","千克","0","?","258,468",
"202507","85177950","光通信设备的激光收发模块","201","阿尔及利亚","10","一般贸易","44","广东省","24","千克","0","?","46,511",
"202507","85177950","光通信设备的激光收发模块","202","安哥拉","10","一般贸易","11","北京市","21","千克","0","?","47,317",
"202507","85177950","光通信设备的激光收发模块","202","安哥拉","10","一般贸易","32","江苏省","11","千克","0","?","22,710",
"202507","85177950","光通信设备的激光收发模块","202","安哥拉","10","一般贸易","44","广东省","14","千克","0","?","15,448",
"202507","85177950","光通信设备的激光收发模块","203","贝宁","10","一般贸易","44","广东省","19","千克","0","?","4,580",
"202507","85177950","光通信设备的激光收发模块","204","博茨瓦纳","10","一般贸易","44","广东省","23","千克","0","?","3,327",
"202507","85177950","光通信设备的激光收发模块","205","布隆迪","10","一般贸易","44","广东省","17","千克","0","?","2,456",
"202507","85177950","光通信设备的激光收发模块","206","喀麦隆","10","一般贸易","44","广东省","0","千克","0","?","23",
"202507","85177950","光通信设备的激光收发模块","209","中非","10","一般贸易","44","广东省","12","千克","0","?","2,273",
"202507","85177950","光通信设备的激光收发模块","211","乍得","10","一般贸易","44","广东省","19","千克","0","?","3,458",
"202507","85177950","光通信设备的激光收发模块","212","科摩罗","10","一般贸易","44","广东省","2","千克","0","?","122",
"202507","85177950","光通信设备的激光收发模块","213","刚果共和国","10","一般贸易","44","广东省","4","千克","0","?","1,266",
"202507","85177950","光通信设备的激光收发模块","214","吉布提","10","一般贸易","44","广东省","0","千克","0","?","3,099",
"202507","85177950","光通信设备的激光收发模块","214","吉布提","39","其他","33","浙江省","4","千克","0","?","28",
"202507","85177950","光通信设备的激光收发模块","215","埃及","10","一般贸易","33","浙江省","1","千克","0","?","606",
"202507","85177950","光通信设备的激光收发模块","215","埃及","10","一般贸易","35","福建省","13","千克","0","?","18,602",
"202507","85177950","光通信设备的激光收发模块","215","埃及","10","一般贸易","44","广东省","281","千克","0","?","143,045",
"202507","85177950","光通信设备的激光收发模块","215","埃及","15","进料加工贸易","44","广东省","0","千克","0","?","35",
"202507","85177950","光通信设备的激光收发模块","217","埃塞俄比亚","10","一般贸易","31","上海市","0","千克","0","?","42",
"202507","85177950","光通信设备的激光收发模块","217","埃塞俄比亚","10","一般贸易","33","浙江省","0","千克","0","?","640",
"202507","85177950","光通信设备的激光收发模块","217","埃塞俄比亚","10","一般贸易","44","广东省","202","千克","0","?","115,859",
"202507","85177950","光通信设备的激光收发模块","219","冈比亚","10","一般贸易","36","江西省","2","千克","0","?","305",
"202507","85177950","光通信设备的激光收发模块","219","冈比亚","10","一般贸易","44","广东省","0","千克","0","?","128",
"202507","85177950","光通信设备的激光收发模块","220","加纳","10","一般贸易","42","湖北省","2","千克","0","?","211",
"202507","85177950","光通信设备的激光收发模块","220","加纳","10","一般贸易","44","广东省","159","千克","0","?","43,246",
"202507","85177950","光通信设备的激光收发模块","221","几内亚","10","一般贸易","11","北京市","30","千克","0","?","1,766",
"202507","85177950","光通信设备的激光收发模块","221","几内亚","10","一般贸易","44","广东省","4","千克","0","?","2,100",
"202507","85177950","光通信设备的激光收发模块","223","科特迪瓦","10","一般贸易","44","广东省","2","千克","0","?","1,336",
"202507","85177950","光通信设备的激光收发模块","224","肯尼亚","10","一般贸易","13","河北省","122","千克","0","?","2,538",
"202507","85177950","光通信设备的激光收发模块","224","肯尼亚","10","一般贸易","31","上海市","4","千克","0","?","2,960",
"202507","85177950","光通信设备的激光收发模块","224","肯尼亚","10","一般贸易","33","浙江省","1","千克","0","?","528",
"202507","85177950","光通信设备的激光收发模块","224","肯尼亚","10","一般贸易","42","湖北省","69","千克","0","?","3,995",
"202507","85177950","光通信设备的激光收发模块","224","肯尼亚","10","一般贸易","44","广东省","113","千克","0","?","33,837",
"202507","85177950","光通信设备的激光收发模块","224","肯尼亚","34","海关特殊监管区域物流货物","32","江苏省","3","千克","0","?","1,127",
"202507","85177950","光通信设备的激光收发模块","225","利比里亚","10","一般贸易","11","北京市","1","千克","0","?","497",
"202507","85177950","光通信设备的激光收发模块","225","利比里亚","10","一般贸易","44","广东省","7","千克","0","?","7,449",
"202507","85177950","光通信设备的激光收发模块","226","利比亚","10","一般贸易","33","浙江省","3","千克","0","?","1,500",
"202507","85177950","光通信设备的激光收发模块","226","利比亚","10","一般贸易","35","福建省","3","千克","0","?","1,112",
"202507","85177950","光通信设备的激光收发模块","226","利比亚","10","一般贸易","44","广东省","0","千克","0","?","27",
"202507","85177950","光通信设备的激光收发模块","227","马达加斯加","10","一般贸易","44","广东省","9","千克","0","?","2,143",
"202507","85177950","光通信设备的激光收发模块","228","马拉维","10","一般贸易","44","广东省","10","千克","0","?","4,197",
"202507","85177950","光通信设备的激光收发模块","228","马拉维","34","海关特殊监管区域物流货物","32","江苏省","12","千克","0","?","4,095",
"202507","85177950","光通信设备的激光收发模块","229","马里","10","一般贸易","44","广东省","5","千克","0","?","1,300",
"202507","85177950","光通信设备的激光收发模块","230","毛里塔尼亚","10","一般贸易","44","广东省","149","千克","0","?","2,513",
"202507","85177950","光通信设备的激光收发模块","231","毛里求斯","10","一般贸易","33","浙江省","8","千克","0","?","3,749",
"202507","85177950","光通信设备的激光收发模块","231","毛里求斯","10","一般贸易","44","广东省","24","千克","0","?","18,989",
"202507","85177950","光通信设备的激光收发模块","232","摩洛哥","10","一般贸易","33","浙江省","23","千克","0","?","12,883",
"202507","85177950","光通信设备的激光收发模块","232","摩洛哥","10","一般贸易","35","福建省","9","千克","0","?","11,574",
"202507","85177950","光通信设备的激光收发模块","232","摩洛哥","10","一般贸易","44","广东省","546","千克","0","?","241,066",
"202507","85177950","光通信设备的激光收发模块","232","摩洛哥","33","保税监管场所进出境货物","44","广东省","0","千克","0","?","56",
"202507","85177950","光通信设备的激光收发模块","233","莫桑比克","10","一般贸易","44","广东省","190","千克","0","?","48,278",
"202507","85177950","光通信设备的激光收发模块","234","纳米比亚","10","一般贸易","44","广东省","1","千克","0","?","263",
"202507","85177950","光通信设备的激光收发模块","236","尼日利亚","10","一般贸易","13","河北省","178","千克","0","?","3,489",
"202507","85177950","光通信设备的激光收发模块","236","尼日利亚","10","一般贸易","31","上海市","0","千克","0","?","290",
"202507","85177950","光通信设备的激光收发模块","236","尼日利亚","10","一般贸易","33","浙江省","216","千克","0","?","4,666",
"202507","85177950","光通信设备的激光收发模块","236","尼日利亚","10","一般贸易","35","福建省","0","千克","0","?","88",
"202507","85177950","光通信设备的激光收发模块","236","尼日利亚","10","一般贸易","37","山东省","934","千克","0","?","20,014",
"202507","85177950","光通信设备的激光收发模块","236","尼日利亚","10","一般贸易","42","湖北省","648","千克","0","?","17,120",
"202507","85177950","光通信设备的激光收发模块","236","尼日利亚","10","一般贸易","43","湖南省","211","千克","0","?","4,494",
"202507","85177950","光通信设备的激光收发模块","236","尼日利亚","10","一般贸易","44","广东省","359","千克","0","?","147,428",
"202507","85177950","光通信设备的激光收发模块","237","留尼汪","10","一般贸易","44","广东省","6","千克","0","?","4,719",
"202507","85177950","光通信设备的激光收发模块","238","卢旺达","10","一般贸易","44","广东省","1","千克","0","?","507",
"202507","85177950","光通信设备的激光收发模块","240","塞内加尔","10","一般贸易","44","广东省","17","千克","0","?","52,374",
"202507","85177950","光通信设备的激光收发模块","241","塞舌尔","10","一般贸易","42","湖北省","2","千克","0","?","255",
"202507","85177950","光通信设备的激光收发模块","241","塞舌尔","10","一般贸易","44","广东省","2","千克","0","?","637",
"202507","85177950","光通信设备的激光收发模块","243","索马里","10","一般贸易","44","广东省","53","千克","0","?","14,695",
"202507","85177950","光通信设备的激光收发模块","244","南非","10","一般贸易","31","上海市","7","千克","0","?","3,292",
"202507","85177950","光通信设备的激光收发模块","244","南非","10","一般贸易","33","浙江省","2","千克","0","?","5,562",
"202507","85177950","光通信设备的激光收发模块","244","南非","10","一般贸易","35","福建省","0","千克","0","?","158",
"202507","85177950","光通信设备的激光收发模块","244","南非","10","一般贸易","37","山东省","0","千克","0","?","19",
"202507","85177950","光通信设备的激光收发模块","244","南非","10","一般贸易","41","河南省","0","千克","0","?","49",
"202507","85177950","光通信设备的激光收发模块","244","南非","10","一般贸易","42","湖北省","3","千克","0","?","1,242",
"202507","85177950","光通信设备的激光收发模块","244","南非","10","一般贸易","44","广东省","307","千克","0","?","160,864",
"202507","85177950","光通信设备的激光收发模块","244","南非","10","一般贸易","52","贵州省","16","千克","0","?","3,886",
"202507","85177950","光通信设备的激光收发模块","244","南非","15","进料加工贸易","44","广东省","2","千克","0","?","40,221",
"202507","85177950","光通信设备的激光收发模块","244","南非","33","保税监管场所进出境货物","44","广东省","13","千克","0","?","9,945",
"202507","85177950","光通信设备的激光收发模块","244","南非","34","海关特殊监管区域物流货物","32","江苏省","1","千克","0","?","489",
"202507","85177950","光通信设备的激光收发模块","246","苏丹","10","一般贸易","44","广东省","2","千克","0","?","9,006",
"202507","85177950","光通信设备的激光收发模块","247","坦桑尼亚","10","一般贸易","33","浙江省","0","千克","0","?","288",
"202507","85177950","光通信设备的激光收发模块","247","坦桑尼亚","10","一般贸易","37","山东省","0","千克","0","?","94",
"202507","85177950","光通信设备的激光收发模块","247","坦桑尼亚","10","一般贸易","43","湖南省","159","千克","0","?","3,307",
"202507","85177950","光通信设备的激光收发模块","247","坦桑尼亚","10","一般贸易","44","广东省","213","千克","0","?","59,779",
"202507","85177950","光通信设备的激光收发模块","249","突尼斯","10","一般贸易","33","浙江省","8","千克","0","?","983",
"202507","85177950","光通信设备的激光收发模块","249","突尼斯","10","一般贸易","35","福建省","0","千克","0","?","251",
"202507","85177950","光通信设备的激光收发模块","249","突尼斯","15","进料加工贸易","44","广东省","1","千克","0","?","1,561",
"202507","85177950","光通信设备的激光收发模块","249","突尼斯","33","保税监管场所进出境货物","44","广东省","4","千克","0","?","430",
"202507","85177950","光通信设备的激光收发模块","250","乌干达","10","一般贸易","31","上海市","0","千克","0","?","35",
"202507","85177950","光通信设备的激光收发模块","250","乌干达","10","一般贸易","33","浙江省","8","千克","0","?","5,151",
"202507","85177950","光通信设备的激光收发模块","250","乌干达","10","一般贸易","37","山东省","194","千克","0","?","3,996",
"202507","85177950","光通信设备的激光收发模块","250","乌干达","10","一般贸易","44","广东省","37","千克","0","?","32,867",
"202507","85177950","光通信设备的激光收发模块","251","布基纳法索","10","一般贸易","44","广东省","85","千克","0","?","78,833",
"202507","85177950","光通信设备的激光收发模块","252","刚果民主共和国","10","一般贸易","31","上海市","4","千克","0","?","910",
"202507","85177950","光通信设备的激光收发模块","252","刚果民主共和国","10","一般贸易","33","浙江省","5","千克","0","?","2,520",
"202507","85177950","光通信设备的激光收发模块","252","刚果民主共和国","10","一般贸易","35","福建省","1","千克","0","?","1,670",
"202507","85177950","光通信设备的激光收发模块","252","刚果民主共和国","10","一般贸易","36","江西省","126","千克","0","?","6,051",
"202507","85177950","光通信设备的激光收发模块","252","刚果民主共和国","10","一般贸易","44","广东省","4","千克","0","?","11,326",
"202507","85177950","光通信设备的激光收发模块","253","赞比亚","10","一般贸易","37","山东省","277","千克","0","?","10,166",
"202507","85177950","光通信设备的激光收发模块","253","赞比亚","10","一般贸易","42","湖北省","180","千克","0","?","3,888",
"202507","85177950","光通信设备的激光收发模块","253","赞比亚","10","一般贸易","44","广东省","2","千克","0","?","29,493",
"202507","85177950","光通信设备的激光收发模块","254","津巴布韦","10","一般贸易","44","广东省","10","千克","0","?","36,114",
"202507","85177950","光通信设备的激光收发模块","255","莱索托","10","一般贸易","44","广东省","2","千克","0","?","2,091",
"202507","85177950","光通信设备的激光收发模块","259","马约特","10","一般贸易","44","广东省","2","千克","0","?","965",
"202507","85177950","光通信设备的激光收发模块","301","比利时","10","一般贸易","31","上海市","38","千克","0","?","28,708",
"202507","85177950","光通信设备的激光收发模块","301","比利时","10","一般贸易","32","江苏省","1","千克","0","?","4,750",
"202507","85177950","光通信设备的激光收发模块","301","比利时","10","一般贸易","34","安徽省","639","千克","0","?","82,690",
"202507","85177950","光通信设备的激光收发模块","301","比利时","10","一般贸易","37","山东省","2","千克","0","?","346",
"202507","85177950","光通信设备的激光收发模块","301","比利时","10","一般贸易","42","湖北省","217","千克","0","?","284,030",
"202507","85177950","光通信设备的激光收发模块","301","比利时","10","一般贸易","44","广东省","174","千克","0","?","71,051",
"202507","85177950","光通信设备的激光收发模块","301","比利时","10","一般贸易","51","四川省","34","千克","0","?","62,894",
"202507","85177950","光通信设备的激光收发模块","301","比利时","15","进料加工贸易","32","江苏省","206","千克","0","?","103,539",
"202507","85177950","光通信设备的激光收发模块","301","比利时","15","进料加工贸易","51","四川省","0","千克","0","?","36",
"202507","85177950","光通信设备的激光收发模块","302","丹麦","10","一般贸易","31","上海市","29","千克","0","?","25,585",
"202507","85177950","光通信设备的激光收发模块","302","丹麦","10","一般贸易","32","江苏省","1","千克","0","?","3,676",
"202507","85177950","光通信设备的激光收发模块","302","丹麦","10","一般贸易","34","安徽省","12","千克","0","?","1,871",
"202507","85177950","光通信设备的激光收发模块","302","丹麦","10","一般贸易","42","湖北省","7","千克","0","?","8,800",
"202507","85177950","光通信设备的激光收发模块","302","丹麦","10","一般贸易","44","广东省","211","千克","0","?","101,630",
"202507","85177950","光通信设备的激光收发模块","302","丹麦","10","一般贸易","51","四川省","318","千克","0","?","239,639",
"202507","85177950","光通信设备的激光收发模块","302","丹麦","15","进料加工贸易","32","江苏省","1","千克","0","?","10,367",
"202507","85177950","光通信设备的激光收发模块","302","丹麦","34","海关特殊监管区域物流货物","32","江苏省","0","千克","0","?","492",
"202507","85177950","光通信设备的激光收发模块","303","英国","10","一般贸易","13","河北省","91","千克","0","?","1,938",
"202507","85177950","光通信设备的激光收发模块","303","英国","10","一般贸易","31","上海市","206","千克","0","?","126,703",
"202507","85177950","光通信设备的激光收发模块","303","英国","10","一般贸易","32","江苏省","67","千克","0","?","242,974",
"202507","85177950","光通信设备的激光收发模块","303","英国","10","一般贸易","33","浙江省","14","千克","0","?","9,352",
"202507","85177950","光通信设备的激光收发模块","303","英国","10","一般贸易","35","福建省","23","千克","0","?","7,461",
"202507","85177950","光通信设备的激光收发模块","303","英国","10","一般贸易","37","山东省","2","千克","0","?","179",
"202507","85177950","光通信设备的激光收发模块","303","英国","10","一般贸易","42","湖北省","534","千克","0","?","416,803",
"202507","85177950","光通信设备的激光收发模块","303","英国","10","一般贸易","43","湖南省","152","千克","0","?","3,238",
"202507","85177950","光通信设备的激光收发模块","303","英国","10","一般贸易","44","广东省","4036","千克","0","?","1,928,578",
"202507","85177950","光通信设备的激光收发模块","303","英国","10","一般贸易","51","四川省","45","千克","0","?","32,882",
"202507","85177950","光通信设备的激光收发模块","303","英国","10","一般贸易","61","陕西省","1","千克","0","?","395",
"202507","85177950","光通信设备的激光收发模块","303","英国","15","进料加工贸易","51","四川省","9","千克","0","?","32,091",
"202507","85177950","光通信设备的激光收发模块","303","英国","34","海关特殊监管区域物流货物","32","江苏省","48","千克","0","?","66,137",
"202507","85177950","光通信设备的激光收发模块","303","英国","34","海关特殊监管区域物流货物","35","福建省","22","千克","0","?","8,939",
"202507","85177950","光通信设备的激光收发模块","303","英国","34","海关特殊监管区域物流货物","44","广东省","84","千克","0","?","64,452",
"202507","85177950","光通信设备的激光收发模块","304","德国","10","一般贸易","11","北京市","71","千克","0","?","27,230",
"202507","85177950","光通信设备的激光收发模块","304","德国","10","一般贸易","31","上海市","0","千克","0","?","111",
"202507","85177950","光通信设备的激光收发模块","304","德国","10","一般贸易","32","江苏省","87","千克","0","?","231,215",
"202507","85177950","光通信设备的激光收发模块","304","德国","10","一般贸易","33","浙江省","41","千克","0","?","77,371",
"202507","85177950","光通信设备的激光收发模块","304","德国","10","一般贸易","34","安徽省","4","千克","0","?","62,470",
"202507","85177950","光通信设备的激光收发模块","304","德国","10","一般贸易","42","湖北省","1704","千克","0","?","1,291,341",
"202507","85177950","光通信设备的激光收发模块","304","德国","10","一般贸易","43","湖南省","0","千克","0","?","3,000",
"202507","85177950","光通信设备的激光收发模块","304","德国","10","一般贸易","44","广东省","6094","千克","0","?","2,993,925",
"202507","85177950","光通信设备的激光收发模块","304","德国","10","一般贸易","51","四川省","1395","千克","0","?","673,040",
"202507","85177950","光通信设备的激光收发模块","304","德国","10","一般贸易","52","贵州省","50","千克","0","?","15,301",
"202507","85177950","光通信设备的激光收发模块","304","德国","15","进料加工贸易","32","江苏省","141","千克","0","?","1,066,176",
"202507","85177950","光通信设备的激光收发模块","304","德国","15","进料加工贸易","51","四川省","29","千克","0","?","31,868",
"202507","85177950","光通信设备的激光收发模块","304","德国","34","海关特殊监管区域物流货物","32","江苏省","1","千克","0","?","4,432",
"202507","85177950","光通信设备的激光收发模块","304","德国","34","海关特殊监管区域物流货物","42","湖北省","1640","千克","0","?","2,520,597",
"202507","85177950","光通信设备的激光收发模块","304","德国","34","海关特殊监管区域物流货物","44","广东省","227","千克","0","?","287,074",
"202507","85177950","光通信设备的激光收发模块","305","法国","10","一般贸易","23","黑龙江省","0","千克","0","?","5",
"202507","85177950","光通信设备的激光收发模块","305","法国","10","一般贸易","31","上海市","2","千克","0","?","1,900",
"202507","85177950","光通信设备的激光收发模块","305","法国","10","一般贸易","32","江苏省","12","千克","0","?","30,049",
"202507","85177950","光通信设备的激光收发模块","305","法国","10","一般贸易","33","浙江省","3","千克","0","?","6,261",
"202507","85177950","光通信设备的激光收发模块","305","法国","10","一般贸易","37","山东省","0","千克","0","?","42",
"202507","85177950","光通信设备的激光收发模块","305","法国","10","一般贸易","41","河南省","0","千克","0","?","158",
"202507","85177950","光通信设备的激光收发模块","305","法国","10","一般贸易","42","湖北省","134","千克","0","?","67,846",
"202507","85177950","光通信设备的激光收发模块","305","法国","10","一般贸易","44","广东省","407","千克","0","?","154,387",
"202507","85177950","光通信设备的激光收发模块","305","法国","10","一般贸易","45","广西壮族自治区","2","千克","0","?","8,800",
"202507","85177950","光通信设备的激光收发模块","305","法国","10","一般贸易","51","四川省","721","千克","0","?","369,488",
"202507","85177950","光通信设备的激光收发模块","305","法国","10","一般贸易","52","贵州省","2","千克","0","?","2,562",
"202507","85177950","光通信设备的激光收发模块","305","法国","10","一般贸易","61","陕西省","2","千克","0","?","1,239",
"202507","85177950","光通信设备的激光收发模块","305","法国","15","进料加工贸易","32","江苏省","3","千克","0","?","12,080",
"202507","85177950","光通信设备的激光收发模块","305","法国","15","进料加工贸易","51","四川省","3","千克","0","?","27,625",
"202507","85177950","光通信设备的激光收发模块","306","爱尔兰","10","一般贸易","21","辽宁省","1","千克","0","?","22,090",
"202507","85177950","光通信设备的激光收发模块","306","爱尔兰","10","一般贸易","32","江苏省","1763","千克","0","?","5,633,000",
"202507","85177950","光通信设备的激光收发模块","306","爱尔兰","10","一般贸易","33","浙江省","9","千克","0","?","14,412",
"202507","85177950","光通信设备的激光收发模块","306","爱尔兰","10","一般贸易","35","福建省","38","千克","0","?","9,345",
"202507","85177950","光通信设备的激光收发模块","306","爱尔兰","10","一般贸易","44","广东省","134","千克","0","?","53,667",
"202507","85177950","光通信设备的激光收发模块","306","爱尔兰","10","一般贸易","52","贵州省","7","千克","0","?","4,254",
"202507","85177950","光通信设备的激光收发模块","306","爱尔兰","15","进料加工贸易","32","江苏省","791","千克","0","?","309,621",
"202507","85177950","光通信设备的激光收发模块","306","爱尔兰","15","进料加工贸易","33","浙江省","558","千克","0","?","382,981",
"202507","85177950","光通信设备的激光收发模块","306","爱尔兰","34","海关特殊监管区域物流货物","32","江苏省","0","千克","0","?","190",
"202507","85177950","光通信设备的激光收发模块","307","意大利","10","一般贸易","31","上海市","4","千克","0","?","32,611",
"202507","85177950","光通信设备的激光收发模块","307","意大利","10","一般贸易","32","江苏省","82","千克","0","?","21,792",
"202507","85177950","光通信设备的激光收发模块","307","意大利","10","一般贸易","33","浙江省","58","千克","0","?","26,220",
"202507","85177950","光通信设备的激光收发模块","307","意大利","10","一般贸易","35","福建省","5","千克","0","?","4,033",
"202507","85177950","光通信设备的激光收发模块","307","意大利","10","一般贸易","37","山东省","36","千克","0","?","1,013",
"202507","85177950","光通信设备的激光收发模块","307","意大利","10","一般贸易","44","广东省","192","千克","0","?","76,064",
"202507","85177950","光通信设备的激光收发模块","307","意大利","10","一般贸易","51","四川省","0","千克","0","?","4,000",
"202507","85177950","光通信设备的激光收发模块","307","意大利","10","一般贸易","61","陕西省","0","千克","0","?","115",
"202507","85177950","光通信设备的激光收发模块","307","意大利","15","进料加工贸易","51","四川省","0","千克","0","?","2,356",
"202507","85177950","光通信设备的激光收发模块","307","意大利","34","海关特殊监管区域物流货物","35","福建省","5","千克","0","?","3,655",
"202507","85177950","光通信设备的激光收发模块","308","卢森堡","10","一般贸易","31","上海市","1","千克","0","?","63",
"202507","85177950","光通信设备的激光收发模块","308","卢森堡","10","一般贸易","33","浙江省","0","千克","0","?","462",
"202507","85177950","光通信设备的激光收发模块","308","卢森堡","10","一般贸易","42","湖北省","35","千克","0","?","29,643",
"202507","85177950","光通信设备的激光收发模块","308","卢森堡","10","一般贸易","44","广东省","12","千克","0","?","22,472",
"202507","85177950","光通信设备的激光收发模块","309","荷兰","10","一般贸易","31","上海市","526","千克","0","?","523,813",
"202507","85177950","光通信设备的激光收发模块","309","荷兰","10","一般贸易","32","江苏省","57","千克","0","?","145,814",
"202507","85177950","光通信设备的激光收发模块","309","荷兰","10","一般贸易","33","浙江省","449","千克","0","?","490,823",
"202507","85177950","光通信设备的激光收发模块","309","荷兰","10","一般贸易","42","湖北省","3212","千克","0","?","2,317,571",
"202507","85177950","光通信设备的激光收发模块","309","荷兰","10","一般贸易","44","广东省","3588","千克","0","?","1,817,409",
"202507","85177950","光通信设备的激光收发模块","309","荷兰","10","一般贸易","51","四川省","803","千克","0","?","975,588",
"202507","85177950","光通信设备的激光收发模块","309","荷兰","10","一般贸易","61","陕西省","3","千克","0","?","2,360",
"202507","85177950","光通信设备的激光收发模块","309","荷兰","15","进料加工贸易","32","江苏省","184","千克","0","?","188,748",
"202507","85177950","光通信设备的激光收发模块","309","荷兰","15","进料加工贸易","51","四川省","131","千克","0","?","201,852",
"202507","85177950","光通信设备的激光收发模块","309","荷兰","34","海关特殊监管区域物流货物","32","江苏省","108","千克","0","?","92,696",
"202507","85177950","光通信设备的激光收发模块","310","希腊","10","一般贸易","32","江苏省","1","千克","0","?","380",
"202507","85177950","光通信设备的激光收发模块","310","希腊","10","一般贸易","37","山东省","0","千克","0","?","4",
"202507","85177950","光通信设备的激光收发模块","310","希腊","10","一般贸易","44","广东省","32","千克","0","?","4,444",
"202507","85177950","光通信设备的激光收发模块","311","葡萄牙","10","一般贸易","33","浙江省","7","千克","0","?","4,239",
"202507","85177950","光通信设备的激光收发模块","311","葡萄牙","10","一般贸易","42","湖北省","1","千克","0","?","3,161",
"202507","85177950","光通信设备的激光收发模块","311","葡萄牙","10","一般贸易","44","广东省","9","千克","0","?","20,233",
"202507","85177950","光通信设备的激光收发模块","311","葡萄牙","33","保税监管场所进出境货物","44","广东省","0","千克","0","?","198",
"202507","85177950","光通信设备的激光收发模块","312","西班牙","10","一般贸易","31","上海市","3","千克","0","?","991",
"202507","85177950","光通信设备的激光收发模块","312","西班牙","10","一般贸易","33","浙江省","26","千克","0","?","27,163",
"202507","85177950","光通信设备的激光收发模块","312","西班牙","10","一般贸易","35","福建省","4","千克","0","?","6,039",
"202507","85177950","光通信设备的激光收发模块","312","西班牙","10","一般贸易","42","湖北省","3","千克","0","?","850",
"202507","85177950","光通信设备的激光收发模块","312","西班牙","10","一般贸易","43","湖南省","122","千克","0","?","2,660",
"202507","85177950","光通信设备的激光收发模块","312","西班牙","10","一般贸易","44","广东省","214","千克","0","?","69,460",
"202507","85177950","光通信设备的激光收发模块","312","西班牙","10","一般贸易","61","陕西省","3","千克","0","?","2,132",
"202507","85177950","光通信设备的激光收发模块","312","西班牙","33","保税监管场所进出境货物","44","广东省","42","千克","0","?","16,015",
"202507","85177950","光通信设备的激光收发模块","313","阿尔巴尼亚","10","一般贸易","11","北京市","4","千克","0","?","4,460",
"202507","85177950","光通信设备的激光收发模块","313","阿尔巴尼亚","10","一般贸易","44","广东省","20","千克","0","?","3,940",
"202507","85177950","光通信设备的激光收发模块","313","阿尔巴尼亚","34","海关特殊监管区域物流货物","35","福建省","0","千克","0","?","3,739",
"202507","85177950","光通信设备的激光收发模块","315","奥地利","10","一般贸易","31","上海市","2","千克","0","?","1,768",
"202507","85177950","光通信设备的激光收发模块","315","奥地利","10","一般贸易","33","浙江省","1","千克","0","?","722",
"202507","85177950","光通信设备的激光收发模块","315","奥地利","10","一般贸易","35","福建省","2","千克","0","?","2,247",
"202507","85177950","光通信设备的激光收发模块","315","奥地利","10","一般贸易","44","广东省","103","千克","0","?","54,420",
"202507","85177950","光通信设备的激光收发模块","316","保加利亚","10","一般贸易","31","上海市","60","千克","0","?","20,697",
"202507","85177950","光通信设备的激光收发模块","316","保加利亚","10","一般贸易","33","浙江省","4","千克","0","?","3,713",
"202507","85177950","光通信设备的激光收发模块","316","保加利亚","10","一般贸易","35","福建省","0","千克","0","?","806",
"202507","85177950","光通信设备的激光收发模块","316","保加利亚","10","一般贸易","44","广东省","12","千克","0","?","17,377",
"202507","85177950","光通信设备的激光收发模块","316","保加利亚","10","一般贸易","51","四川省","78","千克","0","?","16,476",
"202507","85177950","光通信设备的激光收发模块","316","保加利亚","33","保税监管场所进出境货物","44","广东省","1","千克","0","?","1,170",
"202507","85177950","光通信设备的激光收发模块","318","芬兰","10","一般贸易","11","北京市","2","千克","0","?","662",
"202507","85177950","光通信设备的激光收发模块","318","芬兰","10","一般贸易","33","浙江省","9","千克","0","?","8,110",
"202507","85177950","光通信设备的激光收发模块","318","芬兰","10","一般贸易","42","湖北省","40","千克","0","?","76,487",
"202507","85177950","光通信设备的激光收发模块","318","芬兰","10","一般贸易","44","广东省","211","千克","0","?","81,939",
"202507","85177950","光通信设备的激光收发模块","318","芬兰","10","一般贸易","51","四川省","0","千克","0","?","995",
"202507","85177950","光通信设备的激光收发模块","318","芬兰","15","进料加工贸易","33","浙江省","12","千克","0","?","12,006",
"202507","85177950","光通信设备的激光收发模块","318","芬兰","15","进料加工贸易","51","四川省","0","千克","0","?","75",
"202507","85177950","光通信设备的激光收发模块","318","芬兰","34","海关特殊监管区域物流货物","32","江苏省","55","千克","0","?","22,007",
"202507","85177950","光通信设备的激光收发模块","321","匈牙利","10","一般贸易","11","北京市","26","千克","0","?","9,282",
"202507","85177950","光通信设备的激光收发模块","321","匈牙利","10","一般贸易","32","江苏省","0","千克","0","?","6",
"202507","85177950","光通信设备的激光收发模块","321","匈牙利","10","一般贸易","33","浙江省","4","千克","0","?","1,415",
"202507","85177950","光通信设备的激光收发模块","321","匈牙利","10","一般贸易","37","山东省","2","千克","0","?","120",
"202507","85177950","光通信设备的激光收发模块","321","匈牙利","10","一般贸易","44","广东省","2635","千克","0","?","2,439,313",
"202507","85177950","光通信设备的激光收发模块","321","匈牙利","10","一般贸易","50","重庆市","0","千克","0","?","3,218",
"202507","85177950","光通信设备的激光收发模块","321","匈牙利","10","一般贸易","51","四川省","1","千克","0","?","2,664",
"202507","85177950","光通信设备的激光收发模块","321","匈牙利","33","保税监管场所进出境货物","44","广东省","5","千克","0","?","86,236",
"202507","85177950","光通信设备的激光收发模块","322","冰岛","10","一般贸易","44","广东省","8","千克","0","?","3,703",
"202507","85177950","光通信设备的激光收发模块","323","列支敦士登","10","一般贸易","44","广东省","1","千克","0","?","734",
"202507","85177950","光通信设备的激光收发模块","326","挪威","10","一般贸易","31","上海市","3","千克","0","?","7,249",
"202507","85177950","光通信设备的激光收发模块","326","挪威","10","一般贸易","32","江苏省","129","千克","0","?","145,594",
"202507","85177950","光通信设备的激光收发模块","326","挪威","10","一般贸易","33","浙江省","148","千克","0","?","28,489",
"202507","85177950","光通信设备的激光收发模块","326","挪威","10","一般贸易","42","湖北省","925","千克","0","?","2,497,260",
"202507","85177950","光通信设备的激光收发模块","326","挪威","10","一般贸易","44","广东省","423","千克","0","?","126,891",
"202507","85177950","光通信设备的激光收发模块","326","挪威","10","一般贸易","51","四川省","132","千克","0","?","358,652",
"202507","85177950","光通信设备的激光收发模块","327","波兰","10","一般贸易","31","上海市","90","千克","0","?","204,138",
"202507","85177950","光通信设备的激光收发模块","327","波兰","10","一般贸易","33","浙江省","14","千克","0","?","8,475",
"202507","85177950","光通信设备的激光收发模块","327","波兰","10","一般贸易","37","山东省","140","千克","0","?","3,024",
"202507","85177950","光通信设备的激光收发模块","327","波兰","10","一般贸易","42","湖北省","358","千克","0","?","145,342",
"202507","85177950","光通信设备的激光收发模块","327","波兰","10","一般贸易","44","广东省","666","千克","0","?","190,970",
"202507","85177950","光通信设备的激光收发模块","327","波兰","10","一般贸易","51","四川省","93","千克","0","?","96,380",
"202507","85177950","光通信设备的激光收发模块","327","波兰","15","进料加工贸易","32","江苏省","0","千克","0","?","14,177",
"202507","85177950","光通信设备的激光收发模块","327","波兰","33","保税监管场所进出境货物","44","广东省","1","千克","0","?","573",
"202507","85177950","光通信设备的激光收发模块","327","波兰","34","海关特殊监管区域物流货物","32","江苏省","6","千克","0","?","2,963",
"202507","85177950","光通信设备的激光收发模块","328","罗马尼亚","10","一般贸易","33","浙江省","14","千克","0","?","4,680",
"202507","85177950","光通信设备的激光收发模块","328","罗马尼亚","10","一般贸易","37","山东省","0","千克","0","?","5",
"202507","85177950","光通信设备的激光收发模块","328","罗马尼亚","10","一般贸易","41","河南省","64","千克","0","?","83,410",
"202507","85177950","光通信设备的激光收发模块","328","罗马尼亚","10","一般贸易","42","湖北省","1","千克","0","?","1,641",
"202507","85177950","光通信设备的激光收发模块","328","罗马尼亚","10","一般贸易","44","广东省","48","千克","0","?","24,895",
"202507","85177950","光通信设备的激光收发模块","328","罗马尼亚","10","一般贸易","51","四川省","2","千克","0","?","7,233",
"202507","85177950","光通信设备的激光收发模块","328","罗马尼亚","15","进料加工贸易","32","江苏省","6","千克","0","?","30,860",
"202507","85177950","光通信设备的激光收发模块","328","罗马尼亚","15","进料加工贸易","44","广东省","0","千克","0","?","151,440",
"202507","85177950","光通信设备的激光收发模块","328","罗马尼亚","33","保税监管场所进出境货物","44","广东省","3","千克","0","?","60",
"202507","85177950","光通信设备的激光收发模块","330","瑞典","10","一般贸易","31","上海市","6","千克","0","?","3,298",
"202507","85177950","光通信设备的激光收发模块","330","瑞典","10","一般贸易","32","江苏省","2","千克","0","?","7,270",
"202507","85177950","光通信设备的激光收发模块","330","瑞典","10","一般贸易","33","浙江省","21","千克","0","?","3,644",
"202507","85177950","光通信设备的激光收发模块","330","瑞典","10","一般贸易","42","湖北省","1578","千克","0","?","518,843",
"202507","85177950","光通信设备的激光收发模块","330","瑞典","10","一般贸易","43","湖南省","1","千克","0","?","1,767",
"202507","85177950","光通信设备的激光收发模块","330","瑞典","10","一般贸易","44","广东省","268","千克","0","?","84,273",
"202507","85177950","光通信设备的激光收发模块","330","瑞典","10","一般贸易","51","四川省","1124","千克","0","?","324,351",
"202507","85177950","光通信设备的激光收发模块","330","瑞典","15","进料加工贸易","32","江苏省","6","千克","0","?","83,129",
"202507","85177950","光通信设备的激光收发模块","330","瑞典","15","进料加工贸易","51","四川省","428","千克","0","?","114,337",
"202507","85177950","光通信设备的激光收发模块","330","瑞典","34","海关特殊监管区域物流货物","32","江苏省","0","千克","0","?","1,433",
"202507","85177950","光通信设备的激光收发模块","331","瑞士","10","一般贸易","21","辽宁省","69","千克","0","?","152,713",
"202507","85177950","光通信设备的激光收发模块","331","瑞士","10","一般贸易","37","山东省","8","千克","0","?","151",
"202507","85177950","光通信设备的激光收发模块","331","瑞士","10","一般贸易","42","湖北省","425","千克","0","?","318,461",
"202507","85177950","光通信设备的激光收发模块","331","瑞士","10","一般贸易","43","湖南省","3","千克","0","?","4,063",
"202507","85177950","光通信设备的激光收发模块","331","瑞士","10","一般贸易","44","广东省","70","千克","0","?","124,678",
"202507","85177950","光通信设备的激光收发模块","334","爱沙尼亚","10","一般贸易","44","广东省","1","千克","0","?","1,704",
"202507","85177950","光通信设备的激光收发模块","334","爱沙尼亚","15","进料加工贸易","51","四川省","1","千克","0","?","5,500",
"202507","85177950","光通信设备的激光收发模块","335","拉脱维亚","10","一般贸易","44","广东省","831","千克","0","?","289,554",
"202507","85177950","光通信设备的激光收发模块","335","拉脱维亚","10","一般贸易","45","广西壮族自治区","105","千克","0","?","87,438",
"202507","85177950","光通信设备的激光收发模块","335","拉脱维亚","10","一般贸易","51","四川省","6","千克","0","?","2,473",
"202507","85177950","光通信设备的激光收发模块","336","立陶宛","10","一般贸易","44","广东省","179","千克","0","?","15,663",
"202507","85177950","光通信设备的激光收发模块","340","白俄罗斯","10","一般贸易","23","黑龙江省","0","千克","0","?","615",
"202507","85177950","光通信设备的激光收发模块","340","白俄罗斯","10","一般贸易","33","浙江省","9","千克","0","?","1,420",
"202507","85177950","光通信设备的激光收发模块","340","白俄罗斯","10","一般贸易","35","福建省","0","千克","0","?","1,764",
"202507","85177950","光通信设备的激光收发模块","340","白俄罗斯","10","一般贸易","42","湖北省","17","千克","0","?","8,756",
"202507","85177950","光通信设备的激光收发模块","340","白俄罗斯","10","一般贸易","44","广东省","19","千克","0","?","685",
"202507","85177950","光通信设备的激光收发模块","343","摩尔多瓦","10","一般贸易","34","安徽省","9","千克","0","?","3,290",
"202507","85177950","光通信设备的激光收发模块","343","摩尔多瓦","10","一般贸易","44","广东省","7","千克","0","?","1,668",
"202507","85177950","光通信设备的激光收发模块","343","摩尔多瓦","15","进料加工贸易","51","四川省","0","千克","0","?","2,814",
"202507","85177950","光通信设备的激光收发模块","344","俄罗斯","10","一般贸易","11","北京市","72","千克","0","?","42,372",
"202507","85177950","光通信设备的激光收发模块","344","俄罗斯","10","一般贸易","21","辽宁省","27","千克","0","?","12,622",
"202507","85177950","光通信设备的激光收发模块","344","俄罗斯","10","一般贸易","23","黑龙江省","0","千克","0","?","15",
"202507","85177950","光通信设备的激光收发模块","344","俄罗斯","10","一般贸易","31","上海市","968","千克","0","?","511,674",
"202507","85177950","光通信设备的激光收发模块","344","俄罗斯","10","一般贸易","32","江苏省","1079","千克","0","?","616,051",
"202507","85177950","光通信设备的激光收发模块","344","俄罗斯","10","一般贸易","33","浙江省","57","千克","0","?","35,215",
"202507","85177950","光通信设备的激光收发模块","344","俄罗斯","10","一般贸易","34","安徽省","439","千克","0","?","178,798",
"202507","85177950","光通信设备的激光收发模块","344","俄罗斯","10","一般贸易","35","福建省","4","千克","0","?","2,961",
"202507","85177950","光通信设备的激光收发模块","344","俄罗斯","10","一般贸易","37","山东省","238","千克","0","?","93,219",
"202507","85177950","光通信设备的激光收发模块","344","俄罗斯","10","一般贸易","41","河南省","35","千克","0","?","9,781",
"202507","85177950","光通信设备的激光收发模块","344","俄罗斯","10","一般贸易","42","湖北省","961","千克","0","?","662,154",
"202507","85177950","光通信设备的激光收发模块","344","俄罗斯","10","一般贸易","44","广东省","6314","千克","0","?","1,953,326",
"202507","85177950","光通信设备的激光收发模块","344","俄罗斯","10","一般贸易","61","陕西省","0","千克","0","?","1,456",
"202507","85177950","光通信设备的激光收发模块","344","俄罗斯","33","保税监管场所进出境货物","11","北京市","129","千克","0","?","187,606",
"202507","85177950","光通信设备的激光收发模块","344","俄罗斯","34","海关特殊监管区域物流货物","23","黑龙江省","1006","千克","0","?","270,822",
"202507","85177950","光通信设备的激光收发模块","344","俄罗斯","34","海关特殊监管区域物流货物","42","湖北省","229","千克","0","?","70,181",
"202507","85177950","光通信设备的激光收发模块","344","俄罗斯","34","海关特殊监管区域物流货物","44","广东省","143","千克","0","?","46,685",
"202507","85177950","光通信设备的激光收发模块","347","乌克兰","10","一般贸易","31","上海市","10","千克","0","?","6,830",
"202507","85177950","光通信设备的激光收发模块","347","乌克兰","10","一般贸易","35","福建省","0","千克","0","?","194",
"202507","85177950","光通信设备的激光收发模块","347","乌克兰","10","一般贸易","42","湖北省","30","千克","0","?","10,400",
"202507","85177950","光通信设备的激光收发模块","347","乌克兰","10","一般贸易","44","广东省","236","千克","0","?","168,496",
"202507","85177950","光通信设备的激光收发模块","350","斯洛文尼亚","10","一般贸易","31","上海市","37","千克","0","?","33,317",
"202507","85177950","光通信设备的激光收发模块","350","斯洛文尼亚","10","一般贸易","44","广东省","38","千克","0","?","34,981",
"202507","85177950","光通信设备的激光收发模块","350","斯洛文尼亚","33","保税监管场所进出境货物","44","广东省","5","千克","0","?","2,186",
"202507","85177950","光通信设备的激光收发模块","351","克罗地亚","10","一般贸易","32","江苏省","1","千克","0","?","427",
"202507","85177950","光通信设备的激光收发模块","351","克罗地亚","10","一般贸易","33","浙江省","0","千克","0","?","96",
"202507","85177950","光通信设备的激光收发模块","351","克罗地亚","10","一般贸易","44","广东省","0","千克","0","?","160",
"202507","85177950","光通信设备的激光收发模块","352","捷克","10","一般贸易","31","上海市","11","千克","0","?","4,320",
"202507","85177950","光通信设备的激光收发模块","352","捷克","10","一般贸易","32","江苏省","9","千克","0","?","6,750",
"202507","85177950","光通信设备的激光收发模块","352","捷克","10","一般贸易","33","浙江省","0","千克","0","?","458",
"202507","85177950","光通信设备的激光收发模块","352","捷克","10","一般贸易","35","福建省","75","千克","0","?","4,107",
"202507","85177950","光通信设备的激光收发模块","352","捷克","10","一般贸易","42","湖北省","31","千克","0","?","26,573",
"202507","85177950","光通信设备的激光收发模块","352","捷克","10","一般贸易","44","广东省","676","千克","0","?","113,418",
"202507","85177950","光通信设备的激光收发模块","352","捷克","15","进料加工贸易","32","江苏省","415","千克","0","?","198,184",
"202507","85177950","光通信设备的激光收发模块","353","斯洛伐克","10","一般贸易","42","湖北省","1","千克","0","?","13,050",
"202507","85177950","光通信设备的激光收发模块","353","斯洛伐克","10","一般贸易","51","四川省","22","千克","0","?","37,448",
"202507","85177950","光通信设备的激光收发模块","355","波斯尼亚和黑塞哥维那","10","一般贸易","44","广东省","6","千克","0","?","2,801",
"202507","85177950","光通信设备的激光收发模块","358","塞尔维亚","10","一般贸易","33","浙江省","1","千克","0","?","1,456",
"202507","85177950","光通信设备的激光收发模块","358","塞尔维亚","10","一般贸易","44","广东省","4","千克","0","?","636",
"202507","85177950","光通信设备的激光收发模块","358","塞尔维亚","33","保税监管场所进出境货物","44","广东省","58","千克","0","?","5,954",
"202507","85177950","光通信设备的激光收发模块","359","黑山","10","一般贸易","33","浙江省","0","千克","0","?","56",
"202507","85177950","光通信设备的激光收发模块","402","阿根廷","10","一般贸易","33","浙江省","1","千克","0","?","415",
"202507","85177950","光通信设备的激光收发模块","402","阿根廷","10","一般贸易","44","广东省","234","千克","0","?","150,501",
"202507","85177950","光通信设备的激光收发模块","402","阿根廷","34","海关特殊监管区域物流货物","32","江苏省","2","千克","0","?","543",
"202507","85177950","光通信设备的激光收发模块","406","伯利兹","10","一般贸易","44","广东省","0","千克","0","?","105",
"202507","85177950","光通信设备的激光收发模块","408","玻利维亚
","10","一般贸易","35","福建省","1","千克","0","?","915",
"202507","85177950","光通信设备的激光收发模块","408","玻利维亚
","10","一般贸易","44","广东省","17","千克","0","?","3,149",
"202507","85177950","光通信设备的激光收发模块","410","巴西","10","一般贸易","31","上海市","6","千克","0","?","11,650",
"202507","85177950","光通信设备的激光收发模块","410","巴西","10","一般贸易","32","江苏省","55","千克","0","?","105,591",
"202507","85177950","光通信设备的激光收发模块","410","巴西","10","一般贸易","33","浙江省","42","千克","0","?","37,900",
"202507","85177950","光通信设备的激光收发模块","410","巴西","10","一般贸易","35","福建省","0","千克","0","?","294",
"202507","85177950","光通信设备的激光收发模块","410","巴西","10","一般贸易","36","江西省","0","千克","0","?","49",
"202507","85177950","光通信设备的激光收发模块","410","巴西","10","一般贸易","41","河南省","1","千克","0","?","1,419",
"202507","85177950","光通信设备的激光收发模块","410","巴西","10","一般贸易","42","湖北省","363","千克","0","?","350,770",
"202507","85177950","光通信设备的激光收发模块","410","巴西","10","一般贸易","44","广东省","4177","千克","0","?","1,159,390",
"202507","85177950","光通信设备的激光收发模块","410","巴西","10","一般贸易","51","四川省","92","千克","0","?","28,485",
"202507","85177950","光通信设备的激光收发模块","410","巴西","10","一般贸易","52","贵州省","144","千克","0","?","55,308",
"202507","85177950","光通信设备的激光收发模块","410","巴西","15","进料加工贸易","44","广东省","0","千克","0","?","71",
"202507","85177950","光通信设备的激光收发模块","410","巴西","15","进料加工贸易","51","四川省","105","千克","0","?","153,480",
"202507","85177950","光通信设备的激光收发模块","410","巴西","33","保税监管场所进出境货物","44","广东省","187","千克","0","?","26,513",
"202507","85177950","光通信设备的激光收发模块","410","巴西","34","海关特殊监管区域物流货物","32","江苏省","727","千克","0","?","135,088",
"202507","85177950","光通信设备的激光收发模块","412","智利","10","一般贸易","32","江苏省","0","千克","0","?","631",
"202507","85177950","光通信设备的激光收发模块","412","智利","10","一般贸易","33","浙江省","9","千克","0","?","10,267",
"202507","85177950","光通信设备的激光收发模块","412","智利","10","一般贸易","42","湖北省","93","千克","0","?","402,139",
"202507","85177950","光通信设备的激光收发模块","412","智利","10","一般贸易","44","广东省","92","千克","0","?","53,539",
"202507","85177950","光通信设备的激光收发模块","412","智利","10","一般贸易","52","贵州省","2","千克","0","?","1,479",
"202507","85177950","光通信设备的激光收发模块","412","智利","34","海关特殊监管区域物流货物","32","江苏省","0","千克","0","?","48",
"202507","85177950","光通信设备的激光收发模块","413","哥伦比亚","10","一般贸易","33","浙江省","3","千克","0","?","8,295",
"202507","85177950","光通信设备的激光收发模块","413","哥伦比亚","10","一般贸易","35","福建省","10","千克","0","?","5,788",
"202507","85177950","光通信设备的激光收发模块","413","哥伦比亚","10","一般贸易","36","江西省","0","千克","0","?","41",
"202507","85177950","光通信设备的激光收发模块","413","哥伦比亚","10","一般贸易","37","山东省","20","千克","0","?","92",
"202507","85177950","光通信设备的激光收发模块","413","哥伦比亚","10","一般贸易","42","湖北省","7","千克","0","?","3,290",
"202507","85177950","光通信设备的激光收发模块","413","哥伦比亚","10","一般贸易","43","湖南省","1","千克","0","?","406",
"202507","85177950","光通信设备的激光收发模块","413","哥伦比亚","10","一般贸易","44","广东省","109","千克","0","?","70,999",
"202507","85177950","光通信设备的激光收发模块","413","哥伦比亚","10","一般贸易","61","陕西省","2","千克","0","?","690",
"202507","85177950","光通信设备的激光收发模块","413","哥伦比亚","33","保税监管场所进出境货物","44","广东省","0","千克","0","?","167",
"202507","85177950","光通信设备的激光收发模块","413","哥伦比亚","34","海关特殊监管区域物流货物","32","江苏省","2","千克","0","?","1,220",
"202507","85177950","光通信设备的激光收发模块","413","哥伦比亚","39","其他","33","浙江省","1","千克","0","?","7",
"202507","85177950","光通信设备的激光收发模块","415","哥斯达黎加","10","一般贸易","44","广东省","2","千克","0","?","7,197",
"202507","85177950","光通信设备的激光收发模块","418","多米尼加
","10","一般贸易","31","上海市","6","千克","0","?","900",
"202507","85177950","光通信设备的激光收发模块","418","多米尼加
","10","一般贸易","35","福建省","316","千克","0","?","15,257",
"202507","85177950","光通信设备的激光收发模块","418","多米尼加
","10","一般贸易","37","山东省","19","千克","0","?","701",
"202507","85177950","光通信设备的激光收发模块","418","多米尼加
","10","一般贸易","44","广东省","64","千克","0","?","41,714",
"202507","85177950","光通信设备的激光收发模块","419","厄瓜多尔","10","一般贸易","31","上海市","1","千克","0","?","154",
"202507","85177950","光通信设备的激光收发模块","419","厄瓜多尔","10","一般贸易","32","江苏省","0","千克","0","?","54",
"202507","85177950","光通信设备的激光收发模块","419","厄瓜多尔","10","一般贸易","35","福建省","3","千克","0","?","4,148",
"202507","85177950","光通信设备的激光收发模块","419","厄瓜多尔","10","一般贸易","44","广东省","41","千克","0","?","24,613",
"202507","85177950","光通信设备的激光收发模块","419","厄瓜多尔","34","海关特殊监管区域物流货物","32","江苏省","22","千克","0","?","4,317",
"202507","85177950","光通信设备的激光收发模块","421","格林纳达","10","一般贸易","44","广东省","0","千克","0","?","1,149",
"202507","85177950","光通信设备的激光收发模块","423","危地马拉","10","一般贸易","35","福建省","0","千克","0","?","291",
"202507","85177950","光通信设备的激光收发模块","423","危地马拉","10","一般贸易","44","广东省","58","千克","0","?","28,041",
"202507","85177950","光通信设备的激光收发模块","424","圭亚那","10","一般贸易","44","广东省","0","千克","0","?","138",
"202507","85177950","光通信设备的激光收发模块","426","洪都拉斯","10","一般贸易","44","广东省","24","千克","0","?","5,798",
"202507","85177950","光通信设备的激光收发模块","429","墨西哥","10","一般贸易","31","上海市","143","千克","0","?","205,774",
"202507","85177950","光通信设备的激光收发模块","429","墨西哥","10","一般贸易","32","江苏省","143","千克","0","?","1,270,683",
"202507","85177950","光通信设备的激光收发模块","429","墨西哥","10","一般贸易","33","浙江省","6","千克","0","?","2,504",
"202507","85177950","光通信设备的激光收发模块","429","墨西哥","10","一般贸易","35","福建省","6","千克","0","?","6,057",
"202507","85177950","光通信设备的激光收发模块","429","墨西哥","10","一般贸易","37","山东省","0","千克","0","?","28",
"202507","85177950","光通信设备的激光收发模块","429","墨西哥","10","一般贸易","41","河南省","0","千克","0","?","60",
"202507","85177950","光通信设备的激光收发模块","429","墨西哥","10","一般贸易","42","湖北省","3269","千克","0","?","3,119,467",
"202507","85177950","光通信设备的激光收发模块","429","墨西哥","10","一般贸易","43","湖南省","27","千克","0","?","14,160",
"202507","85177950","光通信设备的激光收发模块","429","墨西哥","10","一般贸易","44","广东省","1305","千克","0","?","5,580,006",
"202507","85177950","光通信设备的激光收发模块","429","墨西哥","10","一般贸易","51","四川省","463","千克","0","?","1,370,200",
"202507","85177950","光通信设备的激光收发模块","429","墨西哥","10","一般贸易","61","陕西省","4","千克","0","?","3,450",
"202507","85177950","光通信设备的激光收发模块","429","墨西哥","15","进料加工贸易","32","江苏省","376","千克","0","?","547,339",
"202507","85177950","光通信设备的激光收发模块","429","墨西哥","15","进料加工贸易","51","四川省","835","千克","0","?","1,136,612",
"202507","85177950","光通信设备的激光收发模块","429","墨西哥","33","保税监管场所进出境货物","44","广东省","20","千克","0","?","133,521",
"202507","85177950","光通信设备的激光收发模块","429","墨西哥","34","海关特殊监管区域物流货物","32","江苏省","2","千克","0","?","714",
"202507","85177950","光通信设备的激光收发模块","431","尼加拉瓜","10","一般贸易","44","广东省","26","千克","0","?","9,091",
"202507","85177950","光通信设备的激光收发模块","432","巴拿马","10","一般贸易","31","上海市","0","千克","0","?","129",
"202507","85177950","光通信设备的激光收发模块","432","巴拿马","10","一般贸易","44","广东省","291","千克","0","?","171,425",
"202507","85177950","光通信设备的激光收发模块","432","巴拿马","33","保税监管场所进出境货物","44","广东省","2","千克","0","?","516",
"202507","85177950","光通信设备的激光收发模块","432","巴拿马","34","海关特殊监管区域物流货物","32","江苏省","11","千克","0","?","4,894",
"202507","85177950","光通信设备的激光收发模块","433","巴拉圭","10","一般贸易","37","山东省","11","千克","0","?","9",
"202507","85177950","光通信设备的激光收发模块","433","巴拉圭","10","一般贸易","44","广东省","89","千克","0","?","161,191",
"202507","85177950","光通信设备的激光收发模块","434","秘鲁","10","一般贸易","32","江苏省","7","千克","0","?","960",
"202507","85177950","光通信设备的激光收发模块","434","秘鲁","10","一般贸易","35","福建省","1","千克","0","?","1,594",
"202507","85177950","光通信设备的激光收发模块","434","秘鲁","10","一般贸易","42","湖北省","0","千克","0","?","3,860",
"202507","85177950","光通信设备的激光收发模块","434","秘鲁","10","一般贸易","44","广东省","94","千克","0","?","39,023",
"202507","85177950","光通信设备的激光收发模块","434","秘鲁","10","一般贸易","52","贵州省","1","千克","0","?","415",
"202507","85177950","光通信设备的激光收发模块","434","秘鲁","33","保税监管场所进出境货物","44","广东省","5","千克","0","?","2,295",
"202507","85177950","光通信设备的激光收发模块","434","秘鲁","34","海关特殊监管区域物流货物","32","江苏省","0","千克","0","?","778",
"202507","85177950","光通信设备的激光收发模块","435","波多黎各","34","海关特殊监管区域物流货物","32","江苏省","1","千克","0","?","755",
"202507","85177950","光通信设备的激光收发模块","440","萨尔瓦多","10","一般贸易","31","上海市","4","千克","0","?","51",
"202507","85177950","光通信设备的激光收发模块","440","萨尔瓦多","10","一般贸易","37","山东省","0","千克","0","?","75",
"202507","85177950","光通信设备的激光收发模块","440","萨尔瓦多","10","一般贸易","44","广东省","0","千克","0","?","1,500",
"202507","85177950","光通信设备的激光收发模块","442","特立尼达和多巴哥","10","一般贸易","44","广东省","0","千克","0","?","626",
"202507","85177950","光通信设备的激光收发模块","444","乌拉圭","10","一般贸易","33","浙江省","6","千克","0","?","2,239",
"202507","85177950","光通信设备的激光收发模块","444","乌拉圭","10","一般贸易","44","广东省","52","千克","0","?","50,006",
"202507","85177950","光通信设备的激光收发模块","444","乌拉圭","15","进料加工贸易","44","广东省","0","千克","0","?","2,428",
"202507","85177950","光通信设备的激光收发模块","444","乌拉圭","33","保税监管场所进出境货物","44","广东省","2","千克","0","?","536",
"202507","85177950","光通信设备的激光收发模块","445","委内瑞拉","10","一般贸易","12","天津市","4","千克","0","?","10",
"202507","85177950","光通信设备的激光收发模块","445","委内瑞拉","10","一般贸易","33","浙江省","48","千克","0","?","681",
"202507","85177950","光通信设备的激光收发模块","445","委内瑞拉","10","一般贸易","35","福建省","7","千克","0","?","5,426",
"202507","85177950","光通信设备的激光收发模块","445","委内瑞拉","10","一般贸易","44","广东省","180","千克","0","?","184,622",
"202507","85177950","光通信设备的激光收发模块","446","英属维尔京群岛","10","一般贸易","44","广东省","3","千克","0","?","544",
"202507","85177950","光通信设备的激光收发模块","501","加拿大","10","一般贸易","11","北京市","8","千克","0","?","1,976",
"202507","85177950","光通信设备的激光收发模块","501","加拿大","10","一般贸易","31","上海市","71","千克","0","?","83,144",
"202507","85177950","光通信设备的激光收发模块","501","加拿大","10","一般贸易","32","江苏省","1","千克","0","?","13,340",
"202507","85177950","光通信设备的激光收发模块","501","加拿大","10","一般贸易","33","浙江省","1","千克","0","?","4,124",
"202507","85177950","光通信设备的激光收发模块","501","加拿大","10","一般贸易","35","福建省","17","千克","0","?","8,667",
"202507","85177950","光通信设备的激光收发模块","501","加拿大","10","一般贸易","37","山东省","0","千克","0","?","13",
"202507","85177950","光通信设备的激光收发模块","501","加拿大","10","一般贸易","42","湖北省","313","千克","0","?","468,406",
"202507","85177950","光通信设备的激光收发模块","501","加拿大","10","一般贸易","43","湖南省","20","千克","0","?","16,643",
"202507","85177950","光通信设备的激光收发模块","501","加拿大","10","一般贸易","44","广东省","454","千克","0","?","594,954",
"202507","85177950","光通信设备的激光收发模块","501","加拿大","10","一般贸易","51","四川省","19","千克","0","?","35,086",
"202507","85177950","光通信设备的激光收发模块","501","加拿大","15","进料加工贸易","32","江苏省","0","千克","0","?","12,736",
"202507","85177950","光通信设备的激光收发模块","501","加拿大","15","进料加工贸易","51","四川省","4","千克","0","?","11,438",
"202507","85177950","光通信设备的激光收发模块","501","加拿大","34","海关特殊监管区域物流货物","32","江苏省","1693","千克","0","?","370,394",
"202507","85177950","光通信设备的激光收发模块","501","加拿大","39","其他","33","浙江省","7","千克","0","?","4,743",
"202507","85177950","光通信设备的激光收发模块","502","美国","10","一般贸易","11","北京市","3","千克","0","?","4,578",
"202507","85177950","光通信设备的激光收发模块","502","美国","10","一般贸易","31","上海市","511","千克","0","?","1,426,520",
"202507","85177950","光通信设备的激光收发模块","502","美国","10","一般贸易","32","江苏省","2935","千克","0","?","5,124,683",
"202507","85177950","光通信设备的激光收发模块","502","美国","10","一般贸易","33","浙江省","42","千克","0","?","133,763",
"202507","85177950","光通信设备的激光收发模块","502","美国","10","一般贸易","35","福建省","0","千克","0","?","549",
"202507","85177950","光通信设备的激光收发模块","502","美国","10","一般贸易","37","山东省","420","千克","0","?","84,275",
"202507","85177950","光通信设备的激光收发模块","502","美国","10","一般贸易","42","湖北省","3230","千克","0","?","4,183,352",
"202507","85177950","光通信设备的激光收发模块","502","美国","10","一般贸易","44","广东省","13000","千克","0","?","10,954,317",
"202507","85177950","光通信设备的激光收发模块","502","美国","10","一般贸易","45","广西壮族自治区","1","千克","0","?","2,040",
"202507","85177950","光通信设备的激光收发模块","502","美国","10","一般贸易","51","四川省","2069","千克","0","?","6,738,835",
"202507","85177950","光通信设备的激光收发模块","502","美国","10","一般贸易","65","新疆维吾尔自治区","20","千克","0","?","24",
"202507","85177950","光通信设备的激光收发模块","502","美国","15","进料加工贸易","32","江苏省","1684","千克","0","?","2,559,889",
"202507","85177950","光通信设备的激光收发模块","502","美国","15","进料加工贸易","33","浙江省","13","千克","0","?","8,779",
"202507","85177950","光通信设备的激光收发模块","502","美国","15","进料加工贸易","42","湖北省","5","千克","0","?","10,236",
"202507","85177950","光通信设备的激光收发模块","502","美国","15","进料加工贸易","44","广东省","74","千克","0","?","114,929",
"202507","85177950","光通信设备的激光收发模块","502","美国","15","进料加工贸易","51","四川省","216","千克","0","?","435,193",
"202507","85177950","光通信设备的激光收发模块","502","美国","33","保税监管场所进出境货物","35","福建省","0","千克","0","?","200",
"202507","85177950","光通信设备的激光收发模块","502","美国","33","保税监管场所进出境货物","44","广东省","222","千克","0","?","21,197",
"202507","85177950","光通信设备的激光收发模块","502","美国","34","海关特殊监管区域物流货物","11","北京市","0","千克","0","?","426",
"202507","85177950","光通信设备的激光收发模块","502","美国","34","海关特殊监管区域物流货物","32","江苏省","207","千克","0","?","175,970",
"202507","85177950","光通信设备的激光收发模块","502","美国","34","海关特殊监管区域物流货物","44","广东省","31","千克","0","?","24,303",
"202507","85177950","光通信设备的激光收发模块","502","美国","39","其他","32","江苏省","0","千克","0","?","1,875",
"202507","85177950","光通信设备的激光收发模块","502","美国","39","其他","44","广东省","1","千克","0","?","4,200",
"202507","85177950","光通信设备的激光收发模块","504","百慕大","10","一般贸易","44","广东省","2","千克","0","?","1,347",
"202507","85177950","光通信设备的激光收发模块","601","澳大利亚","10","一般贸易","31","上海市","8","千克","0","?","49,177",
"202507","85177950","光通信设备的激光收发模块","601","澳大利亚","10","一般贸易","32","江苏省","0","千克","0","?","225",
"202507","85177950","光通信设备的激光收发模块","601","澳大利亚","10","一般贸易","33","浙江省","1","千克","0","?","616",
"202507","85177950","光通信设备的激光收发模块","601","澳大利亚","10","一般贸易","35","福建省","0","千克","0","?","914",
"202507","85177950","光通信设备的激光收发模块","601","澳大利亚","10","一般贸易","37","山东省","96","千克","0","?","3,678",
"202507","85177950","光通信设备的激光收发模块","601","澳大利亚","10","一般贸易","42","湖北省","8","千克","0","?","20,748",
"202507","85177950","光通信设备的激光收发模块","601","澳大利亚","10","一般贸易","43","湖南省","0","千克","0","?","3,480",
"202507","85177950","光通信设备的激光收发模块","601","澳大利亚","10","一般贸易","44","广东省","355","千克","0","?","319,810",
"202507","85177950","光通信设备的激光收发模块","601","澳大利亚","10","一般贸易","51","四川省","9","千克","0","?","61,659",
"202507","85177950","光通信设备的激光收发模块","601","澳大利亚","15","进料加工贸易","32","江苏省","1434","千克","0","?","254,563",
"202507","85177950","光通信设备的激光收发模块","601","澳大利亚","15","进料加工贸易","33","浙江省","190","千克","0","?","150,214",
"202507","85177950","光通信设备的激光收发模块","601","澳大利亚","15","进料加工贸易","35","福建省","8","千克","0","?","22,903",
"202507","85177950","光通信设备的激光收发模块","601","澳大利亚","15","进料加工贸易","44","广东省","2","千克","0","?","2,172",
"202507","85177950","光通信设备的激光收发模块","601","澳大利亚","33","保税监管场所进出境货物","32","江苏省","37","千克","0","?","14,428",
"202507","85177950","光通信设备的激光收发模块","601","澳大利亚","33","保税监管场所进出境货物","35","福建省","0","千克","0","?","308",
"202507","85177950","光通信设备的激光收发模块","601","澳大利亚","34","海关特殊监管区域物流货物","32","江苏省","184","千克","0","?","140,580",
"202507","85177950","光通信设备的激光收发模块","601","澳大利亚","34","海关特殊监管区域物流货物","42","湖北省","163","千克","0","?","191,313",
"202507","85177950","光通信设备的激光收发模块","603","斐济","10","一般贸易","44","广东省","0","千克","0","?","4,392",
"202507","85177950","光通信设备的激光收发模块","607","新喀里多尼亚","10","一般贸易","44","广东省","0","千克","0","?","36",
"202507","85177950","光通信设备的激光收发模块","608","瓦努阿图","10","一般贸易","44","广东省","0","千克","0","?","587",
"202507","85177950","光通信设备的激光收发模块","609","新西兰","10","一般贸易","42","湖北省","1","千克","0","?","380",
"202507","85177950","光通信设备的激光收发模块","609","新西兰","10","一般贸易","44","广东省","5","千克","0","?","17,097",
"202507","85177950","光通信设备的激光收发模块","609","新西兰","10","一般贸易","51","四川省","4","千克","0","?","3,989",
"202507","85177950","光通信设备的激光收发模块","609","新西兰","15","进料加工贸易","35","福建省","0","千克","0","?","1,305",
"202507","85177950","光通信设备的激光收发模块","609","新西兰","34","海关特殊监管区域物流货物","32","江苏省","51","千克","0","?","18,338",
"202507","85177950","光通信设备的激光收发模块","611","巴布亚新几内亚","10","一般贸易","33","浙江省","7","千克","0","?","9,426",
"202507","85177950","光通信设备的激光收发模块","611","巴布亚新几内亚","10","一般贸易","35","福建省","1","千克","0","?","4,334",
"202507","85177950","光通信设备的激光收发模块","617","萨摩亚","34","海关特殊监管区域物流货物","32","江苏省","5","千克","0","?","933",
"202507","85177950","光通信设备的激光收发模块","619","图瓦卢","10","一般贸易","44","广东省","0","千克","0","?","146",
"202507","85177950","光通信设备的激光收发模块","623","法属波利尼西亚","10","一般贸易","44","广东省","0","千克","0","?","42",
"202507","85177950","光通信设备的激光收发模块","623","法属波利尼西亚","34","海关特殊监管区域物流货物","32","江苏省","2","千克","0","?","318",
"202507","85177950","光通信设备的激光收发模块","629","关岛
","34","海关特殊监管区域物流货物","32","江苏省","1","千克","0","?","362",
"202508","85177950","光通信设备的激光收发模块","101","阿富汗","10","一般贸易","44","广东省","13","千克","0","?","3,262",
"202508","85177950","光通信设备的激光收发模块","102","巴林","10","一般贸易","12","天津市","2","千克","0","?","975",
"202508","85177950","光通信设备的激光收发模块","102","巴林","10","一般贸易","31","上海市","6","千克","0","?","1,461",
"202508","85177950","光通信设备的激光收发模块","102","巴林","10","一般贸易","44","广东省","0","千克","0","?","780",
"202508","85177950","光通信设备的激光收发模块","103","孟加拉国","10","一般贸易","21","辽宁省","294","千克","0","?","6,350",
"202508","85177950","光通信设备的激光收发模块","103","孟加拉国","10","一般贸易","31","上海市","235","千克","0","?","54,445",
"202508","85177950","光通信设备的激光收发模块","103","孟加拉国","10","一般贸易","32","江苏省","10","千克","0","?","2,732",
"202508","85177950","光通信设备的激光收发模块","103","孟加拉国","10","一般贸易","37","山东省","587","千克","0","?","9,297",
"202508","85177950","光通信设备的激光收发模块","103","孟加拉国","10","一般贸易","44","广东省","240","千克","0","?","84,854",
"202508","85177950","光通信设备的激光收发模块","103","孟加拉国","10","一般贸易","50","重庆市","25","千克","0","?","1,892",
"202508","85177950","光通信设备的激光收发模块","103","孟加拉国","33","保税监管场所进出境货物","44","广东省","1","千克","0","?","3",
"202508","85177950","光通信设备的激光收发模块","103","孟加拉国","34","海关特殊监管区域物流货物","32","江苏省","80","千克","0","?","15,264",
"202508","85177950","光通信设备的激光收发模块","104","不丹","10","一般贸易","44","广东省","2","千克","0","?","361",
"202508","85177950","光通信设备的激光收发模块","104","不丹","34","海关特殊监管区域物流货物","32","江苏省","0","千克","0","?","152",
"202508","85177950","光通信设备的激光收发模块","105","文莱","10","一般贸易","44","广东省","0","千克","0","?","15",
"202508","85177950","光通信设备的激光收发模块","106","缅甸","10","一般贸易","32","江苏省","31","千克","0","?","15,138",
"202508","85177950","光通信设备的激光收发模块","106","缅甸","10","一般贸易","33","浙江省","2","千克","0","?","1,842",
"202508","85177950","光通信设备的激光收发模块","106","缅甸","10","一般贸易","35","福建省","3","千克","0","?","1,082",
"202508","85177950","光通信设备的激光收发模块","106","缅甸","10","一般贸易","44","广东省","14","千克","0","?","88,641",
"202508","85177950","光通信设备的激光收发模块","106","缅甸","19","边境小额贸易","53","云南省","580","千克","0","?","608",
"202508","85177950","光通信设备的激光收发模块","106","缅甸","22","对外承包工程出口货物","53","云南省","0","千克","0","?","1,106",
"202508","85177950","光通信设备的激光收发模块","107","柬埔寨","10","一般贸易","33","浙江省","2","千克","0","?","1,276",
"202508","85177950","光通信设备的激光收发模块","107","柬埔寨","10","一般贸易","35","福建省","5","千克","0","?","247",
"202508","85177950","光通信设备的激光收发模块","107","柬埔寨","10","一般贸易","37","山东省","3","千克","0","?","3,509",
"202508","85177950","光通信设备的激光收发模块","107","柬埔寨","10","一般贸易","44","广东省","45","千克","0","?","58,642",
"202508","85177950","光通信设备的激光收发模块","107","柬埔寨","10","一般贸易","53","云南省","0","千克","0","?","520",
"202508","85177950","光通信设备的激光收发模块","108","塞浦路斯","10","一般贸易","44","广东省","6","千克","0","?","9,544",
"202508","85177950","光通信设备的激光收发模块","110","中国香港","10","一般贸易","11","北京市","248","千克","0","?","324,241",
"202508","85177950","光通信设备的激光收发模块","110","中国香港","10","一般贸易","31","上海市","247","千克","0","?","239,724",
"202508","85177950","光通信设备的激光收发模块","110","中国香港","10","一般贸易","32","江苏省","531","千克","0","?","1,375,179",
"202508","85177950","光通信设备的激光收发模块","110","中国香港","10","一般贸易","33","浙江省","276","千克","0","?","785,977",
"202508","85177950","光通信设备的激光收发模块","110","中国香港","10","一般贸易","34","安徽省","82","千克","0","?","37,927",
"202508","85177950","光通信设备的激光收发模块","110","中国香港","10","一般贸易","35","福建省","14","千克","0","?","18,327",
"202508","85177950","光通信设备的激光收发模块","110","中国香港","10","一般贸易","37","山东省","68","千克","0","?","82,935",
"202508","85177950","光通信设备的激光收发模块","110","中国香港","10","一般贸易","41","河南省","7","千克","0","?","351",
"202508","85177950","光通信设备的激光收发模块","110","中国香港","10","一般贸易","42","湖北省","1147","千克","0","?","1,976,428",
"202508","85177950","光通信设备的激光收发模块","110","中国香港","10","一般贸易","43","湖南省","14","千克","0","?","26,555",
"202508","85177950","光通信设备的激光收发模块","110","中国香港","10","一般贸易","44","广东省","1774","千克","0","?","3,989,033",
"202508","85177950","光通信设备的激光收发模块","110","中国香港","10","一般贸易","45","广西壮族自治区","2","千克","0","?","2,844",
"202508","85177950","光通信设备的激光收发模块","110","中国香港","10","一般贸易","51","四川省","315","千克","0","?","132,728",
"202508","85177950","光通信设备的激光收发模块","110","中国香港","10","一般贸易","52","贵州省","63","千克","0","?","38,354",
"202508","85177950","光通信设备的激光收发模块","110","中国香港","10","一般贸易","61","陕西省","88","千克","0","?","182,500",
"202508","85177950","光通信设备的激光收发模块","110","中国香港","15","进料加工贸易","32","江苏省","7979","千克","0","?","11,270,635",
"202508","85177950","光通信设备的激光收发模块","110","中国香港","15","进料加工贸易","35","福建省","2","千克","0","?","7,465",
"202508","85177950","光通信设备的激光收发模块","110","中国香港","15","进料加工贸易","44","广东省","1","千克","0","?","40,978",
"202508","85177950","光通信设备的激光收发模块","110","中国香港","15","进料加工贸易","51","四川省","100","千克","0","?","165,609",
"202508","85177950","光通信设备的激光收发模块","110","中国香港","33","保税监管场所进出境货物","44","广东省","25","千克","0","?","27,790",
"202508","85177950","光通信设备的激光收发模块","110","中国香港","34","海关特殊监管区域物流货物","32","江苏省","46","千克","0","?","45,641",
"202508","85177950","光通信设备的激光收发模块","110","中国香港","34","海关特殊监管区域物流货物","44","广东省","2251","千克","0","?","3,765,204",
"202508","85177950","光通信设备的激光收发模块","111","印度","10","一般贸易","13","河北省","1","千克","0","?","1,060",
"202508","85177950","光通信设备的激光收发模块","111","印度","10","一般贸易","21","辽宁省","328","千克","0","?","8,519",
"202508","85177950","光通信设备的激光收发模块","111","印度","10","一般贸易","31","上海市","194","千克","0","?","94,294",
"202508","85177950","光通信设备的激光收发模块","111","印度","10","一般贸易","32","江苏省","71","千克","0","?","27,617",
"202508","85177950","光通信设备的激光收发模块","111","印度","10","一般贸易","33","浙江省","0","千克","0","?","875",
"202508","85177950","光通信设备的激光收发模块","111","印度","10","一般贸易","35","福建省","25","千克","0","?","3,240",
"202508","85177950","光通信设备的激光收发模块","111","印度","10","一般贸易","37","山东省","122","千克","0","?","2,559",
"202508","85177950","光通信设备的激光收发模块","111","印度","10","一般贸易","42","湖北省","1905","千克","0","?","684,348",
"202508","85177950","光通信设备的激光收发模块","111","印度","10","一般贸易","43","湖南省","1","千克","0","?","813",
"202508","85177950","光通信设备的激光收发模块","111","印度","10","一般贸易","44","广东省","4143","千克","0","?","887,031",
"202508","85177950","光通信设备的激光收发模块","111","印度","10","一般贸易","45","广西壮族自治区","11","千克","0","?","525",
"202508","85177950","光通信设备的激光收发模块","111","印度","10","一般贸易","51","四川省","172","千克","0","?","149,069",
"202508","85177950","光通信设备的激光收发模块","111","印度","15","进料加工贸易","32","江苏省","39","千克","0","?","50,706",
"202508","85177950","光通信设备的激光收发模块","111","印度","15","进料加工贸易","44","广东省","9","千克","0","?","52,448",
"202508","85177950","光通信设备的激光收发模块","111","印度","15","进料加工贸易","51","四川省","8","千克","0","?","42,592",
"202508","85177950","光通信设备的激光收发模块","111","印度","33","保税监管场所进出境货物","44","广东省","0","千克","0","?","266",
"202508","85177950","光通信设备的激光收发模块","111","印度","34","海关特殊监管区域物流货物","32","江苏省","2785","千克","0","?","645,879",
"202508","85177950","光通信设备的激光收发模块","111","印度","34","海关特殊监管区域物流货物","35","福建省","2","千克","0","?","54,363",
"202508","85177950","光通信设备的激光收发模块","111","印度","34","海关特殊监管区域物流货物","44","广东省","256","千克","0","?","27,330",
"202508","85177950","光通信设备的激光收发模块","112","印度尼西亚","10","一般贸易","11","北京市","1","千克","0","?","2,934",
"202508","85177950","光通信设备的激光收发模块","112","印度尼西亚","10","一般贸易","14","山西省","15","千克","0","?","437",
"202508","85177950","光通信设备的激光收发模块","112","印度尼西亚","10","一般贸易","31","上海市","15","千克","0","?","15,384",
"202508","85177950","光通信设备的激光收发模块","112","印度尼西亚","10","一般贸易","32","江苏省","12","千克","0","?","22,666",
"202508","85177950","光通信设备的激光收发模块","112","印度尼西亚","10","一般贸易","33","浙江省","122","千克","0","?","153,168",
"202508","85177950","光通信设备的激光收发模块","112","印度尼西亚","10","一般贸易","35","福建省","369","千克","0","?","85,191",
"202508","85177950","光通信设备的激光收发模块","112","印度尼西亚","10","一般贸易","37","山东省","347","千克","0","?","86,198",
"202508","85177950","光通信设备的激光收发模块","112","印度尼西亚","10","一般贸易","41","河南省","10","千克","0","?","117",
"202508","85177950","光通信设备的激光收发模块","112","印度尼西亚","10","一般贸易","42","湖北省","143","千克","0","?","133,577",
"202508","85177950","光通信设备的激光收发模块","112","印度尼西亚","10","一般贸易","43","湖南省","2","千克","0","?","601",
"202508","85177950","光通信设备的激光收发模块","112","印度尼西亚","10","一般贸易","44","广东省","2132","千克","0","?","1,658,689",
"202508","85177950","光通信设备的激光收发模块","112","印度尼西亚","10","一般贸易","46","海南省","0","千克","0","?","18",
"202508","85177950","光通信设备的激光收发模块","112","印度尼西亚","10","一般贸易","52","贵州省","21","千克","0","?","4,824",
"202508","85177950","光通信设备的激光收发模块","112","印度尼西亚","15","进料加工贸易","35","福建省","0","千克","0","?","908",
"202508","85177950","光通信设备的激光收发模块","112","印度尼西亚","15","进料加工贸易","44","广东省","0","千克","0","?","5,060",
"202508","85177950","光通信设备的激光收发模块","112","印度尼西亚","33","保税监管场所进出境货物","44","广东省","2","千克","0","?","3,592",
"202508","85177950","光通信设备的激光收发模块","112","印度尼西亚","34","海关特殊监管区域物流货物","32","江苏省","329","千克","0","?","130,876",
"202508","85177950","光通信设备的激光收发模块","112","印度尼西亚","34","海关特殊监管区域物流货物","44","广东省","1","千克","0","?","726",
"202508","85177950","光通信设备的激光收发模块","113","伊朗","10","一般贸易","21","辽宁省","222","千克","0","?","4,751",
"202508","85177950","光通信设备的激光收发模块","113","伊朗","10","一般贸易","35","福建省","186","千克","0","?","4,018",
"202508","85177950","光通信设备的激光收发模块","113","伊朗","10","一般贸易","37","山东省","325","千克","0","?","7,047",
"202508","85177950","光通信设备的激光收发模块","113","伊朗","10","一般贸易","44","广东省","185","千克","0","?","2,601",
"202508","85177950","光通信设备的激光收发模块","114","伊拉克","10","一般贸易","32","江苏省","42","千克","0","?","54,307",
"202508","85177950","光通信设备的激光收发模块","114","伊拉克","10","一般贸易","37","山东省","741","千克","0","?","15,924",
"202508","85177950","光通信设备的激光收发模块","114","伊拉克","10","一般贸易","41","河南省","151","千克","0","?","3,277",
"202508","85177950","光通信设备的激光收发模块","114","伊拉克","10","一般贸易","43","湖南省","346","千克","0","?","7,270",
"202508","85177950","光通信设备的激光收发模块","114","伊拉克","10","一般贸易","44","广东省","906","千克","0","?","415,749",
"202508","85177950","光通信设备的激光收发模块","114","伊拉克","34","海关特殊监管区域物流货物","32","江苏省","64","千克","0","?","766",
"202508","85177950","光通信设备的激光收发模块","115","以色列","10","一般贸易","33","浙江省","0","千克","0","?","7,909",
"202508","85177950","光通信设备的激光收发模块","115","以色列","10","一般贸易","42","湖北省","29","千克","0","?","66,094",
"202508","85177950","光通信设备的激光收发模块","115","以色列","10","一般贸易","44","广东省","1271","千克","0","?","304,518",
"202508","85177950","光通信设备的激光收发模块","115","以色列","10","一般贸易","45","广西壮族自治区","7","千克","0","?","1,360",
"202508","85177950","光通信设备的激光收发模块","115","以色列","10","一般贸易","51","四川省","124","千克","0","?","561,115",
"202508","85177950","光通信设备的激光收发模块","115","以色列","15","进料加工贸易","32","江苏省","56","千克","0","?","75,867",
"202508","85177950","光通信设备的激光收发模块","115","以色列","34","海关特殊监管区域物流货物","32","江苏省","1","千克","0","?","3,594",
"202508","85177950","光通信设备的激光收发模块","115","以色列","34","海关特殊监管区域物流货物","35","福建省","3","千克","0","?","6,669",
"202508","85177950","光通信设备的激光收发模块","116","日本","10","一般贸易","11","北京市","5","千克","0","?","2,413",
"202508","85177950","光通信设备的激光收发模块","116","日本","10","一般贸易","31","上海市","88","千克","0","?","314,901",
"202508","85177950","光通信设备的激光收发模块","116","日本","10","一般贸易","32","江苏省","568","千克","0","?","475,662",
"202508","85177950","光通信设备的激光收发模块","116","日本","10","一般贸易","33","浙江省","68","千克","0","?","201,238",
"202508","85177950","光通信设备的激光收发模块","116","日本","10","一般贸易","34","安徽省","6","千克","0","?","12,371",
"202508","85177950","光通信设备的激光收发模块","116","日本","10","一般贸易","35","福建省","2","千克","0","?","2,695",
"202508","85177950","光通信设备的激光收发模块","116","日本","10","一般贸易","37","山东省","242","千克","0","?","217,921",
"202508","85177950","光通信设备的激光收发模块","116","日本","10","一般贸易","42","湖北省","497","千克","0","?","357,829",
"202508","85177950","光通信设备的激光收发模块","116","日本","10","一般贸易","44","广东省","924","千克","0","?","659,846",
"202508","85177950","光通信设备的激光收发模块","116","日本","10","一般贸易","51","四川省","88","千克","0","?","106,774",
"202508","85177950","光通信设备的激光收发模块","116","日本","15","进料加工贸易","32","江苏省","528","千克","0","?","758,539",
"202508","85177950","光通信设备的激光收发模块","116","日本","15","进料加工贸易","35","福建省","28","千克","0","?","36,872",
"202508","85177950","光通信设备的激光收发模块","116","日本","15","进料加工贸易","44","广东省","2","千克","0","?","45,482",
"202508","85177950","光通信设备的激光收发模块","116","日本","15","进料加工贸易","51","四川省","17","千克","0","?","76,912",
"202508","85177950","光通信设备的激光收发模块","116","日本","34","海关特殊监管区域物流货物","32","江苏省","482","千克","0","?","249,926",
"202508","85177950","光通信设备的激光收发模块","116","日本","34","海关特殊监管区域物流货物","42","湖北省","13","千克","0","?","11,764",
"202508","85177950","光通信设备的激光收发模块","117","约旦","10","一般贸易","33","浙江省","0","千克","0","?","40",
"202508","85177950","光通信设备的激光收发模块","117","约旦","10","一般贸易","35","福建省","5","千克","0","?","7,127",
"202508","85177950","光通信设备的激光收发模块","117","约旦","10","一般贸易","44","广东省","0","千克","0","?","1,830",
"202508","85177950","光通信设备的激光收发模块","118","科威特","10","一般贸易","33","浙江省","1","千克","0","?","654",
"202508","85177950","光通信设备的激光收发模块","118","科威特","10","一般贸易","37","山东省","0","千克","0","?","25",
"202508","85177950","光通信设备的激光收发模块","118","科威特","10","一般贸易","44","广东省","4","千克","0","?","6,168",
"202508","85177950","光通信设备的激光收发模块","119","老挝","10","一般贸易","33","浙江省","0","千克","0","?","4,631",
"202508","85177950","光通信设备的激光收发模块","119","老挝","10","一般贸易","37","山东省","140","千克","0","?","1,400",
"202508","85177950","光通信设备的激光收发模块","119","老挝","10","一般贸易","44","广东省","21","千克","0","?","4,637",
"202508","85177950","光通信设备的激光收发模块","120","黎巴嫩","10","一般贸易","33","浙江省","2","千克","0","?","3,570",
"202508","85177950","光通信设备的激光收发模块","120","黎巴嫩","10","一般贸易","37","山东省","623","千克","0","?","10,343",
"202508","85177950","光通信设备的激光收发模块","120","黎巴嫩","10","一般贸易","42","湖北省","2","千克","0","?","1,920",
"202508","85177950","光通信设备的激光收发模块","120","黎巴嫩","10","一般贸易","44","广东省","250","千克","0","?","11,528",
"202508","85177950","光通信设备的激光收发模块","120","黎巴嫩","33","保税监管场所进出境货物","44","广东省","2","千克","0","?","631",
"202508","85177950","光通信设备的激光收发模块","121","中国澳门","10","一般贸易","33","浙江省","53","千克","0","?","64,244",
"202508","85177950","光通信设备的激光收发模块","121","中国澳门","10","一般贸易","42","湖北省","32","千克","0","?","3,820",
"202508","85177950","光通信设备的激光收发模块","121","中国澳门","10","一般贸易","44","广东省","30","千克","0","?","24,451",
"202508","85177950","光通信设备的激光收发模块","122","马来西亚","10","一般贸易","12","天津市","2","千克","0","?","5,349",
"202508","85177950","光通信设备的激光收发模块","122","马来西亚","10","一般贸易","31","上海市","3724","千克","0","?","1,631,764",
"202508","85177950","光通信设备的激光收发模块","122","马来西亚","10","一般贸易","32","江苏省","1865","千克","0","?","3,621,422",
"202508","85177950","光通信设备的激光收发模块","122","马来西亚","10","一般贸易","33","浙江省","75","千克","0","?","137,230",
"202508","85177950","光通信设备的激光收发模块","122","马来西亚","10","一般贸易","35","福建省","54","千克","0","?","109,991",
"202508","85177950","光通信设备的激光收发模块","122","马来西亚","10","一般贸易","36","江西省","22","千克","0","?","138,989",
"202508","85177950","光通信设备的激光收发模块","122","马来西亚","10","一般贸易","37","山东省","750","千克","0","?","614,524",
"202508","85177950","光通信设备的激光收发模块","122","马来西亚","10","一般贸易","41","河南省","22","千克","0","?","5,750",
"202508","85177950","光通信设备的激光收发模块","122","马来西亚","10","一般贸易","42","湖北省","6276","千克","0","?","8,212,384",
"202508","85177950","光通信设备的激光收发模块","122","马来西亚","10","一般贸易","43","湖南省","50","千克","0","?","42,408",
"202508","85177950","光通信设备的激光收发模块","122","马来西亚","10","一般贸易","44","广东省","2751","千克","0","?","1,642,218",
"202508","85177950","光通信设备的激光收发模块","122","马来西亚","10","一般贸易","45","广西壮族自治区","3","千克","0","?","10,500",
"202508","85177950","光通信设备的激光收发模块","122","马来西亚","10","一般贸易","46","海南省","9","千克","0","?","1,041",
"202508","85177950","光通信设备的激光收发模块","122","马来西亚","10","一般贸易","51","四川省","419","千克","0","?","856,061",
"202508","85177950","光通信设备的激光收发模块","122","马来西亚","10","一般贸易","52","贵州省","0","千克","0","?","261",
"202508","85177950","光通信设备的激光收发模块","122","马来西亚","15","进料加工贸易","32","江苏省","43911","千克","0","?","126,275,800",
"202508","85177950","光通信设备的激光收发模块","122","马来西亚","15","进料加工贸易","35","福建省","1","千克","0","?","2,932",
"202508","85177950","光通信设备的激光收发模块","122","马来西亚","15","进料加工贸易","44","广东省","1604","千克","0","?","1,958,496",
"202508","85177950","光通信设备的激光收发模块","122","马来西亚","33","保税监管场所进出境货物","44","广东省","11","千克","0","?","4,813",
"202508","85177950","光通信设备的激光收发模块","122","马来西亚","34","海关特殊监管区域物流货物","32","江苏省","50","千克","0","?","54,512",
"202508","85177950","光通信设备的激光收发模块","122","马来西亚","39","其他","42","湖北省","4","千克","0","?","293",
"202508","85177950","光通信设备的激光收发模块","123","马尔代夫","10","一般贸易","33","浙江省","1","千克","0","?","859",
"202508","85177950","光通信设备的激光收发模块","123","马尔代夫","10","一般贸易","35","福建省","166","千克","0","?","3,420",
"202508","85177950","光通信设备的激光收发模块","123","马尔代夫","10","一般贸易","44","广东省","3","千克","0","?","2,893",
"202508","85177950","光通信设备的激光收发模块","123","马尔代夫","10","一般贸易","50","重庆市","576","千克","0","?","1,722",
"202508","85177950","光通信设备的激光收发模块","124","蒙古","10","一般贸易","33","浙江省","0","千克","0","?","157",
"202508","85177950","光通信设备的激光收发模块","124","蒙古","10","一般贸易","44","广东省","9","千克","0","?","32,683",
"202508","85177950","光通信设备的激光收发模块","125","尼泊尔","10","一般贸易","37","山东省","2","千克","0","?","20",
"202508","85177950","光通信设备的激光收发模块","125","尼泊尔","10","一般贸易","44","广东省","164","千克","0","?","51,060",
"202508","85177950","光通信设备的激光收发模块","126","阿曼","10","一般贸易","33","浙江省","5","千克","0","?","4,846",
"202508","85177950","光通信设备的激光收发模块","126","阿曼","10","一般贸易","44","广东省","51","千克","0","?","35,098",
"202508","85177950","光通信设备的激光收发模块","127","巴基斯坦","10","一般贸易","32","江苏省","2","千克","0","?","9,922",
"202508","85177950","光通信设备的激光收发模块","127","巴基斯坦","10","一般贸易","33","浙江省","41","千克","0","?","38,335",
"202508","85177950","光通信设备的激光收发模块","127","巴基斯坦","10","一般贸易","35","福建省","167","千克","0","?","3,624",
"202508","85177950","光通信设备的激光收发模块","127","巴基斯坦","10","一般贸易","37","山东省","252","千克","0","?","5,433",
"202508","85177950","光通信设备的激光收发模块","127","巴基斯坦","10","一般贸易","44","广东省","700","千克","0","?","491,316",
"202508","85177950","光通信设备的激光收发模块","127","巴基斯坦","33","保税监管场所进出境货物","44","广东省","45","千克","0","?","17,708",
"202508","85177950","光通信设备的激光收发模块","127","巴基斯坦","34","海关特殊监管区域物流货物","32","江苏省","9","千克","0","?","1,225",
"202508","85177950","光通信设备的激光收发模块","129","菲律宾","10","一般贸易","31","上海市","3","千克","0","?","1,451",
"202508","85177950","光通信设备的激光收发模块","129","菲律宾","10","一般贸易","32","江苏省","1","千克","0","?","720",
"202508","85177950","光通信设备的激光收发模块","129","菲律宾","10","一般贸易","33","浙江省","45","千克","0","?","18,273",
"202508","85177950","光通信设备的激光收发模块","129","菲律宾","10","一般贸易","35","福建省","13","千克","0","?","16,187",
"202508","85177950","光通信设备的激光收发模块","129","菲律宾","10","一般贸易","42","湖北省","5","千克","0","?","5,215",
"202508","85177950","光通信设备的激光收发模块","129","菲律宾","10","一般贸易","44","广东省","383","千克","0","?","327,318",
"202508","85177950","光通信设备的激光收发模块","129","菲律宾","34","海关特殊监管区域物流货物","32","江苏省","164","千克","0","?","125,235",
"202508","85177950","光通信设备的激光收发模块","130","卡塔尔","10","一般贸易","31","上海市","148","千克","0","?","4,874",
"202508","85177950","光通信设备的激光收发模块","130","卡塔尔","10","一般贸易","33","浙江省","5","千克","0","?","2,483",
"202508","85177950","光通信设备的激光收发模块","130","卡塔尔","10","一般贸易","35","福建省","0","千克","0","?","763",
"202508","85177950","光通信设备的激光收发模块","130","卡塔尔","10","一般贸易","44","广东省","20","千克","0","?","6,610",
"202508","85177950","光通信设备的激光收发模块","131","沙特阿拉伯","10","一般贸易","32","江苏省","54","千克","0","?","178,500",
"202508","85177950","光通信设备的激光收发模块","131","沙特阿拉伯","10","一般贸易","33","浙江省","17","千克","0","?","23,388",
"202508","85177950","光通信设备的激光收发模块","131","沙特阿拉伯","10","一般贸易","35","福建省","4","千克","0","?","4,140",
"202508","85177950","光通信设备的激光收发模块","131","沙特阿拉伯","10","一般贸易","42","湖北省","7","千克","0","?","1,858",
"202508","85177950","光通信设备的激光收发模块","131","沙特阿拉伯","10","一般贸易","43","湖南省","255","千克","0","?","5,483",
"202508","85177950","光通信设备的激光收发模块","131","沙特阿拉伯","10","一般贸易","44","广东省","26","千克","0","?","51,390",
"202508","85177950","光通信设备的激光收发模块","131","沙特阿拉伯","10","一般贸易","52","贵州省","43","千克","0","?","28,351",
"202508","85177950","光通信设备的激光收发模块","131","沙特阿拉伯","15","进料加工贸易","44","广东省","32","千克","0","?","19,414",
"202508","85177950","光通信设备的激光收发模块","131","沙特阿拉伯","34","海关特殊监管区域物流货物","32","江苏省","560","千克","0","?","156,870",
"202508","85177950","光通信设备的激光收发模块","132","新加坡","10","一般贸易","11","北京市","1","千克","0","?","1,191",
"202508","85177950","光通信设备的激光收发模块","132","新加坡","10","一般贸易","31","上海市","231","千克","0","?","272,906",
"202508","85177950","光通信设备的激光收发模块","132","新加坡","10","一般贸易","32","江苏省","797","千克","0","?","903,153",
"202508","85177950","光通信设备的激光收发模块","132","新加坡","10","一般贸易","33","浙江省","503","千克","0","?","1,473,738",
"202508","85177950","光通信设备的激光收发模块","132","新加坡","10","一般贸易","35","福建省","15","千克","0","?","28,643",
"202508","85177950","光通信设备的激光收发模块","132","新加坡","10","一般贸易","37","山东省","76","千克","0","?","77,492",
"202508","85177950","光通信设备的激光收发模块","132","新加坡","10","一般贸易","42","湖北省","900","千克","0","?","813,125",
"202508","85177950","光通信设备的激光收发模块","132","新加坡","10","一般贸易","44","广东省","1491","千克","0","?","1,059,291",
"202508","85177950","光通信设备的激光收发模块","132","新加坡","10","一般贸易","45","广西壮族自治区","20","千克","0","?","6,034",
"202508","85177950","光通信设备的激光收发模块","132","新加坡","10","一般贸易","46","海南省","6","千克","0","?","1,690",
"202508","85177950","光通信设备的激光收发模块","132","新加坡","10","一般贸易","51","四川省","600","千克","0","?","1,114,868",
"202508","85177950","光通信设备的激光收发模块","132","新加坡","10","一般贸易","52","贵州省","211","千克","0","?","165,720",
"202508","85177950","光通信设备的激光收发模块","132","新加坡","15","进料加工贸易","32","江苏省","1197","千克","0","?","284,614",
"202508","85177950","光通信设备的激光收发模块","132","新加坡","15","进料加工贸易","33","浙江省","77","千克","0","?","97,855",
"202508","85177950","光通信设备的激光收发模块","132","新加坡","15","进料加工贸易","35","福建省","6","千克","0","?","11,022",
"202508","85177950","光通信设备的激光收发模块","132","新加坡","15","进料加工贸易","44","广东省","1543","千克","0","?","3,916,505",
"202508","85177950","光通信设备的激光收发模块","132","新加坡","15","进料加工贸易","51","四川省","3","千克","0","?","41,778",
"202508","85177950","光通信设备的激光收发模块","132","新加坡","33","保税监管场所进出境货物","37","山东省","9","千克","0","?","711",
"202508","85177950","光通信设备的激光收发模块","132","新加坡","33","保税监管场所进出境货物","44","广东省","58","千克","0","?","7,775",
"202508","85177950","光通信设备的激光收发模块","132","新加坡","34","海关特殊监管区域物流货物","32","江苏省","315","千克","0","?","295,910",
"202508","85177950","光通信设备的激光收发模块","132","新加坡","34","海关特殊监管区域物流货物","44","广东省","0","千克","0","?","85",
"202508","85177950","光通信设备的激光收发模块","132","新加坡","34","海关特殊监管区域物流货物","45","广西壮族自治区","2","千克","0","?","355",
"202508","85177950","光通信设备的激光收发模块","133","韩国","10","一般贸易","11","北京市","3","千克","0","?","12,515",
"202508","85177950","光通信设备的激光收发模块","133","韩国","10","一般贸易","12","天津市","50","千克","0","?","11,735",
"202508","85177950","光通信设备的激光收发模块","133","韩国","10","一般贸易","13","河北省","92","千克","0","?","16,000",
"202508","85177950","光通信设备的激光收发模块","133","韩国","10","一般贸易","21","辽宁省","148","千克","0","?","31,969",
"202508","85177950","光通信设备的激光收发模块","133","韩国","10","一般贸易","31","上海市","15","千克","0","?","52,535",
"202508","85177950","光通信设备的激光收发模块","133","韩国","10","一般贸易","32","江苏省","13","千克","0","?","25,454",
"202508","85177950","光通信设备的激光收发模块","133","韩国","10","一般贸易","33","浙江省","93","千克","0","?","42,397",
"202508","85177950","光通信设备的激光收发模块","133","韩国","10","一般贸易","37","山东省","197","千克","0","?","125,945",
"202508","85177950","光通信设备的激光收发模块","133","韩国","10","一般贸易","41","河南省","71","千克","0","?","86,060",
"202508","85177950","光通信设备的激光收发模块","133","韩国","10","一般贸易","42","湖北省","364","千克","0","?","463,823",
"202508","85177950","光通信设备的激光收发模块","133","韩国","10","一般贸易","43","湖南省","1","千克","0","?","696",
"202508","85177950","光通信设备的激光收发模块","133","韩国","10","一般贸易","44","广东省","2088","千克","0","?","1,695,487",
"202508","85177950","光通信设备的激光收发模块","133","韩国","10","一般贸易","45","广西壮族自治区","163","千克","0","?","102,050",
"202508","85177950","光通信设备的激光收发模块","133","韩国","10","一般贸易","46","海南省","0","千克","0","?","19",
"202508","85177950","光通信设备的激光收发模块","133","韩国","10","一般贸易","51","四川省","978","千克","0","?","1,059,405",
"202508","85177950","光通信设备的激光收发模块","133","韩国","15","进料加工贸易","32","江苏省","8","千克","0","?","24,684",
"202508","85177950","光通信设备的激光收发模块","133","韩国","15","进料加工贸易","35","福建省","23","千克","0","?","19,390",
"202508","85177950","光通信设备的激光收发模块","133","韩国","15","进料加工贸易","44","广东省","4","千克","0","?","2,993",
"202508","85177950","光通信设备的激光收发模块","133","韩国","34","海关特殊监管区域物流货物","32","江苏省","1","千克","0","?","2,383",
"202508","85177950","光通信设备的激光收发模块","133","韩国","39","其他","32","江苏省","5","千克","0","?","7,223",
"202508","85177950","光通信设备的激光收发模块","134","斯里兰卡","10","一般贸易","31","上海市","7","千克","0","?","3,137",
"202508","85177950","光通信设备的激光收发模块","134","斯里兰卡","10","一般贸易","44","广东省","157","千克","0","?","122,448",
"202508","85177950","光通信设备的激光收发模块","134","斯里兰卡","33","保税监管场所进出境货物","44","广东省","1","千克","0","?","362",
"202508","85177950","光通信设备的激光收发模块","134","斯里兰卡","34","海关特殊监管区域物流货物","32","江苏省","13","千克","0","?","2,518",
"202508","85177950","光通信设备的激光收发模块","136","泰国","10","一般贸易","11","北京市","1","千克","0","?","117",
"202508","85177950","光通信设备的激光收发模块","136","泰国","10","一般贸易","21","辽宁省","240","千克","0","?","5,184",
"202508","85177950","光通信设备的激光收发模块","136","泰国","10","一般贸易","31","上海市","834","千克","0","?","2,414,675",
"202508","85177950","光通信设备的激光收发模块","136","泰国","10","一般贸易","32","江苏省","2227","千克","0","?","5,576,732",
"202508","85177950","光通信设备的激光收发模块","136","泰国","10","一般贸易","33","浙江省","10","千克","0","?","33,449",
"202508","85177950","光通信设备的激光收发模块","136","泰国","10","一般贸易","35","福建省","309","千克","0","?","8,808",
"202508","85177950","光通信设备的激光收发模块","136","泰国","10","一般贸易","37","山东省","443","千克","0","?","381,436",
"202508","85177950","光通信设备的激光收发模块","136","泰国","10","一般贸易","41","河南省","1","千克","0","?","194",
"202508","85177950","光通信设备的激光收发模块","136","泰国","10","一般贸易","42","湖北省","4329","千克","0","?","2,274,917",
"202508","85177950","光通信设备的激光收发模块","136","泰国","10","一般贸易","43","湖南省","1","千克","0","?","173",
"202508","85177950","光通信设备的激光收发模块","136","泰国","10","一般贸易","44","广东省","691","千克","0","?","451,130",
"202508","85177950","光通信设备的激光收发模块","136","泰国","10","一般贸易","50","重庆市","0","千克","0","?","935",
"202508","85177950","光通信设备的激光收发模块","136","泰国","10","一般贸易","51","四川省","4882","千克","0","?","13,736,317",
"202508","85177950","光通信设备的激光收发模块","136","泰国","15","进料加工贸易","32","江苏省","352","千克","0","?","125,947",
"202508","85177950","光通信设备的激光收发模块","136","泰国","15","进料加工贸易","35","福建省","3","千克","0","?","4,241",
"202508","85177950","光通信设备的激光收发模块","136","泰国","15","进料加工贸易","44","广东省","2","千克","0","?","340",
"202508","85177950","光通信设备的激光收发模块","136","泰国","15","进料加工贸易","51","四川省","16","千克","0","?","35,849",
"202508","85177950","光通信设备的激光收发模块","136","泰国","33","保税监管场所进出境货物","44","广东省","27","千克","0","?","9,673",
"202508","85177950","光通信设备的激光收发模块","136","泰国","34","海关特殊监管区域物流货物","32","江苏省","0","千克","0","?","553",
"202508","85177950","光通信设备的激光收发模块","136","泰国","39","其他","32","江苏省","0","千克","0","?","593",
"202508","85177950","光通信设备的激光收发模块","137","土耳其","10","一般贸易","12","天津市","0","千克","0","?","22",
"202508","85177950","光通信设备的激光收发模块","137","土耳其","10","一般贸易","31","上海市","45","千克","0","?","7,354",
"202508","85177950","光通信设备的激光收发模块","137","土耳其","10","一般贸易","33","浙江省","53","千克","0","?","41,812",
"202508","85177950","光通信设备的激光收发模块","137","土耳其","10","一般贸易","35","福建省","91","千克","0","?","67,730",
"202508","85177950","光通信设备的激光收发模块","137","土耳其","10","一般贸易","37","山东省","16","千克","0","?","331",
"202508","85177950","光通信设备的激光收发模块","137","土耳其","10","一般贸易","44","广东省","860","千克","0","?","504,811",
"202508","85177950","光通信设备的激光收发模块","137","土耳其","10","一般贸易","50","重庆市","24","千克","0","?","2,750",
"202508","85177950","光通信设备的激光收发模块","137","土耳其","10","一般贸易","51","四川省","1135","千克","0","?","26,180",
"202508","85177950","光通信设备的激光收发模块","137","土耳其","33","保税监管场所进出境货物","44","广东省","107","千克","0","?","13,037",
"202508","85177950","光通信设备的激光收发模块","137","土耳其","34","海关特殊监管区域物流货物","31","上海市","0","千克","0","?","12",
"202508","85177950","光通信设备的激光收发模块","138","阿联酋","10","一般贸易","12","天津市","2","千克","0","?","975",
"202508","85177950","光通信设备的激光收发模块","138","阿联酋","10","一般贸易","21","辽宁省","357","千克","0","?","7,782",
"202508","85177950","光通信设备的激光收发模块","138","阿联酋","10","一般贸易","31","上海市","0","千克","0","?","25",
"202508","85177950","光通信设备的激光收发模块","138","阿联酋","10","一般贸易","32","江苏省","90","千克","0","?","32,681",
"202508","85177950","光通信设备的激光收发模块","138","阿联酋","10","一般贸易","33","浙江省","69","千克","0","?","50,609",
"202508","85177950","光通信设备的激光收发模块","138","阿联酋","10","一般贸易","35","福建省","694","千克","0","?","13,254",
"202508","85177950","光通信设备的激光收发模块","138","阿联酋","10","一般贸易","37","山东省","1030","千克","0","?","22,168",
"202508","85177950","光通信设备的激光收发模块","138","阿联酋","10","一般贸易","41","河南省","118","千克","0","?","4,835",
"202508","85177950","光通信设备的激光收发模块","138","阿联酋","10","一般贸易","42","湖北省","516","千克","0","?","147,036",
"202508","85177950","光通信设备的激光收发模块","138","阿联酋","10","一般贸易","44","广东省","2936","千克","0","?","832,468",
"202508","85177950","光通信设备的激光收发模块","138","阿联酋","10","一般贸易","50","重庆市","185","千克","0","?","3,673",
"202508","85177950","光通信设备的激光收发模块","138","阿联酋","10","一般贸易","51","四川省","100","千克","0","?","20,653",
"202508","85177950","光通信设备的激光收发模块","138","阿联酋","15","进料加工贸易","44","广东省","1","千克","0","?","3,116",
"202508","85177950","光通信设备的激光收发模块","138","阿联酋","15","进料加工贸易","51","四川省","13","千克","0","?","3,110",
"202508","85177950","光通信设备的激光收发模块","138","阿联酋","33","保税监管场所进出境货物","44","广东省","19","千克","0","?","14,927",
"202508","85177950","光通信设备的激光收发模块","138","阿联酋","34","海关特殊监管区域物流货物","32","江苏省","69","千克","0","?","22,592",
"202508","85177950","光通信设备的激光收发模块","139","也门","10","一般贸易","33","浙江省","1","千克","0","?","429",
"202508","85177950","光通信设备的激光收发模块","141","越南","10","一般贸易","31","上海市","105","千克","0","?","55,915",
"202508","85177950","光通信设备的激光收发模块","141","越南","10","一般贸易","32","江苏省","8","千克","0","?","5,164",
"202508","85177950","光通信设备的激光收发模块","141","越南","10","一般贸易","33","浙江省","34","千克","0","?","67,994",
"202508","85177950","光通信设备的激光收发模块","141","越南","10","一般贸易","34","安徽省","4","千克","0","?","1,320",
"202508","85177950","光通信设备的激光收发模块","141","越南","10","一般贸易","35","福建省","22","千克","0","?","16,765",
"202508","85177950","光通信设备的激光收发模块","141","越南","10","一般贸易","37","山东省","147","千克","0","?","60,691",
"202508","85177950","光通信设备的激光收发模块","141","越南","10","一般贸易","42","湖北省","297","千克","0","?","12,746",
"202508","85177950","光通信设备的激光收发模块","141","越南","10","一般贸易","44","广东省","817","千克","0","?","270,912",
"202508","85177950","光通信设备的激光收发模块","141","越南","10","一般贸易","45","广西壮族自治区","3","千克","0","?","2,275",
"202508","85177950","光通信设备的激光收发模块","141","越南","10","一般贸易","50","重庆市","216","千克","0","?","1,831",
"202508","85177950","光通信设备的激光收发模块","141","越南","15","进料加工贸易","32","江苏省","66","千克","0","?","16,893",
"202508","85177950","光通信设备的激光收发模块","141","越南","15","进料加工贸易","33","浙江省","85","千克","0","?","121,940",
"202508","85177950","光通信设备的激光收发模块","141","越南","15","进料加工贸易","51","四川省","123","千克","0","?","59,168",
"202508","85177950","光通信设备的激光收发模块","141","越南","33","保税监管场所进出境货物","12","天津市","2","千克","0","?","7,416",
"202508","85177950","光通信设备的激光收发模块","141","越南","33","保税监管场所进出境货物","32","江苏省","75","千克","0","?","36,032",
"202508","85177950","光通信设备的激光收发模块","141","越南","33","保税监管场所进出境货物","44","广东省","301","千克","0","?","115,671",
"202508","85177950","光通信设备的激光收发模块","141","越南","34","海关特殊监管区域物流货物","31","上海市","18","千克","0","?","9,406",
"202508","85177950","光通信设备的激光收发模块","141","越南","34","海关特殊监管区域物流货物","32","江苏省","3280","千克","0","?","1,359,009",
"202508","85177950","光通信设备的激光收发模块","141","越南","34","海关特殊监管区域物流货物","35","福建省","1","千克","0","?","3,099",
"202508","85177950","光通信设备的激光收发模块","141","越南","34","海关特殊监管区域物流货物","45","广西壮族自治区","38","千克","0","?","7,567",
"202508","85177950","光通信设备的激光收发模块","143","中国台湾","10","一般贸易","11","北京市","2","千克","0","?","4,163",
"202508","85177950","光通信设备的激光收发模块","143","中国台湾","10","一般贸易","12","天津市","201","千克","0","?","24,849",
"202508","85177950","光通信设备的激光收发模块","143","中国台湾","10","一般贸易","21","辽宁省","0","千克","0","?","2,078",
"202508","85177950","光通信设备的激光收发模块","143","中国台湾","10","一般贸易","31","上海市","58","千克","0","?","28,572",
"202508","85177950","光通信设备的激光收发模块","143","中国台湾","10","一般贸易","32","江苏省","90","千克","0","?","268,327",
"202508","85177950","光通信设备的激光收发模块","143","中国台湾","10","一般贸易","33","浙江省","3512","千克","0","?","8,576,642",
"202508","85177950","光通信设备的激光收发模块","143","中国台湾","10","一般贸易","34","安徽省","56","千克","0","?","33,790",
"202508","85177950","光通信设备的激光收发模块","143","中国台湾","10","一般贸易","35","福建省","5","千克","0","?","3,300",
"202508","85177950","光通信设备的激光收发模块","143","中国台湾","10","一般贸易","37","山东省","215","千克","0","?","57,962",
"202508","85177950","光通信设备的激光收发模块","143","中国台湾","10","一般贸易","42","湖北省","1337","千克","0","?","2,381,524",
"202508","85177950","光通信设备的激光收发模块","143","中国台湾","10","一般贸易","43","湖南省","60","千克","0","?","43,272",
"202508","85177950","光通信设备的激光收发模块","143","中国台湾","10","一般贸易","44","广东省","3977","千克","0","?","3,602,272",
"202508","85177950","光通信设备的激光收发模块","143","中国台湾","10","一般贸易","51","四川省","172","千克","0","?","439,343",
"202508","85177950","光通信设备的激光收发模块","143","中国台湾","15","进料加工贸易","32","江苏省","127","千克","0","?","36,278",
"202508","85177950","光通信设备的激光收发模块","143","中国台湾","15","进料加工贸易","33","浙江省","5854","千克","0","?","6,589,533",
"202508","85177950","光通信设备的激光收发模块","143","中国台湾","15","进料加工贸易","35","福建省","7","千克","0","?","45,539",
"202508","85177950","光通信设备的激光收发模块","143","中国台湾","15","进料加工贸易","44","广东省","15","千克","0","?","2,276",
"202508","85177950","光通信设备的激光收发模块","143","中国台湾","15","进料加工贸易","51","四川省","14985","千克","0","?","16,548,923",
"202508","85177950","光通信设备的激光收发模块","143","中国台湾","33","保税监管场所进出境货物","44","广东省","5","千克","0","?","2,569",
"202508","85177950","光通信设备的激光收发模块","143","中国台湾","34","海关特殊监管区域物流货物","32","江苏省","26","千克","0","?","23,020",
"202508","85177950","光通信设备的激光收发模块","143","中国台湾","34","海关特殊监管区域物流货物","35","福建省","0","千克","0","?","4,530",
"202508","85177950","光通信设备的激光收发模块","145","哈萨克斯坦","10","一般贸易","31","上海市","39","千克","0","?","14,731",
"202508","85177950","光通信设备的激光收发模块","145","哈萨克斯坦","10","一般贸易","33","浙江省","33","千克","0","?","14,975",
"202508","85177950","光通信设备的激光收发模块","145","哈萨克斯坦","10","一般贸易","35","福建省","4","千克","0","?","5,170",
"202508","85177950","光通信设备的激光收发模块","145","哈萨克斯坦","10","一般贸易","41","河南省","11","千克","0","?","275",
"202508","85177950","光通信设备的激光收发模块","145","哈萨克斯坦","10","一般贸易","42","湖北省","19","千克","0","?","38,109",
"202508","85177950","光通信设备的激光收发模块","145","哈萨克斯坦","10","一般贸易","44","广东省","120","千克","0","?","179,676",
"202508","85177950","光通信设备的激光收发模块","145","哈萨克斯坦","22","对外承包工程出口货物","11","北京市","152","千克","0","?","141,261",
"202508","85177950","光通信设备的激光收发模块","145","哈萨克斯坦","34","海关特殊监管区域物流货物","44","广东省","39","千克","0","?","10,561",
"202508","85177950","光通信设备的激光收发模块","146","吉尔吉斯斯坦","10","一般贸易","42","湖北省","102","千克","0","?","42,405",
"202508","85177950","光通信设备的激光收发模块","146","吉尔吉斯斯坦","10","一般贸易","44","广东省","27","千克","0","?","27,813",
"202508","85177950","光通信设备的激光收发模块","147","塔吉克斯坦","10","一般贸易","44","广东省","0","千克","0","?","2,142",
"202508","85177950","光通信设备的激光收发模块","148","土库曼斯坦","10","一般贸易","44","广东省","1","千克","0","?","246",
"202508","85177950","光通信设备的激光收发模块","149","乌兹别克斯坦","10","一般贸易","31","上海市","185","千克","0","?","10,851",
"202508","85177950","光通信设备的激光收发模块","149","乌兹别克斯坦","10","一般贸易","33","浙江省","1","千克","0","?","567",
"202508","85177950","光通信设备的激光收发模块","149","乌兹别克斯坦","10","一般贸易","42","湖北省","5","千克","0","?","2,188",
"202508","85177950","光通信设备的激光收发模块","149","乌兹别克斯坦","10","一般贸易","44","广东省","39","千克","0","?","84,040",
"202508","85177950","光通信设备的激光收发模块","150","格鲁吉亚","10","一般贸易","31","上海市","1","千克","0","?","4,800",
"202508","85177950","光通信设备的激光收发模块","150","格鲁吉亚","10","一般贸易","33","浙江省","3","千克","0","?","1,209",
"202508","85177950","光通信设备的激光收发模块","150","格鲁吉亚","10","一般贸易","42","湖北省","10","千克","0","?","6,744",
"202508","85177950","光通信设备的激光收发模块","150","格鲁吉亚","10","一般贸易","44","广东省","6","千克","0","?","10,043",
"202508","85177950","光通信设备的激光收发模块","150","格鲁吉亚","10","一般贸易","51","四川省","2","千克","0","?","330",
"202508","85177950","光通信设备的激光收发模块","151","亚美尼亚","10","一般贸易","31","上海市","12","千克","0","?","1,398",
"202508","85177950","光通信设备的激光收发模块","151","亚美尼亚","10","一般贸易","33","浙江省","1","千克","0","?","441",
"202508","85177950","光通信设备的激光收发模块","151","亚美尼亚","10","一般贸易","44","广东省","1","千克","0","?","360",
"202508","85177950","光通信设备的激光收发模块","151","亚美尼亚","34","海关特殊监管区域物流货物","44","广东省","1","千克","0","?","2,098",
"202508","85177950","光通信设备的激光收发模块","152","阿塞拜疆","10","一般贸易","33","浙江省","7","千克","0","?","2,694",
"202508","85177950","光通信设备的激光收发模块","152","阿塞拜疆","10","一般贸易","42","湖北省","43","千克","0","?","27,541",
"202508","85177950","光通信设备的激光收发模块","152","阿塞拜疆","10","一般贸易","44","广东省","45","千克","0","?","43,951",
"202508","85177950","光通信设备的激光收发模块","201","阿尔及利亚","10","一般贸易","33","浙江省","1","千克","0","?","1,389",
"202508","85177950","光通信设备的激光收发模块","201","阿尔及利亚","10","一般贸易","44","广东省","73","千克","0","?","464,826",
"202508","85177950","光通信设备的激光收发模块","201","阿尔及利亚","10","一般贸易","45","广西壮族自治区","1","千克","0","?","232",
"202508","85177950","光通信设备的激光收发模块","201","阿尔及利亚","39","其他","44","广东省","8","千克","0","?","23,999",
"202508","85177950","光通信设备的激光收发模块","202","安哥拉","10","一般贸易","44","广东省","13","千克","0","?","3,829",
"202508","85177950","光通信设备的激光收发模块","202","安哥拉","10","一般贸易","51","四川省","6","千克","0","?","1,696",
"202508","85177950","光通信设备的激光收发模块","204","博茨瓦纳","10","一般贸易","44","广东省","21","千克","0","?","7,396",
"202508","85177950","光通信设备的激光收发模块","206","喀麦隆","10","一般贸易","33","浙江省","0","千克","0","?","44",
"202508","85177950","光通信设备的激光收发模块","206","喀麦隆","10","一般贸易","44","广东省","0","千克","0","?","316",
"202508","85177950","光通信设备的激光收发模块","209","中非","10","一般贸易","44","广东省","2","千克","0","?","677",
"202508","85177950","光通信设备的激光收发模块","211","乍得","10","一般贸易","44","广东省","9","千克","0","?","2,905",
"202508","85177950","光通信设备的激光收发模块","212","科摩罗","10","一般贸易","44","广东省","0","千克","0","?","33",
"202508","85177950","光通信设备的激光收发模块","213","刚果共和国","10","一般贸易","44","广东省","60","千克","0","?","35,626",
"202508","85177950","光通信设备的激光收发模块","215","埃及","10","一般贸易","11","北京市","2","千克","0","?","802",
"202508","85177950","光通信设备的激光收发模块","215","埃及","10","一般贸易","31","上海市","6","千克","0","?","1,289",
"202508","85177950","光通信设备的激光收发模块","215","埃及","10","一般贸易","44","广东省","180","千克","0","?","470,540",
"202508","85177950","光通信设备的激光收发模块","216","赤道几内亚","10","一般贸易","44","广东省","0","千克","0","?","10",
"202508","85177950","光通信设备的激光收发模块","217","埃塞俄比亚","10","一般贸易","31","上海市","3","千克","0","?","304",
"202508","85177950","光通信设备的激光收发模块","217","埃塞俄比亚","10","一般贸易","34","安徽省","6","千克","0","?","21,125",
"202508","85177950","光通信设备的激光收发模块","217","埃塞俄比亚","10","一般贸易","35","福建省","0","千克","0","?","494",
"202508","85177950","光通信设备的激光收发模块","217","埃塞俄比亚","10","一般贸易","44","广东省","212","千克","0","?","63,681",
"202508","85177950","光通信设备的激光收发模块","217","埃塞俄比亚","22","对外承包工程出口货物","32","江苏省","8","千克","0","?","2,826",
"202508","85177950","光通信设备的激光收发模块","219","冈比亚","10","一般贸易","44","广东省","2","千克","0","?","1,142",
"202508","85177950","光通信设备的激光收发模块","220","加纳","10","一般贸易","33","浙江省","0","千克","0","?","200",
"202508","85177950","光通信设备的激光收发模块","220","加纳","10","一般贸易","44","广东省","137","千克","0","?","57,488",
"202508","85177950","光通信设备的激光收发模块","220","加纳","10","一般贸易","50","重庆市","776","千克","0","?","1,932",
"202508","85177950","光通信设备的激光收发模块","220","加纳","10","一般贸易","65","新疆维吾尔自治区","304","千克","0","?","608",
"202508","85177950","光通信设备的激光收发模块","221","几内亚","10","一般贸易","44","广东省","12","千克","0","?","13,816",
"202508","85177950","光通信设备的激光收发模块","223","科特迪瓦","10","一般贸易","33","浙江省","3","千克","0","?","1,967",
"202508","85177950","光通信设备的激光收发模块","223","科特迪瓦","10","一般贸易","44","广东省","14","千克","0","?","44,890",
"202508","85177950","光通信设备的激光收发模块","224","肯尼亚","10","一般贸易","31","上海市","8","千克","0","?","6,060",
"202508","85177950","光通信设备的激光收发模块","224","肯尼亚","10","一般贸易","35","福建省","60","千克","0","?","1,278",
"202508","85177950","光通信设备的激光收发模块","224","肯尼亚","10","一般贸易","36","江西省","568","千克","0","?","2,210",
"202508","85177950","光通信设备的激光收发模块","224","肯尼亚","10","一般贸易","37","山东省","196","千克","0","?","4,234",
"202508","85177950","光通信设备的激光收发模块","224","肯尼亚","10","一般贸易","42","湖北省","6","千克","0","?","25,537",
"202508","85177950","光通信设备的激光收发模块","224","肯尼亚","10","一般贸易","44","广东省","230","千克","0","?","20,223",
"202508","85177950","光通信设备的激光收发模块","224","肯尼亚","10","一般贸易","50","重庆市","2882","千克","0","?","9,959",
"202508","85177950","光通信设备的激光收发模块","224","肯尼亚","34","海关特殊监管区域物流货物","32","江苏省","10","千克","0","?","2,670",
"202508","85177950","光通信设备的激光收发模块","225","利比里亚","10","一般贸易","44","广东省","0","千克","0","?","2,592",
"202508","85177950","光通信设备的激光收发模块","225","利比里亚","34","海关特殊监管区域物流货物","32","江苏省","1","千克","0","?","150",
"202508","85177950","光通信设备的激光收发模块","226","利比亚","10","一般贸易","44","广东省","3","千克","0","?","1,370",
"202508","85177950","光通信设备的激光收发模块","227","马达加斯加","10","一般贸易","11","北京市","10","千克","0","?","2,063",
"202508","85177950","光通信设备的激光收发模块","227","马达加斯加","10","一般贸易","44","广东省","42","千克","0","?","20,538",
"202508","85177950","光通信设备的激光收发模块","228","马拉维","10","一般贸易","44","广东省","10","千克","0","?","2,829",
"202508","85177950","光通信设备的激光收发模块","229","马里","10","一般贸易","44","广东省","18","千克","0","?","34,677",
"202508","85177950","光通信设备的激光收发模块","230","毛里塔尼亚","10","一般贸易","44","广东省","3","千克","0","?","1,051",
"202508","85177950","光通信设备的激光收发模块","231","毛里求斯","10","一般贸易","33","浙江省","0","千克","0","?","7",
"202508","85177950","光通信设备的激光收发模块","231","毛里求斯","10","一般贸易","44","广东省","11","千克","0","?","22,269",
"202508","85177950","光通信设备的激光收发模块","232","摩洛哥","10","一般贸易","33","浙江省","1","千克","0","?","325",
"202508","85177950","光通信设备的激光收发模块","232","摩洛哥","10","一般贸易","35","福建省","3","千克","0","?","3,856",
"202508","85177950","光通信设备的激光收发模块","232","摩洛哥","10","一般贸易","44","广东省","87","千克","0","?","46,991",
"202508","85177950","光通信设备的激光收发模块","233","莫桑比克","10","一般贸易","41","河南省","4248","千克","0","?","23,364",
"202508","85177950","光通信设备的激光收发模块","233","莫桑比克","10","一般贸易","44","广东省","1","千克","0","?","183",
"202508","85177950","光通信设备的激光收发模块","234","纳米比亚","10","一般贸易","44","广东省","0","千克","0","?","5",
"202508","85177950","光通信设备的激光收发模块","236","尼日利亚","10","一般贸易","33","浙江省","0","千克","0","?","334",
"202508","85177950","光通信设备的激光收发模块","236","尼日利亚","10","一般贸易","35","福建省","0","千克","0","?","176",
"202508","85177950","光通信设备的激光收发模块","236","尼日利亚","10","一般贸易","37","山东省","300","千克","0","?","6,480",
"202508","85177950","光通信设备的激光收发模块","236","尼日利亚","10","一般贸易","44","广东省","639","千克","0","?","265,334",
"202508","85177950","光通信设备的激光收发模块","236","尼日利亚","10","一般贸易","65","新疆维吾尔自治区","640","千克","0","?","1,920",
"202508","85177950","光通信设备的激光收发模块","237","留尼汪","10","一般贸易","44","广东省","7","千克","0","?","16,508",
"202508","85177950","光通信设备的激光收发模块","240","塞内加尔","10","一般贸易","21","辽宁省","192","千克","0","?","4,147",
"202508","85177950","光通信设备的激光收发模块","240","塞内加尔","10","一般贸易","42","湖北省","0","千克","0","?","205",
"202508","85177950","光通信设备的激光收发模块","240","塞内加尔","10","一般贸易","44","广东省","356","千克","0","?","18,745",
"202508","85177950","光通信设备的激光收发模块","241","塞舌尔","10","一般贸易","44","广东省","1","千克","0","?","724",
"202508","85177950","光通信设备的激光收发模块","244","南非","10","一般贸易","31","上海市","1","千克","0","?","308",
"202508","85177950","光通信设备的激光收发模块","244","南非","10","一般贸易","33","浙江省","18","千克","0","?","28,136",
"202508","85177950","光通信设备的激光收发模块","244","南非","10","一般贸易","37","山东省","385","千克","0","?","8,316",
"202508","85177950","光通信设备的激光收发模块","244","南非","10","一般贸易","42","湖北省","10","千克","0","?","6,061",
"202508","85177950","光通信设备的激光收发模块","244","南非","10","一般贸易","44","广东省","598","千克","0","?","294,384",
"202508","85177950","光通信设备的激光收发模块","244","南非","10","一般贸易","52","贵州省","4","千克","0","?","898",
"202508","85177950","光通信设备的激光收发模块","244","南非","15","进料加工贸易","44","广东省","1","千克","0","?","28,288",
"202508","85177950","光通信设备的激光收发模块","244","南非","33","保税监管场所进出境货物","44","广东省","4","千克","0","?","615",
"202508","85177950","光通信设备的激光收发模块","244","南非","34","海关特殊监管区域物流货物","32","江苏省","238","千克","0","?","36,635",
"202508","85177950","光通信设备的激光收发模块","246","苏丹","10","一般贸易","44","广东省","4","千克","0","?","5,389",
"202508","85177950","光通信设备的激光收发模块","247","坦桑尼亚","10","一般贸易","33","浙江省","23","千克","0","?","6,382",
"202508","85177950","光通信设备的激光收发模块","247","坦桑尼亚","10","一般贸易","35","福建省","236","千克","0","?","3,823",
"202508","85177950","光通信设备的激光收发模块","247","坦桑尼亚","10","一般贸易","37","山东省","467","千克","0","?","9,910",
"202508","85177950","光通信设备的激光收发模块","247","坦桑尼亚","10","一般贸易","44","广东省","336","千克","0","?","116,046",
"202508","85177950","光通信设备的激光收发模块","247","坦桑尼亚","33","保税监管场所进出境货物","44","广东省","1","千克","0","?","672",
"202508","85177950","光通信设备的激光收发模块","249","突尼斯","10","一般贸易","33","浙江省","8","千克","0","?","984",
"202508","85177950","光通信设备的激光收发模块","249","突尼斯","10","一般贸易","44","广东省","0","千克","0","?","1,027",
"202508","85177950","光通信设备的激光收发模块","249","突尼斯","33","保税监管场所进出境货物","44","广东省","6","千克","0","?","754",
"202508","85177950","光通信设备的激光收发模块","250","乌干达","10","一般贸易","33","浙江省","2","千克","0","?","2,927",
"202508","85177950","光通信设备的激光收发模块","250","乌干达","10","一般贸易","36","江西省","60","千克","0","?","6,126",
"202508","85177950","光通信设备的激光收发模块","250","乌干达","10","一般贸易","44","广东省","29","千克","0","?","23,414",
"202508","85177950","光通信设备的激光收发模块","251","布基纳法索","10","一般贸易","44","广东省","9","千克","0","?","27,127",
"202508","85177950","光通信设备的激光收发模块","252","刚果民主共和国","10","一般贸易","11","北京市","1","千克","0","?","573",
"202508","85177950","光通信设备的激光收发模块","252","刚果民主共和国","10","一般贸易","31","上海市","100","千克","0","?","36,627",
"202508","85177950","光通信设备的激光收发模块","252","刚果民主共和国","10","一般贸易","44","广东省","2","千克","0","?","312",
"202508","85177950","光通信设备的激光收发模块","253","赞比亚","10","一般贸易","44","广东省","201","千克","0","?","11,773",
"202508","85177950","光通信设备的激光收发模块","253","赞比亚","22","对外承包工程出口货物","11","北京市","53","千克","0","?","6,640",
"202508","85177950","光通信设备的激光收发模块","254","津巴布韦","10","一般贸易","33","浙江省","0","千克","0","?","3,578",
"202508","85177950","光通信设备的激光收发模块","254","津巴布韦","10","一般贸易","44","广东省","13","千克","0","?","10,662",
"202508","85177950","光通信设备的激光收发模块","257","斯威士兰","10","一般贸易","44","广东省","0","千克","0","?","772",
"202508","85177950","光通信设备的激光收发模块","258","厄立特里亚","22","对外承包工程出口货物","14","山西省","1","千克","0","?","1,320",
"202508","85177950","光通信设备的激光收发模块","301","比利时","10","一般贸易","11","北京市","0","千克","0","?","9,824",
"202508","85177950","光通信设备的激光收发模块","301","比利时","10","一般贸易","31","上海市","52","千克","0","?","106,724",
"202508","85177950","光通信设备的激光收发模块","301","比利时","10","一般贸易","33","浙江省","0","千克","0","?","9",
"202508","85177950","光通信设备的激光收发模块","301","比利时","10","一般贸易","34","安徽省","704","千克","0","?","89,998",
"202508","85177950","光通信设备的激光收发模块","301","比利时","10","一般贸易","42","湖北省","134","千克","0","?","117,182",
"202508","85177950","光通信设备的激光收发模块","301","比利时","10","一般贸易","44","广东省","160","千克","0","?","50,571",
"202508","85177950","光通信设备的激光收发模块","301","比利时","10","一般贸易","46","海南省","18","千克","0","?","1,951",
"202508","85177950","光通信设备的激光收发模块","301","比利时","10","一般贸易","51","四川省","32","千克","0","?","44,993",
"202508","85177950","光通信设备的激光收发模块","301","比利时","15","进料加工贸易","32","江苏省","92","千克","0","?","44,313",
"202508","85177950","光通信设备的激光收发模块","302","丹麦","10","一般贸易","31","上海市","15","千克","0","?","22,529",
"202508","85177950","光通信设备的激光收发模块","302","丹麦","10","一般贸易","34","安徽省","6","千克","0","?","625",
"202508","85177950","光通信设备的激光收发模块","302","丹麦","10","一般贸易","41","河南省","5","千克","0","?","11,150",
"202508","85177950","光通信设备的激光收发模块","302","丹麦","10","一般贸易","42","湖北省","16","千克","0","?","14,026",
"202508","85177950","光通信设备的激光收发模块","302","丹麦","10","一般贸易","44","广东省","152","千克","0","?","103,891",
"202508","85177950","光通信设备的激光收发模块","302","丹麦","10","一般贸易","51","四川省","433","千克","0","?","252,195",
"202508","85177950","光通信设备的激光收发模块","302","丹麦","15","进料加工贸易","32","江苏省","0","千克","0","?","3,056",
"202508","85177950","光通信设备的激光收发模块","303","英国","10","一般贸易","12","天津市","0","千克","0","?","276",
"202508","85177950","光通信设备的激光收发模块","303","英国","10","一般贸易","31","上海市","54","千克","0","?","67,033",
"202508","85177950","光通信设备的激光收发模块","303","英国","10","一般贸易","32","江苏省","303","千克","0","?","828,145",
"202508","85177950","光通信设备的激光收发模块","303","英国","10","一般贸易","33","浙江省","5","千克","0","?","5,280",
"202508","85177950","光通信设备的激光收发模块","303","英国","10","一般贸易","35","福建省","1","千克","0","?","572",
"202508","85177950","光通信设备的激光收发模块","303","英国","10","一般贸易","37","山东省","219","千克","0","?","9,757",
"202508","85177950","光通信设备的激光收发模块","303","英国","10","一般贸易","42","湖北省","648","千克","0","?","653,253",
"202508","85177950","光通信设备的激光收发模块","303","英国","10","一般贸易","44","广东省","1785","千克","0","?","937,573",
"202508","85177950","光通信设备的激光收发模块","303","英国","10","一般贸易","45","广西壮族自治区","9","千克","0","?","1,017",
"202508","85177950","光通信设备的激光收发模块","303","英国","10","一般贸易","51","四川省","135","千克","0","?","451,791",
"202508","85177950","光通信设备的激光收发模块","303","英国","15","进料加工贸易","32","江苏省","2","千克","0","?","920",
"202508","85177950","光通信设备的激光收发模块","303","英国","15","进料加工贸易","44","广东省","0","千克","0","?","4,301",
"202508","85177950","光通信设备的激光收发模块","303","英国","15","进料加工贸易","51","四川省","4","千克","0","?","16,836",
"202508","85177950","光通信设备的激光收发模块","303","英国","33","保税监管场所进出境货物","44","广东省","51","千克","0","?","6,781",
"202508","85177950","光通信设备的激光收发模块","303","英国","34","海关特殊监管区域物流货物","32","江苏省","1","千克","0","?","649",
"202508","85177950","光通信设备的激光收发模块","303","英国","34","海关特殊监管区域物流货物","35","福建省","24","千克","0","?","9,524",
"202508","85177950","光通信设备的激光收发模块","303","英国","34","海关特殊监管区域物流货物","44","广东省","161","千克","0","?","133,279",
"202508","85177950","光通信设备的激光收发模块","304","德国","10","一般贸易","11","北京市","29","千克","0","?","20,775",
"202508","85177950","光通信设备的激光收发模块","304","德国","10","一般贸易","31","上海市","1","千克","0","?","2,536",
"202508","85177950","光通信设备的激光收发模块","304","德国","10","一般贸易","32","江苏省","58","千克","0","?","228,865",
"202508","85177950","光通信设备的激光收发模块","304","德国","10","一般贸易","33","浙江省","29","千克","0","?","51,311",
"202508","85177950","光通信设备的激光收发模块","304","德国","10","一般贸易","35","福建省","0","千克","0","?","618",
"202508","85177950","光通信设备的激光收发模块","304","德国","10","一般贸易","37","山东省","12","千克","0","?","25,485",
"202508","85177950","光通信设备的激光收发模块","304","德国","10","一般贸易","42","湖北省","1281","千克","0","?","964,337",
"202508","85177950","光通信设备的激光收发模块","304","德国","10","一般贸易","44","广东省","2832","千克","0","?","2,151,250",
"202508","85177950","光通信设备的激光收发模块","304","德国","10","一般贸易","51","四川省","1893","千克","0","?","880,924",
"202508","85177950","光通信设备的激光收发模块","304","德国","10","一般贸易","52","贵州省","32","千克","0","?","13,908",
"202508","85177950","光通信设备的激光收发模块","304","德国","15","进料加工贸易","32","江苏省","43","千克","0","?","387,244",
"202508","85177950","光通信设备的激光收发模块","304","德国","15","进料加工贸易","44","广东省","0","千克","0","?","50",
"202508","85177950","光通信设备的激光收发模块","304","德国","15","进料加工贸易","51","四川省","5","千克","0","?","6,370",
"202508","85177950","光通信设备的激光收发模块","304","德国","33","保税监管场所进出境货物","44","广东省","17","千克","0","?","1,750",
"202508","85177950","光通信设备的激光收发模块","304","德国","34","海关特殊监管区域物流货物","32","江苏省","3","千克","0","?","10,433",
"202508","85177950","光通信设备的激光收发模块","304","德国","34","海关特殊监管区域物流货物","42","湖北省","1241","千克","0","?","2,234,144",
"202508","85177950","光通信设备的激光收发模块","304","德国","34","海关特殊监管区域物流货物","44","广东省","173","千克","0","?","220,018",
"202508","85177950","光通信设备的激光收发模块","304","德国","39","其他","11","北京市","1","千克","0","?","13,479",
"202508","85177950","光通信设备的激光收发模块","304","德国","39","其他","44","广东省","0","千克","0","?","24",
"202508","85177950","光通信设备的激光收发模块","305","法国","10","一般贸易","31","上海市","8","千克","0","?","720",
"202508","85177950","光通信设备的激光收发模块","305","法国","10","一般贸易","32","江苏省","0","千克","0","?","2,973",
"202508","85177950","光通信设备的激光收发模块","305","法国","10","一般贸易","33","浙江省","21","千克","0","?","17,295",
"202508","85177950","光通信设备的激光收发模块","305","法国","10","一般贸易","35","福建省","63","千克","0","?","7,675",
"202508","85177950","光通信设备的激光收发模块","305","法国","10","一般贸易","41","河南省","13","千克","0","?","3,353",
"202508","85177950","光通信设备的激光收发模块","305","法国","10","一般贸易","42","湖北省","69","千克","0","?","51,236",
"202508","85177950","光通信设备的激光收发模块","305","法国","10","一般贸易","44","广东省","230","千克","0","?","117,150",
"202508","85177950","光通信设备的激光收发模块","305","法国","10","一般贸易","45","广西壮族自治区","21","千克","0","?","22,477",
"202508","85177950","光通信设备的激光收发模块","305","法国","10","一般贸易","51","四川省","449","千克","0","?","203,615",
"202508","85177950","光通信设备的激光收发模块","305","法国","15","进料加工贸易","32","江苏省","8","千克","0","?","14,208",
"202508","85177950","光通信设备的激光收发模块","305","法国","15","进料加工贸易","51","四川省","2","千克","0","?","14,976",
"202508","85177950","光通信设备的激光收发模块","306","爱尔兰","10","一般贸易","21","辽宁省","0","千克","0","?","13,475",
"202508","85177950","光通信设备的激光收发模块","306","爱尔兰","10","一般贸易","32","江苏省","1017","千克","0","?","1,713,000",
"202508","85177950","光通信设备的激光收发模块","306","爱尔兰","10","一般贸易","33","浙江省","2","千克","0","?","2,285",
"202508","85177950","光通信设备的激光收发模块","306","爱尔兰","10","一般贸易","44","广东省","44","千克","0","?","115,180",
"202508","85177950","光通信设备的激光收发模块","306","爱尔兰","10","一般贸易","52","贵州省","10","千克","0","?","3,906",
"202508","85177950","光通信设备的激光收发模块","306","爱尔兰","15","进料加工贸易","32","江苏省","253","千克","0","?","127,374",
"202508","85177950","光通信设备的激光收发模块","306","爱尔兰","15","进料加工贸易","33","浙江省","305","千克","0","?","287,681",
"202508","85177950","光通信设备的激光收发模块","307","意大利","10","一般贸易","31","上海市","5","千克","0","?","289",
"202508","85177950","光通信设备的激光收发模块","307","意大利","10","一般贸易","32","江苏省","30","千克","0","?","29,300",
"202508","85177950","光通信设备的激光收发模块","307","意大利","10","一般贸易","33","浙江省","63","千克","0","?","24,267",
"202508","85177950","光通信设备的激光收发模块","307","意大利","10","一般贸易","35","福建省","0","千克","0","?","96",
"202508","85177950","光通信设备的激光收发模块","307","意大利","10","一般贸易","37","山东省","21","千克","0","?","639",
"202508","85177950","光通信设备的激光收发模块","307","意大利","10","一般贸易","42","湖北省","4","千克","0","?","9,765",
"202508","85177950","光通信设备的激光收发模块","307","意大利","10","一般贸易","44","广东省","256","千克","0","?","165,121",
"202508","85177950","光通信设备的激光收发模块","307","意大利","10","一般贸易","46","海南省","21","千克","0","?","3,140",
"202508","85177950","光通信设备的激光收发模块","307","意大利","10","一般贸易","51","四川省","1","千克","0","?","2,800",
"202508","85177950","光通信设备的激光收发模块","307","意大利","15","进料加工贸易","51","四川省","0","千克","0","?","559",
"202508","85177950","光通信设备的激光收发模块","307","意大利","33","保税监管场所进出境货物","44","广东省","25","千克","0","?","2,529",
"202508","85177950","光通信设备的激光收发模块","308","卢森堡","10","一般贸易","42","湖北省","10","千克","0","?","3,178",
"202508","85177950","光通信设备的激光收发模块","308","卢森堡","10","一般贸易","44","广东省","3","千克","0","?","2,756",
"202508","85177950","光通信设备的激光收发模块","309","荷兰","10","一般贸易","12","天津市","133","千克","0","?","47,944",
"202508","85177950","光通信设备的激光收发模块","309","荷兰","10","一般贸易","21","辽宁省","89","千克","0","?","1,922",
"202508","85177950","光通信设备的激光收发模块","309","荷兰","10","一般贸易","31","上海市","36","千克","0","?","114,891",
"202508","85177950","光通信设备的激光收发模块","309","荷兰","10","一般贸易","32","江苏省","401","千克","0","?","864,871",
"202508","85177950","光通信设备的激光收发模块","309","荷兰","10","一般贸易","33","浙江省","523","千克","0","?","732,314",
"202508","85177950","光通信设备的激光收发模块","309","荷兰","10","一般贸易","35","福建省","112","千克","0","?","2,419",
"202508","85177950","光通信设备的激光收发模块","309","荷兰","10","一般贸易","37","山东省","125","千克","0","?","2,703",
"202508","85177950","光通信设备的激光收发模块","309","荷兰","10","一般贸易","42","湖北省","2113","千克","0","?","1,932,426",
"202508","85177950","光通信设备的激光收发模块","309","荷兰","10","一般贸易","44","广东省","3839","千克","0","?","983,768",
"202508","85177950","光通信设备的激光收发模块","309","荷兰","10","一般贸易","45","广西壮族自治区","8","千克","0","?","494",
"202508","85177950","光通信设备的激光收发模块","309","荷兰","10","一般贸易","46","海南省","14","千克","0","?","1,652",
"202508","85177950","光通信设备的激光收发模块","309","荷兰","10","一般贸易","51","四川省","594","千克","0","?","648,744",
"202508","85177950","光通信设备的激光收发模块","309","荷兰","10","一般贸易","61","陕西省","1","千克","0","?","560",
"202508","85177950","光通信设备的激光收发模块","309","荷兰","10","一般贸易","65","新疆维吾尔自治区","30","千克","0","?","1,352",
"202508","85177950","光通信设备的激光收发模块","309","荷兰","15","进料加工贸易","32","江苏省","392","千克","0","?","830,004",
"202508","85177950","光通信设备的激光收发模块","309","荷兰","15","进料加工贸易","44","广东省","6","千克","0","?","36,388",
"202508","85177950","光通信设备的激光收发模块","309","荷兰","15","进料加工贸易","51","四川省","283","千克","0","?","262,477",
"202508","85177950","光通信设备的激光收发模块","309","荷兰","33","保税监管场所进出境货物","44","广东省","25","千克","0","?","1,088",
"202508","85177950","光通信设备的激光收发模块","309","荷兰","34","海关特殊监管区域物流货物","32","江苏省","60","千克","0","?","20,233",
"202508","85177950","光通信设备的激光收发模块","310","希腊","10","一般贸易","35","福建省","0","千克","0","?","652",
"202508","85177950","光通信设备的激光收发模块","310","希腊","10","一般贸易","44","广东省","31","千克","0","?","4,149",
"202508","85177950","光通信设备的激光收发模块","310","希腊","33","保税监管场所进出境货物","44","广东省","1","千克","0","?","939",
"202508","85177950","光通信设备的激光收发模块","311","葡萄牙","10","一般贸易","33","浙江省","4","千克","0","?","2,898",
"202508","85177950","光通信设备的激光收发模块","311","葡萄牙","10","一般贸易","43","湖南省","0","千克","0","?","293",
"202508","85177950","光通信设备的激光收发模块","311","葡萄牙","10","一般贸易","44","广东省","638","千克","0","?","682,313",
"202508","85177950","光通信设备的激光收发模块","312","西班牙","10","一般贸易","31","上海市","12","千克","0","?","849",
"202508","85177950","光通信设备的激光收发模块","312","西班牙","10","一般贸易","33","浙江省","75","千克","0","?","83,326",
"202508","85177950","光通信设备的激光收发模块","312","西班牙","10","一般贸易","35","福建省","28","千克","0","?","32,658",
"202508","85177950","光通信设备的激光收发模块","312","西班牙","10","一般贸易","37","山东省","0","千克","0","?","17",
"202508","85177950","光通信设备的激光收发模块","312","西班牙","10","一般贸易","44","广东省","82","千克","0","?","102,062",
"202508","85177950","光通信设备的激光收发模块","312","西班牙","10","一般贸易","61","陕西省","2","千克","0","?","841",
"202508","85177950","光通信设备的激光收发模块","312","西班牙","33","保税监管场所进出境货物","44","广东省","15","千克","0","?","1,707",
"202508","85177950","光通信设备的激光收发模块","312","西班牙","34","海关特殊监管区域物流货物","32","江苏省","2","千克","0","?","2,624",
"202508","85177950","光通信设备的激光收发模块","313","阿尔巴尼亚","10","一般贸易","42","湖北省","3","千克","0","?","716",
"202508","85177950","光通信设备的激光收发模块","315","奥地利","10","一般贸易","31","上海市","3","千克","0","?","2,166",
"202508","85177950","光通信设备的激光收发模块","315","奥地利","10","一般贸易","33","浙江省","6","千克","0","?","1,884",
"202508","85177950","光通信设备的激光收发模块","315","奥地利","10","一般贸易","44","广东省","148","千克","0","?","95,223",
"202508","85177950","光通信设备的激光收发模块","315","奥地利","10","一般贸易","45","广西壮族自治区","3","千克","0","?","150",
"202508","85177950","光通信设备的激光收发模块","316","保加利亚","10","一般贸易","33","浙江省","0","千克","0","?","374",
"202508","85177950","光通信设备的激光收发模块","316","保加利亚","10","一般贸易","35","福建省","0","千克","0","?","75",
"202508","85177950","光通信设备的激光收发模块","316","保加利亚","10","一般贸易","37","山东省","15","千克","0","?","247",
"202508","85177950","光通信设备的激光收发模块","316","保加利亚","10","一般贸易","42","湖北省","8","千克","0","?","3,806",
"202508","85177950","光通信设备的激光收发模块","316","保加利亚","10","一般贸易","44","广东省","16","千克","0","?","4,427",
"202508","85177950","光通信设备的激光收发模块","316","保加利亚","10","一般贸易","51","四川省","22","千克","0","?","7,347",
"202508","85177950","光通信设备的激光收发模块","318","芬兰","10","一般贸易","33","浙江省","7","千克","0","?","5,953",
"202508","85177950","光通信设备的激光收发模块","318","芬兰","10","一般贸易","42","湖北省","106","千克","0","?","33,836",
"202508","85177950","光通信设备的激光收发模块","318","芬兰","10","一般贸易","44","广东省","205","千克","0","?","66,309",
"202508","85177950","光通信设备的激光收发模块","318","芬兰","10","一般贸易","45","广西壮族自治区","1","千克","0","?","115",
"202508","85177950","光通信设备的激光收发模块","318","芬兰","10","一般贸易","46","海南省","0","千克","0","?","37",
"202508","85177950","光通信设备的激光收发模块","318","芬兰","10","一般贸易","51","四川省","16","千克","0","?","30,450",
"202508","85177950","光通信设备的激光收发模块","318","芬兰","15","进料加工贸易","33","浙江省","11","千克","0","?","9,189",
"202508","85177950","光通信设备的激光收发模块","318","芬兰","15","进料加工贸易","44","广东省","0","千克","0","?","124",
"202508","85177950","光通信设备的激光收发模块","318","芬兰","15","进料加工贸易","51","四川省","0","千克","0","?","768",
"202508","85177950","光通信设备的激光收发模块","318","芬兰","34","海关特殊监管区域物流货物","32","江苏省","5","千克","0","?","4,521",
"202508","85177950","光通信设备的激光收发模块","321","匈牙利","10","一般贸易","11","北京市","16","千克","0","?","5,960",
"202508","85177950","光通信设备的激光收发模块","321","匈牙利","10","一般贸易","33","浙江省","4","千克","0","?","1,901",
"202508","85177950","光通信设备的激光收发模块","321","匈牙利","10","一般贸易","37","山东省","0","千克","0","?","18",
"202508","85177950","光通信设备的激光收发模块","321","匈牙利","10","一般贸易","44","广东省","1887","千克","0","?","2,309,072",
"202508","85177950","光通信设备的激光收发模块","321","匈牙利","10","一般贸易","46","海南省","24","千克","0","?","3,644",
"202508","85177950","光通信设备的激光收发模块","321","匈牙利","10","一般贸易","50","重庆市","0","千克","0","?","1,393",
"202508","85177950","光通信设备的激光收发模块","321","匈牙利","10","一般贸易","51","四川省","4","千克","0","?","1,326",
"202508","85177950","光通信设备的激光收发模块","321","匈牙利","33","保税监管场所进出境货物","44","广东省","7","千克","0","?","26,899",
"202508","85177950","光通信设备的激光收发模块","322","冰岛","10","一般贸易","34","安徽省","276","千克","0","?","921,242",
"202508","85177950","光通信设备的激光收发模块","322","冰岛","10","一般贸易","36","江西省","0","千克","0","?","8",
"202508","85177950","光通信设备的激光收发模块","322","冰岛","10","一般贸易","44","广东省","28","千克","0","?","29,266",
"202508","85177950","光通信设备的激光收发模块","323","列支敦士登","10","一般贸易","44","广东省","1","千克","0","?","309",
"202508","85177950","光通信设备的激光收发模块","324","马耳他","10","一般贸易","44","广东省","0","千克","0","?","261",
"202508","85177950","光通信设备的激光收发模块","326","挪威","10","一般贸易","11","北京市","73","千克","0","?","127,331",
"202508","85177950","光通信设备的激光收发模块","326","挪威","10","一般贸易","31","上海市","3","千克","0","?","5,298",
"202508","85177950","光通信设备的激光收发模块","326","挪威","10","一般贸易","32","江苏省","7","千克","0","?","61,238",
"202508","85177950","光通信设备的激光收发模块","326","挪威","10","一般贸易","33","浙江省","291","千克","0","?","76,039",
"202508","85177950","光通信设备的激光收发模块","326","挪威","10","一般贸易","42","湖北省","718","千克","0","?","1,891,783",
"202508","85177950","光通信设备的激光收发模块","326","挪威","10","一般贸易","44","广东省","207","千克","0","?","125,610",
"202508","85177950","光通信设备的激光收发模块","326","挪威","10","一般贸易","45","广西壮族自治区","33","千克","0","?","2,827",
"202508","85177950","光通信设备的激光收发模块","326","挪威","10","一般贸易","51","四川省","93","千克","0","?","185,776",
"202508","85177950","光通信设备的激光收发模块","327","波兰","10","一般贸易","31","上海市","62","千克","0","?","160,478",
"202508","85177950","光通信设备的激光收发模块","327","波兰","10","一般贸易","32","江苏省","57","千克","0","?","52",
"202508","85177950","光通信设备的激光收发模块","327","波兰","10","一般贸易","33","浙江省","166","千克","0","?","90,220",
"202508","85177950","光通信设备的激光收发模块","327","波兰","10","一般贸易","35","福建省","170","千克","0","?","5,920",
"202508","85177950","光通信设备的激光收发模块","327","波兰","10","一般贸易","37","山东省","167","千克","0","?","3,624",
"202508","85177950","光通信设备的激光收发模块","327","波兰","10","一般贸易","42","湖北省","126","千克","0","?","137,291",
"202508","85177950","光通信设备的激光收发模块","327","波兰","10","一般贸易","44","广东省","774","千克","0","?","167,673",
"202508","85177950","光通信设备的激光收发模块","327","波兰","10","一般贸易","45","广西壮族自治区","55","千克","0","?","1,288",
"202508","85177950","光通信设备的激光收发模块","327","波兰","10","一般贸易","50","重庆市","5","千克","0","?","28",
"202508","85177950","光通信设备的激光收发模块","327","波兰","10","一般贸易","51","四川省","80","千克","0","?","68,011",
"202508","85177950","光通信设备的激光收发模块","327","波兰","10","一般贸易","65","新疆维吾尔自治区","28","千克","0","?","34",
"202508","85177950","光通信设备的激光收发模块","327","波兰","15","进料加工贸易","32","江苏省","1","千克","0","?","35,249",
"202508","85177950","光通信设备的激光收发模块","327","波兰","33","保税监管场所进出境货物","44","广东省","68","千克","0","?","11,367",
"202508","85177950","光通信设备的激光收发模块","327","波兰","34","海关特殊监管区域物流货物","32","江苏省","0","千克","0","?","2,569",
"202508","85177950","光通信设备的激光收发模块","328","罗马尼亚","10","一般贸易","31","上海市","81","千克","0","?","19,050",
"202508","85177950","光通信设备的激光收发模块","328","罗马尼亚","10","一般贸易","33","浙江省","98","千克","0","?","40,715",
"202508","85177950","光通信设备的激光收发模块","328","罗马尼亚","10","一般贸易","41","河南省","2","千克","0","?","19,215",
"202508","85177950","光通信设备的激光收发模块","328","罗马尼亚","10","一般贸易","42","湖北省","2","千克","0","?","2,560",
"202508","85177950","光通信设备的激光收发模块","328","罗马尼亚","10","一般贸易","44","广东省","109","千克","0","?","38,639",
"202508","85177950","光通信设备的激光收发模块","328","罗马尼亚","10","一般贸易","51","四川省","6","千克","0","?","12,875",
"202508","85177950","光通信设备的激光收发模块","328","罗马尼亚","15","进料加工贸易","44","广东省","0","千克","0","?","172,880",
"202508","85177950","光通信设备的激光收发模块","328","罗马尼亚","34","海关特殊监管区域物流货物","32","江苏省","1","千克","0","?","5,338",
"202508","85177950","光通信设备的激光收发模块","330","瑞典","10","一般贸易","32","江苏省","4","千克","0","?","12,464",
"202508","85177950","光通信设备的激光收发模块","330","瑞典","10","一般贸易","33","浙江省","5","千克","0","?","1,383",
"202508","85177950","光通信设备的激光收发模块","330","瑞典","10","一般贸易","42","湖北省","1761","千克","0","?","603,858",
"202508","85177950","光通信设备的激光收发模块","330","瑞典","10","一般贸易","44","广东省","99","千克","0","?","69,000",
"202508","85177950","光通信设备的激光收发模块","330","瑞典","10","一般贸易","45","广西壮族自治区","15","千克","0","?","1,629",
"202508","85177950","光通信设备的激光收发模块","330","瑞典","10","一般贸易","51","四川省","994","千克","0","?","266,298",
"202508","85177950","光通信设备的激光收发模块","330","瑞典","15","进料加工贸易","51","四川省","765","千克","0","?","165,367",
"202508","85177950","光通信设备的激光收发模块","330","瑞典","34","海关特殊监管区域物流货物","32","江苏省","3","千克","0","?","20,021",
"202508","85177950","光通信设备的激光收发模块","331","瑞士","10","一般贸易","21","辽宁省","46","千克","0","?","102,483",
"202508","85177950","光通信设备的激光收发模块","331","瑞士","10","一般贸易","33","浙江省","0","千克","0","?","74",
"202508","85177950","光通信设备的激光收发模块","331","瑞士","10","一般贸易","42","湖北省","9","千克","0","?","6,891",
"202508","85177950","光通信设备的激光收发模块","331","瑞士","10","一般贸易","44","广东省","216","千克","0","?","111,855",
"202508","85177950","光通信设备的激光收发模块","334","爱沙尼亚","10","一般贸易","33","浙江省","2","千克","0","?","990",
"202508","85177950","光通信设备的激光收发模块","334","爱沙尼亚","10","一般贸易","44","广东省","0","千克","0","?","607",
"202508","85177950","光通信设备的激光收发模块","335","拉脱维亚","10","一般贸易","44","广东省","569","千克","0","?","260,730",
"202508","85177950","光通信设备的激光收发模块","335","拉脱维亚","10","一般贸易","45","广西壮族自治区","78","千克","0","?","65,581",
"202508","85177950","光通信设备的激光收发模块","335","拉脱维亚","10","一般贸易","51","四川省","8","千克","0","?","4,600",
"202508","85177950","光通信设备的激光收发模块","336","立陶宛","10","一般贸易","44","广东省","128","千克","0","?","21,365",
"202508","85177950","光通信设备的激光收发模块","340","白俄罗斯","10","一般贸易","31","上海市","1","千克","0","?","342",
"202508","85177950","光通信设备的激光收发模块","340","白俄罗斯","10","一般贸易","33","浙江省","0","千克","0","?","232",
"202508","85177950","光通信设备的激光收发模块","340","白俄罗斯","10","一般贸易","44","广东省","15","千克","0","?","17,335",
"202508","85177950","光通信设备的激光收发模块","343","摩尔多瓦","10","一般贸易","44","广东省","23","千克","0","?","23,278",
"202508","85177950","光通信设备的激光收发模块","344","俄罗斯","10","一般贸易","11","北京市","15","千克","0","?","11,688",
"202508","85177950","光通信设备的激光收发模块","344","俄罗斯","10","一般贸易","13","河北省","1","千克","0","?","275",
"202508","85177950","光通信设备的激光收发模块","344","俄罗斯","10","一般贸易","21","辽宁省","1164","千克","0","?","52,405",
"202508","85177950","光通信设备的激光收发模块","344","俄罗斯","10","一般贸易","31","上海市","561","千克","0","?","317,684",
"202508","85177950","光通信设备的激光收发模块","344","俄罗斯","10","一般贸易","32","江苏省","279","千克","0","?","378,443",
"202508","85177950","光通信设备的激光收发模块","344","俄罗斯","10","一般贸易","33","浙江省","1010","千克","0","?","83,963",
"202508","85177950","光通信设备的激光收发模块","344","俄罗斯","10","一般贸易","34","安徽省","845","千克","0","?","172,411",
"202508","85177950","光通信设备的激光收发模块","344","俄罗斯","10","一般贸易","37","山东省","2267","千克","0","?","1,346,399",
"202508","85177950","光通信设备的激光收发模块","344","俄罗斯","10","一般贸易","42","湖北省","2012","千克","0","?","710,083",
"202508","85177950","光通信设备的激光收发模块","344","俄罗斯","10","一般贸易","44","广东省","3866","千克","0","?","1,075,308",
"202508","85177950","光通信设备的激光收发模块","344","俄罗斯","10","一般贸易","50","重庆市","0","千克","0","?","118",
"202508","85177950","光通信设备的激光收发模块","344","俄罗斯","10","一般贸易","53","云南省","20","千克","0","?","4,649",
"202508","85177950","光通信设备的激光收发模块","344","俄罗斯","10","一般贸易","61","陕西省","19","千克","0","?","111,403",
"202508","85177950","光通信设备的激光收发模块","344","俄罗斯","33","保税监管场所进出境货物","11","北京市","240","千克","0","?","591,659",
"202508","85177950","光通信设备的激光收发模块","344","俄罗斯","33","保税监管场所进出境货物","43","湖南省","17","千克","0","?","2,473",
"202508","85177950","光通信设备的激光收发模块","344","俄罗斯","34","海关特殊监管区域物流货物","13","河北省","1888","千克","0","?","1,277,093",
"202508","85177950","光通信设备的激光收发模块","344","俄罗斯","34","海关特殊监管区域物流货物","23","黑龙江省","170","千克","0","?","84,926",
"202508","85177950","光通信设备的激光收发模块","344","俄罗斯","34","海关特殊监管区域物流货物","31","上海市","1","千克","0","?","2,059",
"202508","85177950","光通信设备的激光收发模块","344","俄罗斯","34","海关特殊监管区域物流货物","42","湖北省","244","千克","0","?","132,773",
"202508","85177950","光通信设备的激光收发模块","344","俄罗斯","34","海关特殊监管区域物流货物","44","广东省","74","千克","0","?","12,740",
"202508","85177950","光通信设备的激光收发模块","347","乌克兰","10","一般贸易","31","上海市","18","千克","0","?","7,839",
"202508","85177950","光通信设备的激光收发模块","347","乌克兰","10","一般贸易","44","广东省","187","千克","0","?","304,888",
"202508","85177950","光通信设备的激光收发模块","347","乌克兰","10","一般贸易","45","广西壮族自治区","2","千克","0","?","279",
"202508","85177950","光通信设备的激光收发模块","350","斯洛文尼亚","10","一般贸易","31","上海市","24","千克","0","?","34,251",
"202508","85177950","光通信设备的激光收发模块","350","斯洛文尼亚","10","一般贸易","35","福建省","0","千克","0","?","116",
"202508","85177950","光通信设备的激光收发模块","350","斯洛文尼亚","10","一般贸易","42","湖北省","1","千克","0","?","254",
"202508","85177950","光通信设备的激光收发模块","350","斯洛文尼亚","10","一般贸易","44","广东省","76","千克","0","?","34,133",
"202508","85177950","光通信设备的激光收发模块","350","斯洛文尼亚","33","保税监管场所进出境货物","44","广东省","0","千克","0","?","540",
"202508","85177950","光通信设备的激光收发模块","351","克罗地亚","33","保税监管场所进出境货物","44","广东省","1","千克","0","?","552",
"202508","85177950","光通信设备的激光收发模块","352","捷克","10","一般贸易","31","上海市","6","千克","0","?","2,115",
"202508","85177950","光通信设备的激光收发模块","352","捷克","10","一般贸易","33","浙江省","1","千克","0","?","642",
"202508","85177950","光通信设备的激光收发模块","352","捷克","10","一般贸易","35","福建省","27","千克","0","?","1,714",
"202508","85177950","光通信设备的激光收发模块","352","捷克","10","一般贸易","42","湖北省","125","千克","0","?","56,374",
"202508","85177950","光通信设备的激光收发模块","352","捷克","10","一般贸易","44","广东省","1283","千克","0","?","388,327",
"202508","85177950","光通信设备的激光收发模块","352","捷克","10","一般贸易","45","广西壮族自治区","1","千克","0","?","758",
"202508","85177950","光通信设备的激光收发模块","352","捷克","15","进料加工贸易","32","江苏省","119","千克","0","?","60,801",
"202508","85177950","光通信设备的激光收发模块","353","斯洛伐克","10","一般贸易","42","湖北省","0","千克","0","?","404",
"202508","85177950","光通信设备的激光收发模块","353","斯洛伐克","10","一般贸易","44","广东省","1","千克","0","?","2,309",
"202508","85177950","光通信设备的激光收发模块","353","斯洛伐克","10","一般贸易","45","广西壮族自治区","15","千克","0","?","249",
"202508","85177950","光通信设备的激光收发模块","353","斯洛伐克","10","一般贸易","51","四川省","21","千克","0","?","37,400",
"202508","85177950","光通信设备的激光收发模块","354","北马其顿","10","一般贸易","44","广东省","19","千克","0","?","4,241",
"202508","85177950","光通信设备的激光收发模块","355","波斯尼亚和黑塞哥维那","10","一般贸易","44","广东省","5","千克","0","?","2,301",
"202508","85177950","光通信设备的激光收发模块","358","塞尔维亚","10","一般贸易","31","上海市","1","千克","0","?","1,567",
"202508","85177950","光通信设备的激光收发模块","358","塞尔维亚","10","一般贸易","33","浙江省","2","千克","0","?","1,420",
"202508","85177950","光通信设备的激光收发模块","358","塞尔维亚","10","一般贸易","35","福建省","1","千克","0","?","544",
"202508","85177950","光通信设备的激光收发模块","358","塞尔维亚","10","一般贸易","42","湖北省","0","千克","0","?","1,240",
"202508","85177950","光通信设备的激光收发模块","358","塞尔维亚","10","一般贸易","44","广东省","9","千克","0","?","5,192",
"202508","85177950","光通信设备的激光收发模块","358","塞尔维亚","33","保税监管场所进出境货物","44","广东省","4","千克","0","?","1,898",
"202508","85177950","光通信设备的激光收发模块","402","阿根廷","10","一般贸易","31","上海市","0","千克","0","?","400",
"202508","85177950","光通信设备的激光收发模块","402","阿根廷","10","一般贸易","32","江苏省","2","千克","0","?","15,300",
"202508","85177950","光通信设备的激光收发模块","402","阿根廷","10","一般贸易","33","浙江省","2","千克","0","?","758",
"202508","85177950","光通信设备的激光收发模块","402","阿根廷","10","一般贸易","37","山东省","10","千克","0","?","1,395",
"202508","85177950","光通信设备的激光收发模块","402","阿根廷","10","一般贸易","42","湖北省","2","千克","0","?","410",
"202508","85177950","光通信设备的激光收发模块","402","阿根廷","10","一般贸易","44","广东省","133","千克","0","?","315,940",
"202508","85177950","光通信设备的激光收发模块","402","阿根廷","34","海关特殊监管区域物流货物","32","江苏省","9","千克","0","?","4,129",
"202508","85177950","光通信设备的激光收发模块","404","巴哈马","34","海关特殊监管区域物流货物","32","江苏省","5","千克","0","?","6,244",
"202508","85177950","光通信设备的激光收发模块","405","巴巴多斯","10","一般贸易","44","广东省","4","千克","0","?","848",
"202508","85177950","光通信设备的激光收发模块","408","玻利维亚
","10","一般贸易","31","上海市","1","千克","0","?","1,183",
"202508","85177950","光通信设备的激光收发模块","408","玻利维亚
","10","一般贸易","44","广东省","8","千克","0","?","2,982",
"202508","85177950","光通信设备的激光收发模块","410","巴西","10","一般贸易","11","北京市","14","千克","0","?","12,818",
"202508","85177950","光通信设备的激光收发模块","410","巴西","10","一般贸易","31","上海市","54","千克","0","?","32,805",
"202508","85177950","光通信设备的激光收发模块","410","巴西","10","一般贸易","32","江苏省","107","千克","0","?","242,579",
"202508","85177950","光通信设备的激光收发模块","410","巴西","10","一般贸易","33","浙江省","10","千克","0","?","8,041",
"202508","85177950","光通信设备的激光收发模块","410","巴西","10","一般贸易","34","安徽省","3","千克","0","?","700",
"202508","85177950","光通信设备的激光收发模块","410","巴西","10","一般贸易","35","福建省","1","千克","0","?","1,375",
"202508","85177950","光通信设备的激光收发模块","410","巴西","10","一般贸易","37","山东省","0","千克","0","?","6",
"202508","85177950","光通信设备的激光收发模块","410","巴西","10","一般贸易","41","河南省","12","千克","0","?","25,423",
"202508","85177950","光通信设备的激光收发模块","410","巴西","10","一般贸易","42","湖北省","279","千克","0","?","301,076",
"202508","85177950","光通信设备的激光收发模块","410","巴西","10","一般贸易","44","广东省","4357","千克","0","?","1,567,044",
"202508","85177950","光通信设备的激光收发模块","410","巴西","10","一般贸易","50","重庆市","27","千克","0","?","3,243",
"202508","85177950","光通信设备的激光收发模块","410","巴西","10","一般贸易","51","四川省","264","千克","0","?","51,616",
"202508","85177950","光通信设备的激光收发模块","410","巴西","10","一般贸易","52","贵州省","35","千克","0","?","8,397",
"202508","85177950","光通信设备的激光收发模块","410","巴西","15","进料加工贸易","32","江苏省","0","千克","0","?","10,455",
"202508","85177950","光通信设备的激光收发模块","410","巴西","15","进料加工贸易","44","广东省","0","千克","0","?","303",
"202508","85177950","光通信设备的激光收发模块","410","巴西","15","进料加工贸易","51","四川省","104","千克","0","?","129,200",
"202508","85177950","光通信设备的激光收发模块","410","巴西","33","保税监管场所进出境货物","44","广东省","211","千克","0","?","30,260",
"202508","85177950","光通信设备的激光收发模块","410","巴西","34","海关特殊监管区域物流货物","32","江苏省","739","千克","0","?","130,851",
"202508","85177950","光通信设备的激光收发模块","412","智利","10","一般贸易","33","浙江省","6","千克","0","?","4,596",
"202508","85177950","光通信设备的激光收发模块","412","智利","10","一般贸易","36","江西省","0","千克","0","?","255",
"202508","85177950","光通信设备的激光收发模块","412","智利","10","一般贸易","42","湖北省","2","千克","0","?","8,389",
"202508","85177950","光通信设备的激光收发模块","412","智利","10","一般贸易","44","广东省","27","千克","0","?","28,529",
"202508","85177950","光通信设备的激光收发模块","412","智利","33","保税监管场所进出境货物","44","广东省","44","千克","0","?","340",
"202508","85177950","光通信设备的激光收发模块","412","智利","34","海关特殊监管区域物流货物","32","江苏省","378","千克","0","?","285,353",
"202508","85177950","光通信设备的激光收发模块","412","智利","34","海关特殊监管区域物流货物","44","广东省","0","千克","0","?","1,719",
"202508","85177950","光通信设备的激光收发模块","412","智利","39","其他","42","湖北省","1","千克","0","?","190",
"202508","85177950","光通信设备的激光收发模块","413","哥伦比亚","10","一般贸易","33","浙江省","30","千克","0","?","43,377",
"202508","85177950","光通信设备的激光收发模块","413","哥伦比亚","10","一般贸易","44","广东省","82","千克","0","?","291,652",
"202508","85177950","光通信设备的激光收发模块","413","哥伦比亚","10","一般贸易","61","陕西省","0","千克","0","?","345",
"202508","85177950","光通信设备的激光收发模块","413","哥伦比亚","33","保税监管场所进出境货物","44","广东省","521","千克","0","?","27,894",
"202508","85177950","光通信设备的激光收发模块","413","哥伦比亚","34","海关特殊监管区域物流货物","32","江苏省","0","千克","0","?","1,093",
"202508","85177950","光通信设备的激光收发模块","415","哥斯达黎加","10","一般贸易","44","广东省","2","千克","0","?","9,842",
"202508","85177950","光通信设备的激光收发模块","418","多米尼加
","10","一般贸易","33","浙江省","0","千克","0","?","353",
"202508","85177950","光通信设备的激光收发模块","418","多米尼加
","10","一般贸易","44","广东省","46","千克","0","?","50,441",
"202508","85177950","光通信设备的激光收发模块","419","厄瓜多尔","10","一般贸易","33","浙江省","8","千克","0","?","245",
"202508","85177950","光通信设备的激光收发模块","419","厄瓜多尔","10","一般贸易","35","福建省","46","千克","0","?","7,522",
"202508","85177950","光通信设备的激光收发模块","419","厄瓜多尔","10","一般贸易","41","河南省","1","千克","0","?","856",
"202508","85177950","光通信设备的激光收发模块","419","厄瓜多尔","10","一般贸易","44","广东省","21","千克","0","?","20,151",
"202508","85177950","光通信设备的激光收发模块","419","厄瓜多尔","10","一般贸易","45","广西壮族自治区","3","千克","0","?","357",
"202508","85177950","光通信设备的激光收发模块","420","法属圭亚那","10","一般贸易","44","广东省","3","千克","0","?","590",
"202508","85177950","光通信设备的激光收发模块","422","瓜德罗普","10","一般贸易","44","广东省","9","千克","0","?","2,266",
"202508","85177950","光通信设备的激光收发模块","423","危地马拉","10","一般贸易","44","广东省","0","千克","0","?","975",
"202508","85177950","光通信设备的激光收发模块","424","圭亚那","10","一般贸易","44","广东省","4","千克","0","?","1,991",
"202508","85177950","光通信设备的激光收发模块","426","洪都拉斯","10","一般贸易","33","浙江省","30","千克","0","?","1,298",
"202508","85177950","光通信设备的激光收发模块","426","洪都拉斯","10","一般贸易","44","广东省","3","千克","0","?","3,971",
"202508","85177950","光通信设备的激光收发模块","427","牙买加","10","一般贸易","33","浙江省","4","千克","0","?","1,277",
"202508","85177950","光通信设备的激光收发模块","428","马提尼克","10","一般贸易","44","广东省","7","千克","0","?","2,027",
"202508","85177950","光通信设备的激光收发模块","429","墨西哥","10","一般贸易","31","上海市","111","千克","0","?","175,876",
"202508","85177950","光通信设备的激光收发模块","429","墨西哥","10","一般贸易","32","江苏省","237","千克","0","?","549,310",
"202508","85177950","光通信设备的激光收发模块","429","墨西哥","10","一般贸易","33","浙江省","66","千克","0","?","84,561",
"202508","85177950","光通信设备的激光收发模块","429","墨西哥","10","一般贸易","35","福建省","6","千克","0","?","7,168",
"202508","85177950","光通信设备的激光收发模块","429","墨西哥","10","一般贸易","41","河南省","0","千克","0","?","857",
"202508","85177950","光通信设备的激光收发模块","429","墨西哥","10","一般贸易","42","湖北省","1626","千克","0","?","1,157,886",
"202508","85177950","光通信设备的激光收发模块","429","墨西哥","10","一般贸易","44","广东省","3251","千克","0","?","14,399,165",
"202508","85177950","光通信设备的激光收发模块","429","墨西哥","10","一般贸易","51","四川省","435","千克","0","?","744,991",
"202508","85177950","光通信设备的激光收发模块","429","墨西哥","15","进料加工贸易","32","江苏省","150","千克","0","?","556,164",
"202508","85177950","光通信设备的激光收发模块","429","墨西哥","15","进料加工贸易","51","四川省","1105","千克","0","?","1,640,230",
"202508","85177950","光通信设备的激光收发模块","429","墨西哥","33","保税监管场所进出境货物","44","广东省","25","千克","0","?","205,737",
"202508","85177950","光通信设备的激光收发模块","429","墨西哥","34","海关特殊监管区域物流货物","32","江苏省","4","千克","0","?","7,032",
"202508","85177950","光通信设备的激光收发模块","431","尼加拉瓜","10","一般贸易","12","天津市","38","千克","0","?","10,040",
"202508","85177950","光通信设备的激光收发模块","431","尼加拉瓜","10","一般贸易","44","广东省","1","千克","0","?","2,369",
"202508","85177950","光通信设备的激光收发模块","432","巴拿马","10","一般贸易","33","浙江省","5","千克","0","?","1,127",
"202508","85177950","光通信设备的激光收发模块","432","巴拿马","10","一般贸易","44","广东省","1109","千克","0","?","644,005",
"202508","85177950","光通信设备的激光收发模块","432","巴拿马","33","保税监管场所进出境货物","45","广西壮族自治区","2","千克","0","?","779",
"202508","85177950","光通信设备的激光收发模块","433","巴拉圭","10","一般贸易","32","江苏省","1","千克","0","?","3,000",
"202508","85177950","光通信设备的激光收发模块","433","巴拉圭","10","一般贸易","44","广东省","3","千克","0","?","1,896",
"202508","85177950","光通信设备的激光收发模块","434","秘鲁","10","一般贸易","33","浙江省","1","千克","0","?","2,657",
"202508","85177950","光通信设备的激光收发模块","434","秘鲁","10","一般贸易","42","湖北省","4","千克","0","?","1,997",
"202508","85177950","光通信设备的激光收发模块","434","秘鲁","10","一般贸易","44","广东省","49","千克","0","?","31,442",
"202508","85177950","光通信设备的激光收发模块","434","秘鲁","33","保税监管场所进出境货物","44","广东省","39","千克","0","?","83,694",
"202508","85177950","光通信设备的激光收发模块","434","秘鲁","34","海关特殊监管区域物流货物","32","江苏省","0","千克","0","?","347",
"202508","85177950","光通信设备的激光收发模块","435","波多黎各","34","海关特殊监管区域物流货物","32","江苏省","1","千克","0","?","755",
"202508","85177950","光通信设备的激光收发模块","440","萨尔瓦多","10","一般贸易","44","广东省","1","千克","0","?","2,649",
"202508","85177950","光通信设备的激光收发模块","440","萨尔瓦多","10","一般贸易","45","广西壮族自治区","1","千克","0","?","320",
"202508","85177950","光通信设备的激光收发模块","442","特立尼达和多巴哥","10","一般贸易","44","广东省","0","千克","0","?","454",
"202508","85177950","光通信设备的激光收发模块","444","乌拉圭","10","一般贸易","44","广东省","10","千克","0","?","4,707",
"202508","85177950","光通信设备的激光收发模块","445","委内瑞拉","10","一般贸易","33","浙江省","0","千克","0","?","440",
"202508","85177950","光通信设备的激光收发模块","445","委内瑞拉","10","一般贸易","44","广东省","33","千克","0","?","2,815",
"202508","85177950","光通信设备的激光收发模块","501","加拿大","10","一般贸易","11","北京市","1","千克","0","?","920",
"202508","85177950","光通信设备的激光收发模块","501","加拿大","10","一般贸易","31","上海市","101","千克","0","?","301,992",
"202508","85177950","光通信设备的激光收发模块","501","加拿大","10","一般贸易","32","江苏省","1","千克","0","?","18,494",
"202508","85177950","光通信设备的激光收发模块","501","加拿大","10","一般贸易","33","浙江省","6","千克","0","?","7,563",
"202508","85177950","光通信设备的激光收发模块","501","加拿大","10","一般贸易","35","福建省","44","千克","0","?","30,456",
"202508","85177950","光通信设备的激光收发模块","501","加拿大","10","一般贸易","42","湖北省","405","千克","0","?","148,773",
"202508","85177950","光通信设备的激光收发模块","501","加拿大","10","一般贸易","43","湖南省","15","千克","0","?","10,079",
"202508","85177950","光通信设备的激光收发模块","501","加拿大","10","一般贸易","44","广东省","814","千克","0","?","1,171,912",
"202508","85177950","光通信设备的激光收发模块","501","加拿大","10","一般贸易","45","广西壮族自治区","11","千克","0","?","5,087",
"202508","85177950","光通信设备的激光收发模块","501","加拿大","10","一般贸易","51","四川省","15","千克","0","?","43,012",
"202508","85177950","光通信设备的激光收发模块","501","加拿大","15","进料加工贸易","32","江苏省","1","千克","0","?","4,890",
"202508","85177950","光通信设备的激光收发模块","501","加拿大","15","进料加工贸易","44","广东省","0","千克","0","?","1,702",
"202508","85177950","光通信设备的激光收发模块","501","加拿大","15","进料加工贸易","51","四川省","4","千克","0","?","16,625",
"202508","85177950","光通信设备的激光收发模块","501","加拿大","34","海关特殊监管区域物流货物","32","江苏省","545","千克","0","?","90,990",
"202508","85177950","光通信设备的激光收发模块","502","美国","10","一般贸易","11","北京市","10","千克","0","?","40,698",
"202508","85177950","光通信设备的激光收发模块","502","美国","10","一般贸易","31","上海市","895","千克","0","?","594,041",
"202508","85177950","光通信设备的激光收发模块","502","美国","10","一般贸易","32","江苏省","2405","千克","0","?","4,984,118",
"202508","85177950","光通信设备的激光收发模块","502","美国","10","一般贸易","33","浙江省","95","千克","0","?","295,339",
"202508","85177950","光通信设备的激光收发模块","502","美国","10","一般贸易","34","安徽省","2","千克","0","?","2,328",
"202508","85177950","光通信设备的激光收发模块","502","美国","10","一般贸易","35","福建省","13","千克","0","?","1,386",
"202508","85177950","光通信设备的激光收发模块","502","美国","10","一般贸易","37","山东省","322","千克","0","?","205,110",
"202508","85177950","光通信设备的激光收发模块","502","美国","10","一般贸易","42","湖北省","2823","千克","0","?","5,334,008",
"202508","85177950","光通信设备的激光收发模块","502","美国","10","一般贸易","44","广东省","17355","千克","0","?","12,955,029",
"202508","85177950","光通信设备的激光收发模块","502","美国","10","一般贸易","45","广西壮族自治区","1","千克","0","?","850",
"202508","85177950","光通信设备的激光收发模块","502","美国","10","一般贸易","46","海南省","0","千克","0","?","19",
"202508","85177950","光通信设备的激光收发模块","502","美国","10","一般贸易","51","四川省","1810","千克","0","?","7,681,369",
"202508","85177950","光通信设备的激光收发模块","502","美国","15","进料加工贸易","32","江苏省","2236","千克","0","?","2,846,689",
"202508","85177950","光通信设备的激光收发模块","502","美国","15","进料加工贸易","33","浙江省","12","千克","0","?","8,010",
"202508","85177950","光通信设备的激光收发模块","502","美国","15","进料加工贸易","44","广东省","66","千克","0","?","105,655",
"202508","85177950","光通信设备的激光收发模块","502","美国","15","进料加工贸易","51","四川省","207","千克","0","?","381,197",
"202508","85177950","光通信设备的激光收发模块","502","美国","34","海关特殊监管区域物流货物","32","江苏省","34","千克","0","?","40,862",
"202508","85177950","光通信设备的激光收发模块","502","美国","34","海关特殊监管区域物流货物","44","广东省","25","千克","0","?","16,571",
"202508","85177950","光通信设备的激光收发模块","502","美国","39","其他","44","广东省","7","千克","0","?","31,025",
"202508","85177950","光通信设备的激光收发模块","504","百慕大","10","一般贸易","44","广东省","0","千克","0","?","736",
"202508","85177950","光通信设备的激光收发模块","601","澳大利亚","10","一般贸易","12","天津市","4","千克","0","?","2,718",
"202508","85177950","光通信设备的激光收发模块","601","澳大利亚","10","一般贸易","31","上海市","3","千克","0","?","40,583",
"202508","85177950","光通信设备的激光收发模块","601","澳大利亚","10","一般贸易","32","江苏省","2","千克","0","?","16,711",
"202508","85177950","光通信设备的激光收发模块","601","澳大利亚","10","一般贸易","33","浙江省","8","千克","0","?","33,696",
"202508","85177950","光通信设备的激光收发模块","601","澳大利亚","10","一般贸易","35","福建省","1","千克","0","?","912",
"202508","85177950","光通信设备的激光收发模块","601","澳大利亚","10","一般贸易","36","江西省","0","千克","0","?","16",
"202508","85177950","光通信设备的激光收发模块","601","澳大利亚","10","一般贸易","37","山东省","1","千克","0","?","165",
"202508","85177950","光通信设备的激光收发模块","601","澳大利亚","10","一般贸易","42","湖北省","11","千克","0","?","11,781",
"202508","85177950","光通信设备的激光收发模块","601","澳大利亚","10","一般贸易","44","广东省","591","千克","0","?","423,555",
"202508","85177950","光通信设备的激光收发模块","601","澳大利亚","10","一般贸易","45","广西壮族自治区","7","千克","0","?","360",
"202508","85177950","光通信设备的激光收发模块","601","澳大利亚","10","一般贸易","51","四川省","13","千克","0","?","113,996",
"202508","85177950","光通信设备的激光收发模块","601","澳大利亚","15","进料加工贸易","32","江苏省","368","千克","0","?","43,790",
"202508","85177950","光通信设备的激光收发模块","601","澳大利亚","15","进料加工贸易","33","浙江省","46","千克","0","?","32,983",
"202508","85177950","光通信设备的激光收发模块","601","澳大利亚","15","进料加工贸易","35","福建省","4","千克","0","?","11,116",
"202508","85177950","光通信设备的激光收发模块","601","澳大利亚","15","进料加工贸易","44","广东省","2","千克","0","?","1,944",
"202508","85177950","光通信设备的激光收发模块","601","澳大利亚","15","进料加工贸易","51","四川省","38","千克","0","?","18,343",
"202508","85177950","光通信设备的激光收发模块","601","澳大利亚","33","保税监管场所进出境货物","32","江苏省","65","千克","0","?","22,226",
"202508","85177950","光通信设备的激光收发模块","601","澳大利亚","34","海关特殊监管区域物流货物","32","江苏省","164","千克","0","?","146,861",
"202508","85177950","光通信设备的激光收发模块","601","澳大利亚","34","海关特殊监管区域物流货物","42","湖北省","141","千克","0","?","203,439",
"202508","85177950","光通信设备的激光收发模块","603","斐济","10","一般贸易","44","广东省","0","千克","0","?","1,046",
"202508","85177950","光通信设备的激光收发模块","608","瓦努阿图","10","一般贸易","44","广东省","3","千克","0","?","2,920",
"202508","85177950","光通信设备的激光收发模块","608","瓦努阿图","34","海关特殊监管区域物流货物","32","江苏省","2","千克","0","?","454",
"202508","85177950","光通信设备的激光收发模块","609","新西兰","10","一般贸易","32","江苏省","5","千克","0","?","3,840",
"202508","85177950","光通信设备的激光收发模块","609","新西兰","10","一般贸易","33","浙江省","1","千克","0","?","904",
"202508","85177950","光通信设备的激光收发模块","609","新西兰","10","一般贸易","35","福建省","0","千克","0","?","126",
"202508","85177950","光通信设备的激光收发模块","609","新西兰","10","一般贸易","42","湖北省","0","千克","0","?","140",
"202508","85177950","光通信设备的激光收发模块","609","新西兰","10","一般贸易","44","广东省","18","千克","0","?","33,234",
"202508","85177950","光通信设备的激光收发模块","609","新西兰","10","一般贸易","51","四川省","1","千克","0","?","320",
"202508","85177950","光通信设备的激光收发模块","609","新西兰","15","进料加工贸易","35","福建省","0","千克","0","?","612",
"202508","85177950","光通信设备的激光收发模块","609","新西兰","15","进料加工贸易","44","广东省","1","千克","0","?","3,809",
"202508","85177950","光通信设备的激光收发模块","609","新西兰","33","保税监管场所进出境货物","32","江苏省","43","千克","0","?","9,885",
"202508","85177950","光通信设备的激光收发模块","609","新西兰","33","保税监管场所进出境货物","44","广东省","4","千克","0","?","790",
"202508","85177950","光通信设备的激光收发模块","609","新西兰","34","海关特殊监管区域物流货物","32","江苏省","67","千克","0","?","50,548",
"202508","85177950","光通信设备的激光收发模块","611","巴布亚新几内亚","10","一般贸易","44","广东省","10","千克","0","?","3,714",
"202508","85177950","光通信设备的激光收发模块","617","萨摩亚","10","一般贸易","44","广东省","0","千克","0","?","106",
"202508","85177950","光通信设备的激光收发模块","623","法属波利尼西亚","10","一般贸易","44","广东省","0","千克","0","?","68",
"202508","85177950","光通信设备的激光收发模块","629","关岛
","34","海关特殊监管区域物流货物","32","江苏省","5","千克","0","?","1,512",
"202508","85177950","光通信设备的激光收发模块","631","北马里亚纳群岛
","10","一般贸易","44","广东省","0","千克","0","?","24",
"202509","85177950","光通信设备的激光收发模块","101","阿富汗","10","一般贸易","44","广东省","8","千克","0","?","5,274",
"202509","85177950","光通信设备的激光收发模块","102","巴林","10","一般贸易","31","上海市","1","千克","0","?","170",
"202509","85177950","光通信设备的激光收发模块","102","巴林","10","一般贸易","35","福建省","4","千克","0","?","9,350",
"202509","85177950","光通信设备的激光收发模块","102","巴林","10","一般贸易","44","广东省","0","千克","0","?","78",
"202509","85177950","光通信设备的激光收发模块","103","孟加拉国","10","一般贸易","37","山东省","877","千克","0","?","25,327",
"202509","85177950","光通信设备的激光收发模块","103","孟加拉国","10","一般贸易","44","广东省","157","千克","0","?","88,161",
"202509","85177950","光通信设备的激光收发模块","104","不丹","10","一般贸易","44","广东省","5","千克","0","?","1,829",
"202509","85177950","光通信设备的激光收发模块","104","不丹","34","海关特殊监管区域物流货物","32","江苏省","0","千克","0","?","1,437",
"202509","85177950","光通信设备的激光收发模块","105","文莱","10","一般贸易","44","广东省","44","千克","0","?","26,588",
"202509","85177950","光通信设备的激光收发模块","106","缅甸","10","一般贸易","44","广东省","62","千克","0","?","95,096",
"202509","85177950","光通信设备的激光收发模块","106","缅甸","19","边境小额贸易","53","云南省","123","千克","0","?","1,097",
"202509","85177950","光通信设备的激光收发模块","106","缅甸","33","保税监管场所进出境货物","44","广东省","0","千克","0","?","2,808",
"202509","85177950","光通信设备的激光收发模块","107","柬埔寨","10","一般贸易","31","上海市","5","千克","0","?","2,362",
"202509","85177950","光通信设备的激光收发模块","107","柬埔寨","10","一般贸易","33","浙江省","11","千克","0","?","5,594",
"202509","85177950","光通信设备的激光收发模块","107","柬埔寨","10","一般贸易","35","福建省","2","千克","0","?","2,368",
"202509","85177950","光通信设备的激光收发模块","107","柬埔寨","10","一般贸易","37","山东省","1","千克","0","?","2,349",
"202509","85177950","光通信设备的激光收发模块","107","柬埔寨","10","一般贸易","44","广东省","54","千克","0","?","17,363",
"202509","85177950","光通信设备的激光收发模块","108","塞浦路斯","10","一般贸易","44","广东省","10","千克","0","?","809",
"202509","85177950","光通信设备的激光收发模块","110","中国香港","10","一般贸易","11","北京市","20","千克","0","?","47,069",
"202509","85177950","光通信设备的激光收发模块","110","中国香港","10","一般贸易","21","辽宁省","2","千克","0","?","19,621",
"202509","85177950","光通信设备的激光收发模块","110","中国香港","10","一般贸易","31","上海市","24","千克","0","?","105,786",
"202509","85177950","光通信设备的激光收发模块","110","中国香港","10","一般贸易","32","江苏省","771","千克","0","?","2,697,034",
"202509","85177950","光通信设备的激光收发模块","110","中国香港","10","一般贸易","33","浙江省","327","千克","0","?","960,459",
"202509","85177950","光通信设备的激光收发模块","110","中国香港","10","一般贸易","34","安徽省","77","千克","0","?","40,428",
"202509","85177950","光通信设备的激光收发模块","110","中国香港","10","一般贸易","35","福建省","17","千克","0","?","17,106",
"202509","85177950","光通信设备的激光收发模块","110","中国香港","10","一般贸易","37","山东省","73","千克","0","?","53,775",
"202509","85177950","光通信设备的激光收发模块","110","中国香港","10","一般贸易","41","河南省","1","千克","0","?","157",
"202509","85177950","光通信设备的激光收发模块","110","中国香港","10","一般贸易","42","湖北省","1145","千克","0","?","1,000,385",
"202509","85177950","光通信设备的激光收发模块","110","中国香港","10","一般贸易","43","湖南省","112","千克","0","?","243,376",
"202509","85177950","光通信设备的激光收发模块","110","中国香港","10","一般贸易","44","广东省","1504","千克","0","?","1,962,028",
"202509","85177950","光通信设备的激光收发模块","110","中国香港","10","一般贸易","51","四川省","164","千克","0","?","224,655",
"202509","85177950","光通信设备的激光收发模块","110","中国香港","10","一般贸易","52","贵州省","67","千克","0","?","46,415",
"202509","85177950","光通信设备的激光收发模块","110","中国香港","10","一般贸易","65","新疆维吾尔自治区","0","千克","0","?","23,350",
"202509","85177950","光通信设备的激光收发模块","110","中国香港","15","进料加工贸易","32","江苏省","6143","千克","0","?","12,637,046",
"202509","85177950","光通信设备的激光收发模块","110","中国香港","15","进料加工贸易","33","浙江省","1","千克","0","?","612",
"202509","85177950","光通信设备的激光收发模块","110","中国香港","15","进料加工贸易","35","福建省","3","千克","0","?","8,199",
"202509","85177950","光通信设备的激光收发模块","110","中国香港","15","进料加工贸易","44","广东省","0","千克","0","?","46,647",
"202509","85177950","光通信设备的激光收发模块","110","中国香港","15","进料加工贸易","51","四川省","1","千克","0","?","18,368",
"202509","85177950","光通信设备的激光收发模块","110","中国香港","33","保税监管场所进出境货物","44","广东省","76","千克","0","?","486,562",
"202509","85177950","光通信设备的激光收发模块","110","中国香港","34","海关特殊监管区域物流货物","32","江苏省","55","千克","0","?","52,641",
"202509","85177950","光通信设备的激光收发模块","110","中国香港","34","海关特殊监管区域物流货物","44","广东省","2408","千克","0","?","4,413,902",
"202509","85177950","光通信设备的激光收发模块","110","中国香港","39","其他","44","广东省","3","千克","0","?","4,900",
"202509","85177950","光通信设备的激光收发模块","111","印度","10","一般贸易","13","河北省","34","千克","0","?","1,155",
"202509","85177950","光通信设备的激光收发模块","111","印度","10","一般贸易","31","上海市","280","千克","0","?","38,109",
"202509","85177950","光通信设备的激光收发模块","111","印度","10","一般贸易","32","江苏省","150","千克","0","?","178,303",
"202509","85177950","光通信设备的激光收发模块","111","印度","10","一般贸易","35","福建省","581","千克","0","?","78,652",
"202509","85177950","光通信设备的激光收发模块","111","印度","10","一般贸易","36","江西省","3","千克","0","?","5,000",
"202509","85177950","光通信设备的激光收发模块","111","印度","10","一般贸易","37","山东省","718","千克","0","?","18,557",
"202509","85177950","光通信设备的激光收发模块","111","印度","10","一般贸易","41","河南省","170","千克","0","?","1,938",
"202509","85177950","光通信设备的激光收发模块","111","印度","10","一般贸易","42","湖北省","2064","千克","0","?","767,939",
"202509","85177950","光通信设备的激光收发模块","111","印度","10","一般贸易","44","广东省","1990","千克","0","?","601,140",
"202509","85177950","光通信设备的激光收发模块","111","印度","10","一般贸易","51","四川省","283","千克","0","?","151,994",
"202509","85177950","光通信设备的激光收发模块","111","印度","15","进料加工贸易","32","江苏省","11","千克","0","?","14,706",
"202509","85177950","光通信设备的激光收发模块","111","印度","15","进料加工贸易","44","广东省","0","千克","0","?","478",
"202509","85177950","光通信设备的激光收发模块","111","印度","15","进料加工贸易","51","四川省","5","千克","0","?","41,711",
"202509","85177950","光通信设备的激光收发模块","111","印度","33","保税监管场所进出境货物","44","广东省","18","千克","0","?","1,993",
"202509","85177950","光通信设备的激光收发模块","111","印度","34","海关特殊监管区域物流货物","32","江苏省","1623","千克","0","?","393,767",
"202509","85177950","光通信设备的激光收发模块","111","印度","34","海关特殊监管区域物流货物","44","广东省","76","千克","0","?","8,592",
"202509","85177950","光通信设备的激光收发模块","112","印度尼西亚","10","一般贸易","31","上海市","60","千克","0","?","56,075",
"202509","85177950","光通信设备的激光收发模块","112","印度尼西亚","10","一般贸易","32","江苏省","3","千克","0","?","5,441",
"202509","85177950","光通信设备的激光收发模块","112","印度尼西亚","10","一般贸易","33","浙江省","297","千克","0","?","106,929",
"202509","85177950","光通信设备的激光收发模块","112","印度尼西亚","10","一般贸易","35","福建省","12","千克","0","?","20,079",
"202509","85177950","光通信设备的激光收发模块","112","印度尼西亚","10","一般贸易","37","山东省","50","千克","0","?","57,713",
"202509","85177950","光通信设备的激光收发模块","112","印度尼西亚","10","一般贸易","42","湖北省","557","千克","0","?","1,219,535",
"202509","85177950","光通信设备的激光收发模块","112","印度尼西亚","10","一般贸易","43","湖南省","9","千克","0","?","3,360",
"202509","85177950","光通信设备的激光收发模块","112","印度尼西亚","10","一般贸易","44","广东省","1545","千克","0","?","777,223",
"202509","85177950","光通信设备的激光收发模块","112","印度尼西亚","10","一般贸易","46","海南省","53","千克","0","?","2,591",
"202509","85177950","光通信设备的激光收发模块","112","印度尼西亚","10","一般贸易","52","贵州省","86","千克","0","?","67,336",
"202509","85177950","光通信设备的激光收发模块","112","印度尼西亚","15","进料加工贸易","35","福建省","2","千克","0","?","3,615",
"202509","85177950","光通信设备的激光收发模块","112","印度尼西亚","15","进料加工贸易","44","广东省","0","千克","0","?","163",
"202509","85177950","光通信设备的激光收发模块","112","印度尼西亚","34","海关特殊监管区域物流货物","32","江苏省","882","千克","0","?","252,172",
"202509","85177950","光通信设备的激光收发模块","113","伊朗","10","一般贸易","37","山东省","320","千克","0","?","6,624",
"202509","85177950","光通信设备的激光收发模块","114","伊拉克","10","一般贸易","32","江苏省","38","千克","0","?","50,645",
"202509","85177950","光通信设备的激光收发模块","114","伊拉克","10","一般贸易","33","浙江省","31","千克","0","?","37,903",
"202509","85177950","光通信设备的激光收发模块","114","伊拉克","10","一般贸易","37","山东省","751","千克","0","?","14,513",
"202509","85177950","光通信设备的激光收发模块","114","伊拉克","10","一般贸易","43","湖南省","6","千克","0","?","93",
"202509","85177950","光通信设备的激光收发模块","114","伊拉克","10","一般贸易","44","广东省","327","千克","0","?","175,870",
"202509","85177950","光通信设备的激光收发模块","114","伊拉克","39","其他","33","浙江省","27","千克","0","?","138",
"202509","85177950","光通信设备的激光收发模块","115","以色列","10","一般贸易","31","上海市","22","千克","0","?","14,884",
"202509","85177950","光通信设备的激光收发模块","115","以色列","10","一般贸易","32","江苏省","29","千克","0","?","54,025",
"202509","85177950","光通信设备的激光收发模块","115","以色列","10","一般贸易","33","浙江省","4","千克","0","?","7,043",
"202509","85177950","光通信设备的激光收发模块","115","以色列","10","一般贸易","35","福建省","2","千克","0","?","232",
"202509","85177950","光通信设备的激光收发模块","115","以色列","10","一般贸易","42","湖北省","92","千克","0","?","161,141",
"202509","85177950","光通信设备的激光收发模块","115","以色列","10","一般贸易","44","广东省","713","千克","0","?","287,007",
"202509","85177950","光通信设备的激光收发模块","115","以色列","10","一般贸易","51","四川省","113","千克","0","?","151,774",
"202509","85177950","光通信设备的激光收发模块","115","以色列","15","进料加工贸易","32","江苏省","20","千克","0","?","35,926",
"202509","85177950","光通信设备的激光收发模块","115","以色列","15","进料加工贸易","44","广东省","0","千克","0","?","5,400",
"202509","85177950","光通信设备的激光收发模块","115","以色列","34","海关特殊监管区域物流货物","35","福建省","5","千克","0","?","3,403",
"202509","85177950","光通信设备的激光收发模块","115","以色列","39","其他","44","广东省","0","千克","0","?","2,192",
"202509","85177950","光通信设备的激光收发模块","116","日本","10","一般贸易","11","北京市","4","千克","0","?","5,598",
"202509","85177950","光通信设备的激光收发模块","116","日本","10","一般贸易","31","上海市","17","千克","0","?","32,215",
"202509","85177950","光通信设备的激光收发模块","116","日本","10","一般贸易","32","江苏省","267","千克","0","?","475,385",
"202509","85177950","光通信设备的激光收发模块","116","日本","10","一般贸易","33","浙江省","63","千克","0","?","59,191",
"202509","85177950","光通信设备的激光收发模块","116","日本","10","一般贸易","34","安徽省","0","千克","0","?","7,453",
"202509","85177950","光通信设备的激光收发模块","116","日本","10","一般贸易","35","福建省","9","千克","0","?","7,980",
"202509","85177950","光通信设备的激光收发模块","116","日本","10","一般贸易","37","山东省","834","千克","0","?","1,995,885",
"202509","85177950","光通信设备的激光收发模块","116","日本","10","一般贸易","41","河南省","2","千克","0","?","26,585",
"202509","85177950","光通信设备的激光收发模块","116","日本","10","一般贸易","42","湖北省","776","千克","0","?","902,837",
"202509","85177950","光通信设备的激光收发模块","116","日本","10","一般贸易","44","广东省","502","千克","0","?","560,146",
"202509","85177950","光通信设备的激光收发模块","116","日本","10","一般贸易","51","四川省","177","千克","0","?","185,847",
"202509","85177950","光通信设备的激光收发模块","116","日本","10","一般贸易","61","陕西省","4","千克","0","?","660",
"202509","85177950","光通信设备的激光收发模块","116","日本","15","进料加工贸易","32","江苏省","372","千克","0","?","562,543",
"202509","85177950","光通信设备的激光收发模块","116","日本","15","进料加工贸易","35","福建省","26","千克","0","?","233,521",
"202509","85177950","光通信设备的激光收发模块","116","日本","15","进料加工贸易","44","广东省","3","千克","0","?","60,859",
"202509","85177950","光通信设备的激光收发模块","116","日本","15","进料加工贸易","51","四川省","13","千克","0","?","34,810",
"202509","85177950","光通信设备的激光收发模块","116","日本","34","海关特殊监管区域物流货物","32","江苏省","325","千克","0","?","925,794",
"202509","85177950","光通信设备的激光收发模块","116","日本","34","海关特殊监管区域物流货物","42","湖北省","22","千克","0","?","21,346",
"202509","85177950","光通信设备的激光收发模块","116","日本","39","其他","35","福建省","0","千克","0","?","37",
"202509","85177950","光通信设备的激光收发模块","117","约旦","10","一般贸易","33","浙江省","5","千克","0","?","1,852",
"202509","85177950","光通信设备的激光收发模块","117","约旦","10","一般贸易","35","福建省","0","千克","0","?","60",
"202509","85177950","光通信设备的激光收发模块","117","约旦","10","一般贸易","44","广东省","2","千克","0","?","880",
"202509","85177950","光通信设备的激光收发模块","118","科威特","10","一般贸易","33","浙江省","0","千克","0","?","91",
"202509","85177950","光通信设备的激光收发模块","118","科威特","10","一般贸易","44","广东省","6","千克","0","?","11,142",
"202509","85177950","光通信设备的激光收发模块","119","老挝","10","一般贸易","37","山东省","3","千克","0","?","29",
"202509","85177950","光通信设备的激光收发模块","119","老挝","10","一般贸易","43","湖南省","0","千克","0","?","79",
"202509","85177950","光通信设备的激光收发模块","119","老挝","10","一般贸易","44","广东省","26","千克","0","?","12,848",
"202509","85177950","光通信设备的激光收发模块","120","黎巴嫩","10","一般贸易","44","广东省","22","千克","0","?","20,347",
"202509","85177950","光通信设备的激光收发模块","121","中国澳门","10","一般贸易","33","浙江省","9","千克","0","?","10,800",
"202509","85177950","光通信设备的激光收发模块","121","中国澳门","10","一般贸易","41","河南省","0","千克","0","?","7",
"202509","85177950","光通信设备的激光收发模块","121","中国澳门","10","一般贸易","44","广东省","35","千克","0","?","27,904",
"202509","85177950","光通信设备的激光收发模块","122","马来西亚","10","一般贸易","11","北京市","9","千克","0","?","2,909",
"202509","85177950","光通信设备的激光收发模块","122","马来西亚","10","一般贸易","31","上海市","5530","千克","0","?","9,028,931",
"202509","85177950","光通信设备的激光收发模块","122","马来西亚","10","一般贸易","32","江苏省","947","千克","0","?","2,392,540",
"202509","85177950","光通信设备的激光收发模块","122","马来西亚","10","一般贸易","33","浙江省","176","千克","0","?","151,980",
"202509","85177950","光通信设备的激光收发模块","122","马来西亚","10","一般贸易","35","福建省","115","千克","0","?","162,512",
"202509","85177950","光通信设备的激光收发模块","122","马来西亚","10","一般贸易","36","江西省","3","千克","0","?","14,578",
"202509","85177950","光通信设备的激光收发模块","122","马来西亚","10","一般贸易","37","山东省","3062","千克","0","?","5,133,339",
"202509","85177950","光通信设备的激光收发模块","122","马来西亚","10","一般贸易","41","河南省","125","千克","0","?","41,250",
"202509","85177950","光通信设备的激光收发模块","122","马来西亚","10","一般贸易","42","湖北省","23879","千克","0","?","27,598,488",
"202509","85177950","光通信设备的激光收发模块","122","马来西亚","10","一般贸易","43","湖南省","76","千克","0","?","55,632",
"202509","85177950","光通信设备的激光收发模块","122","马来西亚","10","一般贸易","44","广东省","3409","千克","0","?","2,121,272",
"202509","85177950","光通信设备的激光收发模块","122","马来西亚","10","一般贸易","51","四川省","32","千克","0","?","210,026",
"202509","85177950","光通信设备的激光收发模块","122","马来西亚","15","进料加工贸易","32","江苏省","43685","千克","0","?","110,272,023",
"202509","85177950","光通信设备的激光收发模块","122","马来西亚","15","进料加工贸易","44","广东省","1282","千克","0","?","1,338,716",
"202509","85177950","光通信设备的激光收发模块","122","马来西亚","15","进料加工贸易","51","四川省","1","千克","0","?","2,761",
"202509","85177950","光通信设备的激光收发模块","122","马来西亚","33","保税监管场所进出境货物","44","广东省","2","千克","0","?","557",
"202509","85177950","光通信设备的激光收发模块","122","马来西亚","34","海关特殊监管区域物流货物","32","江苏省","43","千克","0","?","47,120",
"202509","85177950","光通信设备的激光收发模块","122","马来西亚","34","海关特殊监管区域物流货物","35","福建省","3","千克","0","?","2,028",
"202509","85177950","光通信设备的激光收发模块","123","马尔代夫","10","一般贸易","37","山东省","8","千克","0","?","1,864",
"202509","85177950","光通信设备的激光收发模块","123","马尔代夫","10","一般贸易","44","广东省","16","千克","0","?","3,554",
"202509","85177950","光通信设备的激光收发模块","123","马尔代夫","10","一般贸易","46","海南省","305","千克","0","?","7,869",
"202509","85177950","光通信设备的激光收发模块","124","蒙古","10","一般贸易","33","浙江省","0","千克","0","?","770",
"202509","85177950","光通信设备的激光收发模块","124","蒙古","10","一般贸易","44","广东省","14","千克","0","?","30,134",
"202509","85177950","光通信设备的激光收发模块","125","尼泊尔","10","一般贸易","31","上海市","20","千克","0","?","3,450",
"202509","85177950","光通信设备的激光收发模块","125","尼泊尔","10","一般贸易","33","浙江省","1","千克","0","?","300",
"202509","85177950","光通信设备的激光收发模块","125","尼泊尔","10","一般贸易","44","广东省","30","千克","0","?","4,698",
"202509","85177950","光通信设备的激光收发模块","126","阿曼","10","一般贸易","42","湖北省","2","千克","0","?","748",
"202509","85177950","光通信设备的激光收发模块","126","阿曼","10","一般贸易","44","广东省","35","千克","0","?","37,956",
"202509","85177950","光通信设备的激光收发模块","127","巴基斯坦","10","一般贸易","11","北京市","2","千克","0","?","867",
"202509","85177950","光通信设备的激光收发模块","127","巴基斯坦","10","一般贸易","12","天津市","1","千克","0","?","11,826",
"202509","85177950","光通信设备的激光收发模块","127","巴基斯坦","10","一般贸易","21","辽宁省","4","千克","0","?","24",
"202509","85177950","光通信设备的激光收发模块","127","巴基斯坦","10","一般贸易","33","浙江省","51","千克","0","?","56,669",
"202509","85177950","光通信设备的激光收发模块","127","巴基斯坦","10","一般贸易","35","福建省","59","千克","0","?","76",
"202509","85177950","光通信设备的激光收发模块","127","巴基斯坦","10","一般贸易","37","山东省","1802","千克","0","?","38,653",
"202509","85177950","光通信设备的激光收发模块","127","巴基斯坦","10","一般贸易","42","湖北省","285","千克","0","?","7,353",
"202509","85177950","光通信设备的激光收发模块","127","巴基斯坦","10","一般贸易","43","湖南省","1","千克","0","?","32",
"202509","85177950","光通信设备的激光收发模块","127","巴基斯坦","10","一般贸易","44","广东省","77","千克","0","?","83,461",
"202509","85177950","光通信设备的激光收发模块","127","巴基斯坦","10","一般贸易","65","新疆维吾尔自治区","90","千克","0","?","4,196",
"202509","85177950","光通信设备的激光收发模块","127","巴基斯坦","34","海关特殊监管区域物流货物","32","江苏省","6","千克","0","?","1,139",
"202509","85177950","光通信设备的激光收发模块","127","巴基斯坦","39","其他","33","浙江省","48","千克","0","?","266",
"202509","85177950","光通信设备的激光收发模块","129","菲律宾","10","一般贸易","31","上海市","26","千克","0","?","80,608",
"202509","85177950","光通信设备的激光收发模块","129","菲律宾","10","一般贸易","32","江苏省","0","千克","0","?","931",
"202509","85177950","光通信设备的激光收发模块","129","菲律宾","10","一般贸易","33","浙江省","238","千克","0","?","58,322",
"202509","85177950","光通信设备的激光收发模块","129","菲律宾","10","一般贸易","35","福建省","3","千克","0","?","6,272",
"202509","85177950","光通信设备的激光收发模块","129","菲律宾","10","一般贸易","37","山东省","26","千克","0","?","83",
"202509","85177950","光通信设备的激光收发模块","129","菲律宾","10","一般贸易","42","湖北省","326","千克","0","?","621,112",
"202509","85177950","光通信设备的激光收发模块","129","菲律宾","10","一般贸易","44","广东省","711","千克","0","?","1,230,898",
"202509","85177950","光通信设备的激光收发模块","129","菲律宾","10","一般贸易","45","广西壮族自治区","15","千克","0","?","1,991",
"202509","85177950","光通信设备的激光收发模块","129","菲律宾","15","进料加工贸易","44","广东省","0","千克","0","?","676",
"202509","85177950","光通信设备的激光收发模块","129","菲律宾","34","海关特殊监管区域物流货物","32","江苏省","103","千克","0","?","26,097",
"202509","85177950","光通信设备的激光收发模块","130","卡塔尔","10","一般贸易","31","上海市","12","千克","0","?","2,070",
"202509","85177950","光通信设备的激光收发模块","130","卡塔尔","10","一般贸易","33","浙江省","6","千克","0","?","2,686",
"202509","85177950","光通信设备的激光收发模块","130","卡塔尔","10","一般贸易","37","山东省","154","千克","0","?","3,293",
"202509","85177950","光通信设备的激光收发模块","130","卡塔尔","10","一般贸易","44","广东省","35","千克","0","?","13,194",
"202509","85177950","光通信设备的激光收发模块","130","卡塔尔","34","海关特殊监管区域物流货物","35","福建省","6","千克","0","?","5,648",
"202509","85177950","光通信设备的激光收发模块","131","沙特阿拉伯","10","一般贸易","31","上海市","0","千克","0","?","346",
"202509","85177950","光通信设备的激光收发模块","131","沙特阿拉伯","10","一般贸易","32","江苏省","30","千克","0","?","25,938",
"202509","85177950","光通信设备的激光收发模块","131","沙特阿拉伯","10","一般贸易","33","浙江省","34","千克","0","?","38,677",
"202509","85177950","光通信设备的激光收发模块","131","沙特阿拉伯","10","一般贸易","35","福建省","15","千克","0","?","19,361",
"202509","85177950","光通信设备的激光收发模块","131","沙特阿拉伯","10","一般贸易","42","湖北省","52","千克","0","?","27,159",
"202509","85177950","光通信设备的激光收发模块","131","沙特阿拉伯","10","一般贸易","44","广东省","90","千克","0","?","151,752",
"202509","85177950","光通信设备的激光收发模块","131","沙特阿拉伯","10","一般贸易","45","广西壮族自治区","323","千克","0","?","852",
"202509","85177950","光通信设备的激光收发模块","131","沙特阿拉伯","10","一般贸易","52","贵州省","1","千克","0","?","951",
"202509","85177950","光通信设备的激光收发模块","131","沙特阿拉伯","15","进料加工贸易","44","广东省","11","千克","0","?","49,800",
"202509","85177950","光通信设备的激光收发模块","131","沙特阿拉伯","34","海关特殊监管区域物流货物","32","江苏省","88","千克","0","?","35,678",
"202509","85177950","光通信设备的激光收发模块","132","新加坡","10","一般贸易","11","北京市","217","千克","0","?","220,111",
"202509","85177950","光通信设备的激光收发模块","132","新加坡","10","一般贸易","31","上海市","23","千克","0","?","118,767",
"202509","85177950","光通信设备的激光收发模块","132","新加坡","10","一般贸易","32","江苏省","175","千克","0","?","157,565",
"202509","85177950","光通信设备的激光收发模块","132","新加坡","10","一般贸易","33","浙江省","93","千克","0","?","255,257",
"202509","85177950","光通信设备的激光收发模块","132","新加坡","10","一般贸易","35","福建省","5","千克","0","?","3,914",
"202509","85177950","光通信设备的激光收发模块","132","新加坡","10","一般贸易","37","山东省","114","千克","0","?","96,673",
"202509","85177950","光通信设备的激光收发模块","132","新加坡","10","一般贸易","41","河南省","0","千克","0","?","51",
"202509","85177950","光通信设备的激光收发模块","132","新加坡","10","一般贸易","42","湖北省","539","千克","0","?","749,070",
"202509","85177950","光通信设备的激光收发模块","132","新加坡","10","一般贸易","44","广东省","1895","千克","0","?","1,704,516",
"202509","85177950","光通信设备的激光收发模块","132","新加坡","10","一般贸易","45","广西壮族自治区","48","千克","0","?","2,442",
"202509","85177950","光通信设备的激光收发模块","132","新加坡","10","一般贸易","46","海南省","10","千克","0","?","2,500",
"202509","85177950","光通信设备的激光收发模块","132","新加坡","10","一般贸易","50","重庆市","0","千克","0","?","140",
"202509","85177950","光通信设备的激光收发模块","132","新加坡","10","一般贸易","51","四川省","296","千克","0","?","581,245",
"202509","85177950","光通信设备的激光收发模块","132","新加坡","10","一般贸易","52","贵州省","22","千克","0","?","10,560",
"202509","85177950","光通信设备的激光收发模块","132","新加坡","10","一般贸易","65","新疆维吾尔自治区","6","千克","0","?","1,250",
"202509","85177950","光通信设备的激光收发模块","132","新加坡","15","进料加工贸易","32","江苏省","1252","千克","0","?","277,052",
"202509","85177950","光通信设备的激光收发模块","132","新加坡","15","进料加工贸易","33","浙江省","8","千克","0","?","10,004",
"202509","85177950","光通信设备的激光收发模块","132","新加坡","15","进料加工贸易","35","福建省","8","千克","0","?","9,939",
"202509","85177950","光通信设备的激光收发模块","132","新加坡","15","进料加工贸易","44","广东省","823","千克","0","?","1,840,475",
"202509","85177950","光通信设备的激光收发模块","132","新加坡","15","进料加工贸易","51","四川省","21","千克","0","?","50,100",
"202509","85177950","光通信设备的激光收发模块","132","新加坡","33","保税监管场所进出境货物","44","广东省","151","千克","0","?","17,183",
"202509","85177950","光通信设备的激光收发模块","132","新加坡","34","海关特殊监管区域物流货物","32","江苏省","59","千克","0","?","63,972",
"202509","85177950","光通信设备的激光收发模块","132","新加坡","34","海关特殊监管区域物流货物","35","福建省","3","千克","0","?","1,715",
"202509","85177950","光通信设备的激光收发模块","132","新加坡","34","海关特殊监管区域物流货物","42","湖北省","163","千克","0","?","407,089",
"202509","85177950","光通信设备的激光收发模块","132","新加坡","34","海关特殊监管区域物流货物","44","广东省","0","千克","0","?","19",
"202509","85177950","光通信设备的激光收发模块","132","新加坡","34","海关特殊监管区域物流货物","45","广西壮族自治区","6","千克","0","?","1,208",
"202509","85177950","光通信设备的激光收发模块","133","韩国","10","一般贸易","12","天津市","7","千克","0","?","1,165",
"202509","85177950","光通信设备的激光收发模块","133","韩国","10","一般贸易","21","辽宁省","268","千克","0","?","86,947",
"202509","85177950","光通信设备的激光收发模块","133","韩国","10","一般贸易","31","上海市","4","千克","0","?","6,533",
"202509","85177950","光通信设备的激光收发模块","133","韩国","10","一般贸易","32","江苏省","30","千克","0","?","18,107",
"202509","85177950","光通信设备的激光收发模块","133","韩国","10","一般贸易","33","浙江省","65","千克","0","?","26,992",
"202509","85177950","光通信设备的激光收发模块","133","韩国","10","一般贸易","35","福建省","18","千克","0","?","988",
"202509","85177950","光通信设备的激光收发模块","133","韩国","10","一般贸易","37","山东省","348","千克","0","?","320,170",
"202509","85177950","光通信设备的激光收发模块","133","韩国","10","一般贸易","41","河南省","18","千克","0","?","21,780",
"202509","85177950","光通信设备的激光收发模块","133","韩国","10","一般贸易","42","湖北省","249","千克","0","?","203,747",
"202509","85177950","光通信设备的激光收发模块","133","韩国","10","一般贸易","43","湖南省","0","千克","0","?","382",
"202509","85177950","光通信设备的激光收发模块","133","韩国","10","一般贸易","44","广东省","1712","千克","0","?","1,434,149",
"202509","85177950","光通信设备的激光收发模块","133","韩国","10","一般贸易","45","广西壮族自治区","21","千克","0","?","405",
"202509","85177950","光通信设备的激光收发模块","133","韩国","10","一般贸易","51","四川省","1460","千克","0","?","1,100,194",
"202509","85177950","光通信设备的激光收发模块","133","韩国","10","一般贸易","65","新疆维吾尔自治区","8","千克","0","?","910",
"202509","85177950","光通信设备的激光收发模块","133","韩国","15","进料加工贸易","32","江苏省","73","千克","0","?","29,827",
"202509","85177950","光通信设备的激光收发模块","133","韩国","15","进料加工贸易","35","福建省","10","千克","0","?","14,983",
"202509","85177950","光通信设备的激光收发模块","133","韩国","15","进料加工贸易","44","广东省","0","千克","0","?","145",
"202509","85177950","光通信设备的激光收发模块","133","韩国","15","进料加工贸易","51","四川省","155","千克","0","?","103,760",
"202509","85177950","光通信设备的激光收发模块","133","韩国","34","海关特殊监管区域物流货物","32","江苏省","9","千克","0","?","34,162",
"202509","85177950","光通信设备的激光收发模块","134","斯里兰卡","10","一般贸易","31","上海市","4","千克","0","?","440",
"202509","85177950","光通信设备的激光收发模块","134","斯里兰卡","10","一般贸易","33","浙江省","1","千克","0","?","226",
"202509","85177950","光通信设备的激光收发模块","134","斯里兰卡","10","一般贸易","44","广东省","9","千克","0","?","17,443",
"202509","85177950","光通信设备的激光收发模块","134","斯里兰卡","33","保税监管场所进出境货物","44","广东省","7","千克","0","?","1,987",
"202509","85177950","光通信设备的激光收发模块","134","斯里兰卡","34","海关特殊监管区域物流货物","32","江苏省","16","千克","0","?","3,645",
"202509","85177950","光通信设备的激光收发模块","136","泰国","10","一般贸易","31","上海市","5015","千克","0","?","14,545,145",
"202509","85177950","光通信设备的激光收发模块","136","泰国","10","一般贸易","32","江苏省","814","千克","0","?","1,226,114",
"202509","85177950","光通信设备的激光收发模块","136","泰国","10","一般贸易","33","浙江省","22","千克","0","?","27,714",
"202509","85177950","光通信设备的激光收发模块","136","泰国","10","一般贸易","35","福建省","34","千克","0","?","81,807",
"202509","85177950","光通信设备的激光收发模块","136","泰国","10","一般贸易","37","山东省","671","千克","0","?","525,578",
"202509","85177950","光通信设备的激光收发模块","136","泰国","10","一般贸易","42","湖北省","4382","千克","0","?","3,596,083",
"202509","85177950","光通信设备的激光收发模块","136","泰国","10","一般贸易","44","广东省","1874","千克","0","?","1,766,255",
"202509","85177950","光通信设备的激光收发模块","136","泰国","10","一般贸易","46","海南省","305","千克","0","?","6,545",
"202509","85177950","光通信设备的激光收发模块","136","泰国","10","一般贸易","51","四川省","9557","千克","0","?","41,367,971",
"202509","85177950","光通信设备的激光收发模块","136","泰国","10","一般贸易","52","贵州省","47","千克","0","?","41,396",
"202509","85177950","光通信设备的激光收发模块","136","泰国","15","进料加工贸易","32","江苏省","311","千克","0","?","116,541",
"202509","85177950","光通信设备的激光收发模块","136","泰国","15","进料加工贸易","35","福建省","0","千克","0","?","977",
"202509","85177950","光通信设备的激光收发模块","136","泰国","15","进料加工贸易","44","广东省","357","千克","0","?","809,979",
"202509","85177950","光通信设备的激光收发模块","136","泰国","39","其他","32","江苏省","0","千克","0","?","1,346",
"202509","85177950","光通信设备的激光收发模块","137","土耳其","10","一般贸易","21","辽宁省","1","千克","0","?","315",
"202509","85177950","光通信设备的激光收发模块","137","土耳其","10","一般贸易","32","江苏省","6","千克","0","?","893",
"202509","85177950","光通信设备的激光收发模块","137","土耳其","10","一般贸易","33","浙江省","16","千克","0","?","10,328",
"202509","85177950","光通信设备的激光收发模块","137","土耳其","10","一般贸易","35","福建省","52","千克","0","?","56,662",
"202509","85177950","光通信设备的激光收发模块","137","土耳其","10","一般贸易","41","河南省","0","千克","0","?","288",
"202509","85177950","光通信设备的激光收发模块","137","土耳其","10","一般贸易","42","湖北省","1","千克","0","?","1,118",
"202509","85177950","光通信设备的激光收发模块","137","土耳其","10","一般贸易","44","广东省","625","千克","0","?","599,782",
"202509","85177950","光通信设备的激光收发模块","137","土耳其","10","一般贸易","45","广西壮族自治区","5","千克","0","?","305",
"202509","85177950","光通信设备的激光收发模块","137","土耳其","10","一般贸易","50","重庆市","65","千克","0","?","10,301",
"202509","85177950","光通信设备的激光收发模块","137","土耳其","10","一般贸易","53","云南省","6","千克","0","?","1,000",
"202509","85177950","光通信设备的激光收发模块","137","土耳其","33","保税监管场所进出境货物","44","广东省","17","千克","0","?","1,076",
"202509","85177950","光通信设备的激光收发模块","137","土耳其","34","海关特殊监管区域物流货物","31","上海市","3","千克","0","?","249",
"202509","85177950","光通信设备的激光收发模块","137","土耳其","34","海关特殊监管区域物流货物","32","江苏省","0","千克","0","?","125",
"202509","85177950","光通信设备的激光收发模块","138","阿联酋","10","一般贸易","21","辽宁省","29","千克","0","?","1,122",
"202509","85177950","光通信设备的激光收发模块","138","阿联酋","10","一般贸易","31","上海市","27","千克","0","?","226,348",
"202509","85177950","光通信设备的激光收发模块","138","阿联酋","10","一般贸易","33","浙江省","214","千克","0","?","25,325",
"202509","85177950","光通信设备的激光收发模块","138","阿联酋","10","一般贸易","35","福建省","123","千克","0","?","22,697",
"202509","85177950","光通信设备的激光收发模块","138","阿联酋","10","一般贸易","37","山东省","1051","千克","0","?","20,563",
"202509","85177950","光通信设备的激光收发模块","138","阿联酋","10","一般贸易","41","河南省","0","千克","0","?","7",
"202509","85177950","光通信设备的激光收发模块","138","阿联酋","10","一般贸易","42","湖北省","653","千克","0","?","2,586,192",
"202509","85177950","光通信设备的激光收发模块","138","阿联酋","10","一般贸易","44","广东省","1297","千克","0","?","784,920",
"202509","85177950","光通信设备的激光收发模块","138","阿联酋","10","一般贸易","46","海南省","955","千克","0","?","22,325",
"202509","85177950","光通信设备的激光收发模块","138","阿联酋","10","一般贸易","51","四川省","74","千克","0","?","15,669",
"202509","85177950","光通信设备的激光收发模块","138","阿联酋","10","一般贸易","52","贵州省","9","千克","0","?","2,904",
"202509","85177950","光通信设备的激光收发模块","138","阿联酋","15","进料加工贸易","44","广东省","3","千克","0","?","44,795",
"202509","85177950","光通信设备的激光收发模块","138","阿联酋","15","进料加工贸易","51","四川省","62","千克","0","?","11,903",
"202509","85177950","光通信设备的激光收发模块","138","阿联酋","33","保税监管场所进出境货物","44","广东省","0","千克","0","?","143",
"202509","85177950","光通信设备的激光收发模块","138","阿联酋","34","海关特殊监管区域物流货物","32","江苏省","209","千克","0","?","85,173",
"202509","85177950","光通信设备的激光收发模块","138","阿联酋","34","海关特殊监管区域物流货物","35","福建省","7","千克","0","?","11,499",
"202509","85177950","光通信设备的激光收发模块","139","也门","10","一般贸易","33","浙江省","8","千克","0","?","2,050",
"202509","85177950","光通信设备的激光收发模块","139","也门","10","一般贸易","44","广东省","22","千克","0","?","5,212",
"202509","85177950","光通信设备的激光收发模块","139","也门","39","其他","44","广东省","1","千克","0","?","40",
"202509","85177950","光通信设备的激光收发模块","141","越南","10","一般贸易","31","上海市","306","千克","0","?","159,991",
"202509","85177950","光通信设备的激光收发模块","141","越南","10","一般贸易","32","江苏省","10","千克","0","?","12,079",
"202509","85177950","光通信设备的激光收发模块","141","越南","10","一般贸易","33","浙江省","22","千克","0","?","10,319",
"202509","85177950","光通信设备的激光收发模块","141","越南","10","一般贸易","35","福建省","3","千克","0","?","3,058",
"202509","85177950","光通信设备的激光收发模块","141","越南","10","一般贸易","37","山东省","416","千克","0","?","104,611",
"202509","85177950","光通信设备的激光收发模块","141","越南","10","一般贸易","42","湖北省","717","千克","0","?","92,810",
"202509","85177950","光通信设备的激光收发模块","141","越南","10","一般贸易","44","广东省","965","千克","0","?","840,330",
"202509","85177950","光通信设备的激光收发模块","141","越南","10","一般贸易","45","广西壮族自治区","25","千克","0","?","5,033",
"202509","85177950","光通信设备的激光收发模块","141","越南","10","一般贸易","50","重庆市","0","千克","0","?","370",
"202509","85177950","光通信设备的激光收发模块","141","越南","10","一般贸易","61","陕西省","1","千克","0","?","360",
"202509","85177950","光通信设备的激光收发模块","141","越南","10","一般贸易","65","新疆维吾尔自治区","4","千克","0","?","11,250",
"202509","85177950","光通信设备的激光收发模块","141","越南","15","进料加工贸易","32","江苏省","32","千克","0","?","19,948",
"202509","85177950","光通信设备的激光收发模块","141","越南","15","进料加工贸易","33","浙江省","135","千克","0","?","155,900",
"202509","85177950","光通信设备的激光收发模块","141","越南","15","进料加工贸易","51","四川省","252","千克","0","?","193,058",
"202509","85177950","光通信设备的激光收发模块","141","越南","19","边境小额贸易","45","广西壮族自治区","7","千克","0","?","15,200",
"202509","85177950","光通信设备的激光收发模块","141","越南","33","保税监管场所进出境货物","32","江苏省","403","千克","0","?","206,364",
"202509","85177950","光通信设备的激光收发模块","141","越南","33","保税监管场所进出境货物","44","广东省","167","千克","0","?","43,193",
"202509","85177950","光通信设备的激光收发模块","141","越南","34","海关特殊监管区域物流货物","31","上海市","18","千克","0","?","17,808",
"202509","85177950","光通信设备的激光收发模块","141","越南","34","海关特殊监管区域物流货物","32","江苏省","3501","千克","0","?","1,945,591",
"202509","85177950","光通信设备的激光收发模块","141","越南","34","海关特殊监管区域物流货物","45","广西壮族自治区","862","千克","0","?","343,921",
"202509","85177950","光通信设备的激光收发模块","143","中国台湾","10","一般贸易","11","北京市","0","千克","0","?","663",
"202509","85177950","光通信设备的激光收发模块","143","中国台湾","10","一般贸易","13","河北省","62","千克","0","?","12,695",
"202509","85177950","光通信设备的激光收发模块","143","中国台湾","10","一般贸易","21","辽宁省","0","千克","0","?","5,200",
"202509","85177950","光通信设备的激光收发模块","143","中国台湾","10","一般贸易","31","上海市","6","千克","0","?","12,893",
"202509","85177950","光通信设备的激光收发模块","143","中国台湾","10","一般贸易","32","江苏省","728","千克","0","?","1,500,468",
"202509","85177950","光通信设备的激光收发模块","143","中国台湾","10","一般贸易","33","浙江省","4354","千克","0","?","9,668,376",
"202509","85177950","光通信设备的激光收发模块","143","中国台湾","10","一般贸易","34","安徽省","94","千克","0","?","26,830",
"202509","85177950","光通信设备的激光收发模块","143","中国台湾","10","一般贸易","37","山东省","480","千克","0","?","148,711",
"202509","85177950","光通信设备的激光收发模块","143","中国台湾","10","一般贸易","42","湖北省","2020","千克","0","?","2,609,483",
"202509","85177950","光通信设备的激光收发模块","143","中国台湾","10","一般贸易","43","湖南省","0","千克","0","?","1,612",
"202509","85177950","光通信设备的激光收发模块","143","中国台湾","10","一般贸易","44","广东省","3440","千克","0","?","4,303,594",
"202509","85177950","光通信设备的激光收发模块","143","中国台湾","10","一般贸易","51","四川省","121","千克","0","?","133,940",
"202509","85177950","光通信设备的激光收发模块","143","中国台湾","15","进料加工贸易","32","江苏省","54","千克","0","?","12,575",
"202509","85177950","光通信设备的激光收发模块","143","中国台湾","15","进料加工贸易","33","浙江省","4786","千克","0","?","5,452,359",
"202509","85177950","光通信设备的激光收发模块","143","中国台湾","15","进料加工贸易","35","福建省","0","千克","0","?","4,487",
"202509","85177950","光通信设备的激光收发模块","143","中国台湾","15","进料加工贸易","44","广东省","1","千克","0","?","654",
"202509","85177950","光通信设备的激光收发模块","143","中国台湾","15","进料加工贸易","51","四川省","14644","千克","0","?","17,748,415",
"202509","85177950","光通信设备的激光收发模块","143","中国台湾","34","海关特殊监管区域物流货物","32","江苏省","305","千克","0","?","55,243",
"202509","85177950","光通信设备的激光收发模块","143","中国台湾","34","海关特殊监管区域物流货物","35","福建省","5","千克","0","?","71,159",
"202509","85177950","光通信设备的激光收发模块","144","东帝汶","10","一般贸易","44","广东省","21","千克","0","?","82,176",
"202509","85177950","光通信设备的激光收发模块","145","哈萨克斯坦","10","一般贸易","12","天津市","1","千克","0","?","756",
"202509","85177950","光通信设备的激光收发模块","145","哈萨克斯坦","10","一般贸易","31","上海市","164","千克","0","?","46,849",
"202509","85177950","光通信设备的激光收发模块","145","哈萨克斯坦","10","一般贸易","33","浙江省","29","千克","0","?","21,496",
"202509","85177950","光通信设备的激光收发模块","145","哈萨克斯坦","10","一般贸易","35","福建省","3","千克","0","?","3,705",
"202509","85177950","光通信设备的激光收发模块","145","哈萨克斯坦","10","一般贸易","44","广东省","448","千克","0","?","392,397",
"202509","85177950","光通信设备的激光收发模块","145","哈萨克斯坦","10","一般贸易","61","陕西省","0","千克","0","?","340",
"202509","85177950","光通信设备的激光收发模块","145","哈萨克斯坦","34","海关特殊监管区域物流货物","44","广东省","110","千克","0","?","27,434",
"202509","85177950","光通信设备的激光收发模块","146","吉尔吉斯斯坦","10","一般贸易","33","浙江省","5","千克","0","?","3,452",
"202509","85177950","光通信设备的激光收发模块","146","吉尔吉斯斯坦","10","一般贸易","44","广东省","11","千克","0","?","3,249",
"202509","85177950","光通信设备的激光收发模块","146","吉尔吉斯斯坦","34","海关特殊监管区域物流货物","32","江苏省","3","千克","0","?","1,383",
"202509","85177950","光通信设备的激光收发模块","147","塔吉克斯坦","10","一般贸易","35","福建省","6","千克","0","?","11,836",
"202509","85177950","光通信设备的激光收发模块","147","塔吉克斯坦","34","海关特殊监管区域物流货物","32","江苏省","13","千克","0","?","6,475",
"202509","85177950","光通信设备的激光收发模块","148","土库曼斯坦","10","一般贸易","33","浙江省","1","千克","0","?","742",
"202509","85177950","光通信设备的激光收发模块","148","土库曼斯坦","10","一般贸易","51","四川省","2","千克","0","?","982",
"202509","85177950","光通信设备的激光收发模块","149","乌兹别克斯坦","10","一般贸易","31","上海市","12","千克","0","?","5,532",
"202509","85177950","光通信设备的激光收发模块","149","乌兹别克斯坦","10","一般贸易","33","浙江省","5","千克","0","?","10,283",
"202509","85177950","光通信设备的激光收发模块","149","乌兹别克斯坦","10","一般贸易","35","福建省","0","千克","0","?","717",
"202509","85177950","光通信设备的激光收发模块","149","乌兹别克斯坦","10","一般贸易","42","湖北省","46","千克","0","?","9,751",
"202509","85177950","光通信设备的激光收发模块","149","乌兹别克斯坦","10","一般贸易","44","广东省","63","千克","0","?","24,802",
"202509","85177950","光通信设备的激光收发模块","150","格鲁吉亚","10","一般贸易","31","上海市","5","千克","0","?","12,355",
"202509","85177950","光通信设备的激光收发模块","150","格鲁吉亚","10","一般贸易","33","浙江省","2","千克","0","?","581",
"202509","85177950","光通信设备的激光收发模块","150","格鲁吉亚","10","一般贸易","37","山东省","0","千克","0","?","7",
"202509","85177950","光通信设备的激光收发模块","150","格鲁吉亚","10","一般贸易","44","广东省","9","千克","0","?","8,826",
"202509","85177950","光通信设备的激光收发模块","151","亚美尼亚","10","一般贸易","31","上海市","2","千克","0","?","1,375",
"202509","85177950","光通信设备的激光收发模块","151","亚美尼亚","10","一般贸易","33","浙江省","1","千克","0","?","381",
"202509","85177950","光通信设备的激光收发模块","151","亚美尼亚","10","一般贸易","44","广东省","3","千克","0","?","7,713",
"202509","85177950","光通信设备的激光收发模块","152","阿塞拜疆","10","一般贸易","31","上海市","105","千克","0","?","34,970",
"202509","85177950","光通信设备的激光收发模块","152","阿塞拜疆","10","一般贸易","44","广东省","6","千克","0","?","3,226",
"202509","85177950","光通信设备的激光收发模块","152","阿塞拜疆","10","一般贸易","46","海南省","0","千克","0","?","21",
"202509","85177950","光通信设备的激光收发模块","201","阿尔及利亚","10","一般贸易","44","广东省","523","千克","0","?","405,575",
"202509","85177950","光通信设备的激光收发模块","201","阿尔及利亚","22","对外承包工程出口货物","11","北京市","3","千克","0","?","17,401",
"202509","85177950","光通信设备的激光收发模块","202","安哥拉","10","一般贸易","32","江苏省","60","千克","0","?","14,184",
"202509","85177950","光通信设备的激光收发模块","202","安哥拉","10","一般贸易","44","广东省","2","千克","0","?","1,474",
"202509","85177950","光通信设备的激光收发模块","203","贝宁","10","一般贸易","33","浙江省","160","千克","0","?","288",
"202509","85177950","光通信设备的激光收发模块","203","贝宁","10","一般贸易","44","广东省","53","千克","0","?","18,266",
"202509","85177950","光通信设备的激光收发模块","204","博茨瓦纳","10","一般贸易","44","广东省","52","千克","0","?","17,550",
"202509","85177950","光通信设备的激光收发模块","206","喀麦隆","10","一般贸易","44","广东省","1","千克","0","?","1,170",
"202509","85177950","光通信设备的激光收发模块","208","佛得角","10","一般贸易","44","广东省","0","千克","0","?","237",
"202509","85177950","光通信设备的激光收发模块","211","乍得","10","一般贸易","44","广东省","69","千克","0","?","19,155",
"202509","85177950","光通信设备的激光收发模块","213","刚果共和国","10","一般贸易","44","广东省","3","千克","0","?","7,824",
"202509","85177950","光通信设备的激光收发模块","215","埃及","10","一般贸易","31","上海市","11","千克","0","?","30,720",
"202509","85177950","光通信设备的激光收发模块","215","埃及","10","一般贸易","32","江苏省","66","千克","0","?","784",
"202509","85177950","光通信设备的激光收发模块","215","埃及","10","一般贸易","33","浙江省","2","千克","0","?","839",
"202509","85177950","光通信设备的激光收发模块","215","埃及","10","一般贸易","35","福建省","39","千克","0","?","48,444",
"202509","85177950","光通信设备的激光收发模块","215","埃及","10","一般贸易","44","广东省","118","千克","0","?","37,846",
"202509","85177950","光通信设备的激光收发模块","215","埃及","15","进料加工贸易","44","广东省","0","千克","0","?","254",
"202509","85177950","光通信设备的激光收发模块","215","埃及","39","其他","44","广东省","7","千克","0","?","131",
"202509","85177950","光通信设备的激光收发模块","217","埃塞俄比亚","10","一般贸易","32","江苏省","54","千克","0","?","32,469",
"202509","85177950","光通信设备的激光收发模块","217","埃塞俄比亚","10","一般贸易","33","浙江省","2","千克","0","?","851",
"202509","85177950","光通信设备的激光收发模块","217","埃塞俄比亚","10","一般贸易","34","安徽省","1","千克","0","?","627",
"202509","85177950","光通信设备的激光收发模块","217","埃塞俄比亚","10","一般贸易","44","广东省","6","千克","0","?","1,730",
"202509","85177950","光通信设备的激光收发模块","217","埃塞俄比亚","22","对外承包工程出口货物","32","江苏省","7","千克","0","?","2,251",
"202509","85177950","光通信设备的激光收发模块","218","加蓬","10","一般贸易","33","浙江省","2","千克","0","?","1,197",
"202509","85177950","光通信设备的激光收发模块","219","冈比亚","10","一般贸易","44","广东省","19","千克","0","?","6,114",
"202509","85177950","光通信设备的激光收发模块","220","加纳","10","一般贸易","37","山东省","1120","千克","0","?","5,970",
"202509","85177950","光通信设备的激光收发模块","220","加纳","10","一般贸易","44","广东省","131","千克","0","?","200,926",
"202509","85177950","光通信设备的激光收发模块","220","加纳","10","一般贸易","50","重庆市","160","千克","0","?","288",
"202509","85177950","光通信设备的激光收发模块","220","加纳","10","一般贸易","65","新疆维吾尔自治区","528","千克","0","?","1,853",
"202509","85177950","光通信设备的激光收发模块","221","几内亚","10","一般贸易","33","浙江省","1","千克","0","?","597",
"202509","85177950","光通信设备的激光收发模块","221","几内亚","10","一般贸易","35","福建省","15","千克","0","?","1,744",
"202509","85177950","光通信设备的激光收发模块","221","几内亚","10","一般贸易","36","江西省","0","千克","0","?","24",
"202509","85177950","光通信设备的激光收发模块","221","几内亚","10","一般贸易","44","广东省","6","千克","0","?","1,620",
"202509","85177950","光通信设备的激光收发模块","222","几内亚比绍","10","一般贸易","44","广东省","0","千克","0","?","45",
"202509","85177950","光通信设备的激光收发模块","223","科特迪瓦","10","一般贸易","35","福建省","10","千克","0","?","500",
"202509","85177950","光通信设备的激光收发模块","223","科特迪瓦","10","一般贸易","44","广东省","96","千克","0","?","130,580",
"202509","85177950","光通信设备的激光收发模块","224","肯尼亚","10","一般贸易","35","福建省","8","千克","0","?","846",
"202509","85177950","光通信设备的激光收发模块","224","肯尼亚","10","一般贸易","43","湖南省","1","千克","0","?","10",
"202509","85177950","光通信设备的激光收发模块","224","肯尼亚","10","一般贸易","44","广东省","84","千克","0","?","48,387",
"202509","85177950","光通信设备的激光收发模块","224","肯尼亚","34","海关特殊监管区域物流货物","32","江苏省","29","千克","0","?","5,915",
"202509","85177950","光通信设备的激光收发模块","225","利比里亚","10","一般贸易","44","广东省","2","千克","0","?","375",
"202509","85177950","光通信设备的激光收发模块","225","利比里亚","34","海关特殊监管区域物流货物","32","江苏省","1","千克","0","?","258",
"202509","85177950","光通信设备的激光收发模块","226","利比亚","10","一般贸易","33","浙江省","10","千克","0","?","3,209",
"202509","85177950","光通信设备的激光收发模块","226","利比亚","10","一般贸易","35","福建省","4","千克","0","?","4,057",
"202509","85177950","光通信设备的激光收发模块","226","利比亚","10","一般贸易","44","广东省","13","千克","0","?","230",
"202509","85177950","光通信设备的激光收发模块","228","马拉维","10","一般贸易","44","广东省","0","千克","0","?","8,847",
"202509","85177950","光通信设备的激光收发模块","229","马里","10","一般贸易","44","广东省","6","千克","0","?","3,363",
"202509","85177950","光通信设备的激光收发模块","230","毛里塔尼亚","10","一般贸易","44","广东省","33","千克","0","?","127,141",
"202509","85177950","光通信设备的激光收发模块","231","毛里求斯","10","一般贸易","42","湖北省","1","千克","0","?","729",
"202509","85177950","光通信设备的激光收发模块","231","毛里求斯","10","一般贸易","44","广东省","6","千克","0","?","4,810",
"202509","85177950","光通信设备的激光收发模块","231","毛里求斯","15","进料加工贸易","44","广东省","0","千克","0","?","2,914",
"202509","85177950","光通信设备的激光收发模块","232","摩洛哥","10","一般贸易","31","上海市","13","千克","0","?","2,515",
"202509","85177950","光通信设备的激光收发模块","232","摩洛哥","10","一般贸易","33","浙江省","14","千克","0","?","10,245",
"202509","85177950","光通信设备的激光收发模块","232","摩洛哥","10","一般贸易","44","广东省","49","千克","0","?","23,484",
"202509","85177950","光通信设备的激光收发模块","232","摩洛哥","33","保税监管场所进出境货物","44","广东省","0","千克","0","?","56",
"202509","85177950","光通信设备的激光收发模块","233","莫桑比克","10","一般贸易","33","浙江省","1","千克","0","?","772",
"202509","85177950","光通信设备的激光收发模块","233","莫桑比克","10","一般贸易","44","广东省","14","千克","0","?","3,474",
"202509","85177950","光通信设备的激光收发模块","234","纳米比亚","10","一般贸易","44","广东省","0","千克","0","?","609",
"202509","85177950","光通信设备的激光收发模块","236","尼日利亚","10","一般贸易","33","浙江省","907","千克","0","?","5,487",
"202509","85177950","光通信设备的激光收发模块","236","尼日利亚","10","一般贸易","35","福建省","30","千克","0","?","2,916",
"202509","85177950","光通信设备的激光收发模块","236","尼日利亚","10","一般贸易","37","山东省","917","千克","0","?","19,666",
"202509","85177950","光通信设备的激光收发模块","236","尼日利亚","10","一般贸易","44","广东省","128","千克","0","?","54,209",
"202509","85177950","光通信设备的激光收发模块","236","尼日利亚","10","一般贸易","46","海南省","225","千克","0","?","4,838",
"202509","85177950","光通信设备的激光收发模块","236","尼日利亚","10","一般贸易","50","重庆市","288","千克","0","?","1,181",
"202509","85177950","光通信设备的激光收发模块","236","尼日利亚","34","海关特殊监管区域物流货物","32","江苏省","30","千克","0","?","7,634",
"202509","85177950","光通信设备的激光收发模块","237","留尼汪","10","一般贸易","33","浙江省","0","千克","0","?","359",
"202509","85177950","光通信设备的激光收发模块","237","留尼汪","10","一般贸易","44","广东省","5","千克","0","?","4,495",
"202509","85177950","光通信设备的激光收发模块","240","塞内加尔","10","一般贸易","44","广东省","16","千克","0","?","11,415",
"202509","85177950","光通信设备的激光收发模块","243","索马里","10","一般贸易","44","广东省","6","千克","0","?","285",
"202509","85177950","光通信设备的激光收发模块","244","南非","10","一般贸易","31","上海市","36","千克","0","?","13,619",
"202509","85177950","光通信设备的激光收发模块","244","南非","10","一般贸易","33","浙江省","38","千克","0","?","13,200",
"202509","85177950","光通信设备的激光收发模块","244","南非","10","一般贸易","35","福建省","0","千克","0","?","56",
"202509","85177950","光通信设备的激光收发模块","244","南非","10","一般贸易","42","湖北省","11","千克","0","?","1,348",
"202509","85177950","光通信设备的激光收发模块","244","南非","10","一般贸易","44","广东省","444","千克","0","?","352,600",
"202509","85177950","光通信设备的激光收发模块","244","南非","10","一般贸易","45","广西壮族自治区","0","千克","0","?","1,294",
"202509","85177950","光通信设备的激光收发模块","244","南非","10","一般贸易","51","四川省","1","千克","0","?","673",
"202509","85177950","光通信设备的激光收发模块","244","南非","15","进料加工贸易","44","广东省","1","千克","0","?","853",
"202509","85177950","光通信设备的激光收发模块","244","南非","33","保税监管场所进出境货物","44","广东省","21","千克","0","?","5,804",
"202509","85177950","光通信设备的激光收发模块","244","南非","34","海关特殊监管区域物流货物","32","江苏省","0","千克","0","?","2,234",
"202509","85177950","光通信设备的激光收发模块","247","坦桑尼亚","10","一般贸易","37","山东省","1","千克","0","?","38",
"202509","85177950","光通信设备的激光收发模块","247","坦桑尼亚","10","一般贸易","42","湖北省","158","千克","0","?","4,076",
"202509","85177950","光通信设备的激光收发模块","247","坦桑尼亚","10","一般贸易","44","广东省","93","千克","0","?","36,945",
"202509","85177950","光通信设备的激光收发模块","247","坦桑尼亚","22","对外承包工程出口货物","32","江苏省","1","千克","0","?","1,477",
"202509","85177950","光通信设备的激光收发模块","249","突尼斯","10","一般贸易","33","浙江省","2","千克","0","?","2,049",
"202509","85177950","光通信设备的激光收发模块","249","突尼斯","10","一般贸易","44","广东省","3","千克","0","?","17,573",
"202509","85177950","光通信设备的激光收发模块","250","乌干达","10","一般贸易","35","福建省","1","千克","0","?","216",
"202509","85177950","光通信设备的激光收发模块","250","乌干达","10","一般贸易","44","广东省","63","千克","0","?","21,275",
"202509","85177950","光通信设备的激光收发模块","250","乌干达","10","一般贸易","45","广西壮族自治区","310","千克","0","?","1,770",
"202509","85177950","光通信设备的激光收发模块","251","布基纳法索","10","一般贸易","44","广东省","7","千克","0","?","1,297",
"202509","85177950","光通信设备的激光收发模块","252","刚果民主共和国","10","一般贸易","33","浙江省","3","千克","0","?","1,551",
"202509","85177950","光通信设备的激光收发模块","252","刚果民主共和国","10","一般贸易","44","广东省","56","千克","0","?","15,243",
"202509","85177950","光通信设备的激光收发模块","252","刚果民主共和国","10","一般贸易","45","广西壮族自治区","7","千克","0","?","3,957",
"202509","85177950","光通信设备的激光收发模块","253","赞比亚","10","一般贸易","33","浙江省","2","千克","0","?","1,716",
"202509","85177950","光通信设备的激光收发模块","253","赞比亚","10","一般贸易","44","广东省","31","千克","0","?","17,127",
"202509","85177950","光通信设备的激光收发模块","254","津巴布韦","10","一般贸易","21","辽宁省","0","千克","0","?","3,900",
"202509","85177950","光通信设备的激光收发模块","254","津巴布韦","10","一般贸易","44","广东省","1","千克","0","?","272",
"202509","85177950","光通信设备的激光收发模块","259","马约特","10","一般贸易","44","广东省","1","千克","0","?","99",
"202509","85177950","光通信设备的激光收发模块","301","比利时","10","一般贸易","12","天津市","4","千克","0","?","375",
"202509","85177950","光通信设备的激光收发模块","301","比利时","10","一般贸易","31","上海市","94","千克","0","?","312,807",
"202509","85177950","光通信设备的激光收发模块","301","比利时","10","一般贸易","33","浙江省","5","千克","0","?","1,507",
"202509","85177950","光通信设备的激光收发模块","301","比利时","10","一般贸易","34","安徽省","517","千克","0","?","72,150",
"202509","85177950","光通信设备的激光收发模块","301","比利时","10","一般贸易","37","山东省","0","千克","0","?","9",
"202509","85177950","光通信设备的激光收发模块","301","比利时","10","一般贸易","42","湖北省","107","千克","0","?","114,565",
"202509","85177950","光通信设备的激光收发模块","301","比利时","10","一般贸易","44","广东省","96","千克","0","?","105,237",
"202509","85177950","光通信设备的激光收发模块","301","比利时","10","一般贸易","45","广西壮族自治区","1","千克","0","?","630",
"202509","85177950","光通信设备的激光收发模块","301","比利时","10","一般贸易","46","海南省","38","千克","0","?","3,199",
"202509","85177950","光通信设备的激光收发模块","301","比利时","10","一般贸易","51","四川省","17","千克","0","?","35,868",
"202509","85177950","光通信设备的激光收发模块","301","比利时","15","进料加工贸易","32","江苏省","98","千克","0","?","48,542",
"202509","85177950","光通信设备的激光收发模块","302","丹麦","10","一般贸易","11","北京市","1","千克","0","?","2,230",
"202509","85177950","光通信设备的激光收发模块","302","丹麦","10","一般贸易","31","上海市","13","千克","0","?","11,163",
"202509","85177950","光通信设备的激光收发模块","302","丹麦","10","一般贸易","32","江苏省","2","千克","0","?","11,089",
"202509","85177950","光通信设备的激光收发模块","302","丹麦","10","一般贸易","42","湖北省","2","千克","0","?","42,284",
"202509","85177950","光通信设备的激光收发模块","302","丹麦","10","一般贸易","44","广东省","84","千克","0","?","56,540",
"202509","85177950","光通信设备的激光收发模块","302","丹麦","10","一般贸易","51","四川省","378","千克","0","?","213,958",
"202509","85177950","光通信设备的激光收发模块","303","英国","10","一般贸易","31","上海市","374","千克","0","?","1,017,190",
"202509","85177950","光通信设备的激光收发模块","303","英国","10","一般贸易","32","江苏省","29","千克","0","?","43,307",
"202509","85177950","光通信设备的激光收发模块","303","英国","10","一般贸易","33","浙江省","34","千克","0","?","12,523",
"202509","85177950","光通信设备的激光收发模块","303","英国","10","一般贸易","35","福建省","3","千克","0","?","3,780",
"202509","85177950","光通信设备的激光收发模块","303","英国","10","一般贸易","37","山东省","3","千克","0","?","176",
"202509","85177950","光通信设备的激光收发模块","303","英国","10","一般贸易","42","湖北省","346","千克","0","?","732,123",
"202509","85177950","光通信设备的激光收发模块","303","英国","10","一般贸易","44","广东省","1078","千克","0","?","1,085,679",
"202509","85177950","光通信设备的激光收发模块","303","英国","10","一般贸易","50","重庆市","0","千克","0","?","220",
"202509","85177950","光通信设备的激光收发模块","303","英国","10","一般贸易","51","四川省","490","千克","0","?","1,845,323",
"202509","85177950","光通信设备的激光收发模块","303","英国","10","一般贸易","61","陕西省","0","千克","0","?","236",
"202509","85177950","光通信设备的激光收发模块","303","英国","15","进料加工贸易","32","江苏省","41","千克","0","?","12,854",
"202509","85177950","光通信设备的激光收发模块","303","英国","15","进料加工贸易","44","广东省","0","千克","0","?","10,470",
"202509","85177950","光通信设备的激光收发模块","303","英国","15","进料加工贸易","51","四川省","19","千克","0","?","65,476",
"202509","85177950","光通信设备的激光收发模块","303","英国","34","海关特殊监管区域物流货物","32","江苏省","120","千克","0","?","371,113",
"202509","85177950","光通信设备的激光收发模块","303","英国","34","海关特殊监管区域物流货物","44","广东省","95","千克","0","?","63,803",
"202509","85177950","光通信设备的激光收发模块","304","德国","10","一般贸易","11","北京市","13","千克","0","?","15,085",
"202509","85177950","光通信设备的激光收发模块","304","德国","10","一般贸易","21","辽宁省","11","千克","0","?","1,350",
"202509","85177950","光通信设备的激光收发模块","304","德国","10","一般贸易","31","上海市","4","千克","0","?","4,670",
"202509","85177950","光通信设备的激光收发模块","304","德国","10","一般贸易","32","江苏省","126","千克","0","?","287,409",
"202509","85177950","光通信设备的激光收发模块","304","德国","10","一般贸易","33","浙江省","83","千克","0","?","160,551",
"202509","85177950","光通信设备的激光收发模块","304","德国","10","一般贸易","35","福建省","12","千克","0","?","2,549",
"202509","85177950","光通信设备的激光收发模块","304","德国","10","一般贸易","37","山东省","124","千克","0","?","67,002",
"202509","85177950","光通信设备的激光收发模块","304","德国","10","一般贸易","42","湖北省","868","千克","0","?","700,250",
"202509","85177950","光通信设备的激光收发模块","304","德国","10","一般贸易","44","广东省","4525","千克","0","?","3,244,116",
"202509","85177950","光通信设备的激光收发模块","304","德国","10","一般贸易","45","广西壮族自治区","14","千克","0","?","712",
"202509","85177950","光通信设备的激光收发模块","304","德国","10","一般贸易","51","四川省","858","千克","0","?","639,423",
"202509","85177950","光通信设备的激光收发模块","304","德国","10","一般贸易","52","贵州省","0","千克","0","?","158",
"202509","85177950","光通信设备的激光收发模块","304","德国","10","一般贸易","65","新疆维吾尔自治区","1","千克","0","?","490",
"202509","85177950","光通信设备的激光收发模块","304","德国","15","进料加工贸易","32","江苏省","52","千克","0","?","476,328",
"202509","85177950","光通信设备的激光收发模块","304","德国","15","进料加工贸易","51","四川省","4","千克","0","?","5,005",
"202509","85177950","光通信设备的激光收发模块","304","德国","33","保税监管场所进出境货物","44","广东省","0","千克","0","?","138",
"202509","85177950","光通信设备的激光收发模块","304","德国","34","海关特殊监管区域物流货物","32","江苏省","6","千克","0","?","16,847",
"202509","85177950","光通信设备的激光收发模块","304","德国","34","海关特殊监管区域物流货物","42","湖北省","1238","千克","0","?","1,562,893",
"202509","85177950","光通信设备的激光收发模块","304","德国","34","海关特殊监管区域物流货物","44","广东省","103","千克","0","?","141,816",
"202509","85177950","光通信设备的激光收发模块","305","法国","10","一般贸易","31","上海市","1","千克","0","?","123",
"202509","85177950","光通信设备的激光收发模块","305","法国","10","一般贸易","32","江苏省","1","千克","0","?","2,228",
"202509","85177950","光通信设备的激光收发模块","305","法国","10","一般贸易","33","浙江省","3","千克","0","?","1,813",
"202509","85177950","光通信设备的激光收发模块","305","法国","10","一般贸易","35","福建省","42","千克","0","?","5,273",
"202509","85177950","光通信设备的激光收发模块","305","法国","10","一般贸易","37","山东省","28","千克","0","?","4,529",
"202509","85177950","光通信设备的激光收发模块","305","法国","10","一般贸易","41","河南省","10","千克","0","?","13,655",
"202509","85177950","光通信设备的激光收发模块","305","法国","10","一般贸易","42","湖北省","26","千克","0","?","55,209",
"202509","85177950","光通信设备的激光收发模块","305","法国","10","一般贸易","44","广东省","128","千克","0","?","68,990",
"202509","85177950","光通信设备的激光收发模块","305","法国","10","一般贸易","45","广西壮族自治区","28","千克","0","?","1,613",
"202509","85177950","光通信设备的激光收发模块","305","法国","10","一般贸易","51","四川省","33","千克","0","?","22,610",
"202509","85177950","光通信设备的激光收发模块","305","法国","10","一般贸易","65","新疆维吾尔自治区","31","千克","0","?","5,737",
"202509","85177950","光通信设备的激光收发模块","305","法国","15","进料加工贸易","32","江苏省","1","千克","0","?","1,148",
"202509","85177950","光通信设备的激光收发模块","305","法国","15","进料加工贸易","51","四川省","0","千克","0","?","13,408",
"202509","85177950","光通信设备的激光收发模块","306","爱尔兰","10","一般贸易","21","辽宁省","0","千克","0","?","14,986",
"202509","85177950","光通信设备的激光收发模块","306","爱尔兰","10","一般贸易","32","江苏省","613","千克","0","?","897,120",
"202509","85177950","光通信设备的激光收发模块","306","爱尔兰","10","一般贸易","33","浙江省","2","千克","0","?","4,889",
"202509","85177950","光通信设备的激光收发模块","306","爱尔兰","10","一般贸易","35","福建省","1","千克","0","?","14,446",
"202509","85177950","光通信设备的激光收发模块","306","爱尔兰","10","一般贸易","37","山东省","3","千克","0","?","728",
"202509","85177950","光通信设备的激光收发模块","306","爱尔兰","10","一般贸易","44","广东省","239","千克","0","?","177,688",
"202509","85177950","光通信设备的激光收发模块","306","爱尔兰","10","一般贸易","50","重庆市","2","千克","0","?","216",
"202509","85177950","光通信设备的激光收发模块","306","爱尔兰","10","一般贸易","51","四川省","107","千克","0","?","600,000",
"202509","85177950","光通信设备的激光收发模块","306","爱尔兰","10","一般贸易","52","贵州省","94","千克","0","?","22,940",
"202509","85177950","光通信设备的激光收发模块","306","爱尔兰","15","进料加工贸易","32","江苏省","4965","千克","0","?","1,031,167",
"202509","85177950","光通信设备的激光收发模块","307","意大利","10","一般贸易","12","天津市","6","千克","0","?","473",
"202509","85177950","光通信设备的激光收发模块","307","意大利","10","一般贸易","32","江苏省","59","千克","0","?","25,515",
"202509","85177950","光通信设备的激光收发模块","307","意大利","10","一般贸易","33","浙江省","56","千克","0","?","18,664",
"202509","85177950","光通信设备的激光收发模块","307","意大利","10","一般贸易","37","山东省","0","千克","0","?","43",
"202509","85177950","光通信设备的激光收发模块","307","意大利","10","一般贸易","42","湖北省","0","千克","0","?","4,961",
"202509","85177950","光通信设备的激光收发模块","307","意大利","10","一般贸易","43","湖南省","1","千克","0","?","3,350",
"202509","85177950","光通信设备的激光收发模块","307","意大利","10","一般贸易","44","广东省","80","千克","0","?","52,715",
"202509","85177950","光通信设备的激光收发模块","307","意大利","10","一般贸易","45","广西壮族自治区","14","千克","0","?","1,617",
"202509","85177950","光通信设备的激光收发模块","307","意大利","10","一般贸易","46","海南省","40","千克","0","?","5,110",
"202509","85177950","光通信设备的激光收发模块","307","意大利","10","一般贸易","51","四川省","0","千克","0","?","1,315",
"202509","85177950","光通信设备的激光收发模块","307","意大利","15","进料加工贸易","32","江苏省","0","千克","0","?","20,802",
"202509","85177950","光通信设备的激光收发模块","307","意大利","15","进料加工贸易","51","四川省","0","千克","0","?","1,372",
"202509","85177950","光通信设备的激光收发模块","307","意大利","33","保税监管场所进出境货物","44","广东省","0","千克","0","?","90",
"202509","85177950","光通信设备的激光收发模块","307","意大利","34","海关特殊监管区域物流货物","35","福建省","2","千克","0","?","1,776",
"202509","85177950","光通信设备的激光收发模块","308","卢森堡","10","一般贸易","44","广东省","68","千克","0","?","69,734",
"202509","85177950","光通信设备的激光收发模块","309","荷兰","10","一般贸易","12","天津市","139","千克","0","?","34,523",
"202509","85177950","光通信设备的激光收发模块","309","荷兰","10","一般贸易","31","上海市","26","千克","0","?","49,921",
"202509","85177950","光通信设备的激光收发模块","309","荷兰","10","一般贸易","32","江苏省","323","千克","0","?","574,033",
"202509","85177950","光通信设备的激光收发模块","309","荷兰","10","一般贸易","33","浙江省","95","千克","0","?","264,117",
"202509","85177950","光通信设备的激光收发模块","309","荷兰","10","一般贸易","37","山东省","18","千克","0","?","4,287",
"202509","85177950","光通信设备的激光收发模块","309","荷兰","10","一般贸易","42","湖北省","4730","千克","0","?","3,714,558",
"202509","85177950","光通信设备的激光收发模块","309","荷兰","10","一般贸易","43","湖南省","72","千克","0","?","1,332",
"202509","85177950","光通信设备的激光收发模块","309","荷兰","10","一般贸易","44","广东省","2042","千克","0","?","692,637",
"202509","85177950","光通信设备的激光收发模块","309","荷兰","10","一般贸易","45","广西壮族自治区","25","千克","0","?","821",
"202509","85177950","光通信设备的激光收发模块","309","荷兰","10","一般贸易","46","海南省","36","千克","0","?","3,147",
"202509","85177950","光通信设备的激光收发模块","309","荷兰","10","一般贸易","51","四川省","1174","千克","0","?","1,071,664",
"202509","85177950","光通信设备的激光收发模块","309","荷兰","10","一般贸易","52","贵州省","16","千克","0","?","3,482",
"202509","85177950","光通信设备的激光收发模块","309","荷兰","15","进料加工贸易","32","江苏省","382","千克","0","?","811,294",
"202509","85177950","光通信设备的激光收发模块","309","荷兰","15","进料加工贸易","51","四川省","101","千克","0","?","146,761",
"202509","85177950","光通信设备的激光收发模块","309","荷兰","33","保税监管场所进出境货物","44","广东省","4","千克","0","?","915",
"202509","85177950","光通信设备的激光收发模块","309","荷兰","34","海关特殊监管区域物流货物","32","江苏省","537","千克","0","?","252,346",
"202509","85177950","光通信设备的激光收发模块","310","希腊","10","一般贸易","32","江苏省","3","千克","0","?","1,900",
"202509","85177950","光通信设备的激光收发模块","310","希腊","10","一般贸易","37","山东省","10","千克","0","?","12",
"202509","85177950","光通信设备的激光收发模块","310","希腊","10","一般贸易","44","广东省","50","千克","0","?","8,934",
"202509","85177950","光通信设备的激光收发模块","311","葡萄牙","10","一般贸易","32","江苏省","0","千克","0","?","270",
"202509","85177950","光通信设备的激光收发模块","311","葡萄牙","10","一般贸易","33","浙江省","0","千克","0","?","254",
"202509","85177950","光通信设备的激光收发模块","311","葡萄牙","10","一般贸易","43","湖南省","1","千克","0","?","186",
"202509","85177950","光通信设备的激光收发模块","311","葡萄牙","10","一般贸易","44","广东省","0","千克","0","?","10,166",
"202509","85177950","光通信设备的激光收发模块","312","西班牙","10","一般贸易","31","上海市","8","千克","0","?","2,624",
"202509","85177950","光通信设备的激光收发模块","312","西班牙","10","一般贸易","33","浙江省","89","千克","0","?","145,138",
"202509","85177950","光通信设备的激光收发模块","312","西班牙","10","一般贸易","34","安徽省","12","千克","0","?","1,012",
"202509","85177950","光通信设备的激光收发模块","312","西班牙","10","一般贸易","35","福建省","4","千克","0","?","4,417",
"202509","85177950","光通信设备的激光收发模块","312","西班牙","10","一般贸易","37","山东省","2","千克","0","?","442",
"202509","85177950","光通信设备的激光收发模块","312","西班牙","10","一般贸易","42","湖北省","3","千克","0","?","1,309",
"202509","85177950","光通信设备的激光收发模块","312","西班牙","10","一般贸易","44","广东省","103","千克","0","?","71,750",
"202509","85177950","光通信设备的激光收发模块","312","西班牙","10","一般贸易","50","重庆市","1","千克","0","?","220",
"202509","85177950","光通信设备的激光收发模块","312","西班牙","10","一般贸易","61","陕西省","0","千克","0","?","333",
"202509","85177950","光通信设备的激光收发模块","312","西班牙","33","保税监管场所进出境货物","44","广东省","7","千克","0","?","160",
"202509","85177950","光通信设备的激光收发模块","313","阿尔巴尼亚","10","一般贸易","31","上海市","1","千克","0","?","3,024",
"202509","85177950","光通信设备的激光收发模块","315","奥地利","10","一般贸易","31","上海市","2","千克","0","?","1,205",
"202509","85177950","光通信设备的激光收发模块","315","奥地利","10","一般贸易","33","浙江省","1","千克","0","?","533",
"202509","85177950","光通信设备的激光收发模块","315","奥地利","10","一般贸易","42","湖北省","3","千克","0","?","51,595",
"202509","85177950","光通信设备的激光收发模块","315","奥地利","10","一般贸易","44","广东省","62","千克","0","?","39,017",
"202509","85177950","光通信设备的激光收发模块","315","奥地利","10","一般贸易","45","广西壮族自治区","3","千克","0","?","562",
"202509","85177950","光通信设备的激光收发模块","315","奥地利","10","一般贸易","65","新疆维吾尔自治区","6","千克","0","?","1,800",
"202509","85177950","光通信设备的激光收发模块","316","保加利亚","10","一般贸易","32","江苏省","6","千克","0","?","321",
"202509","85177950","光通信设备的激光收发模块","316","保加利亚","10","一般贸易","33","浙江省","1","千克","0","?","321",
"202509","85177950","光通信设备的激光收发模块","316","保加利亚","10","一般贸易","35","福建省","0","千克","0","?","360",
"202509","85177950","光通信设备的激光收发模块","316","保加利亚","10","一般贸易","44","广东省","6","千克","0","?","7,315",
"202509","85177950","光通信设备的激光收发模块","316","保加利亚","10","一般贸易","51","四川省","21","千克","0","?","4,375",
"202509","85177950","光通信设备的激光收发模块","316","保加利亚","33","保税监管场所进出境货物","44","广东省","2","千克","0","?","1,260",
"202509","85177950","光通信设备的激光收发模块","318","芬兰","10","一般贸易","31","上海市","0","千克","0","?","701",
"202509","85177950","光通信设备的激光收发模块","318","芬兰","10","一般贸易","33","浙江省","3","千克","0","?","2,720",
"202509","85177950","光通信设备的激光收发模块","318","芬兰","10","一般贸易","35","福建省","18","千克","0","?","4,132",
"202509","85177950","光通信设备的激光收发模块","318","芬兰","10","一般贸易","42","湖北省","62","千克","0","?","146,080",
"202509","85177950","光通信设备的激光收发模块","318","芬兰","10","一般贸易","44","广东省","52","千克","0","?","30,802",
"202509","85177950","光通信设备的激光收发模块","318","芬兰","10","一般贸易","45","广西壮族自治区","8","千克","0","?","1,406",
"202509","85177950","光通信设备的激光收发模块","318","芬兰","15","进料加工贸易","33","浙江省","9","千克","0","?","7,978",
"202509","85177950","光通信设备的激光收发模块","318","芬兰","34","海关特殊监管区域物流货物","32","江苏省","0","千克","0","?","641",
"202509","85177950","光通信设备的激光收发模块","321","匈牙利","10","一般贸易","12","天津市","0","千克","0","?","15",
"202509","85177950","光通信设备的激光收发模块","321","匈牙利","10","一般贸易","33","浙江省","25","千克","0","?","8,068",
"202509","85177950","光通信设备的激光收发模块","321","匈牙利","10","一般贸易","37","山东省","10","千克","0","?","183",
"202509","85177950","光通信设备的激光收发模块","321","匈牙利","10","一般贸易","44","广东省","3388","千克","0","?","4,333,293",
"202509","85177950","光通信设备的激光收发模块","321","匈牙利","10","一般贸易","46","海南省","39","千克","0","?","4,486",
"202509","85177950","光通信设备的激光收发模块","321","匈牙利","10","一般贸易","61","陕西省","0","千克","0","?","690",
"202509","85177950","光通信设备的激光收发模块","321","匈牙利","15","进料加工贸易","51","四川省","0","千克","0","?","731",
"202509","85177950","光通信设备的激光收发模块","321","匈牙利","33","保税监管场所进出境货物","44","广东省","19","千克","0","?","39,665",
"202509","85177950","光通信设备的激光收发模块","322","冰岛","10","一般贸易","44","广东省","14","千克","0","?","8,234",
"202509","85177950","光通信设备的激光收发模块","326","挪威","10","一般贸易","32","江苏省","51","千克","0","?","161,388",
"202509","85177950","光通信设备的激光收发模块","326","挪威","10","一般贸易","33","浙江省","101","千克","0","?","95,792",
"202509","85177950","光通信设备的激光收发模块","326","挪威","10","一般贸易","35","福建省","17","千克","0","?","991",
"202509","85177950","光通信设备的激光收发模块","326","挪威","10","一般贸易","37","山东省","4","千克","0","?","6,260",
"202509","85177950","光通信设备的激光收发模块","326","挪威","10","一般贸易","42","湖北省","340","千克","0","?","414,287",
"202509","85177950","光通信设备的激光收发模块","326","挪威","10","一般贸易","44","广东省","358","千克","0","?","219,274",
"202509","85177950","光通信设备的激光收发模块","326","挪威","10","一般贸易","45","广西壮族自治区","17","千克","0","?","2,043",
"202509","85177950","光通信设备的激光收发模块","326","挪威","10","一般贸易","51","四川省","94","千克","0","?","450,422",
"202509","85177950","光通信设备的激光收发模块","327","波兰","10","一般贸易","31","上海市","71","千克","0","?","163,028",
"202509","85177950","光通信设备的激光收发模块","327","波兰","10","一般贸易","32","江苏省","4","千克","0","?","2,004",
"202509","85177950","光通信设备的激光收发模块","327","波兰","10","一般贸易","33","浙江省","219","千克","0","?","27,331",
"202509","85177950","光通信设备的激光收发模块","327","波兰","10","一般贸易","35","福建省","9","千克","0","?","1,760",
"202509","85177950","光通信设备的激光收发模块","327","波兰","10","一般贸易","37","山东省","79","千克","0","?","16,036",
"202509","85177950","光通信设备的激光收发模块","327","波兰","10","一般贸易","42","湖北省","355","千克","0","?","371,326",
"202509","85177950","光通信设备的激光收发模块","327","波兰","10","一般贸易","43","湖南省","2","千克","0","?","10,080",
"202509","85177950","光通信设备的激光收发模块","327","波兰","10","一般贸易","44","广东省","531","千克","0","?","163,993",
"202509","85177950","光通信设备的激光收发模块","327","波兰","10","一般贸易","45","广西壮族自治区","21","千克","0","?","6,128",
"202509","85177950","光通信设备的激光收发模块","327","波兰","10","一般贸易","50","重庆市","4","千克","0","?","1,319",
"202509","85177950","光通信设备的激光收发模块","327","波兰","10","一般贸易","51","四川省","147","千克","0","?","60,079",
"202509","85177950","光通信设备的激光收发模块","327","波兰","15","进料加工贸易","32","江苏省","0","千克","0","?","1,877",
"202509","85177950","光通信设备的激光收发模块","327","波兰","33","保税监管场所进出境货物","44","广东省","1","千克","0","?","776",
"202509","85177950","光通信设备的激光收发模块","328","罗马尼亚","10","一般贸易","33","浙江省","133","千克","0","?","72,210",
"202509","85177950","光通信设备的激光收发模块","328","罗马尼亚","10","一般贸易","41","河南省","63","千克","0","?","79,340",
"202509","85177950","光通信设备的激光收发模块","328","罗马尼亚","10","一般贸易","44","广东省","75","千克","0","?","28,169",
"202509","85177950","光通信设备的激光收发模块","328","罗马尼亚","10","一般贸易","51","四川省","10","千克","0","?","16,375",
"202509","85177950","光通信设备的激光收发模块","328","罗马尼亚","15","进料加工贸易","32","江苏省","3","千克","0","?","11,854",
"202509","85177950","光通信设备的激光收发模块","328","罗马尼亚","15","进料加工贸易","44","广东省","0","千克","0","?","22,140",
"202509","85177950","光通信设备的激光收发模块","328","罗马尼亚","33","保税监管场所进出境货物","44","广东省","1","千克","0","?","550",
"202509","85177950","光通信设备的激光收发模块","330","瑞典","10","一般贸易","11","北京市","1","千克","0","?","555",
"202509","85177950","光通信设备的激光收发模块","330","瑞典","10","一般贸易","31","上海市","8","千克","0","?","5,980",
"202509","85177950","光通信设备的激光收发模块","330","瑞典","10","一般贸易","33","浙江省","9","千克","0","?","857",
"202509","85177950","光通信设备的激光收发模块","330","瑞典","10","一般贸易","35","福建省","1","千克","0","?","202",
"202509","85177950","光通信设备的激光收发模块","330","瑞典","10","一般贸易","37","山东省","7","千克","0","?","1,560",
"202509","85177950","光通信设备的激光收发模块","330","瑞典","10","一般贸易","42","湖北省","2111","千克","0","?","598,534",
"202509","85177950","光通信设备的激光收发模块","330","瑞典","10","一般贸易","44","广东省","695","千克","0","?","195,614",
"202509","85177950","光通信设备的激光收发模块","330","瑞典","10","一般贸易","45","广西壮族自治区","17","千克","0","?","914",
"202509","85177950","光通信设备的激光收发模块","330","瑞典","10","一般贸易","51","四川省","876","千克","0","?","280,798",
"202509","85177950","光通信设备的激光收发模块","330","瑞典","10","一般贸易","65","新疆维吾尔自治区","20","千克","0","?","2,590",
"202509","85177950","光通信设备的激光收发模块","330","瑞典","15","进料加工贸易","51","四川省","423","千克","0","?","97,051",
"202509","85177950","光通信设备的激光收发模块","330","瑞典","34","海关特殊监管区域物流货物","32","江苏省","0","千克","0","?","205",
"202509","85177950","光通信设备的激光收发模块","331","瑞士","10","一般贸易","12","天津市","0","千克","0","?","15",
"202509","85177950","光通信设备的激光收发模块","331","瑞士","10","一般贸易","21","辽宁省","51","千克","0","?","105,880",
"202509","85177950","光通信设备的激光收发模块","331","瑞士","10","一般贸易","31","上海市","215","千克","0","?","311,048",
"202509","85177950","光通信设备的激光收发模块","331","瑞士","10","一般贸易","37","山东省","0","千克","0","?","5",
"202509","85177950","光通信设备的激光收发模块","331","瑞士","10","一般贸易","44","广东省","60","千克","0","?","68,864",
"202509","85177950","光通信设备的激光收发模块","334","爱沙尼亚","10","一般贸易","42","湖北省","13","千克","0","?","4,030",
"202509","85177950","光通信设备的激光收发模块","334","爱沙尼亚","10","一般贸易","44","广东省","3","千克","0","?","10,968",
"202509","85177950","光通信设备的激光收发模块","334","爱沙尼亚","15","进料加工贸易","51","四川省","1","千克","0","?","5,500",
"202509","85177950","光通信设备的激光收发模块","335","拉脱维亚","10","一般贸易","42","湖北省","5","千克","0","?","1,203",
"202509","85177950","光通信设备的激光收发模块","335","拉脱维亚","10","一般贸易","44","广东省","635","千克","0","?","263,138",
"202509","85177950","光通信设备的激光收发模块","335","拉脱维亚","10","一般贸易","51","四川省","0","千克","0","?","106",
"202509","85177950","光通信设备的激光收发模块","336","立陶宛","10","一般贸易","35","福建省","1","千克","0","?","260",
"202509","85177950","光通信设备的激光收发模块","336","立陶宛","10","一般贸易","45","广西壮族自治区","11","千克","0","?","1,200",
"202509","85177950","光通信设备的激光收发模块","340","白俄罗斯","10","一般贸易","11","北京市","2","千克","0","?","1,135",
"202509","85177950","光通信设备的激光收发模块","340","白俄罗斯","10","一般贸易","23","黑龙江省","3","千克","0","?","10,886",
"202509","85177950","光通信设备的激光收发模块","340","白俄罗斯","10","一般贸易","33","浙江省","50","千克","0","?","741",
"202509","85177950","光通信设备的激光收发模块","340","白俄罗斯","10","一般贸易","44","广东省","42","千克","0","?","9,399",
"202509","85177950","光通信设备的激光收发模块","340","白俄罗斯","34","海关特殊监管区域物流货物","11","北京市","180","千克","0","?","4,153",
"202509","85177950","光通信设备的激光收发模块","343","摩尔多瓦","10","一般贸易","44","广东省","11","千克","0","?","2,720",
"202509","85177950","光通信设备的激光收发模块","343","摩尔多瓦","10","一般贸易","50","重庆市","68","千克","0","?","2,440",
"202509","85177950","光通信设备的激光收发模块","344","俄罗斯","10","一般贸易","11","北京市","13","千克","0","?","2,789",
"202509","85177950","光通信设备的激光收发模块","344","俄罗斯","10","一般贸易","13","河北省","1","千克","0","?","413",
"202509","85177950","光通信设备的激光收发模块","344","俄罗斯","10","一般贸易","23","黑龙江省","2","千克","0","?","3,445",
"202509","85177950","光通信设备的激光收发模块","344","俄罗斯","10","一般贸易","31","上海市","1156","千克","0","?","487,308",
"202509","85177950","光通信设备的激光收发模块","344","俄罗斯","10","一般贸易","32","江苏省","298","千克","0","?","146,735",
"202509","85177950","光通信设备的激光收发模块","344","俄罗斯","10","一般贸易","33","浙江省","2406","千克","0","?","30,212",
"202509","85177950","光通信设备的激光收发模块","344","俄罗斯","10","一般贸易","34","安徽省","1871","千克","0","?","143,732",
"202509","85177950","光通信设备的激光收发模块","344","俄罗斯","10","一般贸易","35","福建省","211","千克","0","?","5,012",
"202509","85177950","光通信设备的激光收发模块","344","俄罗斯","10","一般贸易","37","山东省","299","千克","0","?","12,474",
"202509","85177950","光通信设备的激光收发模块","344","俄罗斯","10","一般贸易","42","湖北省","542","千克","0","?","2,368,953",
"202509","85177950","光通信设备的激光收发模块","344","俄罗斯","10","一般贸易","43","湖南省","1","千克","0","?","70",
"202509","85177950","光通信设备的激光收发模块","344","俄罗斯","10","一般贸易","44","广东省","2409","千克","0","?","912,966",
"202509","85177950","光通信设备的激光收发模块","344","俄罗斯","10","一般贸易","50","重庆市","303","千克","0","?","93,161",
"202509","85177950","光通信设备的激光收发模块","344","俄罗斯","10","一般贸易","51","四川省","38","千克","0","?","11,931",
"202509","85177950","光通信设备的激光收发模块","344","俄罗斯","33","保税监管场所进出境货物","43","湖南省","115","千克","0","?","19,162",
"202509","85177950","光通信设备的激光收发模块","344","俄罗斯","34","海关特殊监管区域物流货物","13","河北省","8","千克","0","?","5",
"202509","85177950","光通信设备的激光收发模块","344","俄罗斯","34","海关特殊监管区域物流货物","23","黑龙江省","17","千克","0","?","15,663",
"202509","85177950","光通信设备的激光收发模块","344","俄罗斯","34","海关特殊监管区域物流货物","31","上海市","25","千克","0","?","4,200",
"202509","85177950","光通信设备的激光收发模块","344","俄罗斯","34","海关特殊监管区域物流货物","41","河南省","9","千克","0","?","7,986",
"202509","85177950","光通信设备的激光收发模块","344","俄罗斯","34","海关特殊监管区域物流货物","42","湖北省","518","千克","0","?","564,632",
"202509","85177950","光通信设备的激光收发模块","344","俄罗斯","34","海关特殊监管区域物流货物","61","陕西省","24","千克","0","?","10,039",
"202509","85177950","光通信设备的激光收发模块","347","乌克兰","10","一般贸易","33","浙江省","12","千克","0","?","5,365",
"202509","85177950","光通信设备的激光收发模块","347","乌克兰","10","一般贸易","42","湖北省","28","千克","0","?","6,580",
"202509","85177950","光通信设备的激光收发模块","347","乌克兰","10","一般贸易","44","广东省","293","千克","0","?","157,933",
"202509","85177950","光通信设备的激光收发模块","350","斯洛文尼亚","10","一般贸易","42","湖北省","2","千克","0","?","1,500",
"202509","85177950","光通信设备的激光收发模块","350","斯洛文尼亚","10","一般贸易","44","广东省","34","千克","0","?","19,956",
"202509","85177950","光通信设备的激光收发模块","352","捷克","10","一般贸易","33","浙江省","0","千克","0","?","56",
"202509","85177950","光通信设备的激光收发模块","352","捷克","10","一般贸易","35","福建省","66","千克","0","?","5,209",
"202509","85177950","光通信设备的激光收发模块","352","捷克","10","一般贸易","42","湖北省","45","千克","0","?","20,240",
"202509","85177950","光通信设备的激光收发模块","352","捷克","10","一般贸易","44","广东省","986","千克","0","?","372,091",
"202509","85177950","光通信设备的激光收发模块","352","捷克","10","一般贸易","65","新疆维吾尔自治区","2","千克","0","?","440",
"202509","85177950","光通信设备的激光收发模块","352","捷克","15","进料加工贸易","32","江苏省","96","千克","0","?","57,025",
"202509","85177950","光通信设备的激光收发模块","353","斯洛伐克","10","一般贸易","44","广东省","55","千克","0","?","42,303",
"202509","85177950","光通信设备的激光收发模块","353","斯洛伐克","10","一般贸易","51","四川省","48","千克","0","?","102,062",
"202509","85177950","光通信设备的激光收发模块","353","斯洛伐克","15","进料加工贸易","32","江苏省","0","千克","0","?","1,018",
"202509","85177950","光通信设备的激光收发模块","354","北马其顿","10","一般贸易","44","广东省","22","千克","0","?","5,669",
"202509","85177950","光通信设备的激光收发模块","355","波斯尼亚和黑塞哥维那","10","一般贸易","44","广东省","0","千克","0","?","8",
"202509","85177950","光通信设备的激光收发模块","358","塞尔维亚","10","一般贸易","35","福建省","2","千克","0","?","852",
"202509","85177950","光通信设备的激光收发模块","358","塞尔维亚","10","一般贸易","42","湖北省","13","千克","0","?","32,851",
"202509","85177950","光通信设备的激光收发模块","358","塞尔维亚","10","一般贸易","44","广东省","13","千克","0","?","79,259",
"202509","85177950","光通信设备的激光收发模块","358","塞尔维亚","10","一般贸易","45","广西壮族自治区","1","千克","0","?","102",
"202509","85177950","光通信设备的激光收发模块","358","塞尔维亚","15","进料加工贸易","44","广东省","1","千克","0","?","9,486",
"202509","85177950","光通信设备的激光收发模块","358","塞尔维亚","33","保税监管场所进出境货物","44","广东省","10","千克","0","?","600",
"202509","85177950","光通信设备的激光收发模块","359","黑山","10","一般贸易","44","广东省","2","千克","0","?","2,602",
"202509","85177950","光通信设备的激光收发模块","402","阿根廷","10","一般贸易","33","浙江省","0","千克","0","?","194",
"202509","85177950","光通信设备的激光收发模块","402","阿根廷","10","一般贸易","37","山东省","2","千克","0","?","543",
"202509","85177950","光通信设备的激光收发模块","402","阿根廷","10","一般贸易","44","广东省","289","千克","0","?","206,031",
"202509","85177950","光通信设备的激光收发模块","402","阿根廷","34","海关特殊监管区域物流货物","32","江苏省","219","千克","0","?","39,929",
"202509","85177950","光通信设备的激光收发模块","403","阿鲁巴","34","海关特殊监管区域物流货物","32","江苏省","0","千克","0","?","2,285",
"202509","85177950","光通信设备的激光收发模块","406","伯利兹","10","一般贸易","44","广东省","0","千克","0","?","230",
"202509","85177950","光通信设备的激光收发模块","408","玻利维亚
","10","一般贸易","35","福建省","25","千克","0","?","611",
"202509","85177950","光通信设备的激光收发模块","408","玻利维亚
","10","一般贸易","44","广东省","0","千克","0","?","1,299",
"202509","85177950","光通信设备的激光收发模块","410","巴西","10","一般贸易","11","北京市","1","千克","0","?","4,375",
"202509","85177950","光通信设备的激光收发模块","410","巴西","10","一般贸易","31","上海市","27","千克","0","?","30,566",
"202509","85177950","光通信设备的激光收发模块","410","巴西","10","一般贸易","32","江苏省","41","千克","0","?","78,027",
"202509","85177950","光通信设备的激光收发模块","410","巴西","10","一般贸易","33","浙江省","6","千克","0","?","5,182",
"202509","85177950","光通信设备的激光收发模块","410","巴西","10","一般贸易","35","福建省","114","千克","0","?","5,309",
"202509","85177950","光通信设备的激光收发模块","410","巴西","10","一般贸易","37","山东省","720","千克","0","?","735",
"202509","85177950","光通信设备的激光收发模块","410","巴西","10","一般贸易","41","河南省","1","千克","0","?","3,380",
"202509","85177950","光通信设备的激光收发模块","410","巴西","10","一般贸易","42","湖北省","305","千克","0","?","316,288",
"202509","85177950","光通信设备的激光收发模块","410","巴西","10","一般贸易","44","广东省","3227","千克","0","?","2,017,657",
"202509","85177950","光通信设备的激光收发模块","410","巴西","10","一般贸易","51","四川省","279","千克","0","?","77,899",
"202509","85177950","光通信设备的激光收发模块","410","巴西","10","一般贸易","52","贵州省","26","千克","0","?","14,913",
"202509","85177950","光通信设备的激光收发模块","410","巴西","15","进料加工贸易","51","四川省","118","千克","0","?","148,017",
"202509","85177950","光通信设备的激光收发模块","410","巴西","33","保税监管场所进出境货物","44","广东省","137","千克","0","?","26,195",
"202509","85177950","光通信设备的激光收发模块","410","巴西","34","海关特殊监管区域物流货物","32","江苏省","2168","千克","0","?","561,371",
"202509","85177950","光通信设备的激光收发模块","411","开曼群岛","10","一般贸易","44","广东省","0","千克","0","?","282",
"202509","85177950","光通信设备的激光收发模块","412","智利","10","一般贸易","32","江苏省","0","千克","0","?","26",
"202509","85177950","光通信设备的激光收发模块","412","智利","10","一般贸易","33","浙江省","14","千克","0","?","17,282",
"202509","85177950","光通信设备的激光收发模块","412","智利","10","一般贸易","35","福建省","85","千克","0","?","14,070",
"202509","85177950","光通信设备的激光收发模块","412","智利","10","一般贸易","42","湖北省","15","千克","0","?","7,114",
"202509","85177950","光通信设备的激光收发模块","412","智利","10","一般贸易","44","广东省","17","千克","0","?","7,782",
"202509","85177950","光通信设备的激光收发模块","412","智利","33","保税监管场所进出境货物","44","广东省","3","千克","0","?","314",
"202509","85177950","光通信设备的激光收发模块","412","智利","34","海关特殊监管区域物流货物","44","广东省","11","千克","0","?","3,260",
"202509","85177950","光通信设备的激光收发模块","413","哥伦比亚","10","一般贸易","33","浙江省","6","千克","0","?","16,075",
"202509","85177950","光通信设备的激光收发模块","413","哥伦比亚","10","一般贸易","35","福建省","1","千克","0","?","511",
"202509","85177950","光通信设备的激光收发模块","413","哥伦比亚","10","一般贸易","42","湖北省","1","千克","0","?","643",
"202509","85177950","光通信设备的激光收发模块","413","哥伦比亚","10","一般贸易","44","广东省","490","千克","0","?","399,946",
"202509","85177950","光通信设备的激光收发模块","413","哥伦比亚","33","保税监管场所进出境货物","44","广东省","3","千克","0","?","455",
"202509","85177950","光通信设备的激光收发模块","413","哥伦比亚","34","海关特殊监管区域物流货物","32","江苏省","14","千克","0","?","5,047",
"202509","85177950","光通信设备的激光收发模块","415","哥斯达黎加","10","一般贸易","33","浙江省","11","千克","0","?","1,878",
"202509","85177950","光通信设备的激光收发模块","415","哥斯达黎加","10","一般贸易","44","广东省","10","千克","0","?","13,863",
"202509","85177950","光通信设备的激光收发模块","417","库拉索
","10","一般贸易","44","广东省","0","千克","0","?","903",
"202509","85177950","光通信设备的激光收发模块","418","多米尼加
","10","一般贸易","35","福建省","2","千克","0","?","941",
"202509","85177950","光通信设备的激光收发模块","418","多米尼加
","10","一般贸易","44","广东省","7","千克","0","?","10,814",
"202509","85177950","光通信设备的激光收发模块","418","多米尼加
","33","保税监管场所进出境货物","44","广东省","2","千克","0","?","410",
"202509","85177950","光通信设备的激光收发模块","419","厄瓜多尔","10","一般贸易","33","浙江省","6","千克","0","?","2,094",
"202509","85177950","光通信设备的激光收发模块","419","厄瓜多尔","10","一般贸易","35","福建省","1","千克","0","?","1,640",
"202509","85177950","光通信设备的激光收发模块","419","厄瓜多尔","10","一般贸易","44","广东省","103","千克","0","?","93,943",
"202509","85177950","光通信设备的激光收发模块","419","厄瓜多尔","33","保税监管场所进出境货物","44","广东省","7","千克","0","?","3,676",
"202509","85177950","光通信设备的激光收发模块","419","厄瓜多尔","34","海关特殊监管区域物流货物","32","江苏省","34","千克","0","?","13,742",
"202509","85177950","光通信设备的激光收发模块","421","格林纳达","10","一般贸易","44","广东省","1","千克","0","?","210",
"202509","85177950","光通信设备的激光收发模块","423","危地马拉","10","一般贸易","44","广东省","6","千克","0","?","8,680",
"202509","85177950","光通信设备的激光收发模块","425","海地","10","一般贸易","44","广东省","9","千克","0","?","8,215",
"202509","85177950","光通信设备的激光收发模块","426","洪都拉斯","10","一般贸易","33","浙江省","0","千克","0","?","89",
"202509","85177950","光通信设备的激光收发模块","426","洪都拉斯","10","一般贸易","44","广东省","18","千克","0","?","10,925",
"202509","85177950","光通信设备的激光收发模块","427","牙买加","10","一般贸易","44","广东省","5","千克","0","?","1,702",
"202509","85177950","光通信设备的激光收发模块","429","墨西哥","10","一般贸易","31","上海市","159","千克","0","?","403,059",
"202509","85177950","光通信设备的激光收发模块","429","墨西哥","10","一般贸易","32","江苏省","387","千克","0","?","1,279,168",
"202509","85177950","光通信设备的激光收发模块","429","墨西哥","10","一般贸易","33","浙江省","16","千克","0","?","29,064",
"202509","85177950","光通信设备的激光收发模块","429","墨西哥","10","一般贸易","35","福建省","5","千克","0","?","6,450",
"202509","85177950","光通信设备的激光收发模块","429","墨西哥","10","一般贸易","41","河南省","0","千克","0","?","394",
"202509","85177950","光通信设备的激光收发模块","429","墨西哥","10","一般贸易","42","湖北省","1279","千克","0","?","2,144,350",
"202509","85177950","光通信设备的激光收发模块","429","墨西哥","10","一般贸易","44","广东省","3288","千克","0","?","10,511,709",
"202509","85177950","光通信设备的激光收发模块","429","墨西哥","10","一般贸易","46","海南省","1","千克","0","?","24",
"202509","85177950","光通信设备的激光收发模块","429","墨西哥","10","一般贸易","51","四川省","381","千克","0","?","876,253",
"202509","85177950","光通信设备的激光收发模块","429","墨西哥","15","进料加工贸易","32","江苏省","717","千克","0","?","486,199",
"202509","85177950","光通信设备的激光收发模块","429","墨西哥","15","进料加工贸易","51","四川省","868","千克","0","?","1,465,524",
"202509","85177950","光通信设备的激光收发模块","429","墨西哥","33","保税监管场所进出境货物","44","广东省","5","千克","0","?","9,528",
"202509","85177950","光通信设备的激光收发模块","429","墨西哥","34","海关特殊监管区域物流货物","32","江苏省","0","千克","0","?","1,533",
"202509","85177950","光通信设备的激光收发模块","431","尼加拉瓜","10","一般贸易","37","山东省","26","千克","0","?","700",
"202509","85177950","光通信设备的激光收发模块","432","巴拿马","10","一般贸易","44","广东省","501","千克","0","?","306,339",
"202509","85177950","光通信设备的激光收发模块","433","巴拉圭","10","一般贸易","33","浙江省","0","千克","0","?","287",
"202509","85177950","光通信设备的激光收发模块","433","巴拉圭","10","一般贸易","44","广东省","391","千克","0","?","186,837",
"202509","85177950","光通信设备的激光收发模块","433","巴拉圭","34","海关特殊监管区域物流货物","32","江苏省","0","千克","0","?","60",
"202509","85177950","光通信设备的激光收发模块","434","秘鲁","10","一般贸易","33","浙江省","1","千克","0","?","4,440",
"202509","85177950","光通信设备的激光收发模块","434","秘鲁","10","一般贸易","37","山东省","3","千克","0","?","39",
"202509","85177950","光通信设备的激光收发模块","434","秘鲁","10","一般贸易","42","湖北省","5","千克","0","?","3,975",
"202509","85177950","光通信设备的激光收发模块","434","秘鲁","10","一般贸易","44","广东省","96","千克","0","?","40,760",
"202509","85177950","光通信设备的激光收发模块","434","秘鲁","15","进料加工贸易","44","广东省","0","千克","0","?","18,335",
"202509","85177950","光通信设备的激光收发模块","434","秘鲁","33","保税监管场所进出境货物","44","广东省","18","千克","0","?","1,680",
"202509","85177950","光通信设备的激光收发模块","434","秘鲁","34","海关特殊监管区域物流货物","32","江苏省","30","千克","0","?","4,628",
"202509","85177950","光通信设备的激光收发模块","435","波多黎各","15","进料加工贸易","51","四川省","0","千克","0","?","240",
"202509","85177950","光通信设备的激光收发模块","437","圣卢西亚","10","一般贸易","44","广东省","0","千克","0","?","3,670",
"202509","85177950","光通信设备的激光收发模块","440","萨尔瓦多","39","其他","33","浙江省","27","千克","0","?","131",
"202509","85177950","光通信设备的激光收发模块","442","特立尼达和多巴哥","10","一般贸易","44","广东省","2","千克","0","?","1,848",
"202509","85177950","光通信设备的激光收发模块","444","乌拉圭","10","一般贸易","33","浙江省","0","千克","0","?","318",
"202509","85177950","光通信设备的激光收发模块","444","乌拉圭","10","一般贸易","44","广东省","52","千克","0","?","58,945",
"202509","85177950","光通信设备的激光收发模块","445","委内瑞拉","10","一般贸易","33","浙江省","5","千克","0","?","1,510",
"202509","85177950","光通信设备的激光收发模块","445","委内瑞拉","10","一般贸易","42","湖北省","1","千克","0","?","833",
"202509","85177950","光通信设备的激光收发模块","445","委内瑞拉","10","一般贸易","44","广东省","1","千克","0","?","3,720",
"202509","85177950","光通信设备的激光收发模块","445","委内瑞拉","10","一般贸易","50","重庆市","23","千克","0","?","158",
"202509","85177950","光通信设备的激光收发模块","501","加拿大","10","一般贸易","11","北京市","4","千克","0","?","4,036",
"202509","85177950","光通信设备的激光收发模块","501","加拿大","10","一般贸易","12","天津市","3","千克","0","?","334",
"202509","85177950","光通信设备的激光收发模块","501","加拿大","10","一般贸易","31","上海市","11","千克","0","?","75,614",
"202509","85177950","光通信设备的激光收发模块","501","加拿大","10","一般贸易","32","江苏省","1","千克","0","?","21,541",
"202509","85177950","光通信设备的激光收发模块","501","加拿大","10","一般贸易","33","浙江省","39","千克","0","?","11,033",
"202509","85177950","光通信设备的激光收发模块","501","加拿大","10","一般贸易","42","湖北省","432","千克","0","?","134,396",
"202509","85177950","光通信设备的激光收发模块","501","加拿大","10","一般贸易","43","湖南省","11","千克","0","?","24,712",
"202509","85177950","光通信设备的激光收发模块","501","加拿大","10","一般贸易","44","广东省","512","千克","0","?","798,647",
"202509","85177950","光通信设备的激光收发模块","501","加拿大","10","一般贸易","51","四川省","14","千克","0","?","33,250",
"202509","85177950","光通信设备的激光收发模块","501","加拿大","10","一般贸易","61","陕西省","1","千克","0","?","59",
"202509","85177950","光通信设备的激光收发模块","501","加拿大","15","进料加工贸易","51","四川省","1","千克","0","?","3,249",
"202509","85177950","光通信设备的激光收发模块","501","加拿大","34","海关特殊监管区域物流货物","32","江苏省","818","千克","0","?","177,139",
"202509","85177950","光通信设备的激光收发模块","501","加拿大","39","其他","32","江苏省","0","千克","0","?","444",
"202509","85177950","光通信设备的激光收发模块","502","美国","10","一般贸易","11","北京市","29","千克","0","?","28,620",
"202509","85177950","光通信设备的激光收发模块","502","美国","10","一般贸易","14","山西省","30","千克","0","?","45",
"202509","85177950","光通信设备的激光收发模块","502","美国","10","一般贸易","31","上海市","281","千克","0","?","506,858",
"202509","85177950","光通信设备的激光收发模块","502","美国","10","一般贸易","32","江苏省","4013","千克","0","?","7,205,447",
"202509","85177950","光通信设备的激光收发模块","502","美国","10","一般贸易","33","浙江省","74","千克","0","?","125,433",
"202509","85177950","光通信设备的激光收发模块","502","美国","10","一般贸易","35","福建省","74","千克","0","?","1,791",
"202509","85177950","光通信设备的激光收发模块","502","美国","10","一般贸易","37","山东省","379","千克","0","?","132,727",
"202509","85177950","光通信设备的激光收发模块","502","美国","10","一般贸易","42","湖北省","3164","千克","0","?","7,718,028",
"202509","85177950","光通信设备的激光收发模块","502","美国","10","一般贸易","44","广东省","11425","千克","0","?","7,169,420",
"202509","85177950","光通信设备的激光收发模块","502","美国","10","一般贸易","45","广西壮族自治区","39","千克","0","?","4,411",
"202509","85177950","光通信设备的激光收发模块","502","美国","10","一般贸易","46","海南省","2","千克","0","?","24",
"202509","85177950","光通信设备的激光收发模块","502","美国","10","一般贸易","50","重庆市","4","千克","0","?","1,250",
"202509","85177950","光通信设备的激光收发模块","502","美国","10","一般贸易","51","四川省","3947","千克","0","?","16,119,324",
"202509","85177950","光通信设备的激光收发模块","502","美国","10","一般贸易","61","陕西省","0","千克","0","?","59",
"202509","85177950","光通信设备的激光收发模块","502","美国","15","进料加工贸易","32","江苏省","2446","千克","0","?","2,416,977",
"202509","85177950","光通信设备的激光收发模块","502","美国","15","进料加工贸易","44","广东省","114","千克","0","?","210,917",
"202509","85177950","光通信设备的激光收发模块","502","美国","15","进料加工贸易","51","四川省","304","千克","0","?","654,156",
"202509","85177950","光通信设备的激光收发模块","502","美国","34","海关特殊监管区域物流货物","32","江苏省","40","千克","0","?","162,975",
"202509","85177950","光通信设备的激光收发模块","502","美国","34","海关特殊监管区域物流货物","44","广东省","12","千克","0","?","8,161",
"202509","85177950","光通信设备的激光收发模块","502","美国","39","其他","32","江苏省","6","千克","0","?","40,563",
"202509","85177950","光通信设备的激光收发模块","504","百慕大","10","一般贸易","44","广东省","0","千克","0","?","1,108",
"202509","85177950","光通信设备的激光收发模块","601","澳大利亚","10","一般贸易","11","北京市","1","千克","0","?","2,158",
"202509","85177950","光通信设备的激光收发模块","601","澳大利亚","10","一般贸易","31","上海市","4","千克","0","?","895",
"202509","85177950","光通信设备的激光收发模块","601","澳大利亚","10","一般贸易","33","浙江省","8","千克","0","?","12,178",
"202509","85177950","光通信设备的激光收发模块","601","澳大利亚","10","一般贸易","37","山东省","2","千克","0","?","130",
"202509","85177950","光通信设备的激光收发模块","601","澳大利亚","10","一般贸易","42","湖北省","5","千克","0","?","17,419",
"202509","85177950","光通信设备的激光收发模块","601","澳大利亚","10","一般贸易","43","湖南省","0","千克","0","?","3,480",
"202509","85177950","光通信设备的激光收发模块","601","澳大利亚","10","一般贸易","44","广东省","502","千克","0","?","484,566",
"202509","85177950","光通信设备的激光收发模块","601","澳大利亚","10","一般贸易","51","四川省","1","千克","0","?","31,676",
"202509","85177950","光通信设备的激光收发模块","601","澳大利亚","10","一般贸易","61","陕西省","2","千克","0","?","1,432",
"202509","85177950","光通信设备的激光收发模块","601","澳大利亚","15","进料加工贸易","32","江苏省","2","千克","0","?","3,500",
"202509","85177950","光通信设备的激光收发模块","601","澳大利亚","15","进料加工贸易","35","福建省","7","千克","0","?","16,412",
"202509","85177950","光通信设备的激光收发模块","601","澳大利亚","15","进料加工贸易","44","广东省","1","千克","0","?","2,816",
"202509","85177950","光通信设备的激光收发模块","601","澳大利亚","34","海关特殊监管区域物流货物","32","江苏省","92","千克","0","?","34,264",
"202509","85177950","光通信设备的激光收发模块","601","澳大利亚","34","海关特殊监管区域物流货物","44","广东省","0","千克","0","?","194",
"202509","85177950","光通信设备的激光收发模块","602","库克群岛","10","一般贸易","44","广东省","13","千克","0","?","4,237",
"202509","85177950","光通信设备的激光收发模块","603","斐济","10","一般贸易","37","山东省","20","千克","0","?","25,686",
"202509","85177950","光通信设备的激光收发模块","603","斐济","10","一般贸易","44","广东省","0","千克","0","?","52",
"202509","85177950","光通信设备的激光收发模块","603","斐济","33","保税监管场所进出境货物","44","广东省","10","千克","0","?","30",
"202509","85177950","光通信设备的激光收发模块","606","瑙鲁","10","一般贸易","44","广东省","0","千克","0","?","2,414",
"202509","85177950","光通信设备的激光收发模块","609","新西兰","10","一般贸易","32","江苏省","2","千克","0","?","1,400",
"202509","85177950","光通信设备的激光收发模块","609","新西兰","10","一般贸易","33","浙江省","1","千克","0","?","412",
"202509","85177950","光通信设备的激光收发模块","609","新西兰","10","一般贸易","37","山东省","0","千克","0","?","6",
"202509","85177950","光通信设备的激光收发模块","609","新西兰","10","一般贸易","44","广东省","12","千克","0","?","52,795",
"202509","85177950","光通信设备的激光收发模块","609","新西兰","15","进料加工贸易","35","福建省","0","千克","0","?","1,591",
"202509","85177950","光通信设备的激光收发模块","609","新西兰","15","进料加工贸易","44","广东省","0","千克","0","?","337",
"202509","85177950","光通信设备的激光收发模块","609","新西兰","33","保税监管场所进出境货物","44","广东省","21","千克","0","?","1,082",
"202509","85177950","光通信设备的激光收发模块","609","新西兰","34","海关特殊监管区域物流货物","32","江苏省","46","千克","0","?","41,792",
"202509","85177950","光通信设备的激光收发模块","611","巴布亚新几内亚","10","一般贸易","44","广东省","0","千克","0","?","416",
"202509","85177950","光通信设备的激光收发模块","617","萨摩亚","10","一般贸易","44","广东省","0","千克","0","?","107",
"202509","85177950","光通信设备的激光收发模块","622","帕劳","10","一般贸易","44","广东省","0","千克","0","?","250",
"202509","85177950","光通信设备的激光收发模块","623","法属波利尼西亚","10","一般贸易","44","广东省","0","千克","0","?","570",
"202509","85177950","光通信设备的激光收发模块","623","法属波利尼西亚","34","海关特殊监管区域物流货物","32","江苏省","13","千克","0","?","3,536",
"202510","85177950","光通信设备的激光收发模块","101","阿富汗","10","一般贸易","44","广东省","9","千克","0","?","16,484",
"202510","85177950","光通信设备的激光收发模块","102","巴林","10","一般贸易","31","上海市","22","千克","0","?","620",
"202510","85177950","光通信设备的激光收发模块","102","巴林","10","一般贸易","33","浙江省","2","千克","0","?","1,907",
"202510","85177950","光通信设备的激光收发模块","102","巴林","10","一般贸易","44","广东省","1","千克","0","?","201",
"202510","85177950","光通信设备的激光收发模块","103","孟加拉国","10","一般贸易","32","江苏省","25","千克","0","?","6,896",
"202510","85177950","光通信设备的激光收发模块","103","孟加拉国","10","一般贸易","37","山东省","1503","千克","0","?","20,291",
"202510","85177950","光通信设备的激光收发模块","103","孟加拉国","10","一般贸易","44","广东省","174","千克","0","?","88,715",
"202510","85177950","光通信设备的激光收发模块","103","孟加拉国","34","海关特殊监管区域物流货物","32","江苏省","111","千克","0","?","29,043",
"202510","85177950","光通信设备的激光收发模块","104","不丹","10","一般贸易","44","广东省","1","千克","0","?","222",
"202510","85177950","光通信设备的激光收发模块","104","不丹","34","海关特殊监管区域物流货物","32","江苏省","1","千克","0","?","409",
"202510","85177950","光通信设备的激光收发模块","105","文莱","10","一般贸易","33","浙江省","0","千克","0","?","211",
"202510","85177950","光通信设备的激光收发模块","105","文莱","10","一般贸易","44","广东省","6","千克","0","?","6,040",
"202510","85177950","光通信设备的激光收发模块","106","缅甸","10","一般贸易","44","广东省","0","千克","0","?","86",
"202510","85177950","光通信设备的激光收发模块","107","柬埔寨","10","一般贸易","31","上海市","2","千克","0","?","192",
"202510","85177950","光通信设备的激光收发模块","107","柬埔寨","10","一般贸易","33","浙江省","14","千克","0","?","6,412",
"202510","85177950","光通信设备的激光收发模块","107","柬埔寨","10","一般贸易","44","广东省","147","千克","0","?","44,998",
"202510","85177950","光通信设备的激光收发模块","108","塞浦路斯","10","一般贸易","12","天津市","1","千克","0","?","14",
"202510","85177950","光通信设备的激光收发模块","108","塞浦路斯","10","一般贸易","42","湖北省","4","千克","0","?","10,790",
"202510","85177950","光通信设备的激光收发模块","108","塞浦路斯","10","一般贸易","44","广东省","4","千克","0","?","7,315",
"202510","85177950","光通信设备的激光收发模块","110","中国香港","10","一般贸易","11","北京市","7","千克","0","?","4,335",
"202510","85177950","光通信设备的激光收发模块","110","中国香港","10","一般贸易","21","辽宁省","0","千克","0","?","28,728",
"202510","85177950","光通信设备的激光收发模块","110","中国香港","10","一般贸易","31","上海市","94","千克","0","?","152,419",
"202510","85177950","光通信设备的激光收发模块","110","中国香港","10","一般贸易","32","江苏省","285","千克","0","?","773,999",
"202510","85177950","光通信设备的激光收发模块","110","中国香港","10","一般贸易","33","浙江省","71","千克","0","?","164,620",
"202510","85177950","光通信设备的激光收发模块","110","中国香港","10","一般贸易","34","安徽省","169","千克","0","?","233,871",
"202510","85177950","光通信设备的激光收发模块","110","中国香港","10","一般贸易","35","福建省","16","千克","0","?","336,479",
"202510","85177950","光通信设备的激光收发模块","110","中国香港","10","一般贸易","37","山东省","65","千克","0","?","42,569",
"202510","85177950","光通信设备的激光收发模块","110","中国香港","10","一般贸易","41","河南省","0","千克","0","?","232",
"202510","85177950","光通信设备的激光收发模块","110","中国香港","10","一般贸易","42","湖北省","1438","千克","0","?","3,118,790",
"202510","85177950","光通信设备的激光收发模块","110","中国香港","10","一般贸易","43","湖南省","184","千克","0","?","379,883",
"202510","85177950","光通信设备的激光收发模块","110","中国香港","10","一般贸易","44","广东省","1264","千克","0","?","1,697,640",
"202510","85177950","光通信设备的激光收发模块","110","中国香港","10","一般贸易","50","重庆市","95","千克","0","?","5,724",
"202510","85177950","光通信设备的激光收发模块","110","中国香港","10","一般贸易","51","四川省","450","千克","0","?","370,904",
"202510","85177950","光通信设备的激光收发模块","110","中国香港","10","一般贸易","52","贵州省","40","千克","0","?","9,775",
"202510","85177950","光通信设备的激光收发模块","110","中国香港","15","进料加工贸易","32","江苏省","3618","千克","0","?","4,631,795",
"202510","85177950","光通信设备的激光收发模块","110","中国香港","15","进料加工贸易","33","浙江省","3","千克","0","?","2,700",
"202510","85177950","光通信设备的激光收发模块","110","中国香港","15","进料加工贸易","35","福建省","43","千克","0","?","33,866",
"202510","85177950","光通信设备的激光收发模块","110","中国香港","15","进料加工贸易","44","广东省","0","千克","0","?","94,522",
"202510","85177950","光通信设备的激光收发模块","110","中国香港","15","进料加工贸易","51","四川省","4","千克","0","?","25,661",
"202510","85177950","光通信设备的激光收发模块","110","中国香港","33","保税监管场所进出境货物","44","广东省","23","千克","0","?","3,635",
"202510","85177950","光通信设备的激光收发模块","110","中国香港","34","海关特殊监管区域物流货物","11","北京市","1","千克","0","?","41,470",
"202510","85177950","光通信设备的激光收发模块","110","中国香港","34","海关特殊监管区域物流货物","32","江苏省","144","千克","0","?","107,838",
"202510","85177950","光通信设备的激光收发模块","110","中国香港","34","海关特殊监管区域物流货物","44","广东省","1945","千克","0","?","1,361,664",
"202510","85177950","光通信设备的激光收发模块","111","印度","10","一般贸易","13","河北省","4","千克","0","?","2,617",
"202510","85177950","光通信设备的激光收发模块","111","印度","10","一般贸易","31","上海市","215","千克","0","?","30,070",
"202510","85177950","光通信设备的激光收发模块","111","印度","10","一般贸易","32","江苏省","88","千克","0","?","57,568",
"202510","85177950","光通信设备的激光收发模块","111","印度","10","一般贸易","35","福建省","118","千克","0","?","6,127",
"202510","85177950","光通信设备的激光收发模块","111","印度","10","一般贸易","37","山东省","2746","千克","0","?","42,632",
"202510","85177950","光通信设备的激光收发模块","111","印度","10","一般贸易","42","湖北省","2139","千克","0","?","815,777",
"202510","85177950","光通信设备的激光收发模块","111","印度","10","一般贸易","44","广东省","3154","千克","0","?","721,349",
"202510","85177950","光通信设备的激光收发模块","111","印度","10","一般贸易","46","海南省","360","千克","0","?","9,288",
"202510","85177950","光通信设备的激光收发模块","111","印度","10","一般贸易","51","四川省","154","千克","0","?","106,451",
"202510","85177950","光通信设备的激光收发模块","111","印度","15","进料加工贸易","32","江苏省","1","千克","0","?","3,565",
"202510","85177950","光通信设备的激光收发模块","111","印度","15","进料加工贸易","44","广东省","0","千克","0","?","836",
"202510","85177950","光通信设备的激光收发模块","111","印度","15","进料加工贸易","51","四川省","9","千克","0","?","67,280",
"202510","85177950","光通信设备的激光收发模块","111","印度","33","保税监管场所进出境货物","44","广东省","286","千克","0","?","145,041",
"202510","85177950","光通信设备的激光收发模块","111","印度","34","海关特殊监管区域物流货物","32","江苏省","1716","千克","0","?","372,354",
"202510","85177950","光通信设备的激光收发模块","112","印度尼西亚","10","一般贸易","11","北京市","26","千克","0","?","31,665",
"202510","85177950","光通信设备的激光收发模块","112","印度尼西亚","10","一般贸易","14","山西省","20","千克","0","?","355",
"202510","85177950","光通信设备的激光收发模块","112","印度尼西亚","10","一般贸易","31","上海市","22","千克","0","?","52,454",
"202510","85177950","光通信设备的激光收发模块","112","印度尼西亚","10","一般贸易","32","江苏省","83","千克","0","?","13,672",
"202510","85177950","光通信设备的激光收发模块","112","印度尼西亚","10","一般贸易","33","浙江省","70","千克","0","?","99,963",
"202510","85177950","光通信设备的激光收发模块","112","印度尼西亚","10","一般贸易","35","福建省","76","千克","0","?","82,117",
"202510","85177950","光通信设备的激光收发模块","112","印度尼西亚","10","一般贸易","36","江西省","0","千克","0","?","12",
"202510","85177950","光通信设备的激光收发模块","112","印度尼西亚","10","一般贸易","37","山东省","454","千克","0","?","44,622",
"202510","85177950","光通信设备的激光收发模块","112","印度尼西亚","10","一般贸易","42","湖北省","2334","千克","0","?","4,653,519",
"202510","85177950","光通信设备的激光收发模块","112","印度尼西亚","10","一般贸易","43","湖南省","15","千克","0","?","11,629",
"202510","85177950","光通信设备的激光收发模块","112","印度尼西亚","10","一般贸易","44","广东省","3431","千克","0","?","1,923,686",
"202510","85177950","光通信设备的激光收发模块","112","印度尼西亚","10","一般贸易","52","贵州省","5","千克","0","?","1,062",
"202510","85177950","光通信设备的激光收发模块","112","印度尼西亚","15","进料加工贸易","35","福建省","0","千克","0","?","514",
"202510","85177950","光通信设备的激光收发模块","112","印度尼西亚","15","进料加工贸易","44","广东省","0","千克","0","?","73",
"202510","85177950","光通信设备的激光收发模块","112","印度尼西亚","33","保税监管场所进出境货物","44","广东省","1","千克","0","?","616",
"202510","85177950","光通信设备的激光收发模块","112","印度尼西亚","34","海关特殊监管区域物流货物","32","江苏省","315","千克","0","?","95,272",
"202510","85177950","光通信设备的激光收发模块","113","伊朗","10","一般贸易","37","山东省","32","千克","0","?","1,200",
"202510","85177950","光通信设备的激光收发模块","113","伊朗","10","一般贸易","44","广东省","33","千克","0","?","3,264",
"202510","85177950","光通信设备的激光收发模块","114","伊拉克","10","一般贸易","32","江苏省","1","千克","0","?","11,750",
"202510","85177950","光通信设备的激光收发模块","114","伊拉克","10","一般贸易","33","浙江省","1","千克","0","?","581",
"202510","85177950","光通信设备的激光收发模块","114","伊拉克","10","一般贸易","37","山东省","1382","千克","0","?","17,065",
"202510","85177950","光通信设备的激光收发模块","114","伊拉克","10","一般贸易","44","广东省","87","千克","0","?","29,898",
"202510","85177950","光通信设备的激光收发模块","115","以色列","10","一般贸易","31","上海市","9","千克","0","?","50,173",
"202510","85177950","光通信设备的激光收发模块","115","以色列","10","一般贸易","32","江苏省","21","千克","0","?","33,750",
"202510","85177950","光通信设备的激光收发模块","115","以色列","10","一般贸易","33","浙江省","1","千克","0","?","2,491",
"202510","85177950","光通信设备的激光收发模块","115","以色列","10","一般贸易","42","湖北省","23","千克","0","?","60,561",
"202510","85177950","光通信设备的激光收发模块","115","以色列","10","一般贸易","44","广东省","244","千克","0","?","151,069",
"202510","85177950","光通信设备的激光收发模块","115","以色列","10","一般贸易","51","四川省","121","千克","0","?","289,255",
"202510","85177950","光通信设备的激光收发模块","115","以色列","15","进料加工贸易","32","江苏省","53","千克","0","?","63,179",
"202510","85177950","光通信设备的激光收发模块","115","以色列","34","海关特殊监管区域物流货物","35","福建省","4","千克","0","?","3,894",
"202510","85177950","光通信设备的激光收发模块","116","日本","10","一般贸易","11","北京市","151","千克","0","?","8,303",
"202510","85177950","光通信设备的激光收发模块","116","日本","10","一般贸易","12","天津市","1","千克","0","?","29",
"202510","85177950","光通信设备的激光收发模块","116","日本","10","一般贸易","31","上海市","28","千克","0","?","62,936",
"202510","85177950","光通信设备的激光收发模块","116","日本","10","一般贸易","32","江苏省","598","千克","0","?","921,754",
"202510","85177950","光通信设备的激光收发模块","116","日本","10","一般贸易","33","浙江省","75","千克","0","?","108,630",
"202510","85177950","光通信设备的激光收发模块","116","日本","10","一般贸易","35","福建省","5","千克","0","?","4,516",
"202510","85177950","光通信设备的激光收发模块","116","日本","10","一般贸易","37","山东省","188","千克","0","?","706,209",
"202510","85177950","光通信设备的激光收发模块","116","日本","10","一般贸易","41","河南省","1","千克","0","?","7,301",
"202510","85177950","光通信设备的激光收发模块","116","日本","10","一般贸易","42","湖北省","495","千克","0","?","346,956",
"202510","85177950","光通信设备的激光收发模块","116","日本","10","一般贸易","44","广东省","338","千克","0","?","671,265",
"202510","85177950","光通信设备的激光收发模块","116","日本","10","一般贸易","51","四川省","141","千克","0","?","177,877",
"202510","85177950","光通信设备的激光收发模块","116","日本","10","一般贸易","61","陕西省","0","千克","0","?","138",
"202510","85177950","光通信设备的激光收发模块","116","日本","15","进料加工贸易","32","江苏省","437","千克","0","?","307,029",
"202510","85177950","光通信设备的激光收发模块","116","日本","15","进料加工贸易","35","福建省","74","千克","0","?","42,443",
"202510","85177950","光通信设备的激光收发模块","116","日本","15","进料加工贸易","44","广东省","0","千克","0","?","22,263",
"202510","85177950","光通信设备的激光收发模块","116","日本","15","进料加工贸易","51","四川省","2","千克","0","?","12,213",
"202510","85177950","光通信设备的激光收发模块","116","日本","34","海关特殊监管区域物流货物","32","江苏省","1102","千克","0","?","1,384,957",
"202510","85177950","光通信设备的激光收发模块","116","日本","34","海关特殊监管区域物流货物","42","湖北省","51","千克","0","?","72,367",
"202510","85177950","光通信设备的激光收发模块","117","约旦","10","一般贸易","44","广东省","13","千克","0","?","3,558",
"202510","85177950","光通信设备的激光收发模块","118","科威特","10","一般贸易","37","山东省","260","千克","0","?","6,708",
"202510","85177950","光通信设备的激光收发模块","118","科威特","10","一般贸易","44","广东省","44","千克","0","?","23,562",
"202510","85177950","光通信设备的激光收发模块","118","科威特","10","一般贸易","46","海南省","0","千克","0","?","8",
"202510","85177950","光通信设备的激光收发模块","119","老挝","10","一般贸易","11","北京市","1","千克","0","?","36",
"202510","85177950","光通信设备的激光收发模块","119","老挝","10","一般贸易","33","浙江省","1","千克","0","?","2,051",
"202510","85177950","光通信设备的激光收发模块","119","老挝","10","一般贸易","35","福建省","1","千克","0","?","818",
"202510","85177950","光通信设备的激光收发模块","119","老挝","10","一般贸易","44","广东省","48","千克","0","?","22,648",
"202510","85177950","光通信设备的激光收发模块","119","老挝","10","一般贸易","53","云南省","1","千克","0","?","304",
"202510","85177950","光通信设备的激光收发模块","120","黎巴嫩","10","一般贸易","37","山东省","454","千克","0","?","6,253",
"202510","85177950","光通信设备的激光收发模块","120","黎巴嫩","10","一般贸易","44","广东省","26","千克","0","?","4,099",
"202510","85177950","光通信设备的激光收发模块","121","中国澳门","10","一般贸易","33","浙江省","0","千克","0","?","23",
"202510","85177950","光通信设备的激光收发模块","121","中国澳门","10","一般贸易","44","广东省","27","千克","0","?","14,305",
"202510","85177950","光通信设备的激光收发模块","122","马来西亚","10","一般贸易","31","上海市","2790","千克","0","?","5,398,682",
"202510","85177950","光通信设备的激光收发模块","122","马来西亚","10","一般贸易","32","江苏省","241","千克","0","?","723,936",
"202510","85177950","光通信设备的激光收发模块","122","马来西亚","10","一般贸易","33","浙江省","699","千克","0","?","822,579",
"202510","85177950","光通信设备的激光收发模块","122","马来西亚","10","一般贸易","35","福建省","20","千克","0","?","37,208",
"202510","85177950","光通信设备的激光收发模块","122","马来西亚","10","一般贸易","36","江西省","26","千克","0","?","84,480",
"202510","85177950","光通信设备的激光收发模块","122","马来西亚","10","一般贸易","37","山东省","2683","千克","0","?","2,300,246",
"202510","85177950","光通信设备的激光收发模块","122","马来西亚","10","一般贸易","41","河南省","92","千克","0","?","26,553",
"202510","85177950","光通信设备的激光收发模块","122","马来西亚","10","一般贸易","42","湖北省","10193","千克","0","?","16,454,052",
"202510","85177950","光通信设备的激光收发模块","122","马来西亚","10","一般贸易","43","湖南省","112","千克","0","?","87,585",
"202510","85177950","光通信设备的激光收发模块","122","马来西亚","10","一般贸易","44","广东省","3030","千克","0","?","2,255,962",
"202510","85177950","光通信设备的激光收发模块","122","马来西亚","10","一般贸易","46","海南省","23","千克","0","?","2,085",
"202510","85177950","光通信设备的激光收发模块","122","马来西亚","10","一般贸易","51","四川省","1286","千克","0","?","2,426,322",
"202510","85177950","光通信设备的激光收发模块","122","马来西亚","15","进料加工贸易","32","江苏省","47073","千克","0","?","125,931,085",
"202510","85177950","光通信设备的激光收发模块","122","马来西亚","15","进料加工贸易","35","福建省","0","千克","0","?","274",
"202510","85177950","光通信设备的激光收发模块","122","马来西亚","15","进料加工贸易","44","广东省","1228","千克","0","?","3,189,495",
"202510","85177950","光通信设备的激光收发模块","122","马来西亚","15","进料加工贸易","51","四川省","31","千克","0","?","67,970",
"202510","85177950","光通信设备的激光收发模块","122","马来西亚","33","保税监管场所进出境货物","44","广东省","3","千克","0","?","1,044",
"202510","85177950","光通信设备的激光收发模块","122","马来西亚","34","海关特殊监管区域物流货物","32","江苏省","37","千克","0","?","61,659",
"202510","85177950","光通信设备的激光收发模块","123","马尔代夫","10","一般贸易","44","广东省","0","千克","0","?","1,918",
"202510","85177950","光通信设备的激光收发模块","124","蒙古","10","一般贸易","33","浙江省","0","千克","0","?","1,520",
"202510","85177950","光通信设备的激光收发模块","124","蒙古","10","一般贸易","44","广东省","14","千克","0","?","7,698",
"202510","85177950","光通信设备的激光收发模块","124","蒙古","22","对外承包工程出口货物","11","北京市","40","千克","0","?","1,925",
"202510","85177950","光通信设备的激光收发模块","125","尼泊尔","10","一般贸易","33","浙江省","2","千克","0","?","753",
"202510","85177950","光通信设备的激光收发模块","125","尼泊尔","10","一般贸易","44","广东省","71","千克","0","?","9,312",
"202510","85177950","光通信设备的激光收发模块","126","阿曼","10","一般贸易","33","浙江省","91","千克","0","?","6,248",
"202510","85177950","光通信设备的激光收发模块","126","阿曼","10","一般贸易","44","广东省","14","千克","0","?","16,061",
"202510","85177950","光通信设备的激光收发模块","127","巴基斯坦","10","一般贸易","32","江苏省","7","千克","0","?","3,057",
"202510","85177950","光通信设备的激光收发模块","127","巴基斯坦","10","一般贸易","33","浙江省","32","千克","0","?","38,473",
"202510","85177950","光通信设备的激光收发模块","127","巴基斯坦","10","一般贸易","37","山东省","292","千克","0","?","2,978",
"202510","85177950","光通信设备的激光收发模块","127","巴基斯坦","10","一般贸易","44","广东省","92","千克","0","?","121,118",
"202510","85177950","光通信设备的激光收发模块","127","巴基斯坦","33","保税监管场所进出境货物","44","广东省","21","千克","0","?","30,465",
"202510","85177950","光通信设备的激光收发模块","127","巴基斯坦","34","海关特殊监管区域物流货物","32","江苏省","15","千克","0","?","3,035",
"202510","85177950","光通信设备的激光收发模块","129","菲律宾","10","一般贸易","31","上海市","7","千克","0","?","7,618",
"202510","85177950","光通信设备的激光收发模块","129","菲律宾","10","一般贸易","32","江苏省","6","千克","0","?","14,061",
"202510","85177950","光通信设备的激光收发模块","129","菲律宾","10","一般贸易","33","浙江省","24","千克","0","?","20,124",
"202510","85177950","光通信设备的激光收发模块","129","菲律宾","10","一般贸易","35","福建省","11","千克","0","?","14,478",
"202510","85177950","光通信设备的激光收发模块","129","菲律宾","10","一般贸易","42","湖北省","0","千克","0","?","311",
"202510","85177950","光通信设备的激光收发模块","129","菲律宾","10","一般贸易","44","广东省","300","千克","0","?","190,326",
"202510","85177950","光通信设备的激光收发模块","129","菲律宾","15","进料加工贸易","44","广东省","0","千克","0","?","127",
"202510","85177950","光通信设备的激光收发模块","129","菲律宾","34","海关特殊监管区域物流货物","32","江苏省","106","千克","0","?","29,546",
"202510","85177950","光通信设备的激光收发模块","130","卡塔尔","10","一般贸易","33","浙江省","4","千克","0","?","4,243",
"202510","85177950","光通信设备的激光收发模块","130","卡塔尔","10","一般贸易","37","山东省","472","千克","0","?","5,475",
"202510","85177950","光通信设备的激光收发模块","130","卡塔尔","10","一般贸易","44","广东省","10","千克","0","?","11,388",
"202510","85177950","光通信设备的激光收发模块","130","卡塔尔","10","一般贸易","46","海南省","1","千克","0","?","92",
"202510","85177950","光通信设备的激光收发模块","130","卡塔尔","10","一般贸易","65","新疆维吾尔自治区","0","千克","0","?","8",
"202510","85177950","光通信设备的激光收发模块","130","卡塔尔","33","保税监管场所进出境货物","44","广东省","4","千克","0","?","4,795",
"202510","85177950","光通信设备的激光收发模块","131","沙特阿拉伯","10","一般贸易","33","浙江省","65","千克","0","?","30,012",
"202510","85177950","光通信设备的激光收发模块","131","沙特阿拉伯","10","一般贸易","35","福建省","42","千克","0","?","56,370",
"202510","85177950","光通信设备的激光收发模块","131","沙特阿拉伯","10","一般贸易","37","山东省","322","千克","0","?","8,207",
"202510","85177950","光通信设备的激光收发模块","131","沙特阿拉伯","10","一般贸易","42","湖北省","1","千克","0","?","750",
"202510","85177950","光通信设备的激光收发模块","131","沙特阿拉伯","10","一般贸易","44","广东省","35","千克","0","?","55,795",
"202510","85177950","光通信设备的激光收发模块","131","沙特阿拉伯","15","进料加工贸易","44","广东省","0","千克","0","?","308",
"202510","85177950","光通信设备的激光收发模块","131","沙特阿拉伯","34","海关特殊监管区域物流货物","32","江苏省","422","千克","0","?","232,803",
"202510","85177950","光通信设备的激光收发模块","132","新加坡","10","一般贸易","11","北京市","0","千克","0","?","30",
"202510","85177950","光通信设备的激光收发模块","132","新加坡","10","一般贸易","21","辽宁省","93","千克","0","?","93",
"202510","85177950","光通信设备的激光收发模块","132","新加坡","10","一般贸易","31","上海市","14","千克","0","?","101,145",
"202510","85177950","光通信设备的激光收发模块","132","新加坡","10","一般贸易","32","江苏省","51","千克","0","?","169,548",
"202510","85177950","光通信设备的激光收发模块","132","新加坡","10","一般贸易","33","浙江省","127","千克","0","?","155,723",
"202510","85177950","光通信设备的激光收发模块","132","新加坡","10","一般贸易","35","福建省","8","千克","0","?","5,886",
"202510","85177950","光通信设备的激光收发模块","132","新加坡","10","一般贸易","37","山东省","129","千克","0","?","116,806",
"202510","85177950","光通信设备的激光收发模块","132","新加坡","10","一般贸易","42","湖北省","1373","千克","0","?","1,172,251",
"202510","85177950","光通信设备的激光收发模块","132","新加坡","10","一般贸易","44","广东省","1691","千克","0","?","1,257,565",
"202510","85177950","光通信设备的激光收发模块","132","新加坡","10","一般贸易","46","海南省","0","千克","0","?","5",
"202510","85177950","光通信设备的激光收发模块","132","新加坡","10","一般贸易","51","四川省","174","千克","0","?","404,038",
"202510","85177950","光通信设备的激光收发模块","132","新加坡","10","一般贸易","52","贵州省","103","千克","0","?","60,585",
"202510","85177950","光通信设备的激光收发模块","132","新加坡","10","一般贸易","65","新疆维吾尔自治区","1","千克","0","?","5",
"202510","85177950","光通信设备的激光收发模块","132","新加坡","15","进料加工贸易","32","江苏省","490","千克","0","?","245,637",
"202510","85177950","光通信设备的激光收发模块","132","新加坡","15","进料加工贸易","35","福建省","13","千克","0","?","16,902",
"202510","85177950","光通信设备的激光收发模块","132","新加坡","15","进料加工贸易","44","广东省","1063","千克","0","?","1,574,454",
"202510","85177950","光通信设备的激光收发模块","132","新加坡","33","保税监管场所进出境货物","32","江苏省","0","千克","0","?","2,224",
"202510","85177950","光通信设备的激光收发模块","132","新加坡","33","保税监管场所进出境货物","44","广东省","2","千克","0","?","352",
"202510","85177950","光通信设备的激光收发模块","132","新加坡","34","海关特殊监管区域物流货物","32","江苏省","443","千克","0","?","356,300",
"202510","85177950","光通信设备的激光收发模块","132","新加坡","34","海关特殊监管区域物流货物","45","广西壮族自治区","15","千克","0","?","2,278",
"202510","85177950","光通信设备的激光收发模块","132","新加坡","39","其他","37","山东省","4","千克","0","?","2,128",
"202510","85177950","光通信设备的激光收发模块","132","新加坡","39","其他","44","广东省","0","千克","0","?","368",
"202510","85177950","光通信设备的激光收发模块","133","韩国","10","一般贸易","11","北京市","1","千克","0","?","2,240",
"202510","85177950","光通信设备的激光收发模块","133","韩国","10","一般贸易","21","辽宁省","63","千克","0","?","28,257",
"202510","85177950","光通信设备的激光收发模块","133","韩国","10","一般贸易","31","上海市","92","千克","0","?","103,292",
"202510","85177950","光通信设备的激光收发模块","133","韩国","10","一般贸易","32","江苏省","6","千克","0","?","6,763",
"202510","85177950","光通信设备的激光收发模块","133","韩国","10","一般贸易","33","浙江省","53","千克","0","?","34,979",
"202510","85177950","光通信设备的激光收发模块","133","韩国","10","一般贸易","35","福建省","15","千克","0","?","425",
"202510","85177950","光通信设备的激光收发模块","133","韩国","10","一般贸易","37","山东省","359","千克","0","?","345,759",
"202510","85177950","光通信设备的激光收发模块","133","韩国","10","一般贸易","41","河南省","13","千克","0","?","15,670",
"202510","85177950","光通信设备的激光收发模块","133","韩国","10","一般贸易","42","湖北省","241","千克","0","?","151,569",
"202510","85177950","光通信设备的激光收发模块","133","韩国","10","一般贸易","44","广东省","2104","千克","0","?","1,638,128",
"202510","85177950","光通信设备的激光收发模块","133","韩国","10","一般贸易","51","四川省","1065","千克","0","?","784,054",
"202510","85177950","光通信设备的激光收发模块","133","韩国","15","进料加工贸易","32","江苏省","12","千克","0","?","21,047",
"202510","85177950","光通信设备的激光收发模块","133","韩国","15","进料加工贸易","35","福建省","2","千克","0","?","9,164",
"202510","85177950","光通信设备的激光收发模块","133","韩国","15","进料加工贸易","44","广东省","0","千克","0","?","2,381",
"202510","85177950","光通信设备的激光收发模块","133","韩国","33","保税监管场所进出境货物","44","广东省","2","千克","0","?","287",
"202510","85177950","光通信设备的激光收发模块","133","韩国","34","海关特殊监管区域物流货物","32","江苏省","97","千克","0","?","100,254",
"202510","85177950","光通信设备的激光收发模块","133","韩国","39","其他","44","广东省","0","千克","0","?","14",
"202510","85177950","光通信设备的激光收发模块","134","斯里兰卡","10","一般贸易","31","上海市","2","千克","0","?","576",
"202510","85177950","光通信设备的激光收发模块","134","斯里兰卡","10","一般贸易","33","浙江省","1","千克","0","?","240",
"202510","85177950","光通信设备的激光收发模块","134","斯里兰卡","10","一般贸易","44","广东省","4","千克","0","?","3,108",
"202510","85177950","光通信设备的激光收发模块","134","斯里兰卡","34","海关特殊监管区域物流货物","32","江苏省","1","千克","0","?","420",
"202510","85177950","光通信设备的激光收发模块","136","泰国","10","一般贸易","31","上海市","3465","千克","0","?","9,750,720",
"202510","85177950","光通信设备的激光收发模块","136","泰国","10","一般贸易","32","江苏省","689","千克","0","?","608,817",
"202510","85177950","光通信设备的激光收发模块","136","泰国","10","一般贸易","33","浙江省","3527","千克","0","?","9,421,136",
"202510","85177950","光通信设备的激光收发模块","136","泰国","10","一般贸易","34","安徽省","625","千克","0","?","25,033",
"202510","85177950","光通信设备的激光收发模块","136","泰国","10","一般贸易","35","福建省","9","千克","0","?","15,240",
"202510","85177950","光通信设备的激光收发模块","136","泰国","10","一般贸易","37","山东省","269","千克","0","?","320,101",
"202510","85177950","光通信设备的激光收发模块","136","泰国","10","一般贸易","42","湖北省","2969","千克","0","?","1,595,978",
"202510","85177950","光通信设备的激光收发模块","136","泰国","10","一般贸易","43","湖南省","5","千克","0","?","5,900",
"202510","85177950","光通信设备的激光收发模块","136","泰国","10","一般贸易","44","广东省","608","千克","0","?","742,395",
"202510","85177950","光通信设备的激光收发模块","136","泰国","10","一般贸易","50","重庆市","20","千克","0","?","8,109",
"202510","85177950","光通信设备的激光收发模块","136","泰国","10","一般贸易","51","四川省","5686","千克","0","?","21,255,530",
"202510","85177950","光通信设备的激光收发模块","136","泰国","10","一般贸易","52","贵州省","32","千克","0","?","23,405",
"202510","85177950","光通信设备的激光收发模块","136","泰国","15","进料加工贸易","32","江苏省","186","千克","0","?","107,152",
"202510","85177950","光通信设备的激光收发模块","136","泰国","15","进料加工贸易","35","福建省","0","千克","0","?","1,702",
"202510","85177950","光通信设备的激光收发模块","136","泰国","15","进料加工贸易","44","广东省","32","千克","0","?","62,255",
"202510","85177950","光通信设备的激光收发模块","136","泰国","15","进料加工贸易","51","四川省","2","千克","0","?","1,176",
"202510","85177950","光通信设备的激光收发模块","136","泰国","34","海关特殊监管区域物流货物","32","江苏省","4","千克","0","?","1,104",
"202510","85177950","光通信设备的激光收发模块","136","泰国","39","其他","32","江苏省","0","千克","0","?","957",
"202510","85177950","光通信设备的激光收发模块","137","土耳其","10","一般贸易","31","上海市","8","千克","0","?","2,415",
"202510","85177950","光通信设备的激光收发模块","137","土耳其","10","一般贸易","33","浙江省","15","千克","0","?","18,873",
"202510","85177950","光通信设备的激光收发模块","137","土耳其","10","一般贸易","35","福建省","556","千克","0","?","76,414",
"202510","85177950","光通信设备的激光收发模块","137","土耳其","10","一般贸易","37","山东省","2","千克","0","?","230",
"202510","85177950","光通信设备的激光收发模块","137","土耳其","10","一般贸易","42","湖北省","217","千克","0","?","17,227",
"202510","85177950","光通信设备的激光收发模块","137","土耳其","10","一般贸易","44","广东省","2061","千克","0","?","1,397,500",
"202510","85177950","光通信设备的激光收发模块","137","土耳其","33","保税监管场所进出境货物","44","广东省","105","千克","0","?","39,435",
"202510","85177950","光通信设备的激光收发模块","138","阿联酋","10","一般贸易","11","北京市","2","千克","0","?","29,939",
"202510","85177950","光通信设备的激光收发模块","138","阿联酋","10","一般贸易","12","天津市","6","千克","0","?","96",
"202510","85177950","光通信设备的激光收发模块","138","阿联酋","10","一般贸易","21","辽宁省","54","千克","0","?","5,609",
"202510","85177950","光通信设备的激光收发模块","138","阿联酋","10","一般贸易","31","上海市","23","千克","0","?","27,772",
"202510","85177950","光通信设备的激光收发模块","138","阿联酋","10","一般贸易","32","江苏省","4","千克","0","?","6,542",
"202510","85177950","光通信设备的激光收发模块","138","阿联酋","10","一般贸易","33","浙江省","115","千克","0","?","28,332",
"202510","85177950","光通信设备的激光收发模块","138","阿联酋","10","一般贸易","35","福建省","7","千克","0","?","9,617",
"202510","85177950","光通信设备的激光收发模块","138","阿联酋","10","一般贸易","37","山东省","961","千克","0","?","12,844",
"202510","85177950","光通信设备的激光收发模块","138","阿联酋","10","一般贸易","42","湖北省","314","千克","0","?","108,588",
"202510","85177950","光通信设备的激光收发模块","138","阿联酋","10","一般贸易","44","广东省","1648","千克","0","?","1,260,238",
"202510","85177950","光通信设备的激光收发模块","138","阿联酋","10","一般贸易","46","海南省","0","千克","0","?","41",
"202510","85177950","光通信设备的激光收发模块","138","阿联酋","10","一般贸易","50","重庆市","58","千克","0","?","382",
"202510","85177950","光通信设备的激光收发模块","138","阿联酋","10","一般贸易","51","四川省","122","千克","0","?","24,415",
"202510","85177950","光通信设备的激光收发模块","138","阿联酋","15","进料加工贸易","51","四川省","169","千克","0","?","33,468",
"202510","85177950","光通信设备的激光收发模块","138","阿联酋","34","海关特殊监管区域物流货物","32","江苏省","107","千克","0","?","35,132",
"202510","85177950","光通信设备的激光收发模块","141","越南","10","一般贸易","21","辽宁省","9","千克","0","?","7,195",
"202510","85177950","光通信设备的激光收发模块","141","越南","10","一般贸易","31","上海市","100","千克","0","?","138,895",
"202510","85177950","光通信设备的激光收发模块","141","越南","10","一般贸易","32","江苏省","30","千克","0","?","44,064",
"202510","85177950","光通信设备的激光收发模块","141","越南","10","一般贸易","33","浙江省","32","千克","0","?","19,965",
"202510","85177950","光通信设备的激光收发模块","141","越南","10","一般贸易","35","福建省","1428","千克","0","?","61,102",
"202510","85177950","光通信设备的激光收发模块","141","越南","10","一般贸易","37","山东省","4","千克","0","?","703",
"202510","85177950","光通信设备的激光收发模块","141","越南","10","一般贸易","42","湖北省","380","千克","0","?","38,231",
"202510","85177950","光通信设备的激光收发模块","141","越南","10","一般贸易","44","广东省","3051","千克","0","?","1,352,798",
"202510","85177950","光通信设备的激光收发模块","141","越南","10","一般贸易","45","广西壮族自治区","50","千克","0","?","3,580",
"202510","85177950","光通信设备的激光收发模块","141","越南","10","一般贸易","50","重庆市","0","千克","0","?","199",
"202510","85177950","光通信设备的激光收发模块","141","越南","10","一般贸易","65","新疆维吾尔自治区","4","千克","0","?","2,063",
"202510","85177950","光通信设备的激光收发模块","141","越南","14","来料加工贸易","33","浙江省","4","千克","0","?","5,765",
"202510","85177950","光通信设备的激光收发模块","141","越南","15","进料加工贸易","33","浙江省","131","千克","0","?","159,971",
"202510","85177950","光通信设备的激光收发模块","141","越南","15","进料加工贸易","51","四川省","289","千克","0","?","152,934",
"202510","85177950","光通信设备的激光收发模块","141","越南","19","边境小额贸易","45","广西壮族自治区","294","千克","0","?","17,758",
"202510","85177950","光通信设备的激光收发模块","141","越南","33","保税监管场所进出境货物","12","天津市","2","千克","0","?","18,540",
"202510","85177950","光通信设备的激光收发模块","141","越南","33","保税监管场所进出境货物","32","江苏省","35","千克","0","?","8,162",
"202510","85177950","光通信设备的激光收发模块","141","越南","33","保税监管场所进出境货物","44","广东省","256","千克","0","?","71,428",
"202510","85177950","光通信设备的激光收发模块","141","越南","34","海关特殊监管区域物流货物","31","上海市","3","千克","0","?","1,344",
"202510","85177950","光通信设备的激光收发模块","141","越南","34","海关特殊监管区域物流货物","32","江苏省","1733","千克","0","?","621,136",
"202510","85177950","光通信设备的激光收发模块","141","越南","34","海关特殊监管区域物流货物","45","广西壮族自治区","1717","千克","0","?","439,962",
"202510","85177950","光通信设备的激光收发模块","143","中国台湾","10","一般贸易","12","天津市","44","千克","0","?","13,824",
"202510","85177950","光通信设备的激光收发模块","143","中国台湾","10","一般贸易","13","河北省","68","千克","0","?","14,262",
"202510","85177950","光通信设备的激光收发模块","143","中国台湾","10","一般贸易","31","上海市","24","千克","0","?","52,472",
"202510","85177950","光通信设备的激光收发模块","143","中国台湾","10","一般贸易","32","江苏省","159","千克","0","?","426,823",
"202510","85177950","光通信设备的激光收发模块","143","中国台湾","10","一般贸易","33","浙江省","4709","千克","0","?","10,138,451",
"202510","85177950","光通信设备的激光收发模块","143","中国台湾","10","一般贸易","34","安徽省","29","千克","0","?","37,028",
"202510","85177950","光通信设备的激光收发模块","143","中国台湾","10","一般贸易","37","山东省","31","千克","0","?","10,483",
"202510","85177950","光通信设备的激光收发模块","143","中国台湾","10","一般贸易","42","湖北省","1405","千克","0","?","1,687,358",
"202510","85177950","光通信设备的激光收发模块","143","中国台湾","10","一般贸易","43","湖南省","76","千克","0","?","45,961",
"202510","85177950","光通信设备的激光收发模块","143","中国台湾","10","一般贸易","44","广东省","3543","千克","0","?","2,431,716",
"202510","85177950","光通信设备的激光收发模块","143","中国台湾","10","一般贸易","51","四川省","68","千克","0","?","64,210",
"202510","85177950","光通信设备的激光收发模块","143","中国台湾","15","进料加工贸易","32","江苏省","63","千克","0","?","24,811",
"202510","85177950","光通信设备的激光收发模块","143","中国台湾","15","进料加工贸易","33","浙江省","4629","千克","0","?","5,266,357",
"202510","85177950","光通信设备的激光收发模块","143","中国台湾","15","进料加工贸易","35","福建省","0","千克","0","?","4,663",
"202510","85177950","光通信设备的激光收发模块","143","中国台湾","15","进料加工贸易","44","广东省","0","千克","0","?","73",
"202510","85177950","光通信设备的激光收发模块","143","中国台湾","15","进料加工贸易","51","四川省","18183","千克","0","?","22,214,379",
"202510","85177950","光通信设备的激光收发模块","143","中国台湾","33","保税监管场所进出境货物","44","广东省","0","千克","0","?","142",
"202510","85177950","光通信设备的激光收发模块","143","中国台湾","34","海关特殊监管区域物流货物","32","江苏省","105","千克","0","?","39,000",
"202510","85177950","光通信设备的激光收发模块","143","中国台湾","34","海关特殊监管区域物流货物","44","广东省","0","千克","0","?","109",
"202510","85177950","光通信设备的激光收发模块","143","中国台湾","39","其他","32","江苏省","0","千克","0","?","852",
"202510","85177950","光通信设备的激光收发模块","144","东帝汶","10","一般贸易","44","广东省","2","千克","0","?","1,811",
"202510","85177950","光通信设备的激光收发模块","145","哈萨克斯坦","10","一般贸易","31","上海市","1","千克","0","?","4,462",
"202510","85177950","光通信设备的激光收发模块","145","哈萨克斯坦","10","一般贸易","33","浙江省","63","千克","0","?","17,616",
"202510","85177950","光通信设备的激光收发模块","145","哈萨克斯坦","10","一般贸易","35","福建省","1","千克","0","?","1,165",
"202510","85177950","光通信设备的激光收发模块","145","哈萨克斯坦","10","一般贸易","37","山东省","244","千克","0","?","5,319",
"202510","85177950","光通信设备的激光收发模块","145","哈萨克斯坦","10","一般贸易","42","湖北省","36","千克","0","?","167",
"202510","85177950","光通信设备的激光收发模块","145","哈萨克斯坦","10","一般贸易","44","广东省","87","千克","0","?","106,850",
"202510","85177950","光通信设备的激光收发模块","145","哈萨克斯坦","34","海关特殊监管区域物流货物","44","广东省","14","千克","0","?","3,907",
"202510","85177950","光通信设备的激光收发模块","146","吉尔吉斯斯坦","10","一般贸易","35","福建省","1","千克","0","?","180",
"202510","85177950","光通信设备的激光收发模块","146","吉尔吉斯斯坦","10","一般贸易","42","湖北省","2","千克","0","?","2,304",
"202510","85177950","光通信设备的激光收发模块","146","吉尔吉斯斯坦","10","一般贸易","44","广东省","3","千克","0","?","3,257",
"202510","85177950","光通信设备的激光收发模块","146","吉尔吉斯斯坦","10","一般贸易","65","新疆维吾尔自治区","65","千克","0","?","374",
"202510","85177950","光通信设备的激光收发模块","146","吉尔吉斯斯坦","34","海关特殊监管区域物流货物","44","广东省","15","千克","0","?","2,785",
"202510","85177950","光通信设备的激光收发模块","147","塔吉克斯坦","10","一般贸易","31","上海市","12","千克","0","?","660",
"202510","85177950","光通信设备的激光收发模块","147","塔吉克斯坦","10","一般贸易","33","浙江省","2","千克","0","?","2,056",
"202510","85177950","光通信设备的激光收发模块","147","塔吉克斯坦","10","一般贸易","35","福建省","3","千克","0","?","3,881",
"202510","85177950","光通信设备的激光收发模块","147","塔吉克斯坦","10","一般贸易","44","广东省","9","千克","0","?","16,415",
"202510","85177950","光通信设备的激光收发模块","148","土库曼斯坦","10","一般贸易","33","浙江省","3","千克","0","?","700",
"202510","85177950","光通信设备的激光收发模块","149","乌兹别克斯坦","10","一般贸易","33","浙江省","83","千克","0","?","224,639",
"202510","85177950","光通信设备的激光收发模块","149","乌兹别克斯坦","10","一般贸易","42","湖北省","61","千克","0","?","5,857",
"202510","85177950","光通信设备的激光收发模块","149","乌兹别克斯坦","10","一般贸易","44","广东省","257","千克","0","?","84,533",
"202510","85177950","光通信设备的激光收发模块","150","格鲁吉亚","10","一般贸易","12","天津市","0","千克","0","?","2",
"202510","85177950","光通信设备的激光收发模块","150","格鲁吉亚","10","一般贸易","31","上海市","4","千克","0","?","4,973",
"202510","85177950","光通信设备的激光收发模块","150","格鲁吉亚","10","一般贸易","33","浙江省","9","千克","0","?","7,228",
"202510","85177950","光通信设备的激光收发模块","150","格鲁吉亚","10","一般贸易","44","广东省","250","千克","0","?","49,932",
"202510","85177950","光通信设备的激光收发模块","151","亚美尼亚","10","一般贸易","33","浙江省","320","千克","0","?","85,242",
"202510","85177950","光通信设备的激光收发模块","151","亚美尼亚","10","一般贸易","44","广东省","3","千克","0","?","2,740",
"202510","85177950","光通信设备的激光收发模块","151","亚美尼亚","34","海关特殊监管区域物流货物","44","广东省","9","千克","0","?","13,709",
"202510","85177950","光通信设备的激光收发模块","152","阿塞拜疆","10","一般贸易","12","天津市","1","千克","0","?","18",
"202510","85177950","光通信设备的激光收发模块","152","阿塞拜疆","10","一般贸易","31","上海市","2","千克","0","?","1,350",
"202510","85177950","光通信设备的激光收发模块","152","阿塞拜疆","10","一般贸易","33","浙江省","4","千克","0","?","1,559",
"202510","85177950","光通信设备的激光收发模块","152","阿塞拜疆","10","一般贸易","44","广东省","34","千克","0","?","16,939",
"202510","85177950","光通信设备的激光收发模块","152","阿塞拜疆","10","一般贸易","65","新疆维吾尔自治区","0","千克","0","?","5",
"202510","85177950","光通信设备的激光收发模块","201","阿尔及利亚","10","一般贸易","33","浙江省","0","千克","0","?","486",
"202510","85177950","光通信设备的激光收发模块","201","阿尔及利亚","10","一般贸易","44","广东省","213","千克","0","?","138,384",
"202510","85177950","光通信设备的激光收发模块","202","安哥拉","10","一般贸易","44","广东省","0","千克","0","?","7",
"202510","85177950","光通信设备的激光收发模块","202","安哥拉","22","对外承包工程出口货物","11","北京市","0","千克","0","?","7",
"202510","85177950","光通信设备的激光收发模块","202","安哥拉","34","海关特殊监管区域物流货物","44","广东省","29","千克","0","?","58,444",
"202510","85177950","光通信设备的激光收发模块","203","贝宁","10","一般贸易","33","浙江省","0","千克","0","?","49",
"202510","85177950","光通信设备的激光收发模块","203","贝宁","10","一般贸易","44","广东省","76","千克","0","?","113,763",
"202510","85177950","光通信设备的激光收发模块","204","博茨瓦纳","10","一般贸易","44","广东省","6","千克","0","?","43,303",
"202510","85177950","光通信设备的激光收发模块","205","布隆迪","10","一般贸易","44","广东省","9","千克","0","?","6,893",
"202510","85177950","光通信设备的激光收发模块","206","喀麦隆","10","一般贸易","33","浙江省","0","千克","0","?","156",
"202510","85177950","光通信设备的激光收发模块","206","喀麦隆","10","一般贸易","44","广东省","65","千克","0","?","45,268",
"202510","85177950","光通信设备的激光收发模块","209","中非","10","一般贸易","44","广东省","14","千克","0","?","3,182",
"202510","85177950","光通信设备的激光收发模块","211","乍得","10","一般贸易","44","广东省","0","千克","0","?","100",
"202510","85177950","光通信设备的激光收发模块","213","刚果共和国","10","一般贸易","44","广东省","0","千克","0","?","2,758",
"202510","85177950","光通信设备的激光收发模块","213","刚果共和国","10","一般贸易","61","陕西省","4","千克","0","?","272",
"202510","85177950","光通信设备的激光收发模块","215","埃及","10","一般贸易","42","湖北省","12","千克","0","?","13,200",
"202510","85177950","光通信设备的激光收发模块","215","埃及","10","一般贸易","44","广东省","86","千克","0","?","30,292",
"202510","85177950","光通信设备的激光收发模块","215","埃及","15","进料加工贸易","44","广东省","0","千克","0","?","327",
"202510","85177950","光通信设备的激光收发模块","216","赤道几内亚","10","一般贸易","44","广东省","4","千克","0","?","929",
"202510","85177950","光通信设备的激光收发模块","217","埃塞俄比亚","10","一般贸易","11","北京市","35","千克","0","?","82,196",
"202510","85177950","光通信设备的激光收发模块","217","埃塞俄比亚","10","一般贸易","42","湖北省","16","千克","0","?","371",
"202510","85177950","光通信设备的激光收发模块","217","埃塞俄比亚","10","一般贸易","44","广东省","26","千克","0","?","14,744",
"202510","85177950","光通信设备的激光收发模块","218","加蓬","10","一般贸易","44","广东省","1","千克","0","?","109",
"202510","85177950","光通信设备的激光收发模块","219","冈比亚","10","一般贸易","44","广东省","29","千克","0","?","8,112",
"202510","85177950","光通信设备的激光收发模块","220","加纳","10","一般贸易","37","山东省","480","千克","0","?","422",
"202510","85177950","光通信设备的激光收发模块","220","加纳","10","一般贸易","44","广东省","31","千克","0","?","8,446",
"202510","85177950","光通信设备的激光收发模块","221","几内亚","10","一般贸易","33","浙江省","0","千克","0","?","440",
"202510","85177950","光通信设备的激光收发模块","221","几内亚","10","一般贸易","44","广东省","11","千克","0","?","3,773",
"202510","85177950","光通信设备的激光收发模块","222","几内亚比绍","10","一般贸易","44","广东省","0","千克","0","?","87",
"202510","85177950","光通信设备的激光收发模块","223","科特迪瓦","10","一般贸易","44","广东省","19","千克","0","?","25,659",
"202510","85177950","光通信设备的激光收发模块","224","肯尼亚","10","一般贸易","31","上海市","12","千克","0","?","5,860",
"202510","85177950","光通信设备的激光收发模块","224","肯尼亚","10","一般贸易","44","广东省","10","千克","0","?","20,111",
"202510","85177950","光通信设备的激光收发模块","224","肯尼亚","34","海关特殊监管区域物流货物","32","江苏省","28","千克","0","?","5,329",
"202510","85177950","光通信设备的激光收发模块","225","利比里亚","10","一般贸易","44","广东省","2","千克","0","?","764",
"202510","85177950","光通信设备的激光收发模块","226","利比亚","10","一般贸易","44","广东省","6","千克","0","?","290",
"202510","85177950","光通信设备的激光收发模块","227","马达加斯加","10","一般贸易","32","江苏省","0","千克","0","?","350",
"202510","85177950","光通信设备的激光收发模块","227","马达加斯加","10","一般贸易","37","山东省","512","千克","0","?","461",
"202510","85177950","光通信设备的激光收发模块","227","马达加斯加","10","一般贸易","44","广东省","2","千克","0","?","5,148",
"202510","85177950","光通信设备的激光收发模块","229","马里","10","一般贸易","44","广东省","0","千克","0","?","160",
"202510","85177950","光通信设备的激光收发模块","230","毛里塔尼亚","10","一般贸易","44","广东省","26","千克","0","?","7,387",
"202510","85177950","光通信设备的激光收发模块","231","毛里求斯","10","一般贸易","44","广东省","0","千克","0","?","97",
"202510","85177950","光通信设备的激光收发模块","232","摩洛哥","10","一般贸易","31","上海市","16","千克","0","?","2,838",
"202510","85177950","光通信设备的激光收发模块","232","摩洛哥","10","一般贸易","33","浙江省","2","千克","0","?","1,591",
"202510","85177950","光通信设备的激光收发模块","232","摩洛哥","10","一般贸易","37","山东省","1","千克","0","?","167",
"202510","85177950","光通信设备的激光收发模块","232","摩洛哥","10","一般贸易","44","广东省","66","千克","0","?","67,490",
"202510","85177950","光通信设备的激光收发模块","232","摩洛哥","15","进料加工贸易","44","广东省","1","千克","0","?","1,163",
"202510","85177950","光通信设备的激光收发模块","233","莫桑比克","10","一般贸易","37","山东省","1040","千克","0","?","1,116",
"202510","85177950","光通信设备的激光收发模块","233","莫桑比克","10","一般贸易","44","广东省","7","千克","0","?","38,686",
"202510","85177950","光通信设备的激光收发模块","236","尼日利亚","10","一般贸易","33","浙江省","0","千克","0","?","238",
"202510","85177950","光通信设备的激光收发模块","236","尼日利亚","10","一般贸易","35","福建省","18","千克","0","?","682",
"202510","85177950","光通信设备的激光收发模块","236","尼日利亚","10","一般贸易","37","山东省","3784","千克","0","?","32,462",
"202510","85177950","光通信设备的激光收发模块","236","尼日利亚","10","一般贸易","44","广东省","111","千克","0","?","68,507",
"202510","85177950","光通信设备的激光收发模块","237","留尼汪","10","一般贸易","44","广东省","13","千克","0","?","23,561",
"202510","85177950","光通信设备的激光收发模块","238","卢旺达","10","一般贸易","44","广东省","0","千克","0","?","89",
"202510","85177950","光通信设备的激光收发模块","240","塞内加尔","10","一般贸易","37","山东省","263","千克","0","?","3,892",
"202510","85177950","光通信设备的激光收发模块","240","塞内加尔","10","一般贸易","44","广东省","31","千克","0","?","33,154",
"202510","85177950","光通信设备的激光收发模块","241","塞舌尔","10","一般贸易","44","广东省","20","千克","0","?","6,427",
"202510","85177950","光通信设备的激光收发模块","243","索马里","10","一般贸易","44","广东省","3","千克","0","?","540",
"202510","85177950","光通信设备的激光收发模块","244","南非","10","一般贸易","31","上海市","17","千克","0","?","6,915",
"202510","85177950","光通信设备的激光收发模块","244","南非","10","一般贸易","32","江苏省","1","千克","0","?","1,533",
"202510","85177950","光通信设备的激光收发模块","244","南非","10","一般贸易","33","浙江省","12","千克","0","?","9,534",
"202510","85177950","光通信设备的激光收发模块","244","南非","10","一般贸易","35","福建省","0","千克","0","?","158",
"202510","85177950","光通信设备的激光收发模块","244","南非","10","一般贸易","42","湖北省","14","千克","0","?","2,097",
"202510","85177950","光通信设备的激光收发模块","244","南非","10","一般贸易","44","广东省","435","千克","0","?","240,738",
"202510","85177950","光通信设备的激光收发模块","244","南非","10","一般贸易","52","贵州省","56","千克","0","?","45,170",
"202510","85177950","光通信设备的激光收发模块","244","南非","15","进料加工贸易","44","广东省","1","千克","0","?","44,840",
"202510","85177950","光通信设备的激光收发模块","244","南非","33","保税监管场所进出境货物","44","广东省","0","千克","0","?","65",
"202510","85177950","光通信设备的激光收发模块","244","南非","34","海关特殊监管区域物流货物","32","江苏省","224","千克","0","?","37,365",
"202510","85177950","光通信设备的激光收发模块","246","苏丹","10","一般贸易","44","广东省","119","千克","0","?","275,357",
"202510","85177950","光通信设备的激光收发模块","247","坦桑尼亚","10","一般贸易","33","浙江省","1","千克","0","?","1,384",
"202510","85177950","光通信设备的激光收发模块","247","坦桑尼亚","10","一般贸易","37","山东省","669","千克","0","?","9,653",
"202510","85177950","光通信设备的激光收发模块","247","坦桑尼亚","10","一般贸易","44","广东省","55","千克","0","?","27,249",
"202510","85177950","光通信设备的激光收发模块","247","坦桑尼亚","22","对外承包工程出口货物","32","江苏省","14","千克","0","?","75,623",
"202510","85177950","光通信设备的激光收发模块","248","多哥","10","一般贸易","44","广东省","1","千克","0","?","1,050",
"202510","85177950","光通信设备的激光收发模块","249","突尼斯","10","一般贸易","31","上海市","25","千克","0","?","1,000",
"202510","85177950","光通信设备的激光收发模块","250","乌干达","10","一般贸易","11","北京市","21","千克","0","?","153,130",
"202510","85177950","光通信设备的激光收发模块","250","乌干达","10","一般贸易","36","江西省","60","千克","0","?","6,139",
"202510","85177950","光通信设备的激光收发模块","250","乌干达","10","一般贸易","44","广东省","53","千克","0","?","34,021",
"202510","85177950","光通信设备的激光收发模块","251","布基纳法索","10","一般贸易","44","广东省","0","千克","0","?","228",
"202510","85177950","光通信设备的激光收发模块","252","刚果民主共和国","10","一般贸易","11","北京市","7","千克","0","?","1,975",
"202510","85177950","光通信设备的激光收发模块","252","刚果民主共和国","10","一般贸易","36","江西省","5","千克","0","?","290",
"202510","85177950","光通信设备的激光收发模块","252","刚果民主共和国","10","一般贸易","44","广东省","101","千克","0","?","40,005",
"202510","85177950","光通信设备的激光收发模块","253","赞比亚","10","一般贸易","44","广东省","51","千克","0","?","29,071",
"202510","85177950","光通信设备的激光收发模块","254","津巴布韦","10","一般贸易","44","广东省","169","千克","0","?","30,526",
"202510","85177950","光通信设备的激光收发模块","259","马约特","10","一般贸易","44","广东省","1","千克","0","?","560",
"202510","85177950","光通信设备的激光收发模块","260","南苏丹","10","一般贸易","11","北京市","70","千克","0","?","552",
"202510","85177950","光通信设备的激光收发模块","301","比利时","10","一般贸易","12","天津市","0","千克","0","?","3",
"202510","85177950","光通信设备的激光收发模块","301","比利时","10","一般贸易","31","上海市","80","千克","0","?","111,241",
"202510","85177950","光通信设备的激光收发模块","301","比利时","10","一般贸易","32","江苏省","1","千克","0","?","2,400",
"202510","85177950","光通信设备的激光收发模块","301","比利时","10","一般贸易","34","安徽省","351","千克","0","?","49,045",
"202510","85177950","光通信设备的激光收发模块","301","比利时","10","一般贸易","35","福建省","26","千克","0","?","3,443",
"202510","85177950","光通信设备的激光收发模块","301","比利时","10","一般贸易","42","湖北省","104","千克","0","?","124,385",
"202510","85177950","光通信设备的激光收发模块","301","比利时","10","一般贸易","44","广东省","108","千克","0","?","86,853",
"202510","85177950","光通信设备的激光收发模块","301","比利时","10","一般贸易","46","海南省","0","千克","0","?","23",
"202510","85177950","光通信设备的激光收发模块","301","比利时","10","一般贸易","51","四川省","29","千克","0","?","21,390",
"202510","85177950","光通信设备的激光收发模块","301","比利时","10","一般贸易","65","新疆维吾尔自治区","0","千克","0","?","15",
"202510","85177950","光通信设备的激光收发模块","301","比利时","15","进料加工贸易","32","江苏省","84","千克","0","?","62,555",
"202510","85177950","光通信设备的激光收发模块","302","丹麦","10","一般贸易","12","天津市","1","千克","0","?","565",
"202510","85177950","光通信设备的激光收发模块","302","丹麦","10","一般贸易","31","上海市","59","千克","0","?","27,181",
"202510","85177950","光通信设备的激光收发模块","302","丹麦","10","一般贸易","32","江苏省","1","千克","0","?","4,711",
"202510","85177950","光通信设备的激光收发模块","302","丹麦","10","一般贸易","34","安徽省","10","千克","0","?","1,120",
"202510","85177950","光通信设备的激光收发模块","302","丹麦","10","一般贸易","42","湖北省","50","千克","0","?","11,600",
"202510","85177950","光通信设备的激光收发模块","302","丹麦","10","一般贸易","44","广东省","206","千克","0","?","71,423",
"202510","85177950","光通信设备的激光收发模块","302","丹麦","10","一般贸易","51","四川省","154","千克","0","?","195,575",
"202510","85177950","光通信设备的激光收发模块","303","英国","10","一般贸易","31","上海市","1","千克","0","?","3,526",
"202510","85177950","光通信设备的激光收发模块","303","英国","10","一般贸易","32","江苏省","53","千克","0","?","135,243",
"202510","85177950","光通信设备的激光收发模块","303","英国","10","一般贸易","33","浙江省","0","千克","0","?","277",
"202510","85177950","光通信设备的激光收发模块","303","英国","10","一般贸易","35","福建省","40","千克","0","?","318",
"202510","85177950","光通信设备的激光收发模块","303","英国","10","一般贸易","37","山东省","10","千克","0","?","341",
"202510","85177950","光通信设备的激光收发模块","303","英国","10","一般贸易","42","湖北省","351","千克","0","?","350,449",
"202510","85177950","光通信设备的激光收发模块","303","英国","10","一般贸易","44","广东省","1488","千克","0","?","876,217",
"202510","85177950","光通信设备的激光收发模块","303","英国","10","一般贸易","46","海南省","1","千克","0","?","120",
"202510","85177950","光通信设备的激光收发模块","303","英国","10","一般贸易","51","四川省","33","千克","0","?","70,679",
"202510","85177950","光通信设备的激光收发模块","303","英国","15","进料加工贸易","32","江苏省","3","千克","0","?","1,407",
"202510","85177950","光通信设备的激光收发模块","303","英国","15","进料加工贸易","51","四川省","0","千克","0","?","2,496",
"202510","85177950","光通信设备的激光收发模块","303","英国","33","保税监管场所进出境货物","44","广东省","42","千克","0","?","217",
"202510","85177950","光通信设备的激光收发模块","303","英国","34","海关特殊监管区域物流货物","32","江苏省","5","千克","0","?","4,295",
"202510","85177950","光通信设备的激光收发模块","303","英国","34","海关特殊监管区域物流货物","35","福建省","22","千克","0","?","17,583",
"202510","85177950","光通信设备的激光收发模块","303","英国","34","海关特殊监管区域物流货物","44","广东省","96","千克","0","?","72,789",
"202510","85177950","光通信设备的激光收发模块","304","德国","10","一般贸易","11","北京市","3","千克","0","?","2,660",
"202510","85177950","光通信设备的激光收发模块","304","德国","10","一般贸易","15","内蒙古自治区","7","千克","0","?","570",
"202510","85177950","光通信设备的激光收发模块","304","德国","10","一般贸易","31","上海市","4","千克","0","?","22,511",
"202510","85177950","光通信设备的激光收发模块","304","德国","10","一般贸易","32","江苏省","56","千克","0","?","219,969",
"202510","85177950","光通信设备的激光收发模块","304","德国","10","一般贸易","33","浙江省","122","千克","0","?","215,233",
"202510","85177950","光通信设备的激光收发模块","304","德国","10","一般贸易","35","福建省","12","千克","0","?","1,842",
"202510","85177950","光通信设备的激光收发模块","304","德国","10","一般贸易","37","山东省","28","千克","0","?","39,657",
"202510","85177950","光通信设备的激光收发模块","304","德国","10","一般贸易","41","河南省","0","千克","0","?","173",
"202510","85177950","光通信设备的激光收发模块","304","德国","10","一般贸易","42","湖北省","542","千克","0","?","594,849",
"202510","85177950","光通信设备的激光收发模块","304","德国","10","一般贸易","44","广东省","3706","千克","0","?","2,511,306",
"202510","85177950","光通信设备的激光收发模块","304","德国","10","一般贸易","51","四川省","658","千克","0","?","427,040",
"202510","85177950","光通信设备的激光收发模块","304","德国","10","一般贸易","52","贵州省","15","千克","0","?","4,016",
"202510","85177950","光通信设备的激光收发模块","304","德国","15","进料加工贸易","32","江苏省","48","千克","0","?","344,316",
"202510","85177950","光通信设备的激光收发模块","304","德国","33","保税监管场所进出境货物","44","广东省","6","千克","0","?","1,731",
"202510","85177950","光通信设备的激光收发模块","304","德国","34","海关特殊监管区域物流货物","32","江苏省","8","千克","0","?","29,141",
"202510","85177950","光通信设备的激光收发模块","304","德国","34","海关特殊监管区域物流货物","42","湖北省","671","千克","0","?","900,832",
"202510","85177950","光通信设备的激光收发模块","304","德国","34","海关特殊监管区域物流货物","44","广东省","223","千克","0","?","296,587",
"202510","85177950","光通信设备的激光收发模块","305","法国","10","一般贸易","12","天津市","0","千克","0","?","9",
"202510","85177950","光通信设备的激光收发模块","305","法国","10","一般贸易","31","上海市","1","千克","0","?","123",
"202510","85177950","光通信设备的激光收发模块","305","法国","10","一般贸易","32","江苏省","65","千克","0","?","34,268",
"202510","85177950","光通信设备的激光收发模块","305","法国","10","一般贸易","33","浙江省","11","千克","0","?","15,796",
"202510","85177950","光通信设备的激光收发模块","305","法国","10","一般贸易","35","福建省","11","千克","0","?","10,055",
"202510","85177950","光通信设备的激光收发模块","305","法国","10","一般贸易","37","山东省","21","千克","0","?","2,138",
"202510","85177950","光通信设备的激光收发模块","305","法国","10","一般贸易","42","湖北省","219","千克","0","?","206,531",
"202510","85177950","光通信设备的激光收发模块","305","法国","10","一般贸易","44","广东省","231","千克","0","?","194,667",
"202510","85177950","光通信设备的激光收发模块","305","法国","10","一般贸易","51","四川省","114","千克","0","?","218,429",
"202510","85177950","光通信设备的激光收发模块","305","法国","10","一般贸易","65","新疆维吾尔自治区","0","千克","0","?","7",
"202510","85177950","光通信设备的激光收发模块","305","法国","15","进料加工贸易","32","江苏省","2","千克","0","?","9,227",
"202510","85177950","光通信设备的激光收发模块","305","法国","33","保税监管场所进出境货物","44","广东省","1100","千克","0","?","245,000",
"202510","85177950","光通信设备的激光收发模块","306","爱尔兰","10","一般贸易","21","辽宁省","3","千克","0","?","23,652",
"202510","85177950","光通信设备的激光收发模块","306","爱尔兰","10","一般贸易","31","上海市","2","千克","0","?","7,854",
"202510","85177950","光通信设备的激光收发模块","306","爱尔兰","10","一般贸易","32","江苏省","224","千克","0","?","240,400",
"202510","85177950","光通信设备的激光收发模块","306","爱尔兰","10","一般贸易","33","浙江省","2","千克","0","?","7,474",
"202510","85177950","光通信设备的激光收发模块","306","爱尔兰","10","一般贸易","44","广东省","134","千克","0","?","141,003",
"202510","85177950","光通信设备的激光收发模块","306","爱尔兰","10","一般贸易","51","四川省","195","千克","0","?","968,200",
"202510","85177950","光通信设备的激光收发模块","306","爱尔兰","10","一般贸易","52","贵州省","1","千克","0","?","57",
"202510","85177950","光通信设备的激光收发模块","306","爱尔兰","15","进料加工贸易","32","江苏省","334","千克","0","?","167,237",
"202510","85177950","光通信设备的激光收发模块","306","爱尔兰","15","进料加工贸易","33","浙江省","48","千克","0","?","22,048",
"202510","85177950","光通信设备的激光收发模块","307","意大利","10","一般贸易","31","上海市","1","千克","0","?","3,149",
"202510","85177950","光通信设备的激光收发模块","307","意大利","10","一般贸易","32","江苏省","2","千克","0","?","1,146",
"202510","85177950","光通信设备的激光收发模块","307","意大利","10","一般贸易","33","浙江省","10","千克","0","?","5,625",
"202510","85177950","光通信设备的激光收发模块","307","意大利","10","一般贸易","35","福建省","6","千克","0","?","4,839",
"202510","85177950","光通信设备的激光收发模块","307","意大利","10","一般贸易","37","山东省","0","千克","0","?","16",
"202510","85177950","光通信设备的激光收发模块","307","意大利","10","一般贸易","42","湖北省","1","千克","0","?","9,033",
"202510","85177950","光通信设备的激光收发模块","307","意大利","10","一般贸易","44","广东省","222","千克","0","?","112,069",
"202510","85177950","光通信设备的激光收发模块","307","意大利","15","进料加工贸易","32","江苏省","0","千克","0","?","3,063",
"202510","85177950","光通信设备的激光收发模块","307","意大利","15","进料加工贸易","51","四川省","0","千克","0","?","85",
"202510","85177950","光通信设备的激光收发模块","308","卢森堡","10","一般贸易","44","广东省","110","千克","0","?","93,477",
"202510","85177950","光通信设备的激光收发模块","309","荷兰","10","一般贸易","12","天津市","72","千克","0","?","17,792",
"202510","85177950","光通信设备的激光收发模块","309","荷兰","10","一般贸易","31","上海市","110","千克","0","?","128,860",
"202510","85177950","光通信设备的激光收发模块","309","荷兰","10","一般贸易","32","江苏省","200","千克","0","?","562,461",
"202510","85177950","光通信设备的激光收发模块","309","荷兰","10","一般贸易","33","浙江省","329","千克","0","?","561,390",
"202510","85177950","光通信设备的激光收发模块","309","荷兰","10","一般贸易","37","山东省","27","千克","0","?","1,469",
"202510","85177950","光通信设备的激光收发模块","309","荷兰","10","一般贸易","42","湖北省","4705","千克","0","?","3,216,459",
"202510","85177950","光通信设备的激光收发模块","309","荷兰","10","一般贸易","44","广东省","3512","千克","0","?","1,328,142",
"202510","85177950","光通信设备的激光收发模块","309","荷兰","10","一般贸易","51","四川省","1062","千克","0","?","779,673",
"202510","85177950","光通信设备的激光收发模块","309","荷兰","10","一般贸易","52","贵州省","3","千克","0","?","868",
"202510","85177950","光通信设备的激光收发模块","309","荷兰","10","一般贸易","61","陕西省","1","千克","0","?","412",
"202510","85177950","光通信设备的激光收发模块","309","荷兰","15","进料加工贸易","32","江苏省","237","千克","0","?","623,729",
"202510","85177950","光通信设备的激光收发模块","309","荷兰","15","进料加工贸易","51","四川省","213","千克","0","?","162,766",
"202510","85177950","光通信设备的激光收发模块","309","荷兰","34","海关特殊监管区域物流货物","11","北京市","0","千克","0","?","4,355",
"202510","85177950","光通信设备的激光收发模块","309","荷兰","34","海关特殊监管区域物流货物","32","江苏省","73","千克","0","?","44,132",
"202510","85177950","光通信设备的激光收发模块","309","荷兰","39","其他","33","浙江省","4","千克","0","?","25",
"202510","85177950","光通信设备的激光收发模块","310","希腊","10","一般贸易","12","天津市","3","千克","0","?","52",
"202510","85177950","光通信设备的激光收发模块","310","希腊","10","一般贸易","32","江苏省","6","千克","0","?","3,622",
"202510","85177950","光通信设备的激光收发模块","310","希腊","10","一般贸易","44","广东省","36","千克","0","?","13,190",
"202510","85177950","光通信设备的激光收发模块","311","葡萄牙","10","一般贸易","33","浙江省","0","千克","0","?","217",
"202510","85177950","光通信设备的激光收发模块","311","葡萄牙","10","一般贸易","42","湖北省","0","千克","0","?","10,145",
"202510","85177950","光通信设备的激光收发模块","311","葡萄牙","10","一般贸易","43","湖南省","0","千克","0","?","41",
"202510","85177950","光通信设备的激光收发模块","311","葡萄牙","10","一般贸易","44","广东省","5","千克","0","?","57,643",
"202510","85177950","光通信设备的激光收发模块","312","西班牙","10","一般贸易","33","浙江省","23","千克","0","?","41,893",
"202510","85177950","光通信设备的激光收发模块","312","西班牙","10","一般贸易","35","福建省","11","千克","0","?","10,285",
"202510","85177950","光通信设备的激光收发模块","312","西班牙","10","一般贸易","36","江西省","0","千克","0","?","8",
"202510","85177950","光通信设备的激光收发模块","312","西班牙","10","一般贸易","37","山东省","4","千克","0","?","105",
"202510","85177950","光通信设备的激光收发模块","312","西班牙","10","一般贸易","42","湖北省","6","千克","0","?","730",
"202510","85177950","光通信设备的激光收发模块","312","西班牙","10","一般贸易","44","广东省","92","千克","0","?","76,096",
"202510","85177950","光通信设备的激光收发模块","312","西班牙","10","一般贸易","50","重庆市","3","千克","0","?","1,499",
"202510","85177950","光通信设备的激光收发模块","312","西班牙","10","一般贸易","61","陕西省","0","千克","0","?","1,197",
"202510","85177950","光通信设备的激光收发模块","312","西班牙","33","保税监管场所进出境货物","44","广东省","6","千克","0","?","510",
"202510","85177950","光通信设备的激光收发模块","312","西班牙","34","海关特殊监管区域物流货物","35","福建省","1","千克","0","?","1,911",
"202510","85177950","光通信设备的激光收发模块","313","阿尔巴尼亚","10","一般贸易","42","湖北省","3","千克","0","?","1,185",
"202510","85177950","光通信设备的激光收发模块","315","奥地利","10","一般贸易","31","上海市","5","千克","0","?","2,141",
"202510","85177950","光通信设备的激光收发模块","315","奥地利","10","一般贸易","35","福建省","11","千克","0","?","55",
"202510","85177950","光通信设备的激光收发模块","315","奥地利","10","一般贸易","44","广东省","71","千克","0","?","40,528",
"202510","85177950","光通信设备的激光收发模块","316","保加利亚","10","一般贸易","35","福建省","5","千克","0","?","4,014",
"202510","85177950","光通信设备的激光收发模块","316","保加利亚","10","一般贸易","42","湖北省","11","千克","0","?","2,353",
"202510","85177950","光通信设备的激光收发模块","316","保加利亚","10","一般贸易","44","广东省","9","千克","0","?","27,663",
"202510","85177950","光通信设备的激光收发模块","316","保加利亚","33","保税监管场所进出境货物","44","广东省","1","千克","0","?","1,706",
"202510","85177950","光通信设备的激光收发模块","318","芬兰","10","一般贸易","33","浙江省","3","千克","0","?","2,803",
"202510","85177950","光通信设备的激光收发模块","318","芬兰","10","一般贸易","35","福建省","63","千克","0","?","7,023",
"202510","85177950","光通信设备的激光收发模块","318","芬兰","10","一般贸易","42","湖北省","68","千克","0","?","29,076",
"202510","85177950","光通信设备的激光收发模块","318","芬兰","10","一般贸易","44","广东省","86","千克","0","?","57,732",
"202510","85177950","光通信设备的激光收发模块","318","芬兰","10","一般贸易","65","新疆维吾尔自治区","0","千克","0","?","8",
"202510","85177950","光通信设备的激光收发模块","318","芬兰","15","进料加工贸易","33","浙江省","75","千克","0","?","64,177",
"202510","85177950","光通信设备的激光收发模块","318","芬兰","34","海关特殊监管区域物流货物","32","江苏省","0","千克","0","?","372",
"202510","85177950","光通信设备的激光收发模块","321","匈牙利","10","一般贸易","12","天津市","11","千克","0","?","252",
"202510","85177950","光通信设备的激光收发模块","321","匈牙利","10","一般贸易","32","江苏省","1","千克","0","?","461",
"202510","85177950","光通信设备的激光收发模块","321","匈牙利","10","一般贸易","33","浙江省","2","千克","0","?","758",
"202510","85177950","光通信设备的激光收发模块","321","匈牙利","10","一般贸易","37","山东省","2","千克","0","?","288",
"202510","85177950","光通信设备的激光收发模块","321","匈牙利","10","一般贸易","44","广东省","2829","千克","0","?","3,355,534",
"202510","85177950","光通信设备的激光收发模块","321","匈牙利","10","一般贸易","46","海南省","4","千克","0","?","267",
"202510","85177950","光通信设备的激光收发模块","321","匈牙利","10","一般贸易","51","四川省","1","千克","0","?","810",
"202510","85177950","光通信设备的激光收发模块","321","匈牙利","10","一般贸易","52","贵州省","18","千克","0","?","4,194",
"202510","85177950","光通信设备的激光收发模块","321","匈牙利","10","一般贸易","65","新疆维吾尔自治区","1","千克","0","?","41",
"202510","85177950","光通信设备的激光收发模块","321","匈牙利","33","保税监管场所进出境货物","44","广东省","8","千克","0","?","50,370",
"202510","85177950","光通信设备的激光收发模块","322","冰岛","10","一般贸易","36","江西省","0","千克","0","?","8",
"202510","85177950","光通信设备的激光收发模块","326","挪威","10","一般贸易","32","江苏省","3","千克","0","?","19,938",
"202510","85177950","光通信设备的激光收发模块","326","挪威","10","一般贸易","33","浙江省","135","千克","0","?","86,589",
"202510","85177950","光通信设备的激光收发模块","326","挪威","10","一般贸易","35","福建省","14","千克","0","?","2,318",
"202510","85177950","光通信设备的激光收发模块","326","挪威","10","一般贸易","37","山东省","24","千克","0","?","674",
"202510","85177950","光通信设备的激光收发模块","326","挪威","10","一般贸易","42","湖北省","510","千克","0","?","548,515",
"202510","85177950","光通信设备的激光收发模块","326","挪威","10","一般贸易","44","广东省","356","千克","0","?","642,982",
"202510","85177950","光通信设备的激光收发模块","326","挪威","10","一般贸易","51","四川省","100","千克","0","?","258,234",
"202510","85177950","光通信设备的激光收发模块","327","波兰","10","一般贸易","21","辽宁省","25","千克","0","?","4,383",
"202510","85177950","光通信设备的激光收发模块","327","波兰","10","一般贸易","31","上海市","1","千克","0","?","150",
"202510","85177950","光通信设备的激光收发模块","327","波兰","10","一般贸易","33","浙江省","30","千克","0","?","36,030",
"202510","85177950","光通信设备的激光收发模块","327","波兰","10","一般贸易","35","福建省","10","千克","0","?","781",
"202510","85177950","光通信设备的激光收发模块","327","波兰","10","一般贸易","37","山东省","479","千克","0","?","7,097",
"202510","85177950","光通信设备的激光收发模块","327","波兰","10","一般贸易","42","湖北省","505","千克","0","?","307,402",
"202510","85177950","光通信设备的激光收发模块","327","波兰","10","一般贸易","44","广东省","641","千克","0","?","233,376",
"202510","85177950","光通信设备的激光收发模块","327","波兰","10","一般贸易","50","重庆市","4","千克","0","?","211",
"202510","85177950","光通信设备的激光收发模块","327","波兰","10","一般贸易","51","四川省","105","千克","0","?","54,102",
"202510","85177950","光通信设备的激光收发模块","327","波兰","15","进料加工贸易","51","四川省","0","千克","0","?","305",
"202510","85177950","光通信设备的激光收发模块","327","波兰","33","保税监管场所进出境货物","44","广东省","3","千克","0","?","1,678",
"202510","85177950","光通信设备的激光收发模块","328","罗马尼亚","10","一般贸易","12","天津市","4","千克","0","?","79",
"202510","85177950","光通信设备的激光收发模块","328","罗马尼亚","10","一般贸易","33","浙江省","24","千克","0","?","8,817",
"202510","85177950","光通信设备的激光收发模块","328","罗马尼亚","10","一般贸易","41","河南省","20","千克","0","?","27,600",
"202510","85177950","光通信设备的激光收发模块","328","罗马尼亚","10","一般贸易","44","广东省","119","千克","0","?","55,000",
"202510","85177950","光通信设备的激光收发模块","328","罗马尼亚","10","一般贸易","46","海南省","1","千克","0","?","73",
"202510","85177950","光通信设备的激光收发模块","328","罗马尼亚","10","一般贸易","51","四川省","11","千克","0","?","19,621",
"202510","85177950","光通信设备的激光收发模块","328","罗马尼亚","15","进料加工贸易","32","江苏省","2","千克","0","?","10,282",
"202510","85177950","光通信设备的激光收发模块","328","罗马尼亚","15","进料加工贸易","44","广东省","0","千克","0","?","213,600",
"202510","85177950","光通信设备的激光收发模块","328","罗马尼亚","33","保税监管场所进出境货物","44","广东省","0","千克","0","?","174",
"202510","85177950","光通信设备的激光收发模块","330","瑞典","10","一般贸易","31","上海市","1","千克","0","?","870",
"202510","85177950","光通信设备的激光收发模块","330","瑞典","10","一般贸易","32","江苏省","0","千克","0","?","3,000",
"202510","85177950","光通信设备的激光收发模块","330","瑞典","10","一般贸易","33","浙江省","3","千克","0","?","620",
"202510","85177950","光通信设备的激光收发模块","330","瑞典","10","一般贸易","35","福建省","2","千克","0","?","210",
"202510","85177950","光通信设备的激光收发模块","330","瑞典","10","一般贸易","37","山东省","310","千克","0","?","12,210",
"202510","85177950","光通信设备的激光收发模块","330","瑞典","10","一般贸易","42","湖北省","1261","千克","0","?","533,879",
"202510","85177950","光通信设备的激光收发模块","330","瑞典","10","一般贸易","44","广东省","516","千克","0","?","1,071,553",
"202510","85177950","光通信设备的激光收发模块","330","瑞典","10","一般贸易","51","四川省","900","千克","0","?","396,472",
"202510","85177950","光通信设备的激光收发模块","330","瑞典","15","进料加工贸易","32","江苏省","0","千克","0","?","661",
"202510","85177950","光通信设备的激光收发模块","330","瑞典","15","进料加工贸易","51","四川省","435","千克","0","?","111,743",
"202510","85177950","光通信设备的激光收发模块","330","瑞典","34","海关特殊监管区域物流货物","32","江苏省","19","千克","0","?","96,030",
"202510","85177950","光通信设备的激光收发模块","331","瑞士","10","一般贸易","12","天津市","2","千克","0","?","106",
"202510","85177950","光通信设备的激光收发模块","331","瑞士","10","一般贸易","21","辽宁省","70","千克","0","?","187,406",
"202510","85177950","光通信设备的激光收发模块","331","瑞士","10","一般贸易","32","江苏省","1","千克","0","?","1,700",
"202510","85177950","光通信设备的激光收发模块","331","瑞士","10","一般贸易","33","浙江省","0","千克","0","?","30",
"202510","85177950","光通信设备的激光收发模块","331","瑞士","10","一般贸易","36","江西省","3","千克","0","?","434",
"202510","85177950","光通信设备的激光收发模块","331","瑞士","10","一般贸易","44","广东省","104","千克","0","?","75,615",
"202510","85177950","光通信设备的激光收发模块","334","爱沙尼亚","10","一般贸易","33","浙江省","2","千克","0","?","1,980",
"202510","85177950","光通信设备的激光收发模块","334","爱沙尼亚","10","一般贸易","42","湖北省","0","千克","0","?","1,390",
"202510","85177950","光通信设备的激光收发模块","334","爱沙尼亚","10","一般贸易","44","广东省","2","千克","0","?","4,967",
"202510","85177950","光通信设备的激光收发模块","334","爱沙尼亚","33","保税监管场所进出境货物","44","广东省","1","千克","0","?","320",
"202510","85177950","光通信设备的激光收发模块","335","拉脱维亚","10","一般贸易","42","湖北省","0","千克","0","?","1,670",
"202510","85177950","光通信设备的激光收发模块","335","拉脱维亚","10","一般贸易","44","广东省","915","千克","0","?","493,929",
"202510","85177950","光通信设备的激光收发模块","335","拉脱维亚","33","保税监管场所进出境货物","44","广东省","143","千克","0","?","1,729",
"202510","85177950","光通信设备的激光收发模块","336","立陶宛","10","一般贸易","44","广东省","202","千克","0","?","28,674",
"202510","85177950","光通信设备的激光收发模块","340","白俄罗斯","10","一般贸易","42","湖北省","19","千克","0","?","4,301",
"202510","85177950","光通信设备的激光收发模块","340","白俄罗斯","10","一般贸易","44","广东省","60","千克","0","?","9,717",
"202510","85177950","光通信设备的激光收发模块","340","白俄罗斯","33","保税监管场所进出境货物","43","湖南省","28","千克","0","?","23,801",
"202510","85177950","光通信设备的激光收发模块","343","摩尔多瓦","10","一般贸易","44","广东省","20","千克","0","?","13,612",
"202510","85177950","光通信设备的激光收发模块","344","俄罗斯","10","一般贸易","11","北京市","6","千克","0","?","4,019",
"202510","85177950","光通信设备的激光收发模块","344","俄罗斯","10","一般贸易","21","辽宁省","37","千克","0","?","14,336",
"202510","85177950","光通信设备的激光收发模块","344","俄罗斯","10","一般贸易","23","黑龙江省","0","千克","0","?","48",
"202510","85177950","光通信设备的激光收发模块","344","俄罗斯","10","一般贸易","31","上海市","1157","千克","0","?","454,349",
"202510","85177950","光通信设备的激光收发模块","344","俄罗斯","10","一般贸易","32","江苏省","436","千克","0","?","505,333",
"202510","85177950","光通信设备的激光收发模块","344","俄罗斯","10","一般贸易","33","浙江省","54","千克","0","?","10,407",
"202510","85177950","光通信设备的激光收发模块","344","俄罗斯","10","一般贸易","34","安徽省","979","千克","0","?","177,681",
"202510","85177950","光通信设备的激光收发模块","344","俄罗斯","10","一般贸易","37","山东省","6","千克","0","?","78",
"202510","85177950","光通信设备的激光收发模块","344","俄罗斯","10","一般贸易","41","河南省","6","千克","0","?","152",
"202510","85177950","光通信设备的激光收发模块","344","俄罗斯","10","一般贸易","42","湖北省","612","千克","0","?","704,902",
"202510","85177950","光通信设备的激光收发模块","344","俄罗斯","10","一般贸易","43","湖南省","81","千克","0","?","1,408",
"202510","85177950","光通信设备的激光收发模块","344","俄罗斯","10","一般贸易","44","广东省","4167","千克","0","?","1,544,690",
"202510","85177950","光通信设备的激光收发模块","344","俄罗斯","33","保税监管场所进出境货物","11","北京市","62","千克","0","?","125,210",
"202510","85177950","光通信设备的激光收发模块","344","俄罗斯","34","海关特殊监管区域物流货物","13","河北省","1","千克","0","?","25",
"202510","85177950","光通信设备的激光收发模块","344","俄罗斯","34","海关特殊监管区域物流货物","42","湖北省","30","千克","0","?","12,063",
"202510","85177950","光通信设备的激光收发模块","344","俄罗斯","34","海关特殊监管区域物流货物","44","广东省","247","千克","0","?","276,899",
"202510","85177950","光通信设备的激光收发模块","344","俄罗斯","39","其他","35","福建省","2","千克","0","?","611",
"202510","85177950","光通信设备的激光收发模块","344","俄罗斯","39","其他","44","广东省","30","千克","0","?","1,579",
"202510","85177950","光通信设备的激光收发模块","347","乌克兰","10","一般贸易","33","浙江省","0","千克","0","?","95",
"202510","85177950","光通信设备的激光收发模块","347","乌克兰","10","一般贸易","35","福建省","2","千克","0","?","243",
"202510","85177950","光通信设备的激光收发模块","347","乌克兰","10","一般贸易","37","山东省","15","千克","0","?","4,174",
"202510","85177950","光通信设备的激光收发模块","347","乌克兰","10","一般贸易","42","湖北省","25","千克","0","?","7,208",
"202510","85177950","光通信设备的激光收发模块","347","乌克兰","10","一般贸易","44","广东省","154","千克","0","?","103,874",
"202510","85177950","光通信设备的激光收发模块","347","乌克兰","10","一般贸易","50","重庆市","2","千克","0","?","6,380",
"202510","85177950","光通信设备的激光收发模块","347","乌克兰","10","一般贸易","51","四川省","0","千克","0","?","720",
"202510","85177950","光通信设备的激光收发模块","350","斯洛文尼亚","10","一般贸易","31","上海市","28","千克","0","?","55,964",
"202510","85177950","光通信设备的激光收发模块","350","斯洛文尼亚","10","一般贸易","35","福建省","2","千克","0","?","302",
"202510","85177950","光通信设备的激光收发模块","350","斯洛文尼亚","10","一般贸易","44","广东省","21","千克","0","?","8,761",
"202510","85177950","光通信设备的激光收发模块","351","克罗地亚","10","一般贸易","61","陕西省","0","千克","0","?","59",
"202510","85177950","光通信设备的激光收发模块","351","克罗地亚","33","保税监管场所进出境货物","44","广东省","0","千克","0","?","240",
"202510","85177950","光通信设备的激光收发模块","352","捷克","10","一般贸易","12","天津市","0","千克","0","?","4",
"202510","85177950","光通信设备的激光收发模块","352","捷克","10","一般贸易","31","上海市","5","千克","0","?","8,747",
"202510","85177950","光通信设备的激光收发模块","352","捷克","10","一般贸易","35","福建省","15","千克","0","?","1,398",
"202510","85177950","光通信设备的激光收发模块","352","捷克","10","一般贸易","42","湖北省","133","千克","0","?","58,826",
"202510","85177950","光通信设备的激光收发模块","352","捷克","10","一般贸易","44","广东省","493","千克","0","?","256,611",
"202510","85177950","光通信设备的激光收发模块","352","捷克","10","一般贸易","46","海南省","0","千克","0","?","6",
"202510","85177950","光通信设备的激光收发模块","352","捷克","15","进料加工贸易","32","江苏省","127","千克","0","?","89,932",
"202510","85177950","光通信设备的激光收发模块","353","斯洛伐克","10","一般贸易","51","四川省","38","千克","0","?","131,981",
"202510","85177950","光通信设备的激光收发模块","354","北马其顿","10","一般贸易","44","广东省","1","千克","0","?","8,244",
"202510","85177950","光通信设备的激光收发模块","355","波斯尼亚和黑塞哥维那","10","一般贸易","44","广东省","37","千克","0","?","40,596",
"202510","85177950","光通信设备的激光收发模块","358","塞尔维亚","10","一般贸易","31","上海市","3","千克","0","?","19,010",
"202510","85177950","光通信设备的激光收发模块","358","塞尔维亚","10","一般贸易","33","浙江省","1","千克","0","?","5,528",
"202510","85177950","光通信设备的激光收发模块","358","塞尔维亚","10","一般贸易","37","山东省","2","千克","0","?","869",
"202510","85177950","光通信设备的激光收发模块","358","塞尔维亚","10","一般贸易","42","湖北省","0","千克","0","?","6,880",
"202510","85177950","光通信设备的激光收发模块","358","塞尔维亚","10","一般贸易","44","广东省","70","千克","0","?","34,775",
"202510","85177950","光通信设备的激光收发模块","359","黑山","10","一般贸易","44","广东省","0","千克","0","?","91",
"202510","85177950","光通信设备的激光收发模块","402","阿根廷","10","一般贸易","33","浙江省","0","千克","0","?","492",
"202510","85177950","光通信设备的激光收发模块","402","阿根廷","10","一般贸易","36","江西省","0","千克","0","?","8",
"202510","85177950","光通信设备的激光收发模块","402","阿根廷","10","一般贸易","44","广东省","61","千克","0","?","44,839",
"202510","85177950","光通信设备的激光收发模块","402","阿根廷","34","海关特殊监管区域物流货物","32","江苏省","12","千克","0","?","2,965",
"202510","85177950","光通信设备的激光收发模块","403","阿鲁巴","10","一般贸易","36","江西省","0","千克","0","?","24",
"202510","85177950","光通信设备的激光收发模块","405","巴巴多斯","10","一般贸易","33","浙江省","10","千克","0","?","40",
"202510","85177950","光通信设备的激光收发模块","408","玻利维亚
","10","一般贸易","33","浙江省","2","千克","0","?","23",
"202510","85177950","光通信设备的激光收发模块","408","玻利维亚
","10","一般贸易","44","广东省","2","千克","0","?","6,671",
"202510","85177950","光通信设备的激光收发模块","410","巴西","10","一般贸易","31","上海市","26","千克","0","?","21,600",
"202510","85177950","光通信设备的激光收发模块","410","巴西","10","一般贸易","32","江苏省","106","千克","0","?","366,378",
"202510","85177950","光通信设备的激光收发模块","410","巴西","10","一般贸易","33","浙江省","12","千克","0","?","10,229",
"202510","85177950","光通信设备的激光收发模块","410","巴西","10","一般贸易","34","安徽省","9","千克","0","?","2,450",
"202510","85177950","光通信设备的激光收发模块","410","巴西","10","一般贸易","35","福建省","83","千克","0","?","2,759",
"202510","85177950","光通信设备的激光收发模块","410","巴西","10","一般贸易","41","河南省","4","千克","0","?","4,101",
"202510","85177950","光通信设备的激光收发模块","410","巴西","10","一般贸易","42","湖北省","197","千克","0","?","355,049",
"202510","85177950","光通信设备的激光收发模块","410","巴西","10","一般贸易","44","广东省","2231","千克","0","?","1,359,806",
"202510","85177950","光通信设备的激光收发模块","410","巴西","10","一般贸易","50","重庆市","1","千克","0","?","1,638",
"202510","85177950","光通信设备的激光收发模块","410","巴西","10","一般贸易","51","四川省","128","千克","0","?","35,952",
"202510","85177950","光通信设备的激光收发模块","410","巴西","10","一般贸易","52","贵州省","4","千克","0","?","1,205",
"202510","85177950","光通信设备的激光收发模块","410","巴西","15","进料加工贸易","32","江苏省","0","千克","0","?","9,704",
"202510","85177950","光通信设备的激光收发模块","410","巴西","15","进料加工贸易","51","四川省","13","千克","0","?","20,700",
"202510","85177950","光通信设备的激光收发模块","410","巴西","33","保税监管场所进出境货物","44","广东省","175","千克","0","?","26,862",
"202510","85177950","光通信设备的激光收发模块","410","巴西","34","海关特殊监管区域物流货物","32","江苏省","989","千克","0","?","303,289",
"202510","85177950","光通信设备的激光收发模块","411","开曼群岛","10","一般贸易","44","广东省","0","千克","0","?","1,288",
"202510","85177950","光通信设备的激光收发模块","412","智利","10","一般贸易","32","江苏省","1","千克","0","?","725",
"202510","85177950","光通信设备的激光收发模块","412","智利","10","一般贸易","33","浙江省","7","千克","0","?","35,996",
"202510","85177950","光通信设备的激光收发模块","412","智利","10","一般贸易","42","湖北省","4","千克","0","?","49,634",
"202510","85177950","光通信设备的激光收发模块","412","智利","10","一般贸易","44","广东省","133","千克","0","?","143,032",
"202510","85177950","光通信设备的激光收发模块","412","智利","10","一般贸易","46","海南省","0","千克","0","?","5",
"202510","85177950","光通信设备的激光收发模块","412","智利","10","一般贸易","52","贵州省","5","千克","0","?","5,565",
"202510","85177950","光通信设备的激光收发模块","412","智利","33","保税监管场所进出境货物","44","广东省","15","千克","0","?","1,600",
"202510","85177950","光通信设备的激光收发模块","413","哥伦比亚","10","一般贸易","33","浙江省","520","千克","0","?","30,776",
"202510","85177950","光通信设备的激光收发模块","413","哥伦比亚","10","一般贸易","35","福建省","20","千克","0","?","443",
"202510","85177950","光通信设备的激光收发模块","413","哥伦比亚","10","一般贸易","41","河南省","3515","千克","0","?","76,862",
"202510","85177950","光通信设备的激光收发模块","413","哥伦比亚","10","一般贸易","42","湖北省","1","千克","0","?","1,021",
"202510","85177950","光通信设备的激光收发模块","413","哥伦比亚","10","一般贸易","43","湖南省","0","千克","0","?","162",
"202510","85177950","光通信设备的激光收发模块","413","哥伦比亚","10","一般贸易","44","广东省","94","千克","0","?","36,543",
"202510","85177950","光通信设备的激光收发模块","413","哥伦比亚","10","一般贸易","61","陕西省","5","千克","0","?","281",
"202510","85177950","光通信设备的激光收发模块","413","哥伦比亚","33","保税监管场所进出境货物","44","广东省","15","千克","0","?","4,823",
"202510","85177950","光通信设备的激光收发模块","415","哥斯达黎加","10","一般贸易","44","广东省","11","千克","0","?","3,913",
"202510","85177950","光通信设备的激光收发模块","416","古巴","10","一般贸易","44","广东省","7","千克","0","?","106,556",
"202510","85177950","光通信设备的激光收发模块","418","多米尼加
","10","一般贸易","33","浙江省","2","千克","0","?","4,796",
"202510","85177950","光通信设备的激光收发模块","418","多米尼加
","10","一般贸易","42","湖北省","0","千克","0","?","460",
"202510","85177950","光通信设备的激光收发模块","418","多米尼加
","10","一般贸易","43","湖南省","5","千克","0","?","641",
"202510","85177950","光通信设备的激光收发模块","418","多米尼加
","10","一般贸易","44","广东省","12","千克","0","?","53,648",
"202510","85177950","光通信设备的激光收发模块","418","多米尼加
","33","保税监管场所进出境货物","44","广东省","9","千克","0","?","7,206",
"202510","85177950","光通信设备的激光收发模块","419","厄瓜多尔","10","一般贸易","31","上海市","1","千克","0","?","1,480",
"202510","85177950","光通信设备的激光收发模块","419","厄瓜多尔","10","一般贸易","33","浙江省","5","千克","0","?","970",
"202510","85177950","光通信设备的激光收发模块","419","厄瓜多尔","10","一般贸易","35","福建省","4","千克","0","?","572",
"202510","85177950","光通信设备的激光收发模块","419","厄瓜多尔","10","一般贸易","42","湖北省","0","千克","0","?","2,010",
"202510","85177950","光通信设备的激光收发模块","419","厄瓜多尔","10","一般贸易","44","广东省","194","千克","0","?","87,272",
"202510","85177950","光通信设备的激光收发模块","419","厄瓜多尔","33","保税监管场所进出境货物","44","广东省","4","千克","0","?","5,567",
"202510","85177950","光通信设备的激光收发模块","419","厄瓜多尔","34","海关特殊监管区域物流货物","32","江苏省","41","千克","0","?","10,920",
"202510","85177950","光通信设备的激光收发模块","423","危地马拉","10","一般贸易","33","浙江省","5","千克","0","?","2,896",
"202510","85177950","光通信设备的激光收发模块","423","危地马拉","10","一般贸易","35","福建省","0","千克","0","?","171",
"202510","85177950","光通信设备的激光收发模块","423","危地马拉","10","一般贸易","44","广东省","118","千克","0","?","11,795",
"202510","85177950","光通信设备的激光收发模块","424","圭亚那","10","一般贸易","44","广东省","1","千克","0","?","1,224",
"202510","85177950","光通信设备的激光收发模块","426","洪都拉斯","10","一般贸易","33","浙江省","4","千克","0","?","4,931",
"202510","85177950","光通信设备的激光收发模块","426","洪都拉斯","10","一般贸易","44","广东省","1","千克","0","?","1,627",
"202510","85177950","光通信设备的激光收发模块","427","牙买加","10","一般贸易","44","广东省","17","千克","0","?","8,351",
"202510","85177950","光通信设备的激光收发模块","429","墨西哥","10","一般贸易","31","上海市","275","千克","0","?","325,800",
"202510","85177950","光通信设备的激光收发模块","429","墨西哥","10","一般贸易","32","江苏省","332","千克","0","?","580,439",
"202510","85177950","光通信设备的激光收发模块","429","墨西哥","10","一般贸易","33","浙江省","182","千克","0","?","44,304",
"202510","85177950","光通信设备的激光收发模块","429","墨西哥","10","一般贸易","35","福建省","3","千克","0","?","2,387",
"202510","85177950","光通信设备的激光收发模块","429","墨西哥","10","一般贸易","37","山东省","1","千克","0","?","121",
"202510","85177950","光通信设备的激光收发模块","429","墨西哥","10","一般贸易","41","河南省","0","千克","0","?","723",
"202510","85177950","光通信设备的激光收发模块","429","墨西哥","10","一般贸易","42","湖北省","1423","千克","0","?","1,074,350",
"202510","85177950","光通信设备的激光收发模块","429","墨西哥","10","一般贸易","44","广东省","2386","千克","0","?","6,615,964",
"202510","85177950","光通信设备的激光收发模块","429","墨西哥","10","一般贸易","51","四川省","289","千克","0","?","181,110",
"202510","85177950","光通信设备的激光收发模块","429","墨西哥","15","进料加工贸易","32","江苏省","397","千克","0","?","178,742",
"202510","85177950","光通信设备的激光收发模块","429","墨西哥","15","进料加工贸易","44","广东省","0","千克","0","?","971",
"202510","85177950","光通信设备的激光收发模块","429","墨西哥","15","进料加工贸易","51","四川省","1206","千克","0","?","2,471,584",
"202510","85177950","光通信设备的激光收发模块","429","墨西哥","33","保税监管场所进出境货物","44","广东省","25","千克","0","?","301,384",
"202510","85177950","光通信设备的激光收发模块","429","墨西哥","34","海关特殊监管区域物流货物","32","江苏省","81","千克","0","?","22,525",
"202510","85177950","光通信设备的激光收发模块","431","尼加拉瓜","10","一般贸易","35","福建省","150","千克","0","?","480",
"202510","85177950","光通信设备的激光收发模块","432","巴拿马","10","一般贸易","35","福建省","1","千克","0","?","100",
"202510","85177950","光通信设备的激光收发模块","432","巴拿马","10","一般贸易","44","广东省","773","千克","0","?","585,583",
"202510","85177950","光通信设备的激光收发模块","433","巴拉圭","10","一般贸易","44","广东省","1072","千克","0","?","558,967",
"202510","85177950","光通信设备的激光收发模块","433","巴拉圭","34","海关特殊监管区域物流货物","32","江苏省","1","千克","0","?","1,188",
"202510","85177950","光通信设备的激光收发模块","434","秘鲁","10","一般贸易","12","天津市","0","千克","0","?","28",
"202510","85177950","光通信设备的激光收发模块","434","秘鲁","10","一般贸易","33","浙江省","7","千克","0","?","12,377",
"202510","85177950","光通信设备的激光收发模块","434","秘鲁","10","一般贸易","42","湖北省","8","千克","0","?","14,194",
"202510","85177950","光通信设备的激光收发模块","434","秘鲁","10","一般贸易","44","广东省","71","千克","0","?","50,081",
"202510","85177950","光通信设备的激光收发模块","434","秘鲁","33","保税监管场所进出境货物","44","广东省","3","千克","0","?","839",
"202510","85177950","光通信设备的激光收发模块","434","秘鲁","34","海关特殊监管区域物流货物","32","江苏省","0","千克","0","?","68",
"202510","85177950","光通信设备的激光收发模块","435","波多黎各","33","保税监管场所进出境货物","44","广东省","4","千克","0","?","4,752",
"202510","85177950","光通信设备的激光收发模块","437","圣卢西亚","10","一般贸易","44","广东省","2","千克","0","?","810",
"202510","85177950","光通信设备的激光收发模块","440","萨尔瓦多","10","一般贸易","44","广东省","17","千克","0","?","7,411",
"202510","85177950","光通信设备的激光收发模块","440","萨尔瓦多","34","海关特殊监管区域物流货物","32","江苏省","5","千克","0","?","905",
"202510","85177950","光通信设备的激光收发模块","442","特立尼达和多巴哥","10","一般贸易","44","广东省","0","千克","0","?","772",
"202510","85177950","光通信设备的激光收发模块","442","特立尼达和多巴哥","10","一般贸易","50","重庆市","28","千克","0","?","2,400",
"202510","85177950","光通信设备的激光收发模块","444","乌拉圭","10","一般贸易","44","广东省","32","千克","0","?","15,387",
"202510","85177950","光通信设备的激光收发模块","445","委内瑞拉","10","一般贸易","33","浙江省","8","千克","0","?","2,697",
"202510","85177950","光通信设备的激光收发模块","445","委内瑞拉","10","一般贸易","44","广东省","29","千克","0","?","16,895",
"202510","85177950","光通信设备的激光收发模块","501","加拿大","10","一般贸易","11","北京市","1","千克","0","?","2,500",
"202510","85177950","光通信设备的激光收发模块","501","加拿大","10","一般贸易","31","上海市","5","千克","0","?","33,359",
"202510","85177950","光通信设备的激光收发模块","501","加拿大","10","一般贸易","32","江苏省","1","千克","0","?","10,990",
"202510","85177950","光通信设备的激光收发模块","501","加拿大","10","一般贸易","33","浙江省","8","千克","0","?","8,381",
"202510","85177950","光通信设备的激光收发模块","501","加拿大","10","一般贸易","35","福建省","5","千克","0","?","5",
"202510","85177950","光通信设备的激光收发模块","501","加拿大","10","一般贸易","37","山东省","4","千克","0","?","181",
"202510","85177950","光通信设备的激光收发模块","501","加拿大","10","一般贸易","42","湖北省","68","千克","0","?","42,232",
"202510","85177950","光通信设备的激光收发模块","501","加拿大","10","一般贸易","43","湖南省","13","千克","0","?","3,961",
"202510","85177950","光通信设备的激光收发模块","501","加拿大","10","一般贸易","44","广东省","620","千克","0","?","1,059,676",
"202510","85177950","光通信设备的激光收发模块","501","加拿大","10","一般贸易","46","海南省","0","千克","0","?","8",
"202510","85177950","光通信设备的激光收发模块","501","加拿大","10","一般贸易","51","四川省","20","千克","0","?","45,894",
"202510","85177950","光通信设备的激光收发模块","501","加拿大","15","进料加工贸易","32","江苏省","0","千克","0","?","452",
"202510","85177950","光通信设备的激光收发模块","501","加拿大","15","进料加工贸易","44","广东省","0","千克","0","?","718",
"202510","85177950","光通信设备的激光收发模块","501","加拿大","15","进料加工贸易","51","四川省","0","千克","0","?","1,856",
"202510","85177950","光通信设备的激光收发模块","501","加拿大","34","海关特殊监管区域物流货物","32","江苏省","1294","千克","0","?","201,856",
"202510","85177950","光通信设备的激光收发模块","502","美国","10","一般贸易","11","北京市","2","千克","0","?","6,400",
"202510","85177950","光通信设备的激光收发模块","502","美国","10","一般贸易","12","天津市","1","千克","0","?","45",
"202510","85177950","光通信设备的激光收发模块","502","美国","10","一般贸易","31","上海市","458","千克","0","?","812,504",
"202510","85177950","光通信设备的激光收发模块","502","美国","10","一般贸易","32","江苏省","2273","千克","0","?","4,222,215",
"202510","85177950","光通信设备的激光收发模块","502","美国","10","一般贸易","33","浙江省","103","千克","0","?","129,393",
"202510","85177950","光通信设备的激光收发模块","502","美国","10","一般贸易","34","安徽省","1","千克","0","?","375",
"202510","85177950","光通信设备的激光收发模块","502","美国","10","一般贸易","35","福建省","79","千克","0","?","8,714",
"202510","85177950","光通信设备的激光收发模块","502","美国","10","一般贸易","36","江西省","6","千克","0","?","10,600",
"202510","85177950","光通信设备的激光收发模块","502","美国","10","一般贸易","37","山东省","775","千克","0","?","296,453",
"202510","85177950","光通信设备的激光收发模块","502","美国","10","一般贸易","42","湖北省","4354","千克","0","?","10,853,097",
"202510","85177950","光通信设备的激光收发模块","502","美国","10","一般贸易","44","广东省","14183","千克","0","?","13,298,079",
"202510","85177950","光通信设备的激光收发模块","502","美国","10","一般贸易","46","海南省","8","千克","0","?","110",
"202510","85177950","光通信设备的激光收发模块","502","美国","10","一般贸易","50","重庆市","73","千克","0","?","19",
"202510","85177950","光通信设备的激光收发模块","502","美国","10","一般贸易","51","四川省","1737","千克","0","?","7,283,470",
"202510","85177950","光通信设备的激光收发模块","502","美国","10","一般贸易","65","新疆维吾尔自治区","1","千克","0","?","119",
"202510","85177950","光通信设备的激光收发模块","502","美国","15","进料加工贸易","32","江苏省","1378","千克","0","?","1,641,120",
"202510","85177950","光通信设备的激光收发模块","502","美国","15","进料加工贸易","33","浙江省","6","千克","0","?","4,005",
"202510","85177950","光通信设备的激光收发模块","502","美国","15","进料加工贸易","42","湖北省","0","千克","0","?","2,514",
"202510","85177950","光通信设备的激光收发模块","502","美国","15","进料加工贸易","44","广东省","99","千克","0","?","136,156",
"202510","85177950","光通信设备的激光收发模块","502","美国","15","进料加工贸易","51","四川省","509","千克","0","?","1,238,581",
"202510","85177950","光通信设备的激光收发模块","502","美国","34","海关特殊监管区域物流货物","32","江苏省","35","千克","0","?","41,439",
"202510","85177950","光通信设备的激光收发模块","502","美国","34","海关特殊监管区域物流货物","42","湖北省","92","千克","0","?","104,982",
"202510","85177950","光通信设备的激光收发模块","502","美国","34","海关特殊监管区域物流货物","44","广东省","20","千克","0","?","24,034",
"202510","85177950","光通信设备的激光收发模块","601","澳大利亚","10","一般贸易","12","天津市","4","千克","0","?","2,722",
"202510","85177950","光通信设备的激光收发模块","601","澳大利亚","10","一般贸易","21","辽宁省","2","千克","0","?","742",
"202510","85177950","光通信设备的激光收发模块","601","澳大利亚","10","一般贸易","31","上海市","27","千克","0","?","28,820",
"202510","85177950","光通信设备的激光收发模块","601","澳大利亚","10","一般贸易","33","浙江省","3","千克","0","?","13,354",
"202510","85177950","光通信设备的激光收发模块","601","澳大利亚","10","一般贸易","35","福建省","3","千克","0","?","2,902",
"202510","85177950","光通信设备的激光收发模块","601","澳大利亚","10","一般贸易","42","湖北省","7","千克","0","?","9,575",
"202510","85177950","光通信设备的激光收发模块","601","澳大利亚","10","一般贸易","44","广东省","220","千克","0","?","338,464",
"202510","85177950","光通信设备的激光收发模块","601","澳大利亚","10","一般贸易","46","海南省","0","千克","0","?","7",
"202510","85177950","光通信设备的激光收发模块","601","澳大利亚","10","一般贸易","51","四川省","14","千克","0","?","69,559",
"202510","85177950","光通信设备的激光收发模块","601","澳大利亚","10","一般贸易","61","陕西省","1","千克","0","?","2,171",
"202510","85177950","光通信设备的激光收发模块","601","澳大利亚","15","进料加工贸易","32","江苏省","484","千克","0","?","69,784",
"202510","85177950","光通信设备的激光收发模块","601","澳大利亚","15","进料加工贸易","33","浙江省","160","千克","0","?","137,602",
"202510","85177950","光通信设备的激光收发模块","601","澳大利亚","15","进料加工贸易","35","福建省","8","千克","0","?","14,569",
"202510","85177950","光通信设备的激光收发模块","601","澳大利亚","15","进料加工贸易","44","广东省","0","千克","0","?","1,569",
"202510","85177950","光通信设备的激光收发模块","601","澳大利亚","15","进料加工贸易","51","四川省","0","千克","0","?","1,136",
"202510","85177950","光通信设备的激光收发模块","601","澳大利亚","33","保税监管场所进出境货物","44","广东省","5","千克","0","?","1,350",
"202510","85177950","光通信设备的激光收发模块","601","澳大利亚","34","海关特殊监管区域物流货物","32","江苏省","177","千克","0","?","77,214",
"202510","85177950","光通信设备的激光收发模块","601","澳大利亚","34","海关特殊监管区域物流货物","42","湖北省","64","千克","0","?","78,902",
"202510","85177950","光通信设备的激光收发模块","603","斐济","10","一般贸易","33","浙江省","0","千克","0","?","58",
"202510","85177950","光通信设备的激光收发模块","603","斐济","10","一般贸易","44","广东省","11","千克","0","?","6,934",
"202510","85177950","光通信设备的激光收发模块","609","新西兰","10","一般贸易","44","广东省","12","千克","0","?","21,981",
"202510","85177950","光通信设备的激光收发模块","609","新西兰","15","进料加工贸易","35","福建省","1","千克","0","?","1,116",
"202510","85177950","光通信设备的激光收发模块","609","新西兰","33","保税监管场所进出境货物","44","广东省","2","千克","0","?","140",
"202510","85177950","光通信设备的激光收发模块","609","新西兰","34","海关特殊监管区域物流货物","32","江苏省","54","千克","0","?","35,935",
"202510","85177950","光通信设备的激光收发模块","611","巴布亚新几内亚","34","海关特殊监管区域物流货物","32","江苏省","33","千克","0","?","4,828",
"202510","85177950","光通信设备的激光收发模块","614","汤加","10","一般贸易","44","广东省","1","千克","0","?","988",
"202510","85177950","光通信设备的激光收发模块","614","汤加","34","海关特殊监管区域物流货物","32","江苏省","3","千克","0","?","817",
"202510","85177950","光通信设备的激光收发模块","631","北马里亚纳群岛
","10","一般贸易","44","广东省","0","千克","0","?","185",
"202511","85177950","光通信设备的激光收发模块","101","阿富汗","10","一般贸易","44","广东省","144","千克","0","?","258,040",
"202511","85177950","光通信设备的激光收发模块","102","巴林","10","一般贸易","31","上海市","4","千克","0","?","341",
"202511","85177950","光通信设备的激光收发模块","102","巴林","10","一般贸易","35","福建省","5","千克","0","?","12,555",
"202511","85177950","光通信设备的激光收发模块","102","巴林","10","一般贸易","44","广东省","27","千克","0","?","35,892",
"202511","85177950","光通信设备的激光收发模块","103","孟加拉国","10","一般贸易","32","江苏省","37","千克","0","?","12,376",
"202511","85177950","光通信设备的激光收发模块","103","孟加拉国","10","一般贸易","37","山东省","11","千克","0","?","1,693",
"202511","85177950","光通信设备的激光收发模块","103","孟加拉国","10","一般贸易","42","湖北省","4","千克","0","?","1,944",
"202511","85177950","光通信设备的激光收发模块","103","孟加拉国","10","一般贸易","44","广东省","281","千克","0","?","88,938",
"202511","85177950","光通信设备的激光收发模块","103","孟加拉国","34","海关特殊监管区域物流货物","32","江苏省","92","千克","0","?","20,558",
"202511","85177950","光通信设备的激光收发模块","104","不丹","10","一般贸易","44","广东省","1","千克","0","?","345",
"202511","85177950","光通信设备的激光收发模块","104","不丹","34","海关特殊监管区域物流货物","32","江苏省","2","千克","0","?","427",
"202511","85177950","光通信设备的激光收发模块","105","文莱","10","一般贸易","44","广东省","8","千克","0","?","4,071",
"202511","85177950","光通信设备的激光收发模块","106","缅甸","10","一般贸易","33","浙江省","2","千克","0","?","964",
"202511","85177950","光通信设备的激光收发模块","106","缅甸","10","一般贸易","44","广东省","7","千克","0","?","28,831",
"202511","85177950","光通信设备的激光收发模块","107","柬埔寨","10","一般贸易","11","北京市","1","千克","0","?","896",
"202511","85177950","光通信设备的激光收发模块","107","柬埔寨","10","一般贸易","31","上海市","2","千克","0","?","703",
"202511","85177950","光通信设备的激光收发模块","107","柬埔寨","10","一般贸易","35","福建省","5","千克","0","?","5,770",
"202511","85177950","光通信设备的激光收发模块","107","柬埔寨","10","一般贸易","37","山东省","0","千克","0","?","1,284",
"202511","85177950","光通信设备的激光收发模块","107","柬埔寨","10","一般贸易","41","河南省","0","千克","0","?","36",
"202511","85177950","光通信设备的激光收发模块","107","柬埔寨","10","一般贸易","44","广东省","300","千克","0","?","251,952",
"202511","85177950","光通信设备的激光收发模块","108","塞浦路斯","10","一般贸易","44","广东省","10","千克","0","?","90",
"202511","85177950","光通信设备的激光收发模块","110","中国香港","10","一般贸易","11","北京市","1","千克","0","?","4,012",
"202511","85177950","光通信设备的激光收发模块","110","中国香港","10","一般贸易","31","上海市","24","千克","0","?","67,373",
"202511","85177950","光通信设备的激光收发模块","110","中国香港","10","一般贸易","32","江苏省","574","千克","0","?","1,321,825",
"202511","85177950","光通信设备的激光收发模块","110","中国香港","10","一般贸易","33","浙江省","173","千克","0","?","358,601",
"202511","85177950","光通信设备的激光收发模块","110","中国香港","10","一般贸易","34","安徽省","133","千克","0","?","27,550",
"202511","85177950","光通信设备的激光收发模块","110","中国香港","10","一般贸易","35","福建省","3","千克","0","?","7,424",
"202511","85177950","光通信设备的激光收发模块","110","中国香港","10","一般贸易","37","山东省","16","千克","0","?","27,447",
"202511","85177950","光通信设备的激光收发模块","110","中国香港","10","一般贸易","41","河南省","0","千克","0","?","127",
"202511","85177950","光通信设备的激光收发模块","110","中国香港","10","一般贸易","42","湖北省","895","千克","0","?","1,213,058",
"202511","85177950","光通信设备的激光收发模块","110","中国香港","10","一般贸易","43","湖南省","189","千克","0","?","398,879",
"202511","85177950","光通信设备的激光收发模块","110","中国香港","10","一般贸易","44","广东省","2487","千克","0","?","1,979,036",
"202511","85177950","光通信设备的激光收发模块","110","中国香港","10","一般贸易","51","四川省","437","千克","0","?","584,324",
"202511","85177950","光通信设备的激光收发模块","110","中国香港","10","一般贸易","52","贵州省","49","千克","0","?","34,429",
"202511","85177950","光通信设备的激光收发模块","110","中国香港","10","一般贸易","65","新疆维吾尔自治区","373","千克","0","?","18,431",
"202511","85177950","光通信设备的激光收发模块","110","中国香港","15","进料加工贸易","32","江苏省","1601","千克","0","?","3,044,763",
"202511","85177950","光通信设备的激光收发模块","110","中国香港","15","进料加工贸易","35","福建省","4","千克","0","?","13,940",
"202511","85177950","光通信设备的激光收发模块","110","中国香港","15","进料加工贸易","44","广东省","2","千克","0","?","10,704",
"202511","85177950","光通信设备的激光收发模块","110","中国香港","15","进料加工贸易","51","四川省","26","千克","0","?","56,541",
"202511","85177950","光通信设备的激光收发模块","110","中国香港","33","保税监管场所进出境货物","44","广东省","0","千克","0","?","5,127",
"202511","85177950","光通信设备的激光收发模块","110","中国香港","34","海关特殊监管区域物流货物","32","江苏省","39","千克","0","?","30,815",
"202511","85177950","光通信设备的激光收发模块","110","中国香港","34","海关特殊监管区域物流货物","44","广东省","2268","千克","0","?","1,689,024",
"202511","85177950","光通信设备的激光收发模块","110","中国香港","39","其他","11","北京市","2","千克","0","?","1,721",
"202511","85177950","光通信设备的激光收发模块","111","印度","10","一般贸易","13","河北省","21","千克","0","?","4,687",
"202511","85177950","光通信设备的激光收发模块","111","印度","10","一般贸易","31","上海市","155","千克","0","?","32,929",
"202511","85177950","光通信设备的激光收发模块","111","印度","10","一般贸易","32","江苏省","139","千克","0","?","77,996",
"202511","85177950","光通信设备的激光收发模块","111","印度","10","一般贸易","33","浙江省","4","千克","0","?","3,781",
"202511","85177950","光通信设备的激光收发模块","111","印度","10","一般贸易","37","山东省","496","千克","0","?","10,050",
"202511","85177950","光通信设备的激光收发模块","111","印度","10","一般贸易","42","湖北省","1033","千克","0","?","909,171",
"202511","85177950","光通信设备的激光收发模块","111","印度","10","一般贸易","43","湖南省","73","千克","0","?","1,711",
"202511","85177950","光通信设备的激光收发模块","111","印度","10","一般贸易","44","广东省","2052","千克","0","?","1,050,099",
"202511","85177950","光通信设备的激光收发模块","111","印度","10","一般贸易","50","重庆市","3","千克","0","?","5,764",
"202511","85177950","光通信设备的激光收发模块","111","印度","10","一般贸易","51","四川省","95","千克","0","?","102,968",
"202511","85177950","光通信设备的激光收发模块","111","印度","10","一般贸易","65","新疆维吾尔自治区","29","千克","0","?","17,665",
"202511","85177950","光通信设备的激光收发模块","111","印度","15","进料加工贸易","32","江苏省","11","千克","0","?","8,046",
"202511","85177950","光通信设备的激光收发模块","111","印度","15","进料加工贸易","44","广东省","0","千克","0","?","400",
"202511","85177950","光通信设备的激光收发模块","111","印度","15","进料加工贸易","51","四川省","25","千克","0","?","253,445",
"202511","85177950","光通信设备的激光收发模块","111","印度","33","保税监管场所进出境货物","44","广东省","0","千克","0","?","442",
"202511","85177950","光通信设备的激光收发模块","111","印度","34","海关特殊监管区域物流货物","32","江苏省","1390","千克","0","?","564,416",
"202511","85177950","光通信设备的激光收发模块","112","印度尼西亚","10","一般贸易","31","上海市","30","千克","0","?","24,299",
"202511","85177950","光通信设备的激光收发模块","112","印度尼西亚","10","一般贸易","32","江苏省","130","千克","0","?","42,982",
"202511","85177950","光通信设备的激光收发模块","112","印度尼西亚","10","一般贸易","33","浙江省","106","千克","0","?","74,204",
"202511","85177950","光通信设备的激光收发模块","112","印度尼西亚","10","一般贸易","35","福建省","100","千克","0","?","171,739",
"202511","85177950","光通信设备的激光收发模块","112","印度尼西亚","10","一般贸易","37","山东省","3","千克","0","?","1,278",
"202511","85177950","光通信设备的激光收发模块","112","印度尼西亚","10","一般贸易","42","湖北省","516","千克","0","?","508,520",
"202511","85177950","光通信设备的激光收发模块","112","印度尼西亚","10","一般贸易","44","广东省","3488","千克","0","?","2,987,923",
"202511","85177950","光通信设备的激光收发模块","112","印度尼西亚","10","一般贸易","52","贵州省","172","千克","0","?","41,729",
"202511","85177950","光通信设备的激光收发模块","112","印度尼西亚","15","进料加工贸易","35","福建省","0","千克","0","?","246",
"202511","85177950","光通信设备的激光收发模块","112","印度尼西亚","15","进料加工贸易","44","广东省","0","千克","0","?","758",
"202511","85177950","光通信设备的激光收发模块","112","印度尼西亚","34","海关特殊监管区域物流货物","32","江苏省","216","千克","0","?","54,733",
"202511","85177950","光通信设备的激光收发模块","112","印度尼西亚","39","其他","42","湖北省","2","千克","0","?","2,903",
"202511","85177950","光通信设备的激光收发模块","113","伊朗","10","一般贸易","33","浙江省","0","千克","0","?","101",
"202511","85177950","光通信设备的激光收发模块","113","伊朗","10","一般贸易","42","湖北省","6","千克","0","?","20",
"202511","85177950","光通信设备的激光收发模块","113","伊朗","10","一般贸易","44","广东省","149","千克","0","?","109,347",
"202511","85177950","光通信设备的激光收发模块","114","伊拉克","10","一般贸易","33","浙江省","2","千克","0","?","2,513",
"202511","85177950","光通信设备的激光收发模块","114","伊拉克","10","一般贸易","35","福建省","24","千克","0","?","26,447",
"202511","85177950","光通信设备的激光收发模块","114","伊拉克","10","一般贸易","44","广东省","1785","千克","0","?","230,368",
"202511","85177950","光通信设备的激光收发模块","114","伊拉克","10","一般贸易","51","四川省","31","千克","0","?","12,010",
"202511","85177950","光通信设备的激光收发模块","115","以色列","10","一般贸易","11","北京市","0","千克","0","?","2,476",
"202511","85177950","光通信设备的激光收发模块","115","以色列","10","一般贸易","31","上海市","0","千克","0","?","6,000",
"202511","85177950","光通信设备的激光收发模块","115","以色列","10","一般贸易","32","江苏省","25","千克","0","?","39,000",
"202511","85177950","光通信设备的激光收发模块","115","以色列","10","一般贸易","33","浙江省","32","千克","0","?","52,251",
"202511","85177950","光通信设备的激光收发模块","115","以色列","10","一般贸易","42","湖北省","50","千克","0","?","212,056",
"202511","85177950","光通信设备的激光收发模块","115","以色列","10","一般贸易","44","广东省","490","千克","0","?","205,758",
"202511","85177950","光通信设备的激光收发模块","115","以色列","10","一般贸易","51","四川省","75","千克","0","?","270,133",
"202511","85177950","光通信设备的激光收发模块","115","以色列","15","进料加工贸易","32","江苏省","195","千克","0","?","50,329",
"202511","85177950","光通信设备的激光收发模块","115","以色列","15","进料加工贸易","33","浙江省","1","千克","0","?","1,535",
"202511","85177950","光通信设备的激光收发模块","115","以色列","33","保税监管场所进出境货物","44","广东省","1","千克","0","?","272",
"202511","85177950","光通信设备的激光收发模块","115","以色列","34","海关特殊监管区域物流货物","32","江苏省","1","千克","0","?","2,693",
"202511","85177950","光通信设备的激光收发模块","115","以色列","39","其他","33","浙江省","190","千克","0","?","150,000",
"202511","85177950","光通信设备的激光收发模块","116","日本","10","一般贸易","11","北京市","1","千克","0","?","6,264",
"202511","85177950","光通信设备的激光收发模块","116","日本","10","一般贸易","32","江苏省","270","千克","0","?","708,459",
"202511","85177950","光通信设备的激光收发模块","116","日本","10","一般贸易","33","浙江省","102","千克","0","?","222,077",
"202511","85177950","光通信设备的激光收发模块","116","日本","10","一般贸易","35","福建省","1","千克","0","?","2,566",
"202511","85177950","光通信设备的激光收发模块","116","日本","10","一般贸易","37","山东省","558","千克","0","?","1,219,415",
"202511","85177950","光通信设备的激光收发模块","116","日本","10","一般贸易","42","湖北省","890","千克","0","?","592,466",
"202511","85177950","光通信设备的激光收发模块","116","日本","10","一般贸易","44","广东省","796","千克","0","?","858,185",
"202511","85177950","光通信设备的激光收发模块","116","日本","10","一般贸易","50","重庆市","160","千克","0","?","600",
"202511","85177950","光通信设备的激光收发模块","116","日本","10","一般贸易","51","四川省","423","千克","0","?","245,734",
"202511","85177950","光通信设备的激光收发模块","116","日本","15","进料加工贸易","32","江苏省","406","千克","0","?","447,074",
"202511","85177950","光通信设备的激光收发模块","116","日本","15","进料加工贸易","35","福建省","565","千克","0","?","276,904",
"202511","85177950","光通信设备的激光收发模块","116","日本","15","进料加工贸易","44","广东省","2","千克","0","?","58,594",
"202511","85177950","光通信设备的激光收发模块","116","日本","15","进料加工贸易","51","四川省","9","千克","0","?","39,495",
"202511","85177950","光通信设备的激光收发模块","116","日本","34","海关特殊监管区域物流货物","32","江苏省","992","千克","0","?","1,482,811",
"202511","85177950","光通信设备的激光收发模块","116","日本","39","其他","31","上海市","4","千克","0","?","1,950",
"202511","85177950","光通信设备的激光收发模块","117","约旦","10","一般贸易","44","广东省","14","千克","0","?","3,583",
"202511","85177950","光通信设备的激光收发模块","117","约旦","34","海关特殊监管区域物流货物","32","江苏省","0","千克","0","?","43",
"202511","85177950","光通信设备的激光收发模块","118","科威特","10","一般贸易","31","上海市","2","千克","0","?","1,280",
"202511","85177950","光通信设备的激光收发模块","118","科威特","10","一般贸易","32","江苏省","1","千克","0","?","3,031",
"202511","85177950","光通信设备的激光收发模块","118","科威特","10","一般贸易","33","浙江省","0","千克","0","?","31",
"202511","85177950","光通信设备的激光收发模块","118","科威特","10","一般贸易","37","山东省","0","千克","0","?","6",
"202511","85177950","光通信设备的激光收发模块","118","科威特","10","一般贸易","44","广东省","18","千克","0","?","2,773",
"202511","85177950","光通信设备的激光收发模块","119","老挝","10","一般贸易","11","北京市","1","千克","0","?","202",
"202511","85177950","光通信设备的激光收发模块","119","老挝","10","一般贸易","35","福建省","24","千克","0","?","2,224",
"202511","85177950","光通信设备的激光收发模块","119","老挝","10","一般贸易","44","广东省","120","千克","0","?","1,008",
"202511","85177950","光通信设备的激光收发模块","119","老挝","10","一般贸易","53","云南省","0","千克","0","?","722",
"202511","85177950","光通信设备的激光收发模块","120","黎巴嫩","10","一般贸易","33","浙江省","1","千克","0","?","647",
"202511","85177950","光通信设备的激光收发模块","120","黎巴嫩","10","一般贸易","44","广东省","389","千克","0","?","11,135",
"202511","85177950","光通信设备的激光收发模块","121","中国澳门","10","一般贸易","33","浙江省","6","千克","0","?","12,665",
"202511","85177950","光通信设备的激光收发模块","121","中国澳门","10","一般贸易","44","广东省","26","千克","0","?","12,891",
"202511","85177950","光通信设备的激光收发模块","122","马来西亚","10","一般贸易","11","北京市","0","千克","0","?","1,089",
"202511","85177950","光通信设备的激光收发模块","122","马来西亚","10","一般贸易","31","上海市","1930","千克","0","?","1,124,879",
"202511","85177950","光通信设备的激光收发模块","122","马来西亚","10","一般贸易","32","江苏省","56","千克","0","?","147,180",
"202511","85177950","光通信设备的激光收发模块","122","马来西亚","10","一般贸易","33","浙江省","221","千克","0","?","153,212",
"202511","85177950","光通信设备的激光收发模块","122","马来西亚","10","一般贸易","35","福建省","334","千克","0","?","291,868",
"202511","85177950","光通信设备的激光收发模块","122","马来西亚","10","一般贸易","36","江西省","0","千克","0","?","8",
"202511","85177950","光通信设备的激光收发模块","122","马来西亚","10","一般贸易","37","山东省","86","千克","0","?","288,313",
"202511","85177950","光通信设备的激光收发模块","122","马来西亚","10","一般贸易","41","河南省","184","千克","0","?","47,199",
"202511","85177950","光通信设备的激光收发模块","122","马来西亚","10","一般贸易","42","湖北省","17226","千克","0","?","25,650,246",
"202511","85177950","光通信设备的激光收发模块","122","马来西亚","10","一般贸易","43","湖南省","126","千克","0","?","105,364",
"202511","85177950","光通信设备的激光收发模块","122","马来西亚","10","一般贸易","44","广东省","5263","千克","0","?","4,071,642",
"202511","85177950","光通信设备的激光收发模块","122","马来西亚","10","一般贸易","51","四川省","9","千克","0","?","73,272",
"202511","85177950","光通信设备的激光收发模块","122","马来西亚","15","进料加工贸易","32","江苏省","51874","千克","0","?","135,430,291",
"202511","85177950","光通信设备的激光收发模块","122","马来西亚","15","进料加工贸易","35","福建省","1","千克","0","?","1,282",
"202511","85177950","光通信设备的激光收发模块","122","马来西亚","15","进料加工贸易","44","广东省","897","千克","0","?","1,626,819",
"202511","85177950","光通信设备的激光收发模块","122","马来西亚","33","保税监管场所进出境货物","44","广东省","0","千克","0","?","27",
"202511","85177950","光通信设备的激光收发模块","122","马来西亚","34","海关特殊监管区域物流货物","32","江苏省","56","千克","0","?","68,485",
"202511","85177950","光通信设备的激光收发模块","122","马来西亚","34","海关特殊监管区域物流货物","35","福建省","0","千克","0","?","4,378",
"202511","85177950","光通信设备的激光收发模块","123","马尔代夫","10","一般贸易","44","广东省","68","千克","0","?","5,177",
"202511","85177950","光通信设备的激光收发模块","123","马尔代夫","33","保税监管场所进出境货物","44","广东省","3","千克","0","?","260",
"202511","85177950","光通信设备的激光收发模块","124","蒙古","10","一般贸易","33","浙江省","0","千克","0","?","366",
"202511","85177950","光通信设备的激光收发模块","124","蒙古","10","一般贸易","36","江西省","2","千克","0","?","329",
"202511","85177950","光通信设备的激光收发模块","124","蒙古","10","一般贸易","44","广东省","31","千克","0","?","20,914",
"202511","85177950","光通信设备的激光收发模块","125","尼泊尔","10","一般贸易","31","上海市","165","千克","0","?","7,569",
"202511","85177950","光通信设备的激光收发模块","125","尼泊尔","10","一般贸易","32","江苏省","0","千克","0","?","1,190",
"202511","85177950","光通信设备的激光收发模块","125","尼泊尔","10","一般贸易","44","广东省","113","千克","0","?","41,772",
"202511","85177950","光通信设备的激光收发模块","125","尼泊尔","19","边境小额贸易","54","西藏自治区","1","千克","0","?","237",
"202511","85177950","光通信设备的激光收发模块","126","阿曼","10","一般贸易","41","河南省","0","千克","0","?","1,318",
"202511","85177950","光通信设备的激光收发模块","126","阿曼","10","一般贸易","44","广东省","21","千克","0","?","72,984",
"202511","85177950","光通信设备的激光收发模块","127","巴基斯坦","10","一般贸易","12","天津市","7","千克","0","?","170,477",
"202511","85177950","光通信设备的激光收发模块","127","巴基斯坦","10","一般贸易","31","上海市","39","千克","0","?","1,731",
"202511","85177950","光通信设备的激光收发模块","127","巴基斯坦","10","一般贸易","33","浙江省","4","千克","0","?","5,308",
"202511","85177950","光通信设备的激光收发模块","127","巴基斯坦","10","一般贸易","35","福建省","527","千克","0","?","3,635",
"202511","85177950","光通信设备的激光收发模块","127","巴基斯坦","10","一般贸易","41","河南省","1","千克","0","?","1,064",
"202511","85177950","光通信设备的激光收发模块","127","巴基斯坦","10","一般贸易","42","湖北省","20","千克","0","?","31",
"202511","85177950","光通信设备的激光收发模块","127","巴基斯坦","10","一般贸易","44","广东省","998","千克","0","?","238,314",
"202511","85177950","光通信设备的激光收发模块","127","巴基斯坦","39","其他","33","浙江省","1291","千克","0","?","12,304",
"202511","85177950","光通信设备的激光收发模块","129","菲律宾","10","一般贸易","31","上海市","28","千克","0","?","3,975",
"202511","85177950","光通信设备的激光收发模块","129","菲律宾","10","一般贸易","32","江苏省","0","千克","0","?","158",
"202511","85177950","光通信设备的激光收发模块","129","菲律宾","10","一般贸易","33","浙江省","32","千克","0","?","31,541",
"202511","85177950","光通信设备的激光收发模块","129","菲律宾","10","一般贸易","35","福建省","335","千克","0","?","118,516",
"202511","85177950","光通信设备的激光收发模块","129","菲律宾","10","一般贸易","37","山东省","27","千克","0","?","1,269",
"202511","85177950","光通信设备的激光收发模块","129","菲律宾","10","一般贸易","42","湖北省","502","千克","0","?","1,169,501",
"202511","85177950","光通信设备的激光收发模块","129","菲律宾","10","一般贸易","44","广东省","587","千克","0","?","361,117",
"202511","85177950","光通信设备的激光收发模块","129","菲律宾","34","海关特殊监管区域物流货物","32","江苏省","182","千克","0","?","62,544",
"202511","85177950","光通信设备的激光收发模块","130","卡塔尔","10","一般贸易","31","上海市","2","千克","0","?","286",
"202511","85177950","光通信设备的激光收发模块","130","卡塔尔","10","一般贸易","33","浙江省","16","千克","0","?","9,951",
"202511","85177950","光通信设备的激光收发模块","130","卡塔尔","10","一般贸易","44","广东省","20","千克","0","?","86,060",
"202511","85177950","光通信设备的激光收发模块","130","卡塔尔","33","保税监管场所进出境货物","44","广东省","34","千克","0","?","11,948",
"202511","85177950","光通信设备的激光收发模块","131","沙特阿拉伯","10","一般贸易","11","北京市","2","千克","0","?","1,320",
"202511","85177950","光通信设备的激光收发模块","131","沙特阿拉伯","10","一般贸易","31","上海市","0","千克","0","?","649",
"202511","85177950","光通信设备的激光收发模块","131","沙特阿拉伯","10","一般贸易","32","江苏省","20","千克","0","?","22,843",
"202511","85177950","光通信设备的激光收发模块","131","沙特阿拉伯","10","一般贸易","33","浙江省","3","千克","0","?","10,016",
"202511","85177950","光通信设备的激光收发模块","131","沙特阿拉伯","10","一般贸易","35","福建省","22","千克","0","?","15,565",
"202511","85177950","光通信设备的激光收发模块","131","沙特阿拉伯","10","一般贸易","37","山东省","1","千克","0","?","15",
"202511","85177950","光通信设备的激光收发模块","131","沙特阿拉伯","10","一般贸易","44","广东省","49","千克","0","?","67,129",
"202511","85177950","光通信设备的激光收发模块","131","沙特阿拉伯","10","一般贸易","45","广西壮族自治区","79","千克","0","?","490",
"202511","85177950","光通信设备的激光收发模块","131","沙特阿拉伯","10","一般贸易","52","贵州省","117","千克","0","?","101,823",
"202511","85177950","光通信设备的激光收发模块","131","沙特阿拉伯","15","进料加工贸易","44","广东省","0","千克","0","?","145",
"202511","85177950","光通信设备的激光收发模块","131","沙特阿拉伯","34","海关特殊监管区域物流货物","32","江苏省","312","千克","0","?","136,764",
"202511","85177950","光通信设备的激光收发模块","132","新加坡","10","一般贸易","11","北京市","13","千克","0","?","9,934",
"202511","85177950","光通信设备的激光收发模块","132","新加坡","10","一般贸易","31","上海市","4","千克","0","?","12,131",
"202511","85177950","光通信设备的激光收发模块","132","新加坡","10","一般贸易","32","江苏省","103","千克","0","?","93,957",
"202511","85177950","光通信设备的激光收发模块","132","新加坡","10","一般贸易","33","浙江省","372","千克","0","?","1,182,244",
"202511","85177950","光通信设备的激光收发模块","132","新加坡","10","一般贸易","35","福建省","6","千克","0","?","3,188",
"202511","85177950","光通信设备的激光收发模块","132","新加坡","10","一般贸易","36","江西省","2","千克","0","?","124",
"202511","85177950","光通信设备的激光收发模块","132","新加坡","10","一般贸易","37","山东省","107","千克","0","?","23,055",
"202511","85177950","光通信设备的激光收发模块","132","新加坡","10","一般贸易","41","河南省","1","千克","0","?","996",
"202511","85177950","光通信设备的激光收发模块","132","新加坡","10","一般贸易","42","湖北省","900","千克","0","?","736,060",
"202511","85177950","光通信设备的激光收发模块","132","新加坡","10","一般贸易","44","广东省","1998","千克","0","?","1,283,731",
"202511","85177950","光通信设备的激光收发模块","132","新加坡","10","一般贸易","45","广西壮族自治区","8","千克","0","?","1,041",
"202511","85177950","光通信设备的激光收发模块","132","新加坡","10","一般贸易","50","重庆市","9","千克","0","?","750",
"202511","85177950","光通信设备的激光收发模块","132","新加坡","10","一般贸易","51","四川省","546","千克","0","?","1,104,046",
"202511","85177950","光通信设备的激光收发模块","132","新加坡","10","一般贸易","52","贵州省","18","千克","0","?","10,349",
"202511","85177950","光通信设备的激光收发模块","132","新加坡","10","一般贸易","65","新疆维吾尔自治区","17","千克","0","?","2,921",
"202511","85177950","光通信设备的激光收发模块","132","新加坡","15","进料加工贸易","32","江苏省","584","千克","0","?","148,509",
"202511","85177950","光通信设备的激光收发模块","132","新加坡","15","进料加工贸易","33","浙江省","197","千克","0","?","177,420",
"202511","85177950","光通信设备的激光收发模块","132","新加坡","15","进料加工贸易","35","福建省","8","千克","0","?","12,011",
"202511","85177950","光通信设备的激光收发模块","132","新加坡","15","进料加工贸易","44","广东省","1087","千克","0","?","1,790,945",
"202511","85177950","光通信设备的激光收发模块","132","新加坡","15","进料加工贸易","51","四川省","60","千克","0","?","27,880",
"202511","85177950","光通信设备的激光收发模块","132","新加坡","33","保税监管场所进出境货物","44","广东省","58","千克","0","?","517",
"202511","85177950","光通信设备的激光收发模块","132","新加坡","34","海关特殊监管区域物流货物","32","江苏省","65","千克","0","?","95,072",
"202511","85177950","光通信设备的激光收发模块","132","新加坡","34","海关特殊监管区域物流货物","45","广西壮族自治区","17","千克","0","?","3,225",
"202511","85177950","光通信设备的激光收发模块","132","新加坡","39","其他","37","山东省","0","千克","0","?","11",
"202511","85177950","光通信设备的激光收发模块","133","韩国","10","一般贸易","11","北京市","2","千克","0","?","3,390",
"202511","85177950","光通信设备的激光收发模块","133","韩国","10","一般贸易","21","辽宁省","310","千克","0","?","107,810",
"202511","85177950","光通信设备的激光收发模块","133","韩国","10","一般贸易","31","上海市","280","千克","0","?","184,623",
"202511","85177950","光通信设备的激光收发模块","133","韩国","10","一般贸易","32","江苏省","14","千克","0","?","169,550",
"202511","85177950","光通信设备的激光收发模块","133","韩国","10","一般贸易","33","浙江省","227","千克","0","?","72,797",
"202511","85177950","光通信设备的激光收发模块","133","韩国","10","一般贸易","35","福建省","67","千克","0","?","32,825",
"202511","85177950","光通信设备的激光收发模块","133","韩国","10","一般贸易","37","山东省","125","千克","0","?","140,000",
"202511","85177950","光通信设备的激光收发模块","133","韩国","10","一般贸易","41","河南省","20","千克","0","?","23,716",
"202511","85177950","光通信设备的激光收发模块","133","韩国","10","一般贸易","42","湖北省","376","千克","0","?","313,775",
"202511","85177950","光通信设备的激光收发模块","133","韩国","10","一般贸易","44","广东省","3327","千克","0","?","5,518,060",
"202511","85177950","光通信设备的激光收发模块","133","韩国","10","一般贸易","45","广西壮族自治区","21","千克","0","?","310",
"202511","85177950","光通信设备的激光收发模块","133","韩国","10","一般贸易","51","四川省","1232","千克","0","?","866,362",
"202511","85177950","光通信设备的激光收发模块","133","韩国","15","进料加工贸易","32","江苏省","28","千克","0","?","48,635",
"202511","85177950","光通信设备的激光收发模块","133","韩国","15","进料加工贸易","35","福建省","21","千克","0","?","27,194",
"202511","85177950","光通信设备的激光收发模块","133","韩国","15","进料加工贸易","44","广东省","1","千克","0","?","2,152",
"202511","85177950","光通信设备的激光收发模块","133","韩国","15","进料加工贸易","51","四川省","0","千克","0","?","500",
"202511","85177950","光通信设备的激光收发模块","133","韩国","33","保税监管场所进出境货物","44","广东省","0","千克","0","?","30",
"202511","85177950","光通信设备的激光收发模块","133","韩国","34","海关特殊监管区域物流货物","32","江苏省","8","千克","0","?","12,495",
"202511","85177950","光通信设备的激光收发模块","133","韩国","34","海关特殊监管区域物流货物","44","广东省","0","千克","0","?","77",
"202511","85177950","光通信设备的激光收发模块","133","韩国","39","其他","32","江苏省","7","千克","0","?","10,167",
"202511","85177950","光通信设备的激光收发模块","134","斯里兰卡","10","一般贸易","31","上海市","6","千克","0","?","1,117",
"202511","85177950","光通信设备的激光收发模块","134","斯里兰卡","10","一般贸易","32","江苏省","10","千克","0","?","7,038",
"202511","85177950","光通信设备的激光收发模块","134","斯里兰卡","10","一般贸易","33","浙江省","2","千克","0","?","871",
"202511","85177950","光通信设备的激光收发模块","134","斯里兰卡","10","一般贸易","35","福建省","1","千克","0","?","1,494",
"202511","85177950","光通信设备的激光收发模块","134","斯里兰卡","10","一般贸易","37","山东省","1","千克","0","?","65",
"202511","85177950","光通信设备的激光收发模块","134","斯里兰卡","10","一般贸易","44","广东省","11","千克","0","?","1,112",
"202511","85177950","光通信设备的激光收发模块","134","斯里兰卡","33","保税监管场所进出境货物","44","广东省","8","千克","0","?","1,619",
"202511","85177950","光通信设备的激光收发模块","134","斯里兰卡","34","海关特殊监管区域物流货物","32","江苏省","3","千克","0","?","947",
"202511","85177950","光通信设备的激光收发模块","136","泰国","10","一般贸易","31","上海市","862","千克","0","?","2,217,454",
"202511","85177950","光通信设备的激光收发模块","136","泰国","10","一般贸易","32","江苏省","476","千克","0","?","526,494",
"202511","85177950","光通信设备的激光收发模块","136","泰国","10","一般贸易","33","浙江省","5661","千克","0","?","14,425,361",
"202511","85177950","光通信设备的激光收发模块","136","泰国","10","一般贸易","35","福建省","179","千克","0","?","20,242",
"202511","85177950","光通信设备的激光收发模块","136","泰国","10","一般贸易","37","山东省","164","千克","0","?","827,534",
"202511","85177950","光通信设备的激光收发模块","136","泰国","10","一般贸易","42","湖北省","4322","千克","0","?","2,233,950",
"202511","85177950","光通信设备的激光收发模块","136","泰国","10","一般贸易","44","广东省","7199","千克","0","?","1,034,346",
"202511","85177950","光通信设备的激光收发模块","136","泰国","10","一般贸易","45","广西壮族自治区","0","千克","0","?","27",
"202511","85177950","光通信设备的激光收发模块","136","泰国","10","一般贸易","51","四川省","3948","千克","0","?","14,625,265",
"202511","85177950","光通信设备的激光收发模块","136","泰国","10","一般贸易","52","贵州省","92","千克","0","?","57,625",
"202511","85177950","光通信设备的激光收发模块","136","泰国","15","进料加工贸易","32","江苏省","513","千克","0","?","262,138",
"202511","85177950","光通信设备的激光收发模块","136","泰国","15","进料加工贸易","35","福建省","4","千克","0","?","7,347",
"202511","85177950","光通信设备的激光收发模块","136","泰国","15","进料加工贸易","44","广东省","9","千克","0","?","23,254",
"202511","85177950","光通信设备的激光收发模块","136","泰国","34","海关特殊监管区域物流货物","32","江苏省","6","千克","0","?","1,186",
"202511","85177950","光通信设备的激光收发模块","136","泰国","34","海关特殊监管区域物流货物","35","福建省","1","千克","0","?","541",
"202511","85177950","光通信设备的激光收发模块","136","泰国","39","其他","32","江苏省","0","千克","0","?","265",
"202511","85177950","光通信设备的激光收发模块","137","土耳其","10","一般贸易","11","北京市","19","千克","0","?","11,000",
"202511","85177950","光通信设备的激光收发模块","137","土耳其","10","一般贸易","33","浙江省","113","千克","0","?","46,166",
"202511","85177950","光通信设备的激光收发模块","137","土耳其","10","一般贸易","35","福建省","2","千克","0","?","3,434",
"202511","85177950","光通信设备的激光收发模块","137","土耳其","10","一般贸易","41","河南省","0","千克","0","?","243",
"202511","85177950","光通信设备的激光收发模块","137","土耳其","10","一般贸易","42","湖北省","17","千克","0","?","15,230",
"202511","85177950","光通信设备的激光收发模块","137","土耳其","10","一般贸易","44","广东省","2084","千克","0","?","1,036,029",
"202511","85177950","光通信设备的激光收发模块","137","土耳其","33","保税监管场所进出境货物","44","广东省","111","千克","0","?","11,646",
"202511","85177950","光通信设备的激光收发模块","137","土耳其","34","海关特殊监管区域物流货物","32","江苏省","164","千克","0","?","481",
"202511","85177950","光通信设备的激光收发模块","137","土耳其","39","其他","35","福建省","0","千克","0","?","5",
"202511","85177950","光通信设备的激光收发模块","138","阿联酋","10","一般贸易","31","上海市","43","千克","0","?","512,726",
"202511","85177950","光通信设备的激光收发模块","138","阿联酋","10","一般贸易","32","江苏省","0","千克","0","?","264",
"202511","85177950","光通信设备的激光收发模块","138","阿联酋","10","一般贸易","33","浙江省","100","千克","0","?","23,856",
"202511","85177950","光通信设备的激光收发模块","138","阿联酋","10","一般贸易","35","福建省","833","千克","0","?","51,380",
"202511","85177950","光通信设备的激光收发模块","138","阿联酋","10","一般贸易","41","河南省","0","千克","0","?","20",
"202511","85177950","光通信设备的激光收发模块","138","阿联酋","10","一般贸易","42","湖北省","990","千克","0","?","2,523,612",
"202511","85177950","光通信设备的激光收发模块","138","阿联酋","10","一般贸易","44","广东省","3253","千克","0","?","1,834,154",
"202511","85177950","光通信设备的激光收发模块","138","阿联酋","10","一般贸易","45","广西壮族自治区","0","千克","0","?","572",
"202511","85177950","光通信设备的激光收发模块","138","阿联酋","10","一般贸易","51","四川省","566","千克","0","?","136,919",
"202511","85177950","光通信设备的激光收发模块","138","阿联酋","10","一般贸易","52","贵州省","5","千克","0","?","973",
"202511","85177950","光通信设备的激光收发模块","138","阿联酋","15","进料加工贸易","44","广东省","9","千克","0","?","58,590",
"202511","85177950","光通信设备的激光收发模块","138","阿联酋","22","对外承包工程出口货物","11","北京市","1","千克","0","?","3,337",
"202511","85177950","光通信设备的激光收发模块","138","阿联酋","34","海关特殊监管区域物流货物","32","江苏省","500","千克","0","?","289,746",
"202511","85177950","光通信设备的激光收发模块","141","越南","10","一般贸易","31","上海市","30","千克","0","?","44,300",
"202511","85177950","光通信设备的激光收发模块","141","越南","10","一般贸易","32","江苏省","202","千克","0","?","212,313",
"202511","85177950","光通信设备的激光收发模块","141","越南","10","一般贸易","33","浙江省","1333","千克","0","?","295,083",
"202511","85177950","光通信设备的激光收发模块","141","越南","10","一般贸易","34","安徽省","7","千克","0","?","4,174",
"202511","85177950","光通信设备的激光收发模块","141","越南","10","一般贸易","35","福建省","15","千克","0","?","9,561",
"202511","85177950","光通信设备的激光收发模块","141","越南","10","一般贸易","37","山东省","14","千克","0","?","3,252",
"202511","85177950","光通信设备的激光收发模块","141","越南","10","一般贸易","41","河南省","0","千克","0","?","12",
"202511","85177950","光通信设备的激光收发模块","141","越南","10","一般贸易","42","湖北省","733","千克","0","?","106,415",
"202511","85177950","光通信设备的激光收发模块","141","越南","10","一般贸易","44","广东省","607","千克","0","?","192,546",
"202511","85177950","光通信设备的激光收发模块","141","越南","10","一般贸易","45","广西壮族自治区","16","千克","0","?","73,473",
"202511","85177950","光通信设备的激光收发模块","141","越南","10","一般贸易","50","重庆市","12","千克","0","?","4,594",
"202511","85177950","光通信设备的激光收发模块","141","越南","10","一般贸易","65","新疆维吾尔自治区","4","千克","0","?","795",
"202511","85177950","光通信设备的激光收发模块","141","越南","15","进料加工贸易","32","江苏省","16","千克","0","?","174,051",
"202511","85177950","光通信设备的激光收发模块","141","越南","15","进料加工贸易","33","浙江省","145","千克","0","?","195,900",
"202511","85177950","光通信设备的激光收发模块","141","越南","15","进料加工贸易","51","四川省","256","千克","0","?","265,351",
"202511","85177950","光通信设备的激光收发模块","141","越南","19","边境小额贸易","45","广西壮族自治区","13","千克","0","?","34,899",
"202511","85177950","光通信设备的激光收发模块","141","越南","33","保税监管场所进出境货物","32","江苏省","298","千克","0","?","119,795",
"202511","85177950","光通信设备的激光收发模块","141","越南","33","保税监管场所进出境货物","44","广东省","1358","千克","0","?","386,388",
"202511","85177950","光通信设备的激光收发模块","141","越南","34","海关特殊监管区域物流货物","31","上海市","4","千克","0","?","2,328",
"202511","85177950","光通信设备的激光收发模块","141","越南","34","海关特殊监管区域物流货物","32","江苏省","1165","千克","0","?","364,671",
"202511","85177950","光通信设备的激光收发模块","141","越南","34","海关特殊监管区域物流货物","35","福建省","11","千克","0","?","14,564",
"202511","85177950","光通信设备的激光收发模块","141","越南","34","海关特殊监管区域物流货物","37","山东省","1","千克","0","?","7,468",
"202511","85177950","光通信设备的激光收发模块","141","越南","34","海关特殊监管区域物流货物","45","广西壮族自治区","1017","千克","0","?","508,614",
"202511","85177950","光通信设备的激光收发模块","143","中国台湾","10","一般贸易","11","北京市","3","千克","0","?","1,498",
"202511","85177950","光通信设备的激光收发模块","143","中国台湾","10","一般贸易","13","河北省","207","千克","0","?","35,491",
"202511","85177950","光通信设备的激光收发模块","143","中国台湾","10","一般贸易","21","辽宁省","20","千克","0","?","16,408",
"202511","85177950","光通信设备的激光收发模块","143","中国台湾","10","一般贸易","31","上海市","93","千克","0","?","100,611",
"202511","85177950","光通信设备的激光收发模块","143","中国台湾","10","一般贸易","32","江苏省","105","千克","0","?","220,211",
"202511","85177950","光通信设备的激光收发模块","143","中国台湾","10","一般贸易","33","浙江省","2318","千克","0","?","5,843,326",
"202511","85177950","光通信设备的激光收发模块","143","中国台湾","10","一般贸易","34","安徽省","23","千克","0","?","10,200",
"202511","85177950","光通信设备的激光收发模块","143","中国台湾","10","一般贸易","35","福建省","16","千克","0","?","14,900",
"202511","85177950","光通信设备的激光收发模块","143","中国台湾","10","一般贸易","37","山东省","303","千克","0","?","92,564",
"202511","85177950","光通信设备的激光收发模块","143","中国台湾","10","一般贸易","42","湖北省","828","千克","0","?","368,262",
"202511","85177950","光通信设备的激光收发模块","143","中国台湾","10","一般贸易","43","湖南省","59","千克","0","?","35,038",
"202511","85177950","光通信设备的激光收发模块","143","中国台湾","10","一般贸易","44","广东省","2493","千克","0","?","2,069,767",
"202511","85177950","光通信设备的激光收发模块","143","中国台湾","10","一般贸易","51","四川省","65","千克","0","?","91,101",
"202511","85177950","光通信设备的激光收发模块","143","中国台湾","15","进料加工贸易","32","江苏省","243","千克","0","?","131,137",
"202511","85177950","光通信设备的激光收发模块","143","中国台湾","15","进料加工贸易","33","浙江省","5726","千克","0","?","6,801,740",
"202511","85177950","光通信设备的激光收发模块","143","中国台湾","15","进料加工贸易","35","福建省","7","千克","0","?","9,179",
"202511","85177950","光通信设备的激光收发模块","143","中国台湾","15","进料加工贸易","44","广东省","1","千克","0","?","436",
"202511","85177950","光通信设备的激光收发模块","143","中国台湾","15","进料加工贸易","51","四川省","21856","千克","0","?","30,519,712",
"202511","85177950","光通信设备的激光收发模块","143","中国台湾","33","保税监管场所进出境货物","44","广东省","2","千克","0","?","489",
"202511","85177950","光通信设备的激光收发模块","143","中国台湾","34","海关特殊监管区域物流货物","32","江苏省","23","千克","0","?","27,141",
"202511","85177950","光通信设备的激光收发模块","143","中国台湾","39","其他","32","江苏省","1","千克","0","?","1,800",
"202511","85177950","光通信设备的激光收发模块","144","东帝汶","10","一般贸易","44","广东省","0","千克","0","?","333",
"202511","85177950","光通信设备的激光收发模块","145","哈萨克斯坦","10","一般贸易","11","北京市","0","千克","0","?","163",
"202511","85177950","光通信设备的激光收发模块","145","哈萨克斯坦","10","一般贸易","31","上海市","0","千克","0","?","51",
"202511","85177950","光通信设备的激光收发模块","145","哈萨克斯坦","10","一般贸易","33","浙江省","28","千克","0","?","16,020",
"202511","85177950","光通信设备的激光收发模块","145","哈萨克斯坦","10","一般贸易","35","福建省","10","千克","0","?","5,251",
"202511","85177950","光通信设备的激光收发模块","145","哈萨克斯坦","10","一般贸易","44","广东省","706","千克","0","?","1,131,700",
"202511","85177950","光通信设备的激光收发模块","145","哈萨克斯坦","10","一般贸易","61","陕西省","17","千克","0","?","45,683",
"202511","85177950","光通信设备的激光收发模块","145","哈萨克斯坦","34","海关特殊监管区域物流货物","44","广东省","0","千克","0","?","103",
"202511","85177950","光通信设备的激光收发模块","146","吉尔吉斯斯坦","10","一般贸易","33","浙江省","5","千克","0","?","3,173",
"202511","85177950","光通信设备的激光收发模块","146","吉尔吉斯斯坦","10","一般贸易","44","广东省","5","千克","0","?","21,073",
"202511","85177950","光通信设备的激光收发模块","147","塔吉克斯坦","10","一般贸易","31","上海市","5","千克","0","?","4,352",
"202511","85177950","光通信设备的激光收发模块","147","塔吉克斯坦","10","一般贸易","44","广东省","10","千克","0","?","17,051",
"202511","85177950","光通信设备的激光收发模块","147","塔吉克斯坦","10","一般贸易","61","陕西省","2","千克","0","?","966",
"202511","85177950","光通信设备的激光收发模块","148","土库曼斯坦","10","一般贸易","33","浙江省","1","千克","0","?","760",
"202511","85177950","光通信设备的激光收发模块","149","乌兹别克斯坦","10","一般贸易","31","上海市","115","千克","0","?","41,794",
"202511","85177950","光通信设备的激光收发模块","149","乌兹别克斯坦","10","一般贸易","33","浙江省","0","千克","0","?","26",
"202511","85177950","光通信设备的激光收发模块","149","乌兹别克斯坦","10","一般贸易","35","福建省","0","千克","0","?","299",
"202511","85177950","光通信设备的激光收发模块","149","乌兹别克斯坦","10","一般贸易","42","湖北省","22","千克","0","?","4,721",
"202511","85177950","光通信设备的激光收发模块","149","乌兹别克斯坦","10","一般贸易","44","广东省","205","千克","0","?","164,559",
"202511","85177950","光通信设备的激光收发模块","149","乌兹别克斯坦","10","一般贸易","51","四川省","83","千克","0","?","16,461",
"202511","85177950","光通信设备的激光收发模块","149","乌兹别克斯坦","11","国家间、国际组织无偿援助和赠送的物资","11","北京市","4","千克","0","?","1,460",
"202511","85177950","光通信设备的激光收发模块","149","乌兹别克斯坦","34","海关特殊监管区域物流货物","44","广东省","2","千克","0","?","2,052",
"202511","85177950","光通信设备的激光收发模块","150","格鲁吉亚","10","一般贸易","44","广东省","60","千克","0","?","51,635",
"202511","85177950","光通信设备的激光收发模块","150","格鲁吉亚","10","一般贸易","51","四川省","14","千克","0","?","4,269",
"202511","85177950","光通信设备的激光收发模块","150","格鲁吉亚","15","进料加工贸易","44","广东省","0","千克","0","?","1,436",
"202511","85177950","光通信设备的激光收发模块","151","亚美尼亚","10","一般贸易","31","上海市","11","千克","0","?","27,670",
"202511","85177950","光通信设备的激光收发模块","151","亚美尼亚","10","一般贸易","32","江苏省","0","千克","0","?","1,200",
"202511","85177950","光通信设备的激光收发模块","151","亚美尼亚","10","一般贸易","33","浙江省","101","千克","0","?","14,003",
"202511","85177950","光通信设备的激光收发模块","151","亚美尼亚","10","一般贸易","44","广东省","8","千克","0","?","16,847",
"202511","85177950","光通信设备的激光收发模块","152","阿塞拜疆","10","一般贸易","33","浙江省","0","千克","0","?","114",
"202511","85177950","光通信设备的激光收发模块","152","阿塞拜疆","10","一般贸易","42","湖北省","3","千克","0","?","7,065",
"202511","85177950","光通信设备的激光收发模块","152","阿塞拜疆","10","一般贸易","44","广东省","145","千克","0","?","145,139",
"202511","85177950","光通信设备的激光收发模块","152","阿塞拜疆","15","进料加工贸易","44","广东省","0","千克","0","?","635",
"202511","85177950","光通信设备的激光收发模块","152","阿塞拜疆","34","海关特殊监管区域物流货物","61","陕西省","10","千克","0","?","1,060",
"202511","85177950","光通信设备的激光收发模块","201","阿尔及利亚","10","一般贸易","11","北京市","1615","千克","0","?","226,124",
"202511","85177950","光通信设备的激光收发模块","201","阿尔及利亚","10","一般贸易","33","浙江省","0","千克","0","?","123",
"202511","85177950","光通信设备的激光收发模块","201","阿尔及利亚","10","一般贸易","44","广东省","1369","千克","0","?","634,405",
"202511","85177950","光通信设备的激光收发模块","202","安哥拉","10","一般贸易","33","浙江省","1","千克","0","?","394",
"202511","85177950","光通信设备的激光收发模块","202","安哥拉","10","一般贸易","44","广东省","4","千克","0","?","5,726",
"202511","85177950","光通信设备的激光收发模块","203","贝宁","10","一般贸易","44","广东省","10","千克","0","?","55,958",
"202511","85177950","光通信设备的激光收发模块","204","博茨瓦纳","10","一般贸易","44","广东省","22","千克","0","?","8,533",
"202511","85177950","光通信设备的激光收发模块","205","布隆迪","10","一般贸易","44","广东省","18","千克","0","?","1,940",
"202511","85177950","光通信设备的激光收发模块","206","喀麦隆","10","一般贸易","44","广东省","324","千克","0","?","126,758",
"202511","85177950","光通信设备的激光收发模块","208","佛得角","10","一般贸易","44","广东省","1","千克","0","?","135",
"202511","85177950","光通信设备的激光收发模块","209","中非","10","一般贸易","44","广东省","0","千克","0","?","70",
"202511","85177950","光通信设备的激光收发模块","211","乍得","10","一般贸易","11","北京市","8","千克","0","?","1,059",
"202511","85177950","光通信设备的激光收发模块","214","吉布提","10","一般贸易","44","广东省","8","千克","0","?","10,807",
"202511","85177950","光通信设备的激光收发模块","215","埃及","10","一般贸易","44","广东省","152","千克","0","?","37,216",
"202511","85177950","光通信设备的激光收发模块","215","埃及","15","进料加工贸易","44","广东省","0","千克","0","?","296",
"202511","85177950","光通信设备的激光收发模块","217","埃塞俄比亚","10","一般贸易","11","北京市","1","千克","0","?","2,081",
"202511","85177950","光通信设备的激光收发模块","217","埃塞俄比亚","10","一般贸易","32","江苏省","9","千克","0","?","2,887",
"202511","85177950","光通信设备的激光收发模块","217","埃塞俄比亚","10","一般贸易","34","安徽省","1","千克","0","?","6,788",
"202511","85177950","光通信设备的激光收发模块","217","埃塞俄比亚","10","一般贸易","42","湖北省","4","千克","0","?","1,176",
"202511","85177950","光通信设备的激光收发模块","217","埃塞俄比亚","10","一般贸易","44","广东省","158","千克","0","?","715,329",
"202511","85177950","光通信设备的激光收发模块","218","加蓬","10","一般贸易","44","广东省","1","千克","0","?","869",
"202511","85177950","光通信设备的激光收发模块","220","加纳","10","一般贸易","44","广东省","7","千克","0","?","1,056",
"202511","85177950","光通信设备的激光收发模块","221","几内亚","10","一般贸易","44","广东省","25","千克","0","?","22,806",
"202511","85177950","光通信设备的激光收发模块","221","几内亚","22","对外承包工程出口货物","12","天津市","5","千克","0","?","842",
"202511","85177950","光通信设备的激光收发模块","223","科特迪瓦","10","一般贸易","44","广东省","37","千克","0","?","91,524",
"202511","85177950","光通信设备的激光收发模块","224","肯尼亚","10","一般贸易","31","上海市","2","千克","0","?","1,505",
"202511","85177950","光通信设备的激光收发模块","224","肯尼亚","10","一般贸易","44","广东省","6","千克","0","?","46,367",
"202511","85177950","光通信设备的激光收发模块","224","肯尼亚","34","海关特殊监管区域物流货物","32","江苏省","0","千克","0","?","23",
"202511","85177950","光通信设备的激光收发模块","225","利比里亚","10","一般贸易","44","广东省","0","千克","0","?","26",
"202511","85177950","光通信设备的激光收发模块","226","利比亚","10","一般贸易","33","浙江省","19","千克","0","?","4,649",
"202511","85177950","光通信设备的激光收发模块","226","利比亚","10","一般贸易","35","福建省","5","千克","0","?","13,475",
"202511","85177950","光通信设备的激光收发模块","226","利比亚","10","一般贸易","44","广东省","8","千克","0","?","1,937",
"202511","85177950","光通信设备的激光收发模块","227","马达加斯加","10","一般贸易","44","广东省","7","千克","0","?","179,774",
"202511","85177950","光通信设备的激光收发模块","228","马拉维","10","一般贸易","44","广东省","11","千克","0","?","11,621",
"202511","85177950","光通信设备的激光收发模块","229","马里","10","一般贸易","44","广东省","9","千克","0","?","643",
"202511","85177950","光通信设备的激光收发模块","231","毛里求斯","10","一般贸易","33","浙江省","2","千克","0","?","1,043",
"202511","85177950","光通信设备的激光收发模块","231","毛里求斯","10","一般贸易","42","湖北省","0","千克","0","?","14",
"202511","85177950","光通信设备的激光收发模块","231","毛里求斯","10","一般贸易","44","广东省","5","千克","0","?","1,450",
"202511","85177950","光通信设备的激光收发模块","231","毛里求斯","33","保税监管场所进出境货物","44","广东省","1","千克","0","?","774",
"202511","85177950","光通信设备的激光收发模块","232","摩洛哥","10","一般贸易","33","浙江省","5","千克","0","?","8,103",
"202511","85177950","光通信设备的激光收发模块","232","摩洛哥","10","一般贸易","43","湖南省","1","千克","0","?","85",
"202511","85177950","光通信设备的激光收发模块","232","摩洛哥","10","一般贸易","44","广东省","649","千克","0","?","114,761",
"202511","85177950","光通信设备的激光收发模块","232","摩洛哥","33","保税监管场所进出境货物","44","广东省","0","千克","0","?","880",
"202511","85177950","光通信设备的激光收发模块","233","莫桑比克","10","一般贸易","44","广东省","3","千克","0","?","1,260",
"202511","85177950","光通信设备的激光收发模块","236","尼日利亚","10","一般贸易","33","浙江省","4","千克","0","?","1,743",
"202511","85177950","光通信设备的激光收发模块","236","尼日利亚","10","一般贸易","44","广东省","138","千克","0","?","78,493",
"202511","85177950","光通信设备的激光收发模块","236","尼日利亚","10","一般贸易","65","新疆维吾尔自治区","2240","千克","0","?","8,645",
"202511","85177950","光通信设备的激光收发模块","236","尼日利亚","34","海关特殊监管区域物流货物","32","江苏省","55","千克","0","?","12,172",
"202511","85177950","光通信设备的激光收发模块","237","留尼汪","10","一般贸易","44","广东省","1","千克","0","?","915",
"202511","85177950","光通信设备的激光收发模块","241","塞舌尔","10","一般贸易","31","上海市","0","千克","0","?","1,254",
"202511","85177950","光通信设备的激光收发模块","241","塞舌尔","10","一般贸易","44","广东省","5","千克","0","?","1,939",
"202511","85177950","光通信设备的激光收发模块","242","塞拉利昂","10","一般贸易","44","广东省","3","千克","0","?","982",
"202511","85177950","光通信设备的激光收发模块","243","索马里","10","一般贸易","42","湖北省","1","千克","0","?","2,909",
"202511","85177950","光通信设备的激光收发模块","243","索马里","10","一般贸易","44","广东省","16","千克","0","?","5,299",
"202511","85177950","光通信设备的激光收发模块","244","南非","10","一般贸易","21","辽宁省","1","千克","0","?","200",
"202511","85177950","光通信设备的激光收发模块","244","南非","10","一般贸易","31","上海市","13","千克","0","?","4,396",
"202511","85177950","光通信设备的激光收发模块","244","南非","10","一般贸易","33","浙江省","27","千克","0","?","58,090",
"202511","85177950","光通信设备的激光收发模块","244","南非","10","一般贸易","35","福建省","0","千克","0","?","665",
"202511","85177950","光通信设备的激光收发模块","244","南非","10","一般贸易","42","湖北省","11","千克","0","?","3,954",
"202511","85177950","光通信设备的激光收发模块","244","南非","10","一般贸易","44","广东省","544","千克","0","?","349,044",
"202511","85177950","光通信设备的激光收发模块","244","南非","10","一般贸易","51","四川省","1","千克","0","?","616",
"202511","85177950","光通信设备的激光收发模块","244","南非","10","一般贸易","52","贵州省","7","千克","0","?","1,755",
"202511","85177950","光通信设备的激光收发模块","244","南非","15","进料加工贸易","44","广东省","1","千克","0","?","971",
"202511","85177950","光通信设备的激光收发模块","244","南非","34","海关特殊监管区域物流货物","32","江苏省","18","千克","0","?","2,554",
"202511","85177950","光通信设备的激光收发模块","246","苏丹","10","一般贸易","44","广东省","63","千克","0","?","75,189",
"202511","85177950","光通信设备的激光收发模块","247","坦桑尼亚","10","一般贸易","31","上海市","4","千克","0","?","15,451",
"202511","85177950","光通信设备的激光收发模块","247","坦桑尼亚","10","一般贸易","44","广东省","104","千克","0","?","140,233",
"202511","85177950","光通信设备的激光收发模块","247","坦桑尼亚","22","对外承包工程出口货物","32","江苏省","29","千克","0","?","148,121",
"202511","85177950","光通信设备的激光收发模块","249","突尼斯","10","一般贸易","33","浙江省","5","千克","0","?","662",
"202511","85177950","光通信设备的激光收发模块","249","突尼斯","10","一般贸易","44","广东省","18","千克","0","?","68,243",
"202511","85177950","光通信设备的激光收发模块","250","乌干达","10","一般贸易","44","广东省","199","千克","0","?","74,662",
"202511","85177950","光通信设备的激光收发模块","251","布基纳法索","10","一般贸易","44","广东省","7","千克","0","?","1,612",
"202511","85177950","光通信设备的激光收发模块","252","刚果民主共和国","10","一般贸易","33","浙江省","1","千克","0","?","1,100",
"202511","85177950","光通信设备的激光收发模块","252","刚果民主共和国","10","一般贸易","44","广东省","250","千克","0","?","84,079",
"202511","85177950","光通信设备的激光收发模块","253","赞比亚","10","一般贸易","44","广东省","7","千克","0","?","4,274",
"202511","85177950","光通信设备的激光收发模块","254","津巴布韦","10","一般贸易","44","广东省","52","千克","0","?","15,225",
"202511","85177950","光通信设备的激光收发模块","255","莱索托","10","一般贸易","44","广东省","11","千克","0","?","2,638",
"202511","85177950","光通信设备的激光收发模块","257","斯威士兰","10","一般贸易","36","江西省","0","千克","0","?","25",
"202511","85177950","光通信设备的激光收发模块","257","斯威士兰","10","一般贸易","44","广东省","0","千克","0","?","15,149",
"202511","85177950","光通信设备的激光收发模块","260","南苏丹","10","一般贸易","44","广东省","1","千克","0","?","252",
"202511","85177950","光通信设备的激光收发模块","301","比利时","10","一般贸易","31","上海市","94","千克","0","?","362,710",
"202511","85177950","光通信设备的激光收发模块","301","比利时","10","一般贸易","33","浙江省","1","千克","0","?","645",
"202511","85177950","光通信设备的激光收发模块","301","比利时","10","一般贸易","34","安徽省","200","千克","0","?","26,443",
"202511","85177950","光通信设备的激光收发模块","301","比利时","10","一般贸易","37","山东省","5","千克","0","?","34",
"202511","85177950","光通信设备的激光收发模块","301","比利时","10","一般贸易","42","湖北省","101","千克","0","?","109,211",
"202511","85177950","光通信设备的激光收发模块","301","比利时","10","一般贸易","44","广东省","184","千克","0","?","90,088",
"202511","85177950","光通信设备的激光收发模块","301","比利时","10","一般贸易","51","四川省","6","千克","0","?","5,843",
"202511","85177950","光通信设备的激光收发模块","301","比利时","15","进料加工贸易","32","江苏省","75","千克","0","?","53,660",
"202511","85177950","光通信设备的激光收发模块","301","比利时","15","进料加工贸易","51","四川省","6","千克","0","?","18,978",
"202511","85177950","光通信设备的激光收发模块","302","丹麦","10","一般贸易","31","上海市","34","千克","0","?","42,333",
"202511","85177950","光通信设备的激光收发模块","302","丹麦","10","一般贸易","32","江苏省","5","千克","0","?","32,228",
"202511","85177950","光通信设备的激光收发模块","302","丹麦","10","一般贸易","34","安徽省","5","千克","0","?","442",
"202511","85177950","光通信设备的激光收发模块","302","丹麦","10","一般贸易","42","湖北省","34","千克","0","?","37,729",
"202511","85177950","光通信设备的激光收发模块","302","丹麦","10","一般贸易","44","广东省","180","千克","0","?","75,371",
"202511","85177950","光通信设备的激光收发模块","302","丹麦","10","一般贸易","51","四川省","349","千克","0","?","213,222",
"202511","85177950","光通信设备的激光收发模块","303","英国","10","一般贸易","31","上海市","14","千克","0","?","29,190",
"202511","85177950","光通信设备的激光收发模块","303","英国","10","一般贸易","32","江苏省","87","千克","0","?","301,744",
"202511","85177950","光通信设备的激光收发模块","303","英国","10","一般贸易","33","浙江省","5","千克","0","?","8,131",
"202511","85177950","光通信设备的激光收发模块","303","英国","10","一般贸易","35","福建省","6","千克","0","?","3,382",
"202511","85177950","光通信设备的激光收发模块","303","英国","10","一般贸易","37","山东省","3","千克","0","?","2,945",
"202511","85177950","光通信设备的激光收发模块","303","英国","10","一般贸易","42","湖北省","313","千克","0","?","487,493",
"202511","85177950","光通信设备的激光收发模块","303","英国","10","一般贸易","44","广东省","1950","千克","0","?","1,309,461",
"202511","85177950","光通信设备的激光收发模块","303","英国","10","一般贸易","46","海南省","0","千克","0","?","23",
"202511","85177950","光通信设备的激光收发模块","303","英国","10","一般贸易","50","重庆市","7","千克","0","?","2,310",
"202511","85177950","光通信设备的激光收发模块","303","英国","10","一般贸易","51","四川省","84","千克","0","?","41,938",
"202511","85177950","光通信设备的激光收发模块","303","英国","10","一般贸易","65","新疆维吾尔自治区","1","千克","0","?","5,096",
"202511","85177950","光通信设备的激光收发模块","303","英国","15","进料加工贸易","51","四川省","46","千克","0","?","184,010",
"202511","85177950","光通信设备的激光收发模块","303","英国","33","保税监管场所进出境货物","44","广东省","7","千克","0","?","375",
"202511","85177950","光通信设备的激光收发模块","303","英国","34","海关特殊监管区域物流货物","32","江苏省","4","千克","0","?","4,253",
"202511","85177950","光通信设备的激光收发模块","303","英国","34","海关特殊监管区域物流货物","44","广东省","113","千克","0","?","59,989",
"202511","85177950","光通信设备的激光收发模块","304","德国","10","一般贸易","11","北京市","13","千克","0","?","16,675",
"202511","85177950","光通信设备的激光收发模块","304","德国","10","一般贸易","31","上海市","17","千克","0","?","3,548",
"202511","85177950","光通信设备的激光收发模块","304","德国","10","一般贸易","32","江苏省","123","千克","0","?","332,578",
"202511","85177950","光通信设备的激光收发模块","304","德国","10","一般贸易","33","浙江省","117","千克","0","?","240,172",
"202511","85177950","光通信设备的激光收发模块","304","德国","10","一般贸易","34","安徽省","7","千克","0","?","3,896",
"202511","85177950","光通信设备的激光收发模块","304","德国","10","一般贸易","35","福建省","0","千克","0","?","393",
"202511","85177950","光通信设备的激光收发模块","304","德国","10","一般贸易","42","湖北省","960","千克","0","?","1,031,271",
"202511","85177950","光通信设备的激光收发模块","304","德国","10","一般贸易","44","广东省","6258","千克","0","?","3,661,340",
"202511","85177950","光通信设备的激光收发模块","304","德国","10","一般贸易","50","重庆市","22","千克","0","?","1,796",
"202511","85177950","光通信设备的激光收发模块","304","德国","10","一般贸易","51","四川省","1173","千克","0","?","645,401",
"202511","85177950","光通信设备的激光收发模块","304","德国","10","一般贸易","52","贵州省","9","千克","0","?","5,626",
"202511","85177950","光通信设备的激光收发模块","304","德国","10","一般贸易","61","陕西省","1","千克","0","?","414",
"202511","85177950","光通信设备的激光收发模块","304","德国","10","一般贸易","65","新疆维吾尔自治区","0","千克","0","?","16",
"202511","85177950","光通信设备的激光收发模块","304","德国","15","进料加工贸易","32","江苏省","157","千克","0","?","969,363",
"202511","85177950","光通信设备的激光收发模块","304","德国","15","进料加工贸易","51","四川省","3","千克","0","?","4,933",
"202511","85177950","光通信设备的激光收发模块","304","德国","34","海关特殊监管区域物流货物","32","江苏省","5","千克","0","?","19,912",
"202511","85177950","光通信设备的激光收发模块","304","德国","34","海关特殊监管区域物流货物","42","湖北省","323","千克","0","?","402,896",
"202511","85177950","光通信设备的激光收发模块","304","德国","34","海关特殊监管区域物流货物","44","广东省","176","千克","0","?","188,066",
"202511","85177950","光通信设备的激光收发模块","305","法国","10","一般贸易","31","上海市","11","千克","0","?","3,689",
"202511","85177950","光通信设备的激光收发模块","305","法国","10","一般贸易","32","江苏省","15","千克","0","?","17,018",
"202511","85177950","光通信设备的激光收发模块","305","法国","10","一般贸易","33","浙江省","21","千克","0","?","13,683",
"202511","85177950","光通信设备的激光收发模块","305","法国","10","一般贸易","35","福建省","12","千克","0","?","13,821",
"202511","85177950","光通信设备的激光收发模块","305","法国","10","一般贸易","37","山东省","2","千克","0","?","130",
"202511","85177950","光通信设备的激光收发模块","305","法国","10","一般贸易","41","河南省","0","千克","0","?","29",
"202511","85177950","光通信设备的激光收发模块","305","法国","10","一般贸易","42","湖北省","503","千克","0","?","345,285",
"202511","85177950","光通信设备的激光收发模块","305","法国","10","一般贸易","44","广东省","222","千克","0","?","96,113",
"202511","85177950","光通信设备的激光收发模块","305","法国","10","一般贸易","51","四川省","241","千克","0","?","142,745",
"202511","85177950","光通信设备的激光收发模块","305","法国","10","一般贸易","52","贵州省","68","千克","0","?","23,641",
"202511","85177950","光通信设备的激光收发模块","305","法国","10","一般贸易","65","新疆维吾尔自治区","62","千克","0","?","4,412",
"202511","85177950","光通信设备的激光收发模块","305","法国","15","进料加工贸易","32","江苏省","5","千克","0","?","22,796",
"202511","85177950","光通信设备的激光收发模块","305","法国","15","进料加工贸易","51","四川省","0","千克","0","?","1,200",
"202511","85177950","光通信设备的激光收发模块","306","爱尔兰","10","一般贸易","21","辽宁省","0","千克","0","?","14,401",
"202511","85177950","光通信设备的激光收发模块","306","爱尔兰","10","一般贸易","32","江苏省","120","千克","0","?","412,877",
"202511","85177950","光通信设备的激光收发模块","306","爱尔兰","10","一般贸易","33","浙江省","1","千克","0","?","3,746",
"202511","85177950","光通信设备的激光收发模块","306","爱尔兰","10","一般贸易","35","福建省","0","千克","0","?","84",
"202511","85177950","光通信设备的激光收发模块","306","爱尔兰","10","一般贸易","44","广东省","162","千克","0","?","71,820",
"202511","85177950","光通信设备的激光收发模块","306","爱尔兰","10","一般贸易","51","四川省","1","千克","0","?","120",
"202511","85177950","光通信设备的激光收发模块","306","爱尔兰","10","一般贸易","52","贵州省","8","千克","0","?","9,361",
"202511","85177950","光通信设备的激光收发模块","306","爱尔兰","15","进料加工贸易","32","江苏省","3397","千克","0","?","713,945",
"202511","85177950","光通信设备的激光收发模块","307","意大利","10","一般贸易","12","天津市","44","千克","0","?","49,804",
"202511","85177950","光通信设备的激光收发模块","307","意大利","10","一般贸易","31","上海市","4","千克","0","?","3,709",
"202511","85177950","光通信设备的激光收发模块","307","意大利","10","一般贸易","32","江苏省","3","千克","0","?","3,489",
"202511","85177950","光通信设备的激光收发模块","307","意大利","10","一般贸易","33","浙江省","44","千克","0","?","15,848",
"202511","85177950","光通信设备的激光收发模块","307","意大利","10","一般贸易","35","福建省","10","千克","0","?","28,219",
"202511","85177950","光通信设备的激光收发模块","307","意大利","10","一般贸易","42","湖北省","1","千克","0","?","7,138",
"202511","85177950","光通信设备的激光收发模块","307","意大利","10","一般贸易","44","广东省","339","千克","0","?","142,868",
"202511","85177950","光通信设备的激光收发模块","307","意大利","10","一般贸易","50","重庆市","4","千克","0","?","803",
"202511","85177950","光通信设备的激光收发模块","307","意大利","10","一般贸易","61","陕西省","2","千克","0","?","1,770",
"202511","85177950","光通信设备的激光收发模块","307","意大利","15","进料加工贸易","32","江苏省","0","千克","0","?","1,005",
"202511","85177950","光通信设备的激光收发模块","307","意大利","15","进料加工贸易","51","四川省","0","千克","0","?","871",
"202511","85177950","光通信设备的激光收发模块","307","意大利","33","保税监管场所进出境货物","44","广东省","5","千克","0","?","120",
"202511","85177950","光通信设备的激光收发模块","308","卢森堡","10","一般贸易","31","上海市","0","千克","0","?","26",
"202511","85177950","光通信设备的激光收发模块","308","卢森堡","10","一般贸易","44","广东省","0","千克","0","?","320",
"202511","85177950","光通信设备的激光收发模块","309","荷兰","10","一般贸易","11","北京市","5","千克","0","?","1,362",
"202511","85177950","光通信设备的激光收发模块","309","荷兰","10","一般贸易","12","天津市","23","千克","0","?","11,373",
"202511","85177950","光通信设备的激光收发模块","309","荷兰","10","一般贸易","22","吉林省","1","千克","0","?","166",
"202511","85177950","光通信设备的激光收发模块","309","荷兰","10","一般贸易","31","上海市","7","千克","0","?","69,166",
"202511","85177950","光通信设备的激光收发模块","309","荷兰","10","一般贸易","32","江苏省","192","千克","0","?","580,456",
"202511","85177950","光通信设备的激光收发模块","309","荷兰","10","一般贸易","33","浙江省","503","千克","0","?","1,101,669",
"202511","85177950","光通信设备的激光收发模块","309","荷兰","10","一般贸易","37","山东省","1","千克","0","?","54",
"202511","85177950","光通信设备的激光收发模块","309","荷兰","10","一般贸易","42","湖北省","6734","千克","0","?","4,855,868",
"202511","85177950","光通信设备的激光收发模块","309","荷兰","10","一般贸易","44","广东省","2097","千克","0","?","702,426",
"202511","85177950","光通信设备的激光收发模块","309","荷兰","10","一般贸易","51","四川省","1028","千克","0","?","700,738",
"202511","85177950","光通信设备的激光收发模块","309","荷兰","10","一般贸易","52","贵州省","1","千克","0","?","34",
"202511","85177950","光通信设备的激光收发模块","309","荷兰","10","一般贸易","65","新疆维吾尔自治区","13","千克","0","?","180",
"202511","85177950","光通信设备的激光收发模块","309","荷兰","15","进料加工贸易","32","江苏省","827","千克","0","?","1,048,643",
"202511","85177950","光通信设备的激光收发模块","309","荷兰","15","进料加工贸易","51","四川省","70","千克","0","?","104,910",
"202511","85177950","光通信设备的激光收发模块","309","荷兰","33","保税监管场所进出境货物","44","广东省","7","千克","0","?","1,050",
"202511","85177950","光通信设备的激光收发模块","309","荷兰","34","海关特殊监管区域物流货物","31","上海市","0","千克","0","?","200",
"202511","85177950","光通信设备的激光收发模块","309","荷兰","34","海关特殊监管区域物流货物","32","江苏省","105","千克","0","?","62,735",
"202511","85177950","光通信设备的激光收发模块","310","希腊","10","一般贸易","32","江苏省","18","千克","0","?","5,480",
"202511","85177950","光通信设备的激光收发模块","310","希腊","10","一般贸易","42","湖北省","0","千克","0","?","3",
"202511","85177950","光通信设备的激光收发模块","310","希腊","10","一般贸易","44","广东省","160","千克","0","?","36,956",
"202511","85177950","光通信设备的激光收发模块","311","葡萄牙","10","一般贸易","43","湖南省","1","千克","0","?","170",
"202511","85177950","光通信设备的激光收发模块","311","葡萄牙","10","一般贸易","44","广东省","7","千克","0","?","3,385",
"202511","85177950","光通信设备的激光收发模块","311","葡萄牙","10","一般贸易","51","四川省","39","千克","0","?","92,560",
"202511","85177950","光通信设备的激光收发模块","312","西班牙","10","一般贸易","32","江苏省","3","千克","0","?","10,041",
"202511","85177950","光通信设备的激光收发模块","312","西班牙","10","一般贸易","33","浙江省","42","千克","0","?","60,497",
"202511","85177950","光通信设备的激光收发模块","312","西班牙","10","一般贸易","34","安徽省","1","千克","0","?","235",
"202511","85177950","光通信设备的激光收发模块","312","西班牙","10","一般贸易","35","福建省","20","千克","0","?","22,512",
"202511","85177950","光通信设备的激光收发模块","312","西班牙","10","一般贸易","37","山东省","2","千克","0","?","103",
"202511","85177950","光通信设备的激光收发模块","312","西班牙","10","一般贸易","42","湖北省","8","千克","0","?","4,477",
"202511","85177950","光通信设备的激光收发模块","312","西班牙","10","一般贸易","44","广东省","134","千克","0","?","114,662",
"202511","85177950","光通信设备的激光收发模块","312","西班牙","10","一般贸易","50","重庆市","1","千克","0","?","150",
"202511","85177950","光通信设备的激光收发模块","312","西班牙","10","一般贸易","61","陕西省","6","千克","0","?","2,756",
"202511","85177950","光通信设备的激光收发模块","312","西班牙","10","一般贸易","65","新疆维吾尔自治区","1","千克","0","?","405",
"202511","85177950","光通信设备的激光收发模块","312","西班牙","33","保税监管场所进出境货物","44","广东省","16","千克","0","?","2,093",
"202511","85177950","光通信设备的激光收发模块","312","西班牙","34","海关特殊监管区域物流货物","32","江苏省","0","千克","0","?","528",
"202511","85177950","光通信设备的激光收发模块","313","阿尔巴尼亚","10","一般贸易","42","湖北省","8","千克","0","?","4,820",
"202511","85177950","光通信设备的激光收发模块","313","阿尔巴尼亚","10","一般贸易","44","广东省","0","千克","0","?","1,860",
"202511","85177950","光通信设备的激光收发模块","315","奥地利","10","一般贸易","31","上海市","11","千克","0","?","6,850",
"202511","85177950","光通信设备的激光收发模块","315","奥地利","10","一般贸易","33","浙江省","2","千克","0","?","3,618",
"202511","85177950","光通信设备的激光收发模块","315","奥地利","10","一般贸易","44","广东省","129","千克","0","?","60,159",
"202511","85177950","光通信设备的激光收发模块","315","奥地利","10","一般贸易","65","新疆维吾尔自治区","2","千克","0","?","186",
"202511","85177950","光通信设备的激光收发模块","315","奥地利","34","海关特殊监管区域物流货物","32","江苏省","4","千克","0","?","9,306",
"202511","85177950","光通信设备的激光收发模块","316","保加利亚","10","一般贸易","32","江苏省","0","千克","0","?","12",
"202511","85177950","光通信设备的激光收发模块","316","保加利亚","10","一般贸易","35","福建省","2","千克","0","?","2,293",
"202511","85177950","光通信设备的激光收发模块","316","保加利亚","10","一般贸易","42","湖北省","11","千克","0","?","2,317",
"202511","85177950","光通信设备的激光收发模块","316","保加利亚","10","一般贸易","44","广东省","45","千克","0","?","53,263",
"202511","85177950","光通信设备的激光收发模块","316","保加利亚","10","一般贸易","51","四川省","31","千克","0","?","8,934",
"202511","85177950","光通信设备的激光收发模块","318","芬兰","10","一般贸易","37","山东省","7","千克","0","?","1,164",
"202511","85177950","光通信设备的激光收发模块","318","芬兰","10","一般贸易","42","湖北省","470","千克","0","?","1,728,165",
"202511","85177950","光通信设备的激光收发模块","318","芬兰","10","一般贸易","44","广东省","87","千克","0","?","31,939",
"202511","85177950","光通信设备的激光收发模块","318","芬兰","10","一般贸易","50","重庆市","9","千克","0","?","3,284",
"202511","85177950","光通信设备的激光收发模块","318","芬兰","10","一般贸易","51","四川省","5","千克","0","?","13,303",
"202511","85177950","光通信设备的激光收发模块","318","芬兰","10","一般贸易","65","新疆维吾尔自治区","59","千克","0","?","4,501",
"202511","85177950","光通信设备的激光收发模块","318","芬兰","15","进料加工贸易","33","浙江省","6","千克","0","?","5,028",
"202511","85177950","光通信设备的激光收发模块","318","芬兰","34","海关特殊监管区域物流货物","32","江苏省","0","千克","0","?","2,606",
"202511","85177950","光通信设备的激光收发模块","321","匈牙利","10","一般贸易","32","江苏省","1","千克","0","?","4,943",
"202511","85177950","光通信设备的激光收发模块","321","匈牙利","10","一般贸易","33","浙江省","5","千克","0","?","2,205",
"202511","85177950","光通信设备的激光收发模块","321","匈牙利","10","一般贸易","42","湖北省","13","千克","0","?","1,480",
"202511","85177950","光通信设备的激光收发模块","321","匈牙利","10","一般贸易","44","广东省","4510","千克","0","?","6,233,223",
"202511","85177950","光通信设备的激光收发模块","321","匈牙利","10","一般贸易","50","重庆市","0","千克","0","?","2,215",
"202511","85177950","光通信设备的激光收发模块","321","匈牙利","10","一般贸易","51","四川省","1","千克","0","?","678",
"202511","85177950","光通信设备的激光收发模块","321","匈牙利","33","保税监管场所进出境货物","44","广东省","64","千克","0","?","759,789",
"202511","85177950","光通信设备的激光收发模块","322","冰岛","10","一般贸易","44","广东省","3","千克","0","?","7,176",
"202511","85177950","光通信设备的激光收发模块","322","冰岛","34","海关特殊监管区域物流货物","32","江苏省","0","千克","0","?","328",
"202511","85177950","光通信设备的激光收发模块","323","列支敦士登","10","一般贸易","44","广东省","0","千克","0","?","546",
"202511","85177950","光通信设备的激光收发模块","326","挪威","10","一般贸易","31","上海市","4","千克","0","?","6,011",
"202511","85177950","光通信设备的激光收发模块","326","挪威","10","一般贸易","32","江苏省","1","千克","0","?","780",
"202511","85177950","光通信设备的激光收发模块","326","挪威","10","一般贸易","33","浙江省","63","千克","0","?","15,187",
"202511","85177950","光通信设备的激光收发模块","326","挪威","10","一般贸易","42","湖北省","259","千克","0","?","312,159",
"202511","85177950","光通信设备的激光收发模块","326","挪威","10","一般贸易","44","广东省","605","千克","0","?","2,162,653",
"202511","85177950","光通信设备的激光收发模块","326","挪威","10","一般贸易","50","重庆市","27","千克","0","?","3,939",
"202511","85177950","光通信设备的激光收发模块","326","挪威","10","一般贸易","51","四川省","153","千克","0","?","262,297",
"202511","85177950","光通信设备的激光收发模块","326","挪威","10","一般贸易","65","新疆维吾尔自治区","15","千克","0","?","1,579",
"202511","85177950","光通信设备的激光收发模块","327","波兰","10","一般贸易","31","上海市","64","千克","0","?","243,596",
"202511","85177950","光通信设备的激光收发模块","327","波兰","10","一般贸易","32","江苏省","1","千克","0","?","850",
"202511","85177950","光通信设备的激光收发模块","327","波兰","10","一般贸易","33","浙江省","12","千克","0","?","20,544",
"202511","85177950","光通信设备的激光收发模块","327","波兰","10","一般贸易","37","山东省","36","千克","0","?","4,536",
"202511","85177950","光通信设备的激光收发模块","327","波兰","10","一般贸易","42","湖北省","400","千克","0","?","185,812",
"202511","85177950","光通信设备的激光收发模块","327","波兰","10","一般贸易","44","广东省","680","千克","0","?","184,522",
"202511","85177950","光通信设备的激光收发模块","327","波兰","10","一般贸易","51","四川省","163","千克","0","?","69,599",
"202511","85177950","光通信设备的激光收发模块","327","波兰","10","一般贸易","65","新疆维吾尔自治区","72","千克","0","?","4,721",
"202511","85177950","光通信设备的激光收发模块","327","波兰","15","进料加工贸易","32","江苏省","3","千克","0","?","60,241",
"202511","85177950","光通信设备的激光收发模块","327","波兰","33","保税监管场所进出境货物","44","广东省","151","千克","0","?","30,745",
"202511","85177950","光通信设备的激光收发模块","327","波兰","34","海关特殊监管区域物流货物","32","江苏省","1","千克","0","?","7,948",
"202511","85177950","光通信设备的激光收发模块","328","罗马尼亚","10","一般贸易","33","浙江省","53","千克","0","?","68,327",
"202511","85177950","光通信设备的激光收发模块","328","罗马尼亚","10","一般贸易","41","河南省","75","千克","0","?","90,440",
"202511","85177950","光通信设备的激光收发模块","328","罗马尼亚","10","一般贸易","42","湖北省","24","千克","0","?","6,554",
"202511","85177950","光通信设备的激光收发模块","328","罗马尼亚","10","一般贸易","44","广东省","162","千克","0","?","52,447",
"202511","85177950","光通信设备的激光收发模块","328","罗马尼亚","10","一般贸易","51","四川省","13","千克","0","?","27,913",
"202511","85177950","光通信设备的激光收发模块","328","罗马尼亚","15","进料加工贸易","32","江苏省","3","千克","0","?","12,376",
"202511","85177950","光通信设备的激光收发模块","328","罗马尼亚","34","海关特殊监管区域物流货物","32","江苏省","0","千克","0","?","379",
"202511","85177950","光通信设备的激光收发模块","330","瑞典","10","一般贸易","31","上海市","3","千克","0","?","3,344",
"202511","85177950","光通信设备的激光收发模块","330","瑞典","10","一般贸易","33","浙江省","18","千克","0","?","2,012",
"202511","85177950","光通信设备的激光收发模块","330","瑞典","10","一般贸易","37","山东省","2","千克","0","?","142",
"202511","85177950","光通信设备的激光收发模块","330","瑞典","10","一般贸易","42","湖北省","936","千克","0","?","421,708",
"202511","85177950","光通信设备的激光收发模块","330","瑞典","10","一般贸易","44","广东省","623","千克","0","?","202,552",
"202511","85177950","光通信设备的激光收发模块","330","瑞典","10","一般贸易","51","四川省","1051","千克","0","?","331,732",
"202511","85177950","光通信设备的激光收发模块","330","瑞典","10","一般贸易","65","新疆维吾尔自治区","26","千克","0","?","2,078",
"202511","85177950","光通信设备的激光收发模块","330","瑞典","15","进料加工贸易","32","江苏省","1","千克","0","?","3,728",
"202511","85177950","光通信设备的激光收发模块","330","瑞典","15","进料加工贸易","51","四川省","646","千克","0","?","165,622",
"202511","85177950","光通信设备的激光收发模块","330","瑞典","34","海关特殊监管区域物流货物","32","江苏省","0","千克","0","?","410",
"202511","85177950","光通信设备的激光收发模块","331","瑞士","10","一般贸易","21","辽宁省","46","千克","0","?","93,098",
"202511","85177950","光通信设备的激光收发模块","331","瑞士","10","一般贸易","32","江苏省","2","千克","0","?","2,308",
"202511","85177950","光通信设备的激光收发模块","331","瑞士","10","一般贸易","33","浙江省","2","千克","0","?","852",
"202511","85177950","光通信设备的激光收发模块","331","瑞士","10","一般贸易","42","湖北省","1","千克","0","?","1,200",
"202511","85177950","光通信设备的激光收发模块","331","瑞士","10","一般贸易","44","广东省","137","千克","0","?","95,960",
"202511","85177950","光通信设备的激光收发模块","334","爱沙尼亚","10","一般贸易","32","江苏省","1","千克","0","?","274",
"202511","85177950","光通信设备的激光收发模块","334","爱沙尼亚","10","一般贸易","42","湖北省","1","千克","0","?","1,216",
"202511","85177950","光通信设备的激光收发模块","334","爱沙尼亚","10","一般贸易","44","广东省","7","千克","0","?","16,309",
"202511","85177950","光通信设备的激光收发模块","334","爱沙尼亚","15","进料加工贸易","51","四川省","7","千克","0","?","25,500",
"202511","85177950","光通信设备的激光收发模块","335","拉脱维亚","10","一般贸易","42","湖北省","6","千克","0","?","2,142",
"202511","85177950","光通信设备的激光收发模块","335","拉脱维亚","10","一般贸易","44","广东省","854","千克","0","?","349,050",
"202511","85177950","光通信设备的激光收发模块","335","拉脱维亚","10","一般贸易","51","四川省","1","千克","0","?","240",
"202511","85177950","光通信设备的激光收发模块","336","立陶宛","10","一般贸易","44","广东省","50","千克","0","?","3,293",
"202511","85177950","光通信设备的激光收发模块","336","立陶宛","10","一般贸易","50","重庆市","12","千克","0","?","1,687",
"202511","85177950","光通信设备的激光收发模块","336","立陶宛","10","一般贸易","65","新疆维吾尔自治区","28","千克","0","?","573",
"202511","85177950","光通信设备的激光收发模块","340","白俄罗斯","10","一般贸易","31","上海市","2","千克","0","?","567",
"202511","85177950","光通信设备的激光收发模块","340","白俄罗斯","10","一般贸易","32","江苏省","5","千克","0","?","3,469",
"202511","85177950","光通信设备的激光收发模块","340","白俄罗斯","10","一般贸易","42","湖北省","0","千克","0","?","120",
"202511","85177950","光通信设备的激光收发模块","340","白俄罗斯","10","一般贸易","44","广东省","359","千克","0","?","62,683",
"202511","85177950","光通信设备的激光收发模块","343","摩尔多瓦","10","一般贸易","42","湖北省","2","千克","0","?","340",
"202511","85177950","光通信设备的激光收发模块","343","摩尔多瓦","10","一般贸易","44","广东省","31","千克","0","?","12,552",
"202511","85177950","光通信设备的激光收发模块","343","摩尔多瓦","10","一般贸易","51","四川省","33","千克","0","?","1,476",
"202511","85177950","光通信设备的激光收发模块","344","俄罗斯","10","一般贸易","11","北京市","6","千克","0","?","194",
"202511","85177950","光通信设备的激光收发模块","344","俄罗斯","10","一般贸易","23","黑龙江省","3","千克","0","?","393",
"202511","85177950","光通信设备的激光收发模块","344","俄罗斯","10","一般贸易","31","上海市","1542","千克","0","?","910,684",
"202511","85177950","光通信设备的激光收发模块","344","俄罗斯","10","一般贸易","32","江苏省","505","千克","0","?","442,372",
"202511","85177950","光通信设备的激光收发模块","344","俄罗斯","10","一般贸易","33","浙江省","74","千克","0","?","56,162",
"202511","85177950","光通信设备的激光收发模块","344","俄罗斯","10","一般贸易","34","安徽省","1660","千克","0","?","481,375",
"202511","85177950","光通信设备的激光收发模块","344","俄罗斯","10","一般贸易","35","福建省","98","千克","0","?","788",
"202511","85177950","光通信设备的激光收发模块","344","俄罗斯","10","一般贸易","36","江西省","1","千克","0","?","165",
"202511","85177950","光通信设备的激光收发模块","344","俄罗斯","10","一般贸易","42","湖北省","1468","千克","0","?","1,483,625",
"202511","85177950","光通信设备的激光收发模块","344","俄罗斯","10","一般贸易","43","湖南省","2","千克","0","?","74",
"202511","85177950","光通信设备的激光收发模块","344","俄罗斯","10","一般贸易","44","广东省","3615","千克","0","?","1,077,759",
"202511","85177950","光通信设备的激光收发模块","344","俄罗斯","10","一般贸易","50","重庆市","120","千克","0","?","24,256",
"202511","85177950","光通信设备的激光收发模块","344","俄罗斯","34","海关特殊监管区域物流货物","31","上海市","75","千克","0","?","18,653",
"202511","85177950","光通信设备的激光收发模块","344","俄罗斯","34","海关特殊监管区域物流货物","32","江苏省","12","千克","0","?","10,167",
"202511","85177950","光通信设备的激光收发模块","344","俄罗斯","34","海关特殊监管区域物流货物","41","河南省","16","千克","0","?","12,315",
"202511","85177950","光通信设备的激光收发模块","344","俄罗斯","34","海关特殊监管区域物流货物","42","湖北省","420","千克","0","?","278,797",
"202511","85177950","光通信设备的激光收发模块","344","俄罗斯","34","海关特殊监管区域物流货物","44","广东省","32","千克","0","?","8,846",
"202511","85177950","光通信设备的激光收发模块","344","俄罗斯","39","其他","33","浙江省","2590","千克","0","?","141,084",
"202511","85177950","光通信设备的激光收发模块","344","俄罗斯","39","其他","44","广东省","146","千克","0","?","4,028",
"202511","85177950","光通信设备的激光收发模块","347","乌克兰","10","一般贸易","31","上海市","10","千克","0","?","12,025",
"202511","85177950","光通信设备的激光收发模块","347","乌克兰","10","一般贸易","42","湖北省","280","千克","0","?","52,000",
"202511","85177950","光通信设备的激光收发模块","347","乌克兰","10","一般贸易","44","广东省","496","千克","0","?","1,134,750",
"202511","85177950","光通信设备的激光收发模块","347","乌克兰","10","一般贸易","50","重庆市","2","千克","0","?","419",
"202511","85177950","光通信设备的激光收发模块","350","斯洛文尼亚","10","一般贸易","31","上海市","3","千克","0","?","9,220",
"202511","85177950","光通信设备的激光收发模块","350","斯洛文尼亚","10","一般贸易","44","广东省","40","千克","0","?","32,243",
"202511","85177950","光通信设备的激光收发模块","350","斯洛文尼亚","10","一般贸易","65","新疆维吾尔自治区","2","千克","0","?","1,107",
"202511","85177950","光通信设备的激光收发模块","351","克罗地亚","10","一般贸易","33","浙江省","2","千克","0","?","836",
"202511","85177950","光通信设备的激光收发模块","351","克罗地亚","10","一般贸易","44","广东省","11","千克","0","?","3,346",
"202511","85177950","光通信设备的激光收发模块","351","克罗地亚","10","一般贸易","51","四川省","5","千克","0","?","800",
"202511","85177950","光通信设备的激光收发模块","352","捷克","10","一般贸易","37","山东省","0","千克","0","?","11",
"202511","85177950","光通信设备的激光收发模块","352","捷克","10","一般贸易","42","湖北省","18","千克","0","?","13,905",
"202511","85177950","光通信设备的激光收发模块","352","捷克","10","一般贸易","44","广东省","1273","千克","0","?","595,741",
"202511","85177950","光通信设备的激光收发模块","352","捷克","10","一般贸易","51","四川省","44","千克","0","?","3,321",
"202511","85177950","光通信设备的激光收发模块","352","捷克","10","一般贸易","65","新疆维吾尔自治区","35","千克","0","?","1,796",
"202511","85177950","光通信设备的激光收发模块","352","捷克","15","进料加工贸易","32","江苏省","186","千克","0","?","111,822",
"202511","85177950","光通信设备的激光收发模块","353","斯洛伐克","10","一般贸易","44","广东省","0","千克","0","?","2,587",
"202511","85177950","光通信设备的激光收发模块","353","斯洛伐克","10","一般贸易","51","四川省","131","千克","0","?","220,869",
"202511","85177950","光通信设备的激光收发模块","354","北马其顿","10","一般贸易","44","广东省","1","千克","0","?","2,156",
"202511","85177950","光通信设备的激光收发模块","355","波斯尼亚和黑塞哥维那","10","一般贸易","44","广东省","0","千克","0","?","22",
"202511","85177950","光通信设备的激光收发模块","358","塞尔维亚","10","一般贸易","33","浙江省","3","千克","0","?","875",
"202511","85177950","光通信设备的激光收发模块","358","塞尔维亚","10","一般贸易","42","湖北省","3","千克","0","?","5,922",
"202511","85177950","光通信设备的激光收发模块","358","塞尔维亚","10","一般贸易","44","广东省","70","千克","0","?","306,209",
"202511","85177950","光通信设备的激光收发模块","402","阿根廷","10","一般贸易","33","浙江省","2","千克","0","?","4,072",
"202511","85177950","光通信设备的激光收发模块","402","阿根廷","10","一般贸易","42","湖北省","3","千克","0","?","1,044",
"202511","85177950","光通信设备的激光收发模块","402","阿根廷","10","一般贸易","43","湖南省","1","千克","0","?","796",
"202511","85177950","光通信设备的激光收发模块","402","阿根廷","10","一般贸易","44","广东省","93","千克","0","?","180,309",
"202511","85177950","光通信设备的激光收发模块","402","阿根廷","15","进料加工贸易","44","广东省","0","千克","0","?","649",
"202511","85177950","光通信设备的激光收发模块","402","阿根廷","33","保税监管场所进出境货物","44","广东省","4","千克","0","?","1,500",
"202511","85177950","光通信设备的激光收发模块","402","阿根廷","34","海关特殊监管区域物流货物","32","江苏省","285","千克","0","?","45,095",
"202511","85177950","光通信设备的激光收发模块","405","巴巴多斯","10","一般贸易","44","广东省","3","千克","0","?","350",
"202511","85177950","光通信设备的激光收发模块","408","玻利维亚
","10","一般贸易","44","广东省","0","千克","0","?","771",
"202511","85177950","光通信设备的激光收发模块","410","巴西","10","一般贸易","11","北京市","3","千克","0","?","4,095",
"202511","85177950","光通信设备的激光收发模块","410","巴西","10","一般贸易","31","上海市","47","千克","0","?","58,710",
"202511","85177950","光通信设备的激光收发模块","410","巴西","10","一般贸易","32","江苏省","74","千克","0","?","256,571",
"202511","85177950","光通信设备的激光收发模块","410","巴西","10","一般贸易","33","浙江省","25","千克","0","?","19,608",
"202511","85177950","光通信设备的激光收发模块","410","巴西","10","一般贸易","35","福建省","57","千克","0","?","2,263",
"202511","85177950","光通信设备的激光收发模块","410","巴西","10","一般贸易","37","山东省","1","千克","0","?","971",
"202511","85177950","光通信设备的激光收发模块","410","巴西","10","一般贸易","41","河南省","23","千克","0","?","34,208",
"202511","85177950","光通信设备的激光收发模块","410","巴西","10","一般贸易","42","湖北省","289","千克","0","?","510,180",
"202511","85177950","光通信设备的激光收发模块","410","巴西","10","一般贸易","44","广东省","2720","千克","0","?","1,743,970",
"202511","85177950","光通信设备的激光收发模块","410","巴西","10","一般贸易","50","重庆市","23","千克","0","?","450",
"202511","85177950","光通信设备的激光收发模块","410","巴西","10","一般贸易","51","四川省","171","千克","0","?","48,107",
"202511","85177950","光通信设备的激光收发模块","410","巴西","10","一般贸易","52","贵州省","7","千克","0","?","2,027",
"202511","85177950","光通信设备的激光收发模块","410","巴西","15","进料加工贸易","32","江苏省","5","千克","0","?","3,245",
"202511","85177950","光通信设备的激光收发模块","410","巴西","15","进料加工贸易","44","广东省","0","千克","0","?","148",
"202511","85177950","光通信设备的激光收发模块","410","巴西","15","进料加工贸易","51","四川省","63","千克","0","?","134,020",
"202511","85177950","光通信设备的激光收发模块","410","巴西","33","保税监管场所进出境货物","44","广东省","27","千克","0","?","7,792",
"202511","85177950","光通信设备的激光收发模块","410","巴西","34","海关特殊监管区域物流货物","32","江苏省","1880","千克","0","?","1,063,456",
"202511","85177950","光通信设备的激光收发模块","410","巴西","39","其他","32","江苏省","0","千克","0","?","15",
"202511","85177950","光通信设备的激光收发模块","412","智利","10","一般贸易","33","浙江省","8","千克","0","?","9,548",
"202511","85177950","光通信设备的激光收发模块","412","智利","10","一般贸易","36","江西省","0","千克","0","?","825",
"202511","85177950","光通信设备的激光收发模块","412","智利","10","一般贸易","42","湖北省","68","千克","0","?","310,852",
"202511","85177950","光通信设备的激光收发模块","412","智利","10","一般贸易","44","广东省","54","千克","0","?","21,774",
"202511","85177950","光通信设备的激光收发模块","412","智利","34","海关特殊监管区域物流货物","32","江苏省","141","千克","0","?","131,114",
"202511","85177950","光通信设备的激光收发模块","413","哥伦比亚","10","一般贸易","32","江苏省","2","千克","0","?","1,185",
"202511","85177950","光通信设备的激光收发模块","413","哥伦比亚","10","一般贸易","33","浙江省","14","千克","0","?","14,486",
"202511","85177950","光通信设备的激光收发模块","413","哥伦比亚","10","一般贸易","35","福建省","3","千克","0","?","3,140",
"202511","85177950","光通信设备的激光收发模块","413","哥伦比亚","10","一般贸易","42","湖北省","7","千克","0","?","56,318",
"202511","85177950","光通信设备的激光收发模块","413","哥伦比亚","10","一般贸易","44","广东省","233","千克","0","?","93,780",
"202511","85177950","光通信设备的激光收发模块","413","哥伦比亚","33","保税监管场所进出境货物","44","广东省","30","千克","0","?","3,111",
"202511","85177950","光通信设备的激光收发模块","415","哥斯达黎加","10","一般贸易","44","广东省","2","千克","0","?","3,728",
"202511","85177950","光通信设备的激光收发模块","415","哥斯达黎加","33","保税监管场所进出境货物","44","广东省","2","千克","0","?","1,650",
"202511","85177950","光通信设备的激光收发模块","415","哥斯达黎加","34","海关特殊监管区域物流货物","32","江苏省","5","千克","0","?","698",
"202511","85177950","光通信设备的激光收发模块","416","古巴","10","一般贸易","11","北京市","0","千克","0","?","44",
"202511","85177950","光通信设备的激光收发模块","416","古巴","10","一般贸易","46","海南省","1","千克","0","?","71",
"202511","85177950","光通信设备的激光收发模块","417","库拉索
","10","一般贸易","50","重庆市","4","千克","0","?","30",
"202511","85177950","光通信设备的激光收发模块","418","多米尼加
","10","一般贸易","42","湖北省","0","千克","0","?","2,460",
"202511","85177950","光通信设备的激光收发模块","418","多米尼加
","10","一般贸易","44","广东省","158","千克","0","?","57,559",
"202511","85177950","光通信设备的激光收发模块","419","厄瓜多尔","10","一般贸易","21","辽宁省","2","千克","0","?","1,440",
"202511","85177950","光通信设备的激光收发模块","419","厄瓜多尔","10","一般贸易","42","湖北省","3","千克","0","?","336",
"202511","85177950","光通信设备的激光收发模块","419","厄瓜多尔","10","一般贸易","44","广东省","54","千克","0","?","125,654",
"202511","85177950","光通信设备的激光收发模块","419","厄瓜多尔","10","一般贸易","46","海南省","0","千克","0","?","100",
"202511","85177950","光通信设备的激光收发模块","419","厄瓜多尔","33","保税监管场所进出境货物","44","广东省","7","千克","0","?","6,228",
"202511","85177950","光通信设备的激光收发模块","419","厄瓜多尔","34","海关特殊监管区域物流货物","32","江苏省","4","千克","0","?","1,027",
"202511","85177950","光通信设备的激光收发模块","421","格林纳达","10","一般贸易","44","广东省","0","千克","0","?","171",
"202511","85177950","光通信设备的激光收发模块","423","危地马拉","10","一般贸易","44","广东省","0","千克","0","?","1,109",
"202511","85177950","光通信设备的激光收发模块","424","圭亚那","10","一般贸易","44","广东省","14","千克","0","?","9,903",
"202511","85177950","光通信设备的激光收发模块","426","洪都拉斯","10","一般贸易","33","浙江省","4","千克","0","?","2,144",
"202511","85177950","光通信设备的激光收发模块","426","洪都拉斯","10","一般贸易","44","广东省","4","千克","0","?","3,401",
"202511","85177950","光通信设备的激光收发模块","427","牙买加","10","一般贸易","37","山东省","0","千克","0","?","115",
"202511","85177950","光通信设备的激光收发模块","427","牙买加","10","一般贸易","44","广东省","2","千克","0","?","514",
"202511","85177950","光通信设备的激光收发模块","429","墨西哥","10","一般贸易","11","北京市","380","千克","0","?","131,198",
"202511","85177950","光通信设备的激光收发模块","429","墨西哥","10","一般贸易","32","江苏省","244","千克","0","?","431,729",
"202511","85177950","光通信设备的激光收发模块","429","墨西哥","10","一般贸易","33","浙江省","90","千克","0","?","205,221",
"202511","85177950","光通信设备的激光收发模块","429","墨西哥","10","一般贸易","35","福建省","4","千克","0","?","4,430",
"202511","85177950","光通信设备的激光收发模块","429","墨西哥","10","一般贸易","42","湖北省","1428","千克","0","?","1,253,422",
"202511","85177950","光通信设备的激光收发模块","429","墨西哥","10","一般贸易","44","广东省","6713","千克","0","?","24,182,754",
"202511","85177950","光通信设备的激光收发模块","429","墨西哥","10","一般贸易","51","四川省","327","千克","0","?","546,442",
"202511","85177950","光通信设备的激光收发模块","429","墨西哥","10","一般贸易","65","新疆维吾尔自治区","1","千克","0","?","160",
"202511","85177950","光通信设备的激光收发模块","429","墨西哥","15","进料加工贸易","32","江苏省","121","千克","0","?","70,187",
"202511","85177950","光通信设备的激光收发模块","429","墨西哥","15","进料加工贸易","44","广东省","1","千克","0","?","17,779",
"202511","85177950","光通信设备的激光收发模块","429","墨西哥","15","进料加工贸易","51","四川省","711","千克","0","?","1,477,293",
"202511","85177950","光通信设备的激光收发模块","429","墨西哥","33","保税监管场所进出境货物","44","广东省","7","千克","0","?","16,310",
"202511","85177950","光通信设备的激光收发模块","429","墨西哥","34","海关特殊监管区域物流货物","32","江苏省","11","千克","0","?","2,825",
"202511","85177950","光通信设备的激光收发模块","431","尼加拉瓜","10","一般贸易","44","广东省","30","千克","0","?","7,443",
"202511","85177950","光通信设备的激光收发模块","432","巴拿马","10","一般贸易","31","上海市","0","千克","0","?","42",
"202511","85177950","光通信设备的激光收发模块","432","巴拿马","10","一般贸易","33","浙江省","26","千克","0","?","6,597",
"202511","85177950","光通信设备的激光收发模块","432","巴拿马","10","一般贸易","44","广东省","1060","千克","0","?","964,806",
"202511","85177950","光通信设备的激光收发模块","432","巴拿马","34","海关特殊监管区域物流货物","32","江苏省","23","千克","0","?","7,768",
"202511","85177950","光通信设备的激光收发模块","433","巴拉圭","10","一般贸易","33","浙江省","0","千克","0","?","262",
"202511","85177950","光通信设备的激光收发模块","433","巴拉圭","10","一般贸易","44","广东省","360","千克","0","?","157,651",
"202511","85177950","光通信设备的激光收发模块","434","秘鲁","10","一般贸易","32","江苏省","1","千克","0","?","406",
"202511","85177950","光通信设备的激光收发模块","434","秘鲁","10","一般贸易","33","浙江省","53","千克","0","?","9,004",
"202511","85177950","光通信设备的激光收发模块","434","秘鲁","10","一般贸易","35","福建省","1","千克","0","?","1,632",
"202511","85177950","光通信设备的激光收发模块","434","秘鲁","10","一般贸易","41","河南省","0","千克","0","?","146",
"202511","85177950","光通信设备的激光收发模块","434","秘鲁","10","一般贸易","42","湖北省","28","千克","0","?","16,141",
"202511","85177950","光通信设备的激光收发模块","434","秘鲁","10","一般贸易","44","广东省","105","千克","0","?","54,106",
"202511","85177950","光通信设备的激光收发模块","434","秘鲁","15","进料加工贸易","44","广东省","0","千克","0","?","1,095",
"202511","85177950","光通信设备的激光收发模块","434","秘鲁","33","保税监管场所进出境货物","44","广东省","1","千克","0","?","1,040",
"202511","85177950","光通信设备的激光收发模块","434","秘鲁","34","海关特殊监管区域物流货物","32","江苏省","7","千克","0","?","1,077",
"202511","85177950","光通信设备的激光收发模块","435","波多黎各","10","一般贸易","44","广东省","0","千克","0","?","1,180",
"202511","85177950","光通信设备的激光收发模块","435","波多黎各","34","海关特殊监管区域物流货物","32","江苏省","7","千克","0","?","1,547",
"202511","85177950","光通信设备的激光收发模块","440","萨尔瓦多","10","一般贸易","33","浙江省","1","千克","0","?","156",
"202511","85177950","光通信设备的激光收发模块","440","萨尔瓦多","10","一般贸易","41","河南省","0","千克","0","?","583",
"202511","85177950","光通信设备的激光收发模块","440","萨尔瓦多","10","一般贸易","44","广东省","2","千克","0","?","499",
"202511","85177950","光通信设备的激光收发模块","442","特立尼达和多巴哥","10","一般贸易","44","广东省","0","千克","0","?","741",
"202511","85177950","光通信设备的激光收发模块","444","乌拉圭","10","一般贸易","44","广东省","7","千克","0","?","972",
"202511","85177950","光通信设备的激光收发模块","445","委内瑞拉","10","一般贸易","33","浙江省","19","千克","0","?","19,940",
"202511","85177950","光通信设备的激光收发模块","445","委内瑞拉","10","一般贸易","44","广东省","120","千克","0","?","446,829",
"202511","85177950","光通信设备的激光收发模块","501","加拿大","10","一般贸易","31","上海市","11","千克","0","?","57,128",
"202511","85177950","光通信设备的激光收发模块","501","加拿大","10","一般贸易","32","江苏省","7","千克","0","?","24,815",
"202511","85177950","光通信设备的激光收发模块","501","加拿大","10","一般贸易","33","浙江省","43","千克","0","?","93,156",
"202511","85177950","光通信设备的激光收发模块","501","加拿大","10","一般贸易","37","山东省","0","千克","0","?","16",
"202511","85177950","光通信设备的激光收发模块","501","加拿大","10","一般贸易","42","湖北省","252","千克","0","?","71,746",
"202511","85177950","光通信设备的激光收发模块","501","加拿大","10","一般贸易","43","湖南省","26","千克","0","?","11,538",
"202511","85177950","光通信设备的激光收发模块","501","加拿大","10","一般贸易","44","广东省","862","千克","0","?","1,115,746",
"202511","85177950","光通信设备的激光收发模块","501","加拿大","10","一般贸易","50","重庆市","10","千克","0","?","28",
"202511","85177950","光通信设备的激光收发模块","501","加拿大","10","一般贸易","51","四川省","11","千克","0","?","51,100",
"202511","85177950","光通信设备的激光收发模块","501","加拿大","15","进料加工贸易","32","江苏省","1","千克","0","?","2,491",
"202511","85177950","光通信设备的激光收发模块","501","加拿大","15","进料加工贸易","44","广东省","0","千克","0","?","1,943",
"202511","85177950","光通信设备的激光收发模块","501","加拿大","15","进料加工贸易","51","四川省","5","千克","0","?","39,782",
"202511","85177950","光通信设备的激光收发模块","501","加拿大","34","海关特殊监管区域物流货物","32","江苏省","1158","千克","0","?","198,598",
"202511","85177950","光通信设备的激光收发模块","502","美国","10","一般贸易","11","北京市","4","千克","0","?","13,684",
"202511","85177950","光通信设备的激光收发模块","502","美国","10","一般贸易","31","上海市","228","千克","0","?","428,895",
"202511","85177950","光通信设备的激光收发模块","502","美国","10","一般贸易","32","江苏省","3074","千克","0","?","6,472,834",
"202511","85177950","光通信设备的激光收发模块","502","美国","10","一般贸易","33","浙江省","155","千克","0","?","331,799",
"202511","85177950","光通信设备的激光收发模块","502","美国","10","一般贸易","34","安徽省","3","千克","0","?","5,430",
"202511","85177950","光通信设备的激光收发模块","502","美国","10","一般贸易","35","福建省","1","千克","0","?","562",
"202511","85177950","光通信设备的激光收发模块","502","美国","10","一般贸易","36","江西省","6","千克","0","?","11,130",
"202511","85177950","光通信设备的激光收发模块","502","美国","10","一般贸易","37","山东省","25","千克","0","?","30,220",
"202511","85177950","光通信设备的激光收发模块","502","美国","10","一般贸易","42","湖北省","3954","千克","0","?","7,519,816",
"202511","85177950","光通信设备的激光收发模块","502","美国","10","一般贸易","44","广东省","13918","千克","0","?","11,990,043",
"202511","85177950","光通信设备的激光收发模块","502","美国","10","一般贸易","46","海南省","0","千克","0","?","28",
"202511","85177950","光通信设备的激光收发模块","502","美国","10","一般贸易","50","重庆市","105","千克","0","?","22,351",
"202511","85177950","光通信设备的激光收发模块","502","美国","10","一般贸易","51","四川省","1448","千克","0","?","5,193,543",
"202511","85177950","光通信设备的激光收发模块","502","美国","10","一般贸易","65","新疆维吾尔自治区","20","千克","0","?","1,650",
"202511","85177950","光通信设备的激光收发模块","502","美国","15","进料加工贸易","32","江苏省","2735","千克","0","?","5,188,765",
"202511","85177950","光通信设备的激光收发模块","502","美国","15","进料加工贸易","33","浙江省","4","千克","0","?","3,459",
"202511","85177950","光通信设备的激光收发模块","502","美国","15","进料加工贸易","44","广东省","109","千克","0","?","131,724",
"202511","85177950","光通信设备的激光收发模块","502","美国","15","进料加工贸易","51","四川省","475","千克","0","?","1,006,387",
"202511","85177950","光通信设备的激光收发模块","502","美国","33","保税监管场所进出境货物","32","江苏省","0","千克","0","?","1,949",
"202511","85177950","光通信设备的激光收发模块","502","美国","33","保税监管场所进出境货物","44","广东省","3","千克","0","?","175",
"202511","85177950","光通信设备的激光收发模块","502","美国","34","海关特殊监管区域物流货物","11","北京市","0","千克","0","?","1,277",
"202511","85177950","光通信设备的激光收发模块","502","美国","34","海关特殊监管区域物流货物","32","江苏省","15","千克","0","?","110,054",
"202511","85177950","光通信设备的激光收发模块","502","美国","34","海关特殊监管区域物流货物","44","广东省","22","千克","0","?","13,420",
"202511","85177950","光通信设备的激光收发模块","601","澳大利亚","10","一般贸易","31","上海市","9","千克","0","?","3,022",
"202511","85177950","光通信设备的激光收发模块","601","澳大利亚","10","一般贸易","32","江苏省","0","千克","0","?","26,179",
"202511","85177950","光通信设备的激光收发模块","601","澳大利亚","10","一般贸易","33","浙江省","2","千克","0","?","495",
"202511","85177950","光通信设备的激光收发模块","601","澳大利亚","10","一般贸易","35","福建省","0","千克","0","?","198",
"202511","85177950","光通信设备的激光收发模块","601","澳大利亚","10","一般贸易","37","山东省","4","千克","0","?","523",
"202511","85177950","光通信设备的激光收发模块","601","澳大利亚","10","一般贸易","42","湖北省","1","千克","0","?","4,182",
"202511","85177950","光通信设备的激光收发模块","601","澳大利亚","10","一般贸易","44","广东省","560","千克","0","?","663,775",
"202511","85177950","光通信设备的激光收发模块","601","澳大利亚","10","一般贸易","45","广西壮族自治区","1","千克","0","?","100",
"202511","85177950","光通信设备的激光收发模块","601","澳大利亚","10","一般贸易","51","四川省","21","千克","0","?","27,254",
"202511","85177950","光通信设备的激光收发模块","601","澳大利亚","10","一般贸易","61","陕西省","2","千克","0","?","1,118",
"202511","85177950","光通信设备的激光收发模块","601","澳大利亚","15","进料加工贸易","32","江苏省","270","千克","0","?","42,563",
"202511","85177950","光通信设备的激光收发模块","601","澳大利亚","15","进料加工贸易","35","福建省","1","千克","0","?","6,716",
"202511","85177950","光通信设备的激光收发模块","601","澳大利亚","15","进料加工贸易","44","广东省","0","千克","0","?","4,458",
"202511","85177950","光通信设备的激光收发模块","601","澳大利亚","33","保税监管场所进出境货物","32","江苏省","9","千克","0","?","5,213",
"202511","85177950","光通信设备的激光收发模块","601","澳大利亚","34","海关特殊监管区域物流货物","32","江苏省","314","千克","0","?","123,128",
"202511","85177950","光通信设备的激光收发模块","601","澳大利亚","39","其他","44","广东省","2","千克","0","?","7,432",
"202511","85177950","光通信设备的激光收发模块","603","斐济","10","一般贸易","44","广东省","4","千克","0","?","2,350",
"202511","85177950","光通信设备的激光收发模块","607","新喀里多尼亚","10","一般贸易","44","广东省","11","千克","0","?","6,228",
"202511","85177950","光通信设备的激光收发模块","609","新西兰","10","一般贸易","32","江苏省","43","千克","0","?","14,570",
"202511","85177950","光通信设备的激光收发模块","609","新西兰","10","一般贸易","35","福建省","0","千克","0","?","374",
"202511","85177950","光通信设备的激光收发模块","609","新西兰","10","一般贸易","42","湖北省","5","千克","0","?","5,649",
"202511","85177950","光通信设备的激光收发模块","609","新西兰","10","一般贸易","43","湖南省","4","千克","0","?","10,805",
"202511","85177950","光通信设备的激光收发模块","609","新西兰","10","一般贸易","44","广东省","30","千克","0","?","38,457",
"202511","85177950","光通信设备的激光收发模块","609","新西兰","10","一般贸易","51","四川省","1","千克","0","?","940",
"202511","85177950","光通信设备的激光收发模块","609","新西兰","15","进料加工贸易","35","福建省","1","千克","0","?","1,363",
"202511","85177950","光通信设备的激光收发模块","609","新西兰","15","进料加工贸易","44","广东省","0","千克","0","?","21",
"202511","85177950","光通信设备的激光收发模块","609","新西兰","33","保税监管场所进出境货物","44","广东省","10","千克","0","?","130",
"202511","85177950","光通信设备的激光收发模块","609","新西兰","34","海关特殊监管区域物流货物","32","江苏省","164","千克","0","?","87,943",
"202511","85177950","光通信设备的激光收发模块","611","巴布亚新几内亚","10","一般贸易","44","广东省","6","千克","0","?","7,305",
"202511","85177950","光通信设备的激光收发模块","611","巴布亚新几内亚","34","海关特殊监管区域物流货物","32","江苏省","1","千克","0","?","195",
"202511","85177950","光通信设备的激光收发模块","613","所罗门群岛","10","一般贸易","44","广东省","2","千克","0","?","505",
"202511","85177950","光通信设备的激光收发模块","617","萨摩亚","10","一般贸易","44","广东省","2","千克","0","?","2,788",
"202511","85177950","光通信设备的激光收发模块","623","法属波利尼西亚","10","一般贸易","44","广东省","3","千克","0","?","1,638",
"202512","85177950","光通信设备的激光收发模块","101","阿富汗","10","一般贸易","44","广东省","55","千克","0","?","89,613",
"202512","85177950","光通信设备的激光收发模块","102","巴林","10","一般贸易","12","天津市","1","千克","0","?","48",
"202512","85177950","光通信设备的激光收发模块","102","巴林","10","一般贸易","35","福建省","14","千克","0","?","15,032",
"202512","85177950","光通信设备的激光收发模块","102","巴林","10","一般贸易","44","广东省","3","千克","0","?","4,471",
"202512","85177950","光通信设备的激光收发模块","102","巴林","10","一般贸易","45","广西壮族自治区","0","千克","0","?","72",
"202512","85177950","光通信设备的激光收发模块","103","孟加拉国","10","一般贸易","31","上海市","176","千克","0","?","50,598",
"202512","85177950","光通信设备的激光收发模块","103","孟加拉国","10","一般贸易","32","江苏省","5","千克","0","?","16,797",
"202512","85177950","光通信设备的激光收发模块","103","孟加拉国","10","一般贸易","33","浙江省","1","千克","0","?","1,320",
"202512","85177950","光通信设备的激光收发模块","103","孟加拉国","10","一般贸易","37","山东省","5","千克","0","?","1,910",
"202512","85177950","光通信设备的激光收发模块","103","孟加拉国","10","一般贸易","42","湖北省","2","千克","0","?","1,338",
"202512","85177950","光通信设备的激光收发模块","103","孟加拉国","10","一般贸易","44","广东省","153","千克","0","?","63,873",
"202512","85177950","光通信设备的激光收发模块","103","孟加拉国","10","一般贸易","51","四川省","2","千克","0","?","920",
"202512","85177950","光通信设备的激光收发模块","104","不丹","34","海关特殊监管区域物流货物","32","江苏省","8","千克","0","?","1,934",
"202512","85177950","光通信设备的激光收发模块","105","文莱","10","一般贸易","33","浙江省","1","千克","0","?","745",
"202512","85177950","光通信设备的激光收发模块","105","文莱","10","一般贸易","44","广东省","26","千克","0","?","12,469",
"202512","85177950","光通信设备的激光收发模块","105","文莱","34","海关特殊监管区域物流货物","32","江苏省","0","千克","0","?","770",
"202512","85177950","光通信设备的激光收发模块","106","缅甸","10","一般贸易","15","内蒙古自治区","20","千克","0","?","636",
"202512","85177950","光通信设备的激光收发模块","106","缅甸","10","一般贸易","33","浙江省","0","千克","0","?","4,838",
"202512","85177950","光通信设备的激光收发模块","106","缅甸","10","一般贸易","35","福建省","8","千克","0","?","1,512",
"202512","85177950","光通信设备的激光收发模块","106","缅甸","10","一般贸易","44","广东省","25","千克","0","?","104,441",
"202512","85177950","光通信设备的激光收发模块","106","缅甸","19","边境小额贸易","53","云南省","249","千克","0","?","42",
"202512","85177950","光通信设备的激光收发模块","107","柬埔寨","10","一般贸易","33","浙江省","9","千克","0","?","4,126",
"202512","85177950","光通信设备的激光收发模块","107","柬埔寨","10","一般贸易","35","福建省","5","千克","0","?","5,861",
"202512","85177950","光通信设备的激光收发模块","107","柬埔寨","10","一般贸易","37","山东省","130","千克","0","?","8,158",
"202512","85177950","光通信设备的激光收发模块","107","柬埔寨","10","一般贸易","44","广东省","138","千克","0","?","365,608",
"202512","85177950","光通信设备的激光收发模块","107","柬埔寨","34","海关特殊监管区域物流货物","32","江苏省","23","千克","0","?","10,807",
"202512","85177950","光通信设备的激光收发模块","108","塞浦路斯","10","一般贸易","12","天津市","2","千克","0","?","35",
"202512","85177950","光通信设备的激光收发模块","108","塞浦路斯","10","一般贸易","44","广东省","19","千克","0","?","815",
"202512","85177950","光通信设备的激光收发模块","108","塞浦路斯","10","一般贸易","52","贵州省","1","千克","0","?","76",
"202512","85177950","光通信设备的激光收发模块","108","塞浦路斯","10","一般贸易","61","陕西省","0","千克","0","?","4",
"202512","85177950","光通信设备的激光收发模块","110","中国香港","10","一般贸易","11","北京市","948","千克","0","?","166,226",
"202512","85177950","光通信设备的激光收发模块","110","中国香港","10","一般贸易","12","天津市","3","千克","0","?","2,213",
"202512","85177950","光通信设备的激光收发模块","110","中国香港","10","一般贸易","15","内蒙古自治区","333","千克","0","?","165",
"202512","85177950","光通信设备的激光收发模块","110","中国香港","10","一般贸易","21","辽宁省","1","千克","0","?","41,511",
"202512","85177950","光通信设备的激光收发模块","110","中国香港","10","一般贸易","31","上海市","218","千克","0","?","1,030,847",
"202512","85177950","光通信设备的激光收发模块","110","中国香港","10","一般贸易","32","江苏省","688","千克","0","?","1,207,861",
"202512","85177950","光通信设备的激光收发模块","110","中国香港","10","一般贸易","33","浙江省","536","千克","0","?","1,319,449",
"202512","85177950","光通信设备的激光收发模块","110","中国香港","10","一般贸易","34","安徽省","659","千克","0","?","1,415,869",
"202512","85177950","光通信设备的激光收发模块","110","中国香港","10","一般贸易","35","福建省","15","千克","0","?","37,788",
"202512","85177950","光通信设备的激光收发模块","110","中国香港","10","一般贸易","37","山东省","26","千克","0","?","9,133",
"202512","85177950","光通信设备的激光收发模块","110","中国香港","10","一般贸易","41","河南省","7","千克","0","?","50,602",
"202512","85177950","光通信设备的激光收发模块","110","中国香港","10","一般贸易","42","湖北省","1791","千克","0","?","3,355,080",
"202512","85177950","光通信设备的激光收发模块","110","中国香港","10","一般贸易","43","湖南省","144","千克","0","?","273,752",
"202512","85177950","光通信设备的激光收发模块","110","中国香港","10","一般贸易","44","广东省","3833","千克","0","?","3,744,042",
"202512","85177950","光通信设备的激光收发模块","110","中国香港","10","一般贸易","45","广西壮族自治区","0","千克","0","?","3,446",
"202512","85177950","光通信设备的激光收发模块","110","中国香港","10","一般贸易","46","海南省","0","千克","0","?","144",
"202512","85177950","光通信设备的激光收发模块","110","中国香港","10","一般贸易","51","四川省","1148","千克","0","?","1,296,946",
"202512","85177950","光通信设备的激光收发模块","110","中国香港","10","一般贸易","52","贵州省","47","千克","0","?","31,140",
"202512","85177950","光通信设备的激光收发模块","110","中国香港","15","进料加工贸易","32","江苏省","3900","千克","0","?","6,290,978",
"202512","85177950","光通信设备的激光收发模块","110","中国香港","15","进料加工贸易","33","浙江省","122","千克","0","?","146,088",
"202512","85177950","光通信设备的激光收发模块","110","中国香港","15","进料加工贸易","35","福建省","15","千克","0","?","19,521",
"202512","85177950","光通信设备的激光收发模块","110","中国香港","15","进料加工贸易","44","广东省","328","千克","0","?","292,548",
"202512","85177950","光通信设备的激光收发模块","110","中国香港","15","进料加工贸易","51","四川省","56","千克","0","?","139,640",
"202512","85177950","光通信设备的激光收发模块","110","中国香港","33","保税监管场所进出境货物","44","广东省","6","千克","0","?","15,809",
"202512","85177950","光通信设备的激光收发模块","110","中国香港","34","海关特殊监管区域物流货物","32","江苏省","110","千克","0","?","143,949",
"202512","85177950","光通信设备的激光收发模块","110","中国香港","34","海关特殊监管区域物流货物","44","广东省","1275","千克","0","?","969,254",
"202512","85177950","光通信设备的激光收发模块","111","印度","10","一般贸易","15","内蒙古自治区","37","千克","0","?","294",
"202512","85177950","光通信设备的激光收发模块","111","印度","10","一般贸易","31","上海市","254","千克","0","?","47,876",
"202512","85177950","光通信设备的激光收发模块","111","印度","10","一般贸易","32","江苏省","282","千克","0","?","171,305",
"202512","85177950","光通信设备的激光收发模块","111","印度","10","一般贸易","35","福建省","10","千克","0","?","2,711",
"202512","85177950","光通信设备的激光收发模块","111","印度","10","一般贸易","37","山东省","321","千克","0","?","77,660",
"202512","85177950","光通信设备的激光收发模块","111","印度","10","一般贸易","41","河南省","115","千克","0","?","3,520",
"202512","85177950","光通信设备的激光收发模块","111","印度","10","一般贸易","42","湖北省","2371","千克","0","?","1,522,766",
"202512","85177950","光通信设备的激光收发模块","111","印度","10","一般贸易","44","广东省","2222","千克","0","?","1,000,808",
"202512","85177950","光通信设备的激光收发模块","111","印度","10","一般贸易","50","重庆市","42","千克","0","?","4,000",
"202512","85177950","光通信设备的激光收发模块","111","印度","10","一般贸易","51","四川省","531","千克","0","?","193,047",
"202512","85177950","光通信设备的激光收发模块","111","印度","10","一般贸易","65","新疆维吾尔自治区","11","千克","0","?","1,737",
"202512","85177950","光通信设备的激光收发模块","111","印度","15","进料加工贸易","32","江苏省","50","千克","0","?","124,878",
"202512","85177950","光通信设备的激光收发模块","111","印度","15","进料加工贸易","44","广东省","2","千克","0","?","2,350",
"202512","85177950","光通信设备的激光收发模块","111","印度","15","进料加工贸易","51","四川省","11","千克","0","?","80,160",
"202512","85177950","光通信设备的激光收发模块","111","印度","34","海关特殊监管区域物流货物","31","上海市","58","千克","0","?","128,722",
"202512","85177950","光通信设备的激光收发模块","111","印度","34","海关特殊监管区域物流货物","32","江苏省","1482","千克","0","?","517,105",
"202512","85177950","光通信设备的激光收发模块","112","印度尼西亚","10","一般贸易","11","北京市","48","千克","0","?","26,696",
"202512","85177950","光通信设备的激光收发模块","112","印度尼西亚","10","一般贸易","14","山西省","180","千克","0","?","12,205",
"202512","85177950","光通信设备的激光收发模块","112","印度尼西亚","10","一般贸易","31","上海市","25","千克","0","?","16,273",
"202512","85177950","光通信设备的激光收发模块","112","印度尼西亚","10","一般贸易","32","江苏省","15","千克","0","?","14,540",
"202512","85177950","光通信设备的激光收发模块","112","印度尼西亚","10","一般贸易","33","浙江省","29","千克","0","?","21,730",
"202512","85177950","光通信设备的激光收发模块","112","印度尼西亚","10","一般贸易","35","福建省","48","千克","0","?","65,197",
"202512","85177950","光通信设备的激光收发模块","112","印度尼西亚","10","一般贸易","37","山东省","88","千克","0","?","3,140",
"202512","85177950","光通信设备的激光收发模块","112","印度尼西亚","10","一般贸易","41","河南省","19","千克","0","?","359",
"202512","85177950","光通信设备的激光收发模块","112","印度尼西亚","10","一般贸易","42","湖北省","248","千克","0","?","170,144",
"202512","85177950","光通信设备的激光收发模块","112","印度尼西亚","10","一般贸易","43","湖南省","18","千克","0","?","5,010",
"202512","85177950","光通信设备的激光收发模块","112","印度尼西亚","10","一般贸易","44","广东省","5076","千克","0","?","3,177,790",
"202512","85177950","光通信设备的激光收发模块","112","印度尼西亚","10","一般贸易","45","广西壮族自治区","24","千克","0","?","252",
"202512","85177950","光通信设备的激光收发模块","112","印度尼西亚","10","一般贸易","52","贵州省","97","千克","0","?","52,548",
"202512","85177950","光通信设备的激光收发模块","112","印度尼西亚","10","一般贸易","65","新疆维吾尔自治区","7","千克","0","?","5,500",
"202512","85177950","光通信设备的激光收发模块","112","印度尼西亚","15","进料加工贸易","35","福建省","0","千克","0","?","3,280",
"202512","85177950","光通信设备的激光收发模块","112","印度尼西亚","15","进料加工贸易","44","广东省","0","千克","0","?","11,136",
"202512","85177950","光通信设备的激光收发模块","112","印度尼西亚","33","保税监管场所进出境货物","44","广东省","6","千克","0","?","11,267",
"202512","85177950","光通信设备的激光收发模块","112","印度尼西亚","34","海关特殊监管区域物流货物","32","江苏省","869","千克","0","?","238,756",
"202512","85177950","光通信设备的激光收发模块","113","伊朗","10","一般贸易","44","广东省","142","千克","0","?","5,370,057",
"202512","85177950","光通信设备的激光收发模块","114","伊拉克","10","一般贸易","12","天津市","1","千克","0","?","1,600",
"202512","85177950","光通信设备的激光收发模块","114","伊拉克","10","一般贸易","44","广东省","73","千克","0","?","21,821",
"202512","85177950","光通信设备的激光收发模块","115","以色列","10","一般贸易","31","上海市","1","千克","0","?","178",
"202512","85177950","光通信设备的激光收发模块","115","以色列","10","一般贸易","32","江苏省","58","千克","0","?","227,548",
"202512","85177950","光通信设备的激光收发模块","115","以色列","10","一般贸易","33","浙江省","9","千克","0","?","24,168",
"202512","85177950","光通信设备的激光收发模块","115","以色列","10","一般贸易","42","湖北省","23","千克","0","?","46,446",
"202512","85177950","光通信设备的激光收发模块","115","以色列","10","一般贸易","44","广东省","1222","千克","0","?","474,083",
"202512","85177950","光通信设备的激光收发模块","115","以色列","10","一般贸易","51","四川省","84","千克","0","?","85,166",
"202512","85177950","光通信设备的激光收发模块","115","以色列","10","一般贸易","61","陕西省","6","千克","0","?","1,380",
"202512","85177950","光通信设备的激光收发模块","115","以色列","15","进料加工贸易","32","江苏省","63","千克","0","?","89,786",
"202512","85177950","光通信设备的激光收发模块","115","以色列","34","海关特殊监管区域物流货物","32","江苏省","0","千克","0","?","1,058",
"202512","85177950","光通信设备的激光收发模块","116","日本","10","一般贸易","12","天津市","6","千克","0","?","155",
"202512","85177950","光通信设备的激光收发模块","116","日本","10","一般贸易","31","上海市","53","千克","0","?","114,151",
"202512","85177950","光通信设备的激光收发模块","116","日本","10","一般贸易","32","江苏省","529","千克","0","?","848,629",
"202512","85177950","光通信设备的激光收发模块","116","日本","10","一般贸易","33","浙江省","120","千克","0","?","181,380",
"202512","85177950","光通信设备的激光收发模块","116","日本","10","一般贸易","34","安徽省","1","千克","0","?","10,181",
"202512","85177950","光通信设备的激光收发模块","116","日本","10","一般贸易","35","福建省","1","千克","0","?","3,140",
"202512","85177950","光通信设备的激光收发模块","116","日本","10","一般贸易","37","山东省","434","千克","0","?","846,085",
"202512","85177950","光通信设备的激光收发模块","116","日本","10","一般贸易","42","湖北省","636","千克","0","?","845,073",
"202512","85177950","光通信设备的激光收发模块","116","日本","10","一般贸易","44","广东省","771","千克","0","?","624,601",
"202512","85177950","光通信设备的激光收发模块","116","日本","10","一般贸易","50","重庆市","0","千克","0","?","75",
"202512","85177950","光通信设备的激光收发模块","116","日本","10","一般贸易","51","四川省","530","千克","0","?","492,511",
"202512","85177950","光通信设备的激光收发模块","116","日本","10","一般贸易","52","贵州省","1","千克","0","?","146",
"202512","85177950","光通信设备的激光收发模块","116","日本","10","一般贸易","61","陕西省","1","千克","0","?","640",
"202512","85177950","光通信设备的激光收发模块","116","日本","15","进料加工贸易","32","江苏省","223","千克","0","?","781,722",
"202512","85177950","光通信设备的激光收发模块","116","日本","15","进料加工贸易","35","福建省","115","千克","0","?","78,105",
"202512","85177950","光通信设备的激光收发模块","116","日本","15","进料加工贸易","44","广东省","1","千克","0","?","4,040",
"202512","85177950","光通信设备的激光收发模块","116","日本","15","进料加工贸易","51","四川省","20","千克","0","?","64,441",
"202512","85177950","光通信设备的激光收发模块","116","日本","33","保税监管场所进出境货物","11","北京市","2","千克","0","?","390",
"202512","85177950","光通信设备的激光收发模块","116","日本","34","海关特殊监管区域物流货物","32","江苏省","429","千克","0","?","539,464",
"202512","85177950","光通信设备的激光收发模块","117","约旦","10","一般贸易","12","天津市","0","千克","0","?","10",
"202512","85177950","光通信设备的激光收发模块","117","约旦","10","一般贸易","33","浙江省","0","千克","0","?","427",
"202512","85177950","光通信设备的激光收发模块","117","约旦","10","一般贸易","37","山东省","0","千克","0","?","5",
"202512","85177950","光通信设备的激光收发模块","117","约旦","10","一般贸易","44","广东省","103","千克","0","?","26,118",
"202512","85177950","光通信设备的激光收发模块","117","约旦","10","一般贸易","52","贵州省","0","千克","0","?","3",
"202512","85177950","光通信设备的激光收发模块","117","约旦","10","一般贸易","61","陕西省","0","千克","0","?","4",
"202512","85177950","光通信设备的激光收发模块","117","约旦","10","一般贸易","62","甘肃省","0","千克","0","?","4",
"202512","85177950","光通信设备的激光收发模块","117","约旦","39","其他","42","湖北省","1","千克","0","?","2,965",
"202512","85177950","光通信设备的激光收发模块","118","科威特","10","一般贸易","12","天津市","0","千克","0","?","44",
"202512","85177950","光通信设备的激光收发模块","118","科威特","10","一般贸易","32","江苏省","0","千克","0","?","15",
"202512","85177950","光通信设备的激光收发模块","118","科威特","10","一般贸易","33","浙江省","1","千克","0","?","542",
"202512","85177950","光通信设备的激光收发模块","118","科威特","10","一般贸易","37","山东省","0","千克","0","?","13",
"202512","85177950","光通信设备的激光收发模块","118","科威特","10","一般贸易","42","湖北省","1","千克","0","?","86",
"202512","85177950","光通信设备的激光收发模块","118","科威特","10","一般贸易","44","广东省","2","千克","0","?","2,392",
"202512","85177950","光通信设备的激光收发模块","119","老挝","10","一般贸易","33","浙江省","1","千克","0","?","568",
"202512","85177950","光通信设备的激光收发模块","119","老挝","10","一般贸易","44","广东省","52","千克","0","?","13,020",
"202512","85177950","光通信设备的激光收发模块","119","老挝","34","海关特殊监管区域物流货物","45","广西壮族自治区","1","千克","0","?","126",
"202512","85177950","光通信设备的激光收发模块","120","黎巴嫩","10","一般贸易","33","浙江省","0","千克","0","?","337",
"202512","85177950","光通信设备的激光收发模块","120","黎巴嫩","10","一般贸易","44","广东省","2","千克","0","?","1,442",
"202512","85177950","光通信设备的激光收发模块","121","中国澳门","10","一般贸易","33","浙江省","70","千克","0","?","87,456",
"202512","85177950","光通信设备的激光收发模块","121","中国澳门","10","一般贸易","35","福建省","1","千克","0","?","1,774",
"202512","85177950","光通信设备的激光收发模块","121","中国澳门","10","一般贸易","37","山东省","13","千克","0","?","2,618",
"202512","85177950","光通信设备的激光收发模块","121","中国澳门","10","一般贸易","41","河南省","0","千克","0","?","100",
"202512","85177950","光通信设备的激光收发模块","121","中国澳门","10","一般贸易","44","广东省","154","千克","0","?","65,085",
"202512","85177950","光通信设备的激光收发模块","121","中国澳门","10","一般贸易","52","贵州省","5","千克","0","?","263",
"202512","85177950","光通信设备的激光收发模块","122","马来西亚","10","一般贸易","12","天津市","0","千克","0","?","14",
"202512","85177950","光通信设备的激光收发模块","122","马来西亚","10","一般贸易","31","上海市","3131","千克","0","?","1,924,028",
"202512","85177950","光通信设备的激光收发模块","122","马来西亚","10","一般贸易","32","江苏省","877","千克","0","?","2,477,144",
"202512","85177950","光通信设备的激光收发模块","122","马来西亚","10","一般贸易","33","浙江省","1408","千克","0","?","1,265,389",
"202512","85177950","光通信设备的激光收发模块","122","马来西亚","10","一般贸易","34","安徽省","0","千克","0","?","37",
"202512","85177950","光通信设备的激光收发模块","122","马来西亚","10","一般贸易","35","福建省","43","千克","0","?","93,920",
"202512","85177950","光通信设备的激光收发模块","122","马来西亚","10","一般贸易","36","江西省","5","千克","0","?","13,217",
"202512","85177950","光通信设备的激光收发模块","122","马来西亚","10","一般贸易","37","山东省","198","千克","0","?","878,717",
"202512","85177950","光通信设备的激光收发模块","122","马来西亚","10","一般贸易","41","河南省","67","千克","0","?","21,117",
"202512","85177950","光通信设备的激光收发模块","122","马来西亚","10","一般贸易","42","湖北省","31962","千克","0","?","50,396,532",
"202512","85177950","光通信设备的激光收发模块","122","马来西亚","10","一般贸易","43","湖南省","104","千克","0","?","79,793",
"202512","85177950","光通信设备的激光收发模块","122","马来西亚","10","一般贸易","44","广东省","5927","千克","0","?","5,351,425",
"202512","85177950","光通信设备的激光收发模块","122","马来西亚","10","一般贸易","45","广西壮族自治区","48","千克","0","?","8,917",
"202512","85177950","光通信设备的激光收发模块","122","马来西亚","10","一般贸易","50","重庆市","9","千克","0","?","3,374",
"202512","85177950","光通信设备的激光收发模块","122","马来西亚","10","一般贸易","51","四川省","32","千克","0","?","206,875",
"202512","85177950","光通信设备的激光收发模块","122","马来西亚","10","一般贸易","52","贵州省","20","千克","0","?","7,599",
"202512","85177950","光通信设备的激光收发模块","122","马来西亚","10","一般贸易","62","甘肃省","0","千克","0","?","375",
"202512","85177950","光通信设备的激光收发模块","122","马来西亚","15","进料加工贸易","32","江苏省","73531","千克","0","?","187,998,198",
"202512","85177950","光通信设备的激光收发模块","122","马来西亚","15","进料加工贸易","35","福建省","0","千克","0","?","398",
"202512","85177950","光通信设备的激光收发模块","122","马来西亚","15","进料加工贸易","44","广东省","1916","千克","0","?","2,084,211",
"202512","85177950","光通信设备的激光收发模块","122","马来西亚","34","海关特殊监管区域物流货物","32","江苏省","184","千克","0","?","213,765",
"202512","85177950","光通信设备的激光收发模块","122","马来西亚","34","海关特殊监管区域物流货物","35","福建省","12","千克","0","?","13,556",
"202512","85177950","光通信设备的激光收发模块","122","马来西亚","34","海关特殊监管区域物流货物","44","广东省","5","千克","0","?","1,257",
"202512","85177950","光通信设备的激光收发模块","123","马尔代夫","10","一般贸易","12","天津市","0","千克","0","?","8",
"202512","85177950","光通信设备的激光收发模块","123","马尔代夫","10","一般贸易","33","浙江省","1","千克","0","?","720",
"202512","85177950","光通信设备的激光收发模块","123","马尔代夫","10","一般贸易","44","广东省","17","千克","0","?","17,187",
"202512","85177950","光通信设备的激光收发模块","123","马尔代夫","10","一般贸易","52","贵州省","0","千克","0","?","50",
"202512","85177950","光通信设备的激光收发模块","124","蒙古","10","一般贸易","33","浙江省","6","千克","0","?","3,885",
"202512","85177950","光通信设备的激光收发模块","124","蒙古","10","一般贸易","43","湖南省","45","千克","0","?","246",
"202512","85177950","光通信设备的激光收发模块","124","蒙古","10","一般贸易","44","广东省","0","千克","0","?","1,414",
"202512","85177950","光通信设备的激光收发模块","125","尼泊尔","10","一般贸易","31","上海市","20","千克","0","?","3,100",
"202512","85177950","光通信设备的激光收发模块","125","尼泊尔","10","一般贸易","32","江苏省","2","千克","0","?","800",
"202512","85177950","光通信设备的激光收发模块","125","尼泊尔","10","一般贸易","33","浙江省","1","千克","0","?","751",
"202512","85177950","光通信设备的激光收发模块","125","尼泊尔","10","一般贸易","34","安徽省","0","千克","0","?","120",
"202512","85177950","光通信设备的激光收发模块","125","尼泊尔","10","一般贸易","44","广东省","33","千克","0","?","11,218",
"202512","85177950","光通信设备的激光收发模块","125","尼泊尔","10","一般贸易","50","重庆市","0","千克","0","?","936",
"202512","85177950","光通信设备的激光收发模块","126","阿曼","10","一般贸易","12","天津市","0","千克","0","?","8",
"202512","85177950","光通信设备的激光收发模块","126","阿曼","10","一般贸易","33","浙江省","1","千克","0","?","322",
"202512","85177950","光通信设备的激光收发模块","126","阿曼","10","一般贸易","42","湖北省","0","千克","0","?","30",
"202512","85177950","光通信设备的激光收发模块","126","阿曼","10","一般贸易","44","广东省","11","千克","0","?","8,461",
"202512","85177950","光通信设备的激光收发模块","127","巴基斯坦","10","一般贸易","12","天津市","3","千克","0","?","29,664",
"202512","85177950","光通信设备的激光收发模块","127","巴基斯坦","10","一般贸易","13","河北省","12","千克","0","?","105,679",
"202512","85177950","光通信设备的激光收发模块","127","巴基斯坦","10","一般贸易","33","浙江省","173","千克","0","?","99,689",
"202512","85177950","光通信设备的激光收发模块","127","巴基斯坦","10","一般贸易","35","福建省","0","千克","0","?","222",
"202512","85177950","光通信设备的激光收发模块","127","巴基斯坦","10","一般贸易","42","湖北省","1","千克","0","?","60",
"202512","85177950","光通信设备的激光收发模块","127","巴基斯坦","10","一般贸易","44","广东省","674","千克","0","?","484,514",
"202512","85177950","光通信设备的激光收发模块","127","巴基斯坦","10","一般贸易","50","重庆市","28","千克","0","?","115",
"202512","85177950","光通信设备的激光收发模块","127","巴基斯坦","10","一般贸易","51","四川省","41","千克","0","?","384",
"202512","85177950","光通信设备的激光收发模块","127","巴基斯坦","33","保税监管场所进出境货物","44","广东省","24","千克","0","?","11,884",
"202512","85177950","光通信设备的激光收发模块","127","巴基斯坦","34","海关特殊监管区域物流货物","32","江苏省","41","千克","0","?","6,334",
"202512","85177950","光通信设备的激光收发模块","129","菲律宾","10","一般贸易","12","天津市","0","千克","0","?","2",
"202512","85177950","光通信设备的激光收发模块","129","菲律宾","10","一般贸易","31","上海市","8","千克","0","?","22,887",
"202512","85177950","光通信设备的激光收发模块","129","菲律宾","10","一般贸易","33","浙江省","17","千克","0","?","18,092",
"202512","85177950","光通信设备的激光收发模块","129","菲律宾","10","一般贸易","35","福建省","39","千克","0","?","61,025",
"202512","85177950","光通信设备的激光收发模块","129","菲律宾","10","一般贸易","44","广东省","215","千克","0","?","253,437",
"202512","85177950","光通信设备的激光收发模块","129","菲律宾","10","一般贸易","51","四川省","5","千克","0","?","146",
"202512","85177950","光通信设备的激光收发模块","129","菲律宾","15","进料加工贸易","44","广东省","2","千克","0","?","1,598",
"202512","85177950","光通信设备的激光收发模块","129","菲律宾","33","保税监管场所进出境货物","44","广东省","5","千克","0","?","1,317",
"202512","85177950","光通信设备的激光收发模块","129","菲律宾","34","海关特殊监管区域物流货物","32","江苏省","74","千克","0","?","22,251",
"202512","85177950","光通信设备的激光收发模块","130","卡塔尔","10","一般贸易","12","天津市","4","千克","0","?","68",
"202512","85177950","光通信设备的激光收发模块","130","卡塔尔","10","一般贸易","33","浙江省","14","千克","0","?","6,413",
"202512","85177950","光通信设备的激光收发模块","130","卡塔尔","10","一般贸易","37","山东省","0","千克","0","?","45",
"202512","85177950","光通信设备的激光收发模块","130","卡塔尔","10","一般贸易","41","河南省","12","千克","0","?","141",
"202512","85177950","光通信设备的激光收发模块","130","卡塔尔","10","一般贸易","44","广东省","28","千克","0","?","35,804",
"202512","85177950","光通信设备的激光收发模块","130","卡塔尔","10","一般贸易","45","广西壮族自治区","0","千克","0","?","45",
"202512","85177950","光通信设备的激光收发模块","130","卡塔尔","33","保税监管场所进出境货物","44","广东省","9","千克","0","?","5,317",
"202512","85177950","光通信设备的激光收发模块","130","卡塔尔","34","海关特殊监管区域物流货物","32","江苏省","37","千克","0","?","31,258",
"202512","85177950","光通信设备的激光收发模块","131","沙特阿拉伯","10","一般贸易","12","天津市","2","千克","0","?","44",
"202512","85177950","光通信设备的激光收发模块","131","沙特阿拉伯","10","一般贸易","32","江苏省","3","千克","0","?","8,732",
"202512","85177950","光通信设备的激光收发模块","131","沙特阿拉伯","10","一般贸易","33","浙江省","20","千克","0","?","17,165",
"202512","85177950","光通信设备的激光收发模块","131","沙特阿拉伯","10","一般贸易","35","福建省","8","千克","0","?","10,615",
"202512","85177950","光通信设备的激光收发模块","131","沙特阿拉伯","10","一般贸易","42","湖北省","3","千克","0","?","4,286",
"202512","85177950","光通信设备的激光收发模块","131","沙特阿拉伯","10","一般贸易","44","广东省","72","千克","0","?","83,023",
"202512","85177950","光通信设备的激光收发模块","131","沙特阿拉伯","10","一般贸易","52","贵州省","2","千克","0","?","214",
"202512","85177950","光通信设备的激光收发模块","131","沙特阿拉伯","15","进料加工贸易","33","浙江省","118","千克","0","?","106,746",
"202512","85177950","光通信设备的激光收发模块","131","沙特阿拉伯","15","进料加工贸易","44","广东省","28","千克","0","?","83,091",
"202512","85177950","光通信设备的激光收发模块","131","沙特阿拉伯","34","海关特殊监管区域物流货物","32","江苏省","100","千克","0","?","85,832",
"202512","85177950","光通信设备的激光收发模块","132","新加坡","10","一般贸易","11","北京市","10","千克","0","?","21,611",
"202512","85177950","光通信设备的激光收发模块","132","新加坡","10","一般贸易","31","上海市","14","千克","0","?","62,857",
"202512","85177950","光通信设备的激光收发模块","132","新加坡","10","一般贸易","32","江苏省","34","千克","0","?","53,423",
"202512","85177950","光通信设备的激光收发模块","132","新加坡","10","一般贸易","33","浙江省","503","千克","0","?","832,238",
"202512","85177950","光通信设备的激光收发模块","132","新加坡","10","一般贸易","34","安徽省","1","千克","0","?","64",
"202512","85177950","光通信设备的激光收发模块","132","新加坡","10","一般贸易","35","福建省","8","千克","0","?","4,628",
"202512","85177950","光通信设备的激光收发模块","132","新加坡","10","一般贸易","37","山东省","207","千克","0","?","316,038",
"202512","85177950","光通信设备的激光收发模块","132","新加坡","10","一般贸易","41","河南省","0","千克","0","?","12",
"202512","85177950","光通信设备的激光收发模块","132","新加坡","10","一般贸易","42","湖北省","2135","千克","0","?","4,448,862",
"202512","85177950","光通信设备的激光收发模块","132","新加坡","10","一般贸易","44","广东省","1876","千克","0","?","1,888,398",
"202512","85177950","光通信设备的激光收发模块","132","新加坡","10","一般贸易","45","广西壮族自治区","44","千克","0","?","5,128",
"202512","85177950","光通信设备的激光收发模块","132","新加坡","10","一般贸易","50","重庆市","0","千克","0","?","448",
"202512","85177950","光通信设备的激光收发模块","132","新加坡","10","一般贸易","51","四川省","452","千克","0","?","1,024,233",
"202512","85177950","光通信设备的激光收发模块","132","新加坡","10","一般贸易","52","贵州省","95","千克","0","?","27,684",
"202512","85177950","光通信设备的激光收发模块","132","新加坡","10","一般贸易","61","陕西省","0","千克","0","?","11",
"202512","85177950","光通信设备的激光收发模块","132","新加坡","10","一般贸易","62","甘肃省","0","千克","0","?","182",
"202512","85177950","光通信设备的激光收发模块","132","新加坡","10","一般贸易","65","新疆维吾尔自治区","23","千克","0","?","2,800",
"202512","85177950","光通信设备的激光收发模块","132","新加坡","15","进料加工贸易","32","江苏省","1378","千克","0","?","306,345",
"202512","85177950","光通信设备的激光收发模块","132","新加坡","15","进料加工贸易","33","浙江省","103","千克","0","?","60,091",
"202512","85177950","光通信设备的激光收发模块","132","新加坡","15","进料加工贸易","35","福建省","5","千克","0","?","9,908",
"202512","85177950","光通信设备的激光收发模块","132","新加坡","15","进料加工贸易","44","广东省","837","千克","0","?","1,318,461",
"202512","85177950","光通信设备的激光收发模块","132","新加坡","15","进料加工贸易","51","四川省","73","千克","0","?","28,718",
"202512","85177950","光通信设备的激光收发模块","132","新加坡","22","对外承包工程出口货物","12","天津市","0","千克","0","?","1,993",
"202512","85177950","光通信设备的激光收发模块","132","新加坡","33","保税监管场所进出境货物","42","湖北省","255","千克","0","?","2,808,203",
"202512","85177950","光通信设备的激光收发模块","132","新加坡","33","保税监管场所进出境货物","44","广东省","1","千克","0","?","401",
"202512","85177950","光通信设备的激光收发模块","132","新加坡","34","海关特殊监管区域物流货物","11","北京市","0","千克","0","?","472",
"202512","85177950","光通信设备的激光收发模块","132","新加坡","34","海关特殊监管区域物流货物","32","江苏省","67","千克","0","?","49,514",
"202512","85177950","光通信设备的激光收发模块","132","新加坡","34","海关特殊监管区域物流货物","45","广西壮族自治区","1","千克","0","?","170",
"202512","85177950","光通信设备的激光收发模块","132","新加坡","39","其他","44","广东省","2","千克","0","?","1,400",
"202512","85177950","光通信设备的激光收发模块","133","韩国","10","一般贸易","11","北京市","89","千克","0","?","56,337",
"202512","85177950","光通信设备的激光收发模块","133","韩国","10","一般贸易","13","河北省","39","千克","0","?","6,400",
"202512","85177950","光通信设备的激光收发模块","133","韩国","10","一般贸易","21","辽宁省","91","千克","0","?","39,300",
"202512","85177950","光通信设备的激光收发模块","133","韩国","10","一般贸易","31","上海市","11","千克","0","?","17,404",
"202512","85177950","光通信设备的激光收发模块","133","韩国","10","一般贸易","32","江苏省","46","千克","0","?","53,098",
"202512","85177950","光通信设备的激光收发模块","133","韩国","10","一般贸易","33","浙江省","189","千克","0","?","102,243",
"202512","85177950","光通信设备的激光收发模块","133","韩国","10","一般贸易","35","福建省","2","千克","0","?","2,630",
"202512","85177950","光通信设备的激光收发模块","133","韩国","10","一般贸易","37","山东省","273","千克","0","?","196,020",
"202512","85177950","光通信设备的激光收发模块","133","韩国","10","一般贸易","41","河南省","20","千克","0","?","24,200",
"202512","85177950","光通信设备的激光收发模块","133","韩国","10","一般贸易","42","湖北省","437","千克","0","?","134,077",
"202512","85177950","光通信设备的激光收发模块","133","韩国","10","一般贸易","43","湖南省","24","千克","0","?","4,613",
"202512","85177950","光通信设备的激光收发模块","133","韩国","10","一般贸易","44","广东省","3135","千克","0","?","1,991,751",
"202512","85177950","光通信设备的激光收发模块","133","韩国","10","一般贸易","45","广西壮族自治区","17","千克","0","?","4,058",
"202512","85177950","光通信设备的激光收发模块","133","韩国","10","一般贸易","51","四川省","849","千克","0","?","766,665",
"202512","85177950","光通信设备的激光收发模块","133","韩国","15","进料加工贸易","32","江苏省","10","千克","0","?","25,197",
"202512","85177950","光通信设备的激光收发模块","133","韩国","15","进料加工贸易","35","福建省","7","千克","0","?","17,860",
"202512","85177950","光通信设备的激光收发模块","133","韩国","15","进料加工贸易","44","广东省","0","千克","0","?","2,147",
"202512","85177950","光通信设备的激光收发模块","133","韩国","34","海关特殊监管区域物流货物","32","江苏省","30","千克","0","?","60,667",
"202512","85177950","光通信设备的激光收发模块","133","韩国","34","海关特殊监管区域物流货物","44","广东省","1","千克","0","?","1,443",
"202512","85177950","光通信设备的激光收发模块","134","斯里兰卡","10","一般贸易","31","上海市","0","千克","0","?","47",
"202512","85177950","光通信设备的激光收发模块","134","斯里兰卡","10","一般贸易","37","山东省","0","千克","0","?","6",
"202512","85177950","光通信设备的激光收发模块","134","斯里兰卡","10","一般贸易","44","广东省","114","千克","0","?","36,352",
"202512","85177950","光通信设备的激光收发模块","134","斯里兰卡","33","保税监管场所进出境货物","44","广东省","2","千克","0","?","40",
"202512","85177950","光通信设备的激光收发模块","136","泰国","10","一般贸易","12","天津市","55","千克","0","?","8,052",
"202512","85177950","光通信设备的激光收发模块","136","泰国","10","一般贸易","31","上海市","5215","千克","0","?","13,027,782",
"202512","85177950","光通信设备的激光收发模块","136","泰国","10","一般贸易","32","江苏省","292","千克","0","?","200,443",
"202512","85177950","光通信设备的激光收发模块","136","泰国","10","一般贸易","33","浙江省","428","千克","0","?","270,325",
"202512","85177950","光通信设备的激光收发模块","136","泰国","10","一般贸易","34","安徽省","2","千克","0","?","124",
"202512","85177950","光通信设备的激光收发模块","136","泰国","10","一般贸易","35","福建省","13","千克","0","?","18,421",
"202512","85177950","光通信设备的激光收发模块","136","泰国","10","一般贸易","37","山东省","162","千克","0","?","592,530",
"202512","85177950","光通信设备的激光收发模块","136","泰国","10","一般贸易","41","河南省","0","千克","0","?","38",
"202512","85177950","光通信设备的激光收发模块","136","泰国","10","一般贸易","42","湖北省","2793","千克","0","?","1,456,175",
"202512","85177950","光通信设备的激光收发模块","136","泰国","10","一般贸易","44","广东省","1338","千克","0","?","1,046,219",
"202512","85177950","光通信设备的激光收发模块","136","泰国","10","一般贸易","45","广西壮族自治区","61","千克","0","?","5,591",
"202512","85177950","光通信设备的激光收发模块","136","泰国","10","一般贸易","50","重庆市","30","千克","0","?","11,290",
"202512","85177950","光通信设备的激光收发模块","136","泰国","10","一般贸易","51","四川省","3832","千克","0","?","15,803,330",
"202512","85177950","光通信设备的激光收发模块","136","泰国","10","一般贸易","52","贵州省","6","千克","0","?","1,826",
"202512","85177950","光通信设备的激光收发模块","136","泰国","10","一般贸易","61","陕西省","0","千克","0","?","60",
"202512","85177950","光通信设备的激光收发模块","136","泰国","10","一般贸易","62","甘肃省","0","千克","0","?","5",
"202512","85177950","光通信设备的激光收发模块","136","泰国","15","进料加工贸易","32","江苏省","307","千克","0","?","214,830",
"202512","85177950","光通信设备的激光收发模块","136","泰国","15","进料加工贸易","35","福建省","0","千克","0","?","2,534",
"202512","85177950","光通信设备的激光收发模块","136","泰国","15","进料加工贸易","44","广东省","7","千克","0","?","3,171",
"202512","85177950","光通信设备的激光收发模块","136","泰国","15","进料加工贸易","51","四川省","6","千克","0","?","84,000",
"202512","85177950","光通信设备的激光收发模块","136","泰国","33","保税监管场所进出境货物","44","广东省","0","千克","0","?","54",
"202512","85177950","光通信设备的激光收发模块","136","泰国","33","保税监管场所进出境货物","51","四川省","629","千克","0","?","2,907,469",
"202512","85177950","光通信设备的激光收发模块","136","泰国","34","海关特殊监管区域物流货物","32","江苏省","97","千克","0","?","100,200",
"202512","85177950","光通信设备的激光收发模块","136","泰国","34","海关特殊监管区域物流货物","51","四川省","206","千克","0","?","1,183,298",
"202512","85177950","光通信设备的激光收发模块","136","泰国","34","海关特殊监管区域物流货物","53","云南省","367","千克","0","?","1,166,265",
"202512","85177950","光通信设备的激光收发模块","136","泰国","39","其他","32","江苏省","0","千克","0","?","68",
"202512","85177950","光通信设备的激光收发模块","137","土耳其","10","一般贸易","32","江苏省","0","千克","0","?","184",
"202512","85177950","光通信设备的激光收发模块","137","土耳其","10","一般贸易","33","浙江省","139","千克","0","?","94,481",
"202512","85177950","光通信设备的激光收发模块","137","土耳其","10","一般贸易","35","福建省","27","千克","0","?","4,434",
"202512","85177950","光通信设备的激光收发模块","137","土耳其","10","一般贸易","36","江西省","0","千克","0","?","12",
"202512","85177950","光通信设备的激光收发模块","137","土耳其","10","一般贸易","41","河南省","36","千克","0","?","1,774",
"202512","85177950","光通信设备的激光收发模块","137","土耳其","10","一般贸易","42","湖北省","19","千克","0","?","5,374",
"202512","85177950","光通信设备的激光收发模块","137","土耳其","10","一般贸易","44","广东省","2341","千克","0","?","1,777,787",
"202512","85177950","光通信设备的激光收发模块","137","土耳其","10","一般贸易","50","重庆市","105","千克","0","?","9,560",
"202512","85177950","光通信设备的激光收发模块","137","土耳其","10","一般贸易","65","新疆维吾尔自治区","1","千克","0","?","9",
"202512","85177950","光通信设备的激光收发模块","137","土耳其","33","保税监管场所进出境货物","44","广东省","53","千克","0","?","5,188",
"202512","85177950","光通信设备的激光收发模块","137","土耳其","34","海关特殊监管区域物流货物","32","江苏省","617","千克","0","?","109,707",
"202512","85177950","光通信设备的激光收发模块","137","土耳其","39","其他","35","福建省","0","千克","0","?","12",
"202512","85177950","光通信设备的激光收发模块","138","阿联酋","10","一般贸易","12","天津市","9","千克","0","?","140",
"202512","85177950","光通信设备的激光收发模块","138","阿联酋","10","一般贸易","15","内蒙古自治区","218","千克","0","?","4,966",
"202512","85177950","光通信设备的激光收发模块","138","阿联酋","10","一般贸易","31","上海市","4","千克","0","?","6,479",
"202512","85177950","光通信设备的激光收发模块","138","阿联酋","10","一般贸易","32","江苏省","0","千克","0","?","202",
"202512","85177950","光通信设备的激光收发模块","138","阿联酋","10","一般贸易","33","浙江省","75","千克","0","?","35,295",
"202512","85177950","光通信设备的激光收发模块","138","阿联酋","10","一般贸易","35","福建省","11","千克","0","?","19,066",
"202512","85177950","光通信设备的激光收发模块","138","阿联酋","10","一般贸易","37","山东省","21","千克","0","?","688",
"202512","85177950","光通信设备的激光收发模块","138","阿联酋","10","一般贸易","41","河南省","0","千克","0","?","14",
"202512","85177950","光通信设备的激光收发模块","138","阿联酋","10","一般贸易","42","湖北省","278","千克","0","?","76,381",
"202512","85177950","光通信设备的激光收发模块","138","阿联酋","10","一般贸易","44","广东省","1749","千克","0","?","1,319,945",
"202512","85177950","光通信设备的激光收发模块","138","阿联酋","10","一般贸易","50","重庆市","5","千克","0","?","60",
"202512","85177950","光通信设备的激光收发模块","138","阿联酋","10","一般贸易","51","四川省","160","千克","0","?","87,730",
"202512","85177950","光通信设备的激光收发模块","138","阿联酋","10","一般贸易","52","贵州省","70","千克","0","?","26,768",
"202512","85177950","光通信设备的激光收发模块","138","阿联酋","10","一般贸易","61","陕西省","5","千克","0","?","1,658",
"202512","85177950","光通信设备的激光收发模块","138","阿联酋","15","进料加工贸易","44","广东省","1","千克","0","?","5,636",
"202512","85177950","光通信设备的激光收发模块","138","阿联酋","15","进料加工贸易","51","四川省","75","千克","0","?","14,616",
"202512","85177950","光通信设备的激光收发模块","138","阿联酋","33","保税监管场所进出境货物","44","广东省","4","千克","0","?","1,000",
"202512","85177950","光通信设备的激光收发模块","138","阿联酋","34","海关特殊监管区域物流货物","32","江苏省","56","千克","0","?","23,744",
"202512","85177950","光通信设备的激光收发模块","138","阿联酋","34","海关特殊监管区域物流货物","35","福建省","2","千克","0","?","3,881",
"202512","85177950","光通信设备的激光收发模块","139","也门","10","一般贸易","44","广东省","3","千克","0","?","4,967",
"202512","85177950","光通信设备的激光收发模块","141","越南","10","一般贸易","13","河北省","4","千克","0","?","101",
"202512","85177950","光通信设备的激光收发模块","141","越南","10","一般贸易","31","上海市","106","千克","0","?","54,428",
"202512","85177950","光通信设备的激光收发模块","141","越南","10","一般贸易","32","江苏省","69","千克","0","?","91,047",
"202512","85177950","光通信设备的激光收发模块","141","越南","10","一般贸易","33","浙江省","273","千克","0","?","60,877",
"202512","85177950","光通信设备的激光收发模块","141","越南","10","一般贸易","35","福建省","21","千克","0","?","21,498",
"202512","85177950","光通信设备的激光收发模块","141","越南","10","一般贸易","37","山东省","86","千克","0","?","26,478",
"202512","85177950","光通信设备的激光收发模块","141","越南","10","一般贸易","42","湖北省","1256","千克","0","?","162,166",
"202512","85177950","光通信设备的激光收发模块","141","越南","10","一般贸易","43","湖南省","10","千克","0","?","5,000",
"202512","85177950","光通信设备的激光收发模块","141","越南","10","一般贸易","44","广东省","869","千克","0","?","378,625",
"202512","85177950","光通信设备的激光收发模块","141","越南","10","一般贸易","50","重庆市","4","千克","0","?","75",
"202512","85177950","光通信设备的激光收发模块","141","越南","10","一般贸易","61","陕西省","2","千克","0","?","435",
"202512","85177950","光通信设备的激光收发模块","141","越南","10","一般贸易","65","新疆维吾尔自治区","29","千克","0","?","3,118",
"202512","85177950","光通信设备的激光收发模块","141","越南","15","进料加工贸易","32","江苏省","77","千克","0","?","650,359",
"202512","85177950","光通信设备的激光收发模块","141","越南","15","进料加工贸易","33","浙江省","60","千克","0","?","95,000",
"202512","85177950","光通信设备的激光收发模块","141","越南","15","进料加工贸易","44","广东省","0","千克","0","?","7,326",
"202512","85177950","光通信设备的激光收发模块","141","越南","15","进料加工贸易","51","四川省","123","千克","0","?","120,927",
"202512","85177950","光通信设备的激光收发模块","141","越南","19","边境小额贸易","45","广西壮族自治区","1","千克","0","?","585",
"202512","85177950","光通信设备的激光收发模块","141","越南","33","保税监管场所进出境货物","32","江苏省","122","千克","0","?","28,749",
"202512","85177950","光通信设备的激光收发模块","141","越南","33","保税监管场所进出境货物","44","广东省","1584","千克","0","?","620,187",
"202512","85177950","光通信设备的激光收发模块","141","越南","34","海关特殊监管区域物流货物","32","江苏省","476","千克","0","?","172,068",
"202512","85177950","光通信设备的激光收发模块","141","越南","34","海关特殊监管区域物流货物","35","福建省","22","千克","0","?","23,124",
"202512","85177950","光通信设备的激光收发模块","141","越南","34","海关特殊监管区域物流货物","45","广西壮族自治区","653","千克","0","?","206,285",
"202512","85177950","光通信设备的激光收发模块","143","中国台湾","10","一般贸易","13","河北省","84","千克","0","?","22,053",
"202512","85177950","光通信设备的激光收发模块","143","中国台湾","10","一般贸易","21","辽宁省","56","千克","0","?","40,400",
"202512","85177950","光通信设备的激光收发模块","143","中国台湾","10","一般贸易","31","上海市","94","千克","0","?","171,180",
"202512","85177950","光通信设备的激光收发模块","143","中国台湾","10","一般贸易","32","江苏省","85","千克","0","?","174,197",
"202512","85177950","光通信设备的激光收发模块","143","中国台湾","10","一般贸易","33","浙江省","4312","千克","0","?","10,395,706",
"202512","85177950","光通信设备的激光收发模块","143","中国台湾","10","一般贸易","34","安徽省","41","千克","0","?","41,645",
"202512","85177950","光通信设备的激光收发模块","143","中国台湾","10","一般贸易","37","山东省","441","千克","0","?","142,407",
"202512","85177950","光通信设备的激光收发模块","143","中国台湾","10","一般贸易","42","湖北省","3679","千克","0","?","6,160,918",
"202512","85177950","光通信设备的激光收发模块","143","中国台湾","10","一般贸易","43","湖南省","40","千克","0","?","20,086",
"202512","85177950","光通信设备的激光收发模块","143","中国台湾","10","一般贸易","44","广东省","3495","千克","0","?","6,110,042",
"202512","85177950","光通信设备的激光收发模块","143","中国台湾","10","一般贸易","51","四川省","34","千克","0","?","144,204",
"202512","85177950","光通信设备的激光收发模块","143","中国台湾","15","进料加工贸易","32","江苏省","175","千克","0","?","114,289",
"202512","85177950","光通信设备的激光收发模块","143","中国台湾","15","进料加工贸易","33","浙江省","7445","千克","0","?","9,972,209",
"202512","85177950","光通信设备的激光收发模块","143","中国台湾","15","进料加工贸易","35","福建省","6","千克","0","?","10,315",
"202512","85177950","光通信设备的激光收发模块","143","中国台湾","15","进料加工贸易","44","广东省","2","千克","0","?","1,053",
"202512","85177950","光通信设备的激光收发模块","143","中国台湾","15","进料加工贸易","51","四川省","18571","千克","0","?","30,128,349",
"202512","85177950","光通信设备的激光收发模块","143","中国台湾","33","保税监管场所进出境货物","44","广东省","0","千克","0","?","232",
"202512","85177950","光通信设备的激光收发模块","143","中国台湾","34","海关特殊监管区域物流货物","32","江苏省","20","千克","0","?","18,599",
"202512","85177950","光通信设备的激光收发模块","144","东帝汶","10","一般贸易","44","广东省","0","千克","0","?","737",
"202512","85177950","光通信设备的激光收发模块","145","哈萨克斯坦","10","一般贸易","11","北京市","2","千克","0","?","1,023",
"202512","85177950","光通信设备的激光收发模块","145","哈萨克斯坦","10","一般贸易","21","辽宁省","4","千克","0","?","33,083",
"202512","85177950","光通信设备的激光收发模块","145","哈萨克斯坦","10","一般贸易","31","上海市","19","千克","0","?","11,222",
"202512","85177950","光通信设备的激光收发模块","145","哈萨克斯坦","10","一般贸易","32","江苏省","39","千克","0","?","11,204",
"202512","85177950","光通信设备的激光收发模块","145","哈萨克斯坦","10","一般贸易","33","浙江省","48","千克","0","?","46,156",
"202512","85177950","光通信设备的激光收发模块","145","哈萨克斯坦","10","一般贸易","34","安徽省","37","千克","0","?","20,976",
"202512","85177950","光通信设备的激光收发模块","145","哈萨克斯坦","10","一般贸易","35","福建省","0","千克","0","?","2,119",
"202512","85177950","光通信设备的激光收发模块","145","哈萨克斯坦","10","一般贸易","42","湖北省","86","千克","0","?","10,129",
"202512","85177950","光通信设备的激光收发模块","145","哈萨克斯坦","10","一般贸易","44","广东省","350","千克","0","?","169,746",
"202512","85177950","光通信设备的激光收发模块","145","哈萨克斯坦","10","一般贸易","65","新疆维吾尔自治区","43","千克","0","?","6,295",
"202512","85177950","光通信设备的激光收发模块","145","哈萨克斯坦","34","海关特殊监管区域物流货物","11","北京市","25","千克","0","?","6,988",
"202512","85177950","光通信设备的激光收发模块","145","哈萨克斯坦","34","海关特殊监管区域物流货物","13","河北省","1","千克","0","?","1,630",
"202512","85177950","光通信设备的激光收发模块","145","哈萨克斯坦","34","海关特殊监管区域物流货物","44","广东省","1605","千克","0","?","1,393,773",
"202512","85177950","光通信设备的激光收发模块","145","哈萨克斯坦","34","海关特殊监管区域物流货物","61","陕西省","22","千克","0","?","8,720",
"202512","85177950","光通信设备的激光收发模块","145","哈萨克斯坦","34","海关特殊监管区域物流货物","65","新疆维吾尔自治区","89","千克","0","?","49,390",
"202512","85177950","光通信设备的激光收发模块","146","吉尔吉斯斯坦","10","一般贸易","33","浙江省","45","千克","0","?","7,044",
"202512","85177950","光通信设备的激光收发模块","146","吉尔吉斯斯坦","10","一般贸易","44","广东省","17","千克","0","?","19,902",
"202512","85177950","光通信设备的激光收发模块","146","吉尔吉斯斯坦","10","一般贸易","65","新疆维吾尔自治区","10","千克","0","?","270",
"202512","85177950","光通信设备的激光收发模块","146","吉尔吉斯斯坦","34","海关特殊监管区域物流货物","44","广东省","3","千克","0","?","381",
"202512","85177950","光通信设备的激光收发模块","147","塔吉克斯坦","10","一般贸易","11","北京市","7","千克","0","?","48,239",
"202512","85177950","光通信设备的激光收发模块","147","塔吉克斯坦","10","一般贸易","33","浙江省","2","千克","0","?","1,570",
"202512","85177950","光通信设备的激光收发模块","147","塔吉克斯坦","10","一般贸易","44","广东省","7","千克","0","?","2,939",
"202512","85177950","光通信设备的激光收发模块","149","乌兹别克斯坦","10","一般贸易","31","上海市","35","千克","0","?","8,096",
"202512","85177950","光通信设备的激光收发模块","149","乌兹别克斯坦","10","一般贸易","33","浙江省","81","千克","0","?","155,385",
"202512","85177950","光通信设备的激光收发模块","149","乌兹别克斯坦","10","一般贸易","42","湖北省","37","千克","0","?","8,548",
"202512","85177950","光通信设备的激光收发模块","149","乌兹别克斯坦","10","一般贸易","44","广东省","218","千克","0","?","114,216",
"202512","85177950","光通信设备的激光收发模块","149","乌兹别克斯坦","10","一般贸易","50","重庆市","9","千克","0","?","920",
"202512","85177950","光通信设备的激光收发模块","149","乌兹别克斯坦","22","对外承包工程出口货物","11","北京市","364","千克","0","?","4,548,768",
"202512","85177950","光通信设备的激光收发模块","149","乌兹别克斯坦","34","海关特殊监管区域物流货物","44","广东省","3","千克","0","?","7,583",
"202512","85177950","光通信设备的激光收发模块","150","格鲁吉亚","10","一般贸易","12","天津市","0","千克","0","?","69",
"202512","85177950","光通信设备的激光收发模块","150","格鲁吉亚","10","一般贸易","33","浙江省","3","千克","0","?","1,492",
"202512","85177950","光通信设备的激光收发模块","150","格鲁吉亚","10","一般贸易","44","广东省","180","千克","0","?","122,166",
"202512","85177950","光通信设备的激光收发模块","150","格鲁吉亚","15","进料加工贸易","44","广东省","0","千克","0","?","718",
"202512","85177950","光通信设备的激光收发模块","151","亚美尼亚","10","一般贸易","33","浙江省","2","千克","0","?","981",
"202512","85177950","光通信设备的激光收发模块","151","亚美尼亚","10","一般贸易","35","福建省","2","千克","0","?","324",
"202512","85177950","光通信设备的激光收发模块","151","亚美尼亚","10","一般贸易","44","广东省","5","千克","0","?","5,011",
"202512","85177950","光通信设备的激光收发模块","151","亚美尼亚","15","进料加工贸易","44","广东省","0","千克","0","?","388",
"202512","85177950","光通信设备的激光收发模块","152","阿塞拜疆","10","一般贸易","12","天津市","1","千克","0","?","40",
"202512","85177950","光通信设备的激光收发模块","152","阿塞拜疆","10","一般贸易","42","湖北省","0","千克","0","?","1,945",
"202512","85177950","光通信设备的激光收发模块","152","阿塞拜疆","10","一般贸易","44","广东省","118","千克","0","?","152,220",
"202512","85177950","光通信设备的激光收发模块","152","阿塞拜疆","34","海关特殊监管区域物流货物","61","陕西省","4","千克","0","?","1,767",
"202512","85177950","光通信设备的激光收发模块","201","阿尔及利亚","10","一般贸易","42","湖北省","1","千克","0","?","7,123",
"202512","85177950","光通信设备的激光收发模块","201","阿尔及利亚","10","一般贸易","44","广东省","111","千克","0","?","66,204",
"202512","85177950","光通信设备的激光收发模块","201","阿尔及利亚","39","其他","44","广东省","4","千克","0","?","5,080",
"202512","85177950","光通信设备的激光收发模块","202","安哥拉","10","一般贸易","33","浙江省","1","千克","0","?","1,600",
"202512","85177950","光通信设备的激光收发模块","202","安哥拉","10","一般贸易","44","广东省","87","千克","0","?","38,229",
"202512","85177950","光通信设备的激光收发模块","202","安哥拉","22","对外承包工程出口货物","11","北京市","2","千克","0","?","7,411",
"202512","85177950","光通信设备的激光收发模块","203","贝宁","10","一般贸易","44","广东省","17","千克","0","?","40,818",
"202512","85177950","光通信设备的激光收发模块","204","博茨瓦纳","10","一般贸易","44","广东省","27","千克","0","?","6,344",
"202512","85177950","光通信设备的激光收发模块","206","喀麦隆","10","一般贸易","44","广东省","37","千克","0","?","26,930",
"202512","85177950","光通信设备的激光收发模块","206","喀麦隆","10","一般贸易","50","重庆市","2","千克","0","?","100",
"202512","85177950","光通信设备的激光收发模块","211","乍得","10","一般贸易","44","广东省","0","千克","0","?","24",
"202512","85177950","光通信设备的激光收发模块","213","刚果共和国","10","一般贸易","33","浙江省","0","千克","0","?","187",
"202512","85177950","光通信设备的激光收发模块","214","吉布提","10","一般贸易","44","广东省","0","千克","0","?","73",
"202512","85177950","光通信设备的激光收发模块","215","埃及","10","一般贸易","33","浙江省","7","千克","0","?","2,156",
"202512","85177950","光通信设备的激光收发模块","215","埃及","10","一般贸易","35","福建省","4","千克","0","?","9,786",
"202512","85177950","光通信设备的激光收发模块","215","埃及","10","一般贸易","44","广东省","164","千克","0","?","77,532",
"202512","85177950","光通信设备的激光收发模块","215","埃及","22","对外承包工程出口货物","11","北京市","3","千克","0","?","304,145",
"202512","85177950","光通信设备的激光收发模块","217","埃塞俄比亚","10","一般贸易","12","天津市","1","千克","0","?","100",
"202512","85177950","光通信设备的激光收发模块","217","埃塞俄比亚","10","一般贸易","33","浙江省","2","千克","0","?","728",
"202512","85177950","光通信设备的激光收发模块","217","埃塞俄比亚","10","一般贸易","44","广东省","76","千克","0","?","18,022",
"202512","85177950","光通信设备的激光收发模块","217","埃塞俄比亚","22","对外承包工程出口货物","11","北京市","10","千克","0","?","19,746",
"202512","85177950","光通信设备的激光收发模块","218","加蓬","10","一般贸易","44","广东省","1","千克","0","?","109",
"202512","85177950","光通信设备的激光收发模块","219","冈比亚","10","一般贸易","44","广东省","2","千克","0","?","2,442",
"202512","85177950","光通信设备的激光收发模块","220","加纳","10","一般贸易","44","广东省","2","千克","0","?","2,300",
"202512","85177950","光通信设备的激光收发模块","220","加纳","10","一般贸易","51","四川省","6","千克","0","?","596",
"202512","85177950","光通信设备的激光收发模块","221","几内亚","10","一般贸易","37","山东省","0","千克","0","?","735",
"202512","85177950","光通信设备的激光收发模块","221","几内亚","22","对外承包工程出口货物","12","天津市","2","千克","0","?","130",
"202512","85177950","光通信设备的激光收发模块","222","几内亚比绍","10","一般贸易","44","广东省","22","千克","0","?","8,276",
"202512","85177950","光通信设备的激光收发模块","223","科特迪瓦","10","一般贸易","44","广东省","55","千克","0","?","474,291",
"202512","85177950","光通信设备的激光收发模块","224","肯尼亚","10","一般贸易","31","上海市","6","千克","0","?","4,860",
"202512","85177950","光通信设备的激光收发模块","224","肯尼亚","10","一般贸易","33","浙江省","4","千克","0","?","3,718",
"202512","85177950","光通信设备的激光收发模块","224","肯尼亚","10","一般贸易","42","湖北省","214","千克","0","?","17,030",
"202512","85177950","光通信设备的激光收发模块","224","肯尼亚","10","一般贸易","44","广东省","72","千克","0","?","59,152",
"202512","85177950","光通信设备的激光收发模块","226","利比亚","10","一般贸易","35","福建省","1","千克","0","?","2,695",
"202512","85177950","光通信设备的激光收发模块","226","利比亚","10","一般贸易","44","广东省","2","千克","0","?","556",
"202512","85177950","光通信设备的激光收发模块","227","马达加斯加","10","一般贸易","44","广东省","0","千克","0","?","1,965",
"202512","85177950","光通信设备的激光收发模块","229","马里","10","一般贸易","44","广东省","91","千克","0","?","20,386",
"202512","85177950","光通信设备的激光收发模块","229","马里","22","对外承包工程出口货物","11","北京市","7","千克","0","?","117,700",
"202512","85177950","光通信设备的激光收发模块","231","毛里求斯","10","一般贸易","12","天津市","0","千克","0","?","25",
"202512","85177950","光通信设备的激光收发模块","231","毛里求斯","10","一般贸易","33","浙江省","2","千克","0","?","2,541",
"202512","85177950","光通信设备的激光收发模块","231","毛里求斯","10","一般贸易","42","湖北省","1","千克","0","?","879",
"202512","85177950","光通信设备的激光收发模块","231","毛里求斯","10","一般贸易","44","广东省","4","千克","0","?","4,100",
"202512","85177950","光通信设备的激光收发模块","232","摩洛哥","10","一般贸易","12","天津市","0","千克","0","?","18",
"202512","85177950","光通信设备的激光收发模块","232","摩洛哥","10","一般贸易","33","浙江省","5","千克","0","?","3,681",
"202512","85177950","光通信设备的激光收发模块","232","摩洛哥","10","一般贸易","35","福建省","8","千克","0","?","10,864",
"202512","85177950","光通信设备的激光收发模块","232","摩洛哥","10","一般贸易","42","湖北省","0","千克","0","?","8",
"202512","85177950","光通信设备的激光收发模块","232","摩洛哥","10","一般贸易","44","广东省","54","千克","0","?","18,432",
"202512","85177950","光通信设备的激光收发模块","232","摩洛哥","15","进料加工贸易","44","广东省","1","千克","0","?","1,459",
"202512","85177950","光通信设备的激光收发模块","232","摩洛哥","33","保税监管场所进出境货物","44","广东省","0","千克","0","?","880",
"202512","85177950","光通信设备的激光收发模块","233","莫桑比克","10","一般贸易","44","广东省","30","千克","0","?","13,730",
"202512","85177950","光通信设备的激光收发模块","234","纳米比亚","10","一般贸易","44","广东省","8","千克","0","?","3,290",
"202512","85177950","光通信设备的激光收发模块","236","尼日利亚","10","一般贸易","32","江苏省","0","千克","0","?","32",
"202512","85177950","光通信设备的激光收发模块","236","尼日利亚","10","一般贸易","33","浙江省","9","千克","0","?","1,497",
"202512","85177950","光通信设备的激光收发模块","236","尼日利亚","10","一般贸易","36","江西省","15","千克","0","?","123",
"202512","85177950","光通信设备的激光收发模块","236","尼日利亚","10","一般贸易","37","山东省","0","千克","0","?","2",
"202512","85177950","光通信设备的激光收发模块","236","尼日利亚","10","一般贸易","44","广东省","327","千克","0","?","144,176",
"202512","85177950","光通信设备的激光收发模块","236","尼日利亚","10","一般贸易","65","新疆维吾尔自治区","56","千克","0","?","20,830",
"202512","85177950","光通信设备的激光收发模块","237","留尼汪","10","一般贸易","44","广东省","1","千克","0","?","2,033",
"202512","85177950","光通信设备的激光收发模块","238","卢旺达","10","一般贸易","44","广东省","0","千克","0","?","787",
"202512","85177950","光通信设备的激光收发模块","240","塞内加尔","10","一般贸易","44","广东省","14","千克","0","?","17,094",
"202512","85177950","光通信设备的激光收发模块","241","塞舌尔","10","一般贸易","44","广东省","3","千克","0","?","2,635",
"202512","85177950","光通信设备的激光收发模块","243","索马里","10","一般贸易","31","上海市","0","千克","0","?","202",
"202512","85177950","光通信设备的激光收发模块","244","南非","10","一般贸易","12","天津市","0","千克","0","?","2",
"202512","85177950","光通信设备的激光收发模块","244","南非","10","一般贸易","31","上海市","3","千克","0","?","1,357",
"202512","85177950","光通信设备的激光收发模块","244","南非","10","一般贸易","32","江苏省","3","千克","0","?","61",
"202512","85177950","光通信设备的激光收发模块","244","南非","10","一般贸易","33","浙江省","2","千克","0","?","884",
"202512","85177950","光通信设备的激光收发模块","244","南非","10","一般贸易","37","山东省","1","千克","0","?","81",
"202512","85177950","光通信设备的激光收发模块","244","南非","10","一般贸易","44","广东省","592","千克","0","?","332,521",
"202512","85177950","光通信设备的激光收发模块","244","南非","10","一般贸易","52","贵州省","77","千克","0","?","18,892",
"202512","85177950","光通信设备的激光收发模块","244","南非","15","进料加工贸易","44","广东省","0","千克","0","?","1,211",
"202512","85177950","光通信设备的激光收发模块","244","南非","34","海关特殊监管区域物流货物","32","江苏省","349","千克","0","?","60,481",
"202512","85177950","光通信设备的激光收发模块","246","苏丹","10","一般贸易","44","广东省","0","千克","0","?","12",
"202512","85177950","光通信设备的激光收发模块","247","坦桑尼亚","10","一般贸易","37","山东省","0","千克","0","?","14",
"202512","85177950","光通信设备的激光收发模块","247","坦桑尼亚","10","一般贸易","44","广东省","151","千克","0","?","481,603",
"202512","85177950","光通信设备的激光收发模块","247","坦桑尼亚","22","对外承包工程出口货物","11","北京市","4","千克","0","?","22,697",
"202512","85177950","光通信设备的激光收发模块","249","突尼斯","10","一般贸易","35","福建省","2","千克","0","?","4,224",
"202512","85177950","光通信设备的激光收发模块","249","突尼斯","10","一般贸易","44","广东省","18","千克","0","?","147,464",
"202512","85177950","光通信设备的激光收发模块","249","突尼斯","15","进料加工贸易","44","广东省","1","千克","0","?","814",
"202512","85177950","光通信设备的激光收发模块","250","乌干达","10","一般贸易","44","广东省","40","千克","0","?","24,924",
"202512","85177950","光通信设备的激光收发模块","252","刚果民主共和国","10","一般贸易","44","广东省","28","千克","0","?","16,804",
"202512","85177950","光通信设备的激光收发模块","252","刚果民主共和国","10","一般贸易","46","海南省","0","千克","0","?","913",
"202512","85177950","光通信设备的激光收发模块","253","赞比亚","10","一般贸易","44","广东省","19","千克","0","?","17,392",
"202512","85177950","光通信设备的激光收发模块","254","津巴布韦","10","一般贸易","44","广东省","4","千克","0","?","993",
"202512","85177950","光通信设备的激光收发模块","255","莱索托","10","一般贸易","44","广东省","1","千克","0","?","316",
"202512","85177950","光通信设备的激光收发模块","260","南苏丹","10","一般贸易","44","广东省","6","千克","0","?","1,638",
"202512","85177950","光通信设备的激光收发模块","301","比利时","10","一般贸易","12","天津市","14","千克","0","?","315",
"202512","85177950","光通信设备的激光收发模块","301","比利时","10","一般贸易","31","上海市","48","千克","0","?","135,336",
"202512","85177950","光通信设备的激光收发模块","301","比利时","10","一般贸易","32","江苏省","7","千克","0","?","19,146",
"202512","85177950","光通信设备的激光收发模块","301","比利时","10","一般贸易","33","浙江省","3","千克","0","?","223",
"202512","85177950","光通信设备的激光收发模块","301","比利时","10","一般贸易","34","安徽省","424","千克","0","?","55,253",
"202512","85177950","光通信设备的激光收发模块","301","比利时","10","一般贸易","37","山东省","5","千克","0","?","502",
"202512","85177950","光通信设备的激光收发模块","301","比利时","10","一般贸易","42","湖北省","94","千克","0","?","384,212",
"202512","85177950","光通信设备的激光收发模块","301","比利时","10","一般贸易","44","广东省","313","千克","0","?","163,800",
"202512","85177950","光通信设备的激光收发模块","301","比利时","10","一般贸易","45","广西壮族自治区","1","千克","0","?","118",
"202512","85177950","光通信设备的激光收发模块","301","比利时","10","一般贸易","51","四川省","24","千克","0","?","59,335",
"202512","85177950","光通信设备的激光收发模块","301","比利时","10","一般贸易","52","贵州省","0","千克","0","?","45",
"202512","85177950","光通信设备的激光收发模块","301","比利时","10","一般贸易","62","甘肃省","0","千克","0","?","3",
"202512","85177950","光通信设备的激光收发模块","301","比利时","15","进料加工贸易","32","江苏省","115","千克","0","?","62,954",
"202512","85177950","光通信设备的激光收发模块","302","丹麦","10","一般贸易","11","北京市","8","千克","0","?","1,763",
"202512","85177950","光通信设备的激光收发模块","302","丹麦","10","一般贸易","32","江苏省","0","千克","0","?","3,280",
"202512","85177950","光通信设备的激光收发模块","302","丹麦","10","一般贸易","33","浙江省","23","千克","0","?","4,365",
"202512","85177950","光通信设备的激光收发模块","302","丹麦","10","一般贸易","34","安徽省","29","千克","0","?","4,832",
"202512","85177950","光通信设备的激光收发模块","302","丹麦","10","一般贸易","41","河南省","4","千克","0","?","2,200",
"202512","85177950","光通信设备的激光收发模块","302","丹麦","10","一般贸易","42","湖北省","213","千克","0","?","77,546",
"202512","85177950","光通信设备的激光收发模块","302","丹麦","10","一般贸易","44","广东省","112","千克","0","?","89,801",
"202512","85177950","光通信设备的激光收发模块","302","丹麦","10","一般贸易","51","四川省","315","千克","0","?","215,578",
"202512","85177950","光通信设备的激光收发模块","302","丹麦","33","保税监管场所进出境货物","44","广东省","6","千克","0","?","115",
"202512","85177950","光通信设备的激光收发模块","302","丹麦","34","海关特殊监管区域物流货物","32","江苏省","0","千克","0","?","60",
"202512","85177950","光通信设备的激光收发模块","303","英国","10","一般贸易","31","上海市","58","千克","0","?","212,838",
"202512","85177950","光通信设备的激光收发模块","303","英国","10","一般贸易","32","江苏省","178","千克","0","?","607,583",
"202512","85177950","光通信设备的激光收发模块","303","英国","10","一般贸易","33","浙江省","27","千克","0","?","10,365",
"202512","85177950","光通信设备的激光收发模块","303","英国","10","一般贸易","35","福建省","7","千克","0","?","9,388",
"202512","85177950","光通信设备的激光收发模块","303","英国","10","一般贸易","37","山东省","9","千克","0","?","89",
"202512","85177950","光通信设备的激光收发模块","303","英国","10","一般贸易","41","河南省","1","千克","0","?","33",
"202512","85177950","光通信设备的激光收发模块","303","英国","10","一般贸易","42","湖北省","321","千克","0","?","295,589",
"202512","85177950","光通信设备的激光收发模块","303","英国","10","一般贸易","43","湖南省","0","千克","0","?","4",
"202512","85177950","光通信设备的激光收发模块","303","英国","10","一般贸易","44","广东省","1310","千克","0","?","1,110,029",
"202512","85177950","光通信设备的激光收发模块","303","英国","10","一般贸易","45","广西壮族自治区","3","千克","0","?","821",
"202512","85177950","光通信设备的激光收发模块","303","英国","10","一般贸易","51","四川省","313","千克","0","?","1,505,429",
"202512","85177950","光通信设备的激光收发模块","303","英国","10","一般贸易","52","贵州省","0","千克","0","?","20",
"202512","85177950","光通信设备的激光收发模块","303","英国","15","进料加工贸易","32","江苏省","6","千克","0","?","2,631",
"202512","85177950","光通信设备的激光收发模块","303","英国","15","进料加工贸易","51","四川省","10","千克","0","?","49,480",
"202512","85177950","光通信设备的激光收发模块","303","英国","33","保税监管场所进出境货物","35","福建省","1","千克","0","?","1,056",
"202512","85177950","光通信设备的激光收发模块","303","英国","33","保税监管场所进出境货物","37","山东省","0","千克","0","?","3,203",
"202512","85177950","光通信设备的激光收发模块","303","英国","34","海关特殊监管区域物流货物","32","江苏省","27","千克","0","?","387,147",
"202512","85177950","光通信设备的激光收发模块","303","英国","34","海关特殊监管区域物流货物","35","福建省","2","千克","0","?","440",
"202512","85177950","光通信设备的激光收发模块","303","英国","34","海关特殊监管区域物流货物","44","广东省","74","千克","0","?","49,027",
"202512","85177950","光通信设备的激光收发模块","304","德国","10","一般贸易","11","北京市","29","千克","0","?","10,602",
"202512","85177950","光通信设备的激光收发模块","304","德国","10","一般贸易","12","天津市","0","千克","0","?","66",
"202512","85177950","光通信设备的激光收发模块","304","德国","10","一般贸易","31","上海市","2","千克","0","?","15,827",
"202512","85177950","光通信设备的激光收发模块","304","德国","10","一般贸易","32","江苏省","44","千克","0","?","168,473",
"202512","85177950","光通信设备的激光收发模块","304","德国","10","一般贸易","33","浙江省","63","千克","0","?","152,092",
"202512","85177950","光通信设备的激光收发模块","304","德国","10","一般贸易","34","安徽省","0","千克","0","?","58,000",
"202512","85177950","光通信设备的激光收发模块","304","德国","10","一般贸易","35","福建省","13","千克","0","?","426",
"202512","85177950","光通信设备的激光收发模块","304","德国","10","一般贸易","37","山东省","10","千克","0","?","26,330",
"202512","85177950","光通信设备的激光收发模块","304","德国","10","一般贸易","42","湖北省","1185","千克","0","?","1,205,600",
"202512","85177950","光通信设备的激光收发模块","304","德国","10","一般贸易","44","广东省","7697","千克","0","?","4,092,964",
"202512","85177950","光通信设备的激光收发模块","304","德国","10","一般贸易","51","四川省","1870","千克","0","?","958,266",
"202512","85177950","光通信设备的激光收发模块","304","德国","10","一般贸易","52","贵州省","193","千克","0","?","58,087",
"202512","85177950","光通信设备的激光收发模块","304","德国","10","一般贸易","65","新疆维吾尔自治区","4","千克","0","?","675",
"202512","85177950","光通信设备的激光收发模块","304","德国","15","进料加工贸易","32","江苏省","16","千克","0","?","159,253",
"202512","85177950","光通信设备的激光收发模块","304","德国","15","进料加工贸易","51","四川省","3","千克","0","?","4,095",
"202512","85177950","光通信设备的激光收发模块","304","德国","33","保税监管场所进出境货物","44","广东省","46","千克","0","?","3,850",
"202512","85177950","光通信设备的激光收发模块","304","德国","34","海关特殊监管区域物流货物","42","湖北省","174","千克","0","?","195,231",
"202512","85177950","光通信设备的激光收发模块","304","德国","34","海关特殊监管区域物流货物","44","广东省","85","千克","0","?","65,554",
"202512","85177950","光通信设备的激光收发模块","305","法国","10","一般贸易","12","天津市","5","千克","0","?","136",
"202512","85177950","光通信设备的激光收发模块","305","法国","10","一般贸易","32","江苏省","5","千克","0","?","9,851",
"202512","85177950","光通信设备的激光收发模块","305","法国","10","一般贸易","33","浙江省","15","千克","0","?","10,429",
"202512","85177950","光通信设备的激光收发模块","305","法国","10","一般贸易","35","福建省","120","千克","0","?","16,191",
"202512","85177950","光通信设备的激光收发模块","305","法国","10","一般贸易","37","山东省","60","千克","0","?","415",
"202512","85177950","光通信设备的激光收发模块","305","法国","10","一般贸易","41","河南省","42","千克","0","?","11,360",
"202512","85177950","光通信设备的激光收发模块","305","法国","10","一般贸易","42","湖北省","91","千克","0","?","150,262",
"202512","85177950","光通信设备的激光收发模块","305","法国","10","一般贸易","43","湖南省","10","千克","0","?","2,250",
"202512","85177950","光通信设备的激光收发模块","305","法国","10","一般贸易","44","广东省","207","千克","0","?","143,729",
"202512","85177950","光通信设备的激光收发模块","305","法国","10","一般贸易","45","广西壮族自治区","2","千克","0","?","530",
"202512","85177950","光通信设备的激光收发模块","305","法国","10","一般贸易","51","四川省","240","千克","0","?","115,584",
"202512","85177950","光通信设备的激光收发模块","305","法国","10","一般贸易","52","贵州省","1","千克","0","?","41",
"202512","85177950","光通信设备的激光收发模块","305","法国","15","进料加工贸易","32","江苏省","11","千克","0","?","25,031",
"202512","85177950","光通信设备的激光收发模块","305","法国","15","进料加工贸易","51","四川省","24","千克","0","?","88,800",
"202512","85177950","光通信设备的激光收发模块","306","爱尔兰","10","一般贸易","21","辽宁省","26","千克","0","?","69,611",
"202512","85177950","光通信设备的激光收发模块","306","爱尔兰","10","一般贸易","32","江苏省","1","千克","0","?","3,160",
"202512","85177950","光通信设备的激光收发模块","306","爱尔兰","10","一般贸易","33","浙江省","0","千克","0","?","2,516",
"202512","85177950","光通信设备的激光收发模块","306","爱尔兰","10","一般贸易","35","福建省","0","千克","0","?","1,395",
"202512","85177950","光通信设备的激光收发模块","306","爱尔兰","10","一般贸易","37","山东省","0","千克","0","?","6",
"202512","85177950","光通信设备的激光收发模块","306","爱尔兰","10","一般贸易","44","广东省","82","千克","0","?","176,431",
"202512","85177950","光通信设备的激光收发模块","306","爱尔兰","10","一般贸易","51","四川省","161","千克","0","?","759,000",
"202512","85177950","光通信设备的激光收发模块","306","爱尔兰","10","一般贸易","52","贵州省","14","千克","0","?","17,098",
"202512","85177950","光通信设备的激光收发模块","306","爱尔兰","10","一般贸易","65","新疆维吾尔自治区","16","千克","0","?","1,353",
"202512","85177950","光通信设备的激光收发模块","306","爱尔兰","15","进料加工贸易","32","江苏省","10972","千克","0","?","1,537,784",
"202512","85177950","光通信设备的激光收发模块","307","意大利","10","一般贸易","12","天津市","3","千克","0","?","47",
"202512","85177950","光通信设备的激光收发模块","307","意大利","10","一般贸易","31","上海市","2","千克","0","?","2,907",
"202512","85177950","光通信设备的激光收发模块","307","意大利","10","一般贸易","32","江苏省","0","千克","0","?","4,501",
"202512","85177950","光通信设备的激光收发模块","307","意大利","10","一般贸易","33","浙江省","63","千克","0","?","20,576",
"202512","85177950","光通信设备的激光收发模块","307","意大利","10","一般贸易","34","安徽省","0","千克","0","?","23",
"202512","85177950","光通信设备的激光收发模块","307","意大利","10","一般贸易","35","福建省","9","千克","0","?","5,851",
"202512","85177950","光通信设备的激光收发模块","307","意大利","10","一般贸易","37","山东省","3","千克","0","?","413",
"202512","85177950","光通信设备的激光收发模块","307","意大利","10","一般贸易","41","河南省","1","千克","0","?","292",
"202512","85177950","光通信设备的激光收发模块","307","意大利","10","一般贸易","42","湖北省","0","千克","0","?","315",
"202512","85177950","光通信设备的激光收发模块","307","意大利","10","一般贸易","44","广东省","249","千克","0","?","148,904",
"202512","85177950","光通信设备的激光收发模块","307","意大利","10","一般贸易","45","广西壮族自治区","1","千克","0","?","113",
"202512","85177950","光通信设备的激光收发模块","307","意大利","10","一般贸易","51","四川省","2","千克","0","?","7,100",
"202512","85177950","光通信设备的激光收发模块","307","意大利","10","一般贸易","52","贵州省","0","千克","0","?","49",
"202512","85177950","光通信设备的激光收发模块","307","意大利","10","一般贸易","61","陕西省","1","千克","0","?","764",
"202512","85177950","光通信设备的激光收发模块","307","意大利","15","进料加工贸易","51","四川省","0","千克","0","?","706",
"202512","85177950","光通信设备的激光收发模块","309","荷兰","10","一般贸易","11","北京市","5","千克","0","?","1,960",
"202512","85177950","光通信设备的激光收发模块","309","荷兰","10","一般贸易","12","天津市","6","千克","0","?","203",
"202512","85177950","光通信设备的激光收发模块","309","荷兰","10","一般贸易","31","上海市","78","千克","0","?","162,290",
"202512","85177950","光通信设备的激光收发模块","309","荷兰","10","一般贸易","32","江苏省","564","千克","0","?","1,731,654",
"202512","85177950","光通信设备的激光收发模块","309","荷兰","10","一般贸易","33","浙江省","293","千克","0","?","533,677",
"202512","85177950","光通信设备的激光收发模块","309","荷兰","10","一般贸易","35","福建省","7","千克","0","?","5,526",
"202512","85177950","光通信设备的激光收发模块","309","荷兰","10","一般贸易","36","江西省","0","千克","0","?","12",
"202512","85177950","光通信设备的激光收发模块","309","荷兰","10","一般贸易","37","山东省","1","千克","0","?","17",
"202512","85177950","光通信设备的激光收发模块","309","荷兰","10","一般贸易","42","湖北省","5792","千克","0","?","5,666,793",
"202512","85177950","光通信设备的激光收发模块","309","荷兰","10","一般贸易","44","广东省","1572","千克","0","?","785,226",
"202512","85177950","光通信设备的激光收发模块","309","荷兰","10","一般贸易","45","广西壮族自治区","4","千克","0","?","825",
"202512","85177950","光通信设备的激光收发模块","309","荷兰","10","一般贸易","51","四川省","1181","千克","0","?","1,422,198",
"202512","85177950","光通信设备的激光收发模块","309","荷兰","10","一般贸易","52","贵州省","81","千克","0","?","17,231",
"202512","85177950","光通信设备的激光收发模块","309","荷兰","10","一般贸易","61","陕西省","1","千克","0","?","558",
"202512","85177950","光通信设备的激光收发模块","309","荷兰","15","进料加工贸易","32","江苏省","8154","千克","0","?","2,349,866",
"202512","85177950","光通信设备的激光收发模块","309","荷兰","15","进料加工贸易","51","四川省","139","千克","0","?","117,937",
"202512","85177950","光通信设备的激光收发模块","309","荷兰","34","海关特殊监管区域物流货物","11","北京市","1","千克","0","?","994",
"202512","85177950","光通信设备的激光收发模块","309","荷兰","34","海关特殊监管区域物流货物","32","江苏省","110","千克","0","?","101,713",
"202512","85177950","光通信设备的激光收发模块","310","希腊","10","一般贸易","12","天津市","6","千克","0","?","149",
"202512","85177950","光通信设备的激光收发模块","310","希腊","10","一般贸易","37","山东省","0","千克","0","?","5",
"202512","85177950","光通信设备的激光收发模块","310","希腊","10","一般贸易","42","湖北省","2","千克","0","?","941",
"202512","85177950","光通信设备的激光收发模块","310","希腊","10","一般贸易","44","广东省","51","千克","0","?","6,845",
"202512","85177950","光通信设备的激光收发模块","310","希腊","33","保税监管场所进出境货物","44","广东省","3","千克","0","?","700",
"202512","85177950","光通信设备的激光收发模块","311","葡萄牙","10","一般贸易","11","北京市","24","千克","0","?","25,452",
"202512","85177950","光通信设备的激光收发模块","311","葡萄牙","10","一般贸易","33","浙江省","3","千克","0","?","4,960",
"202512","85177950","光通信设备的激光收发模块","311","葡萄牙","10","一般贸易","43","湖南省","0","千克","0","?","36",
"202512","85177950","光通信设备的激光收发模块","311","葡萄牙","10","一般贸易","44","广东省","1","千克","0","?","84",
"202512","85177950","光通信设备的激光收发模块","311","葡萄牙","10","一般贸易","51","四川省","81","千克","0","?","194,910",
"202512","85177950","光通信设备的激光收发模块","312","西班牙","10","一般贸易","12","天津市","2","千克","0","?","73",
"202512","85177950","光通信设备的激光收发模块","312","西班牙","10","一般贸易","32","江苏省","0","千克","0","?","403",
"202512","85177950","光通信设备的激光收发模块","312","西班牙","10","一般贸易","33","浙江省","67","千克","0","?","100,340",
"202512","85177950","光通信设备的激光收发模块","312","西班牙","10","一般贸易","35","福建省","54","千克","0","?","42,319",
"202512","85177950","光通信设备的激光收发模块","312","西班牙","10","一般贸易","36","江西省","0","千克","0","?","33",
"202512","85177950","光通信设备的激光收发模块","312","西班牙","10","一般贸易","37","山东省","1","千克","0","?","63",
"202512","85177950","光通信设备的激光收发模块","312","西班牙","10","一般贸易","42","湖北省","8","千克","0","?","2,071",
"202512","85177950","光通信设备的激光收发模块","312","西班牙","10","一般贸易","44","广东省","197","千克","0","?","120,769",
"202512","85177950","光通信设备的激光收发模块","312","西班牙","10","一般贸易","45","广西壮族自治区","0","千克","0","?","2,090",
"202512","85177950","光通信设备的激光收发模块","312","西班牙","10","一般贸易","52","贵州省","0","千克","0","?","7",
"202512","85177950","光通信设备的激光收发模块","312","西班牙","10","一般贸易","61","陕西省","0","千克","0","?","8",
"202512","85177950","光通信设备的激光收发模块","312","西班牙","10","一般贸易","62","甘肃省","0","千克","0","?","3",
"202512","85177950","光通信设备的激光收发模块","312","西班牙","33","保税监管场所进出境货物","44","广东省","24","千克","0","?","1,045",
"202512","85177950","光通信设备的激光收发模块","312","西班牙","34","海关特殊监管区域物流货物","32","江苏省","1","千克","0","?","761",
"202512","85177950","光通信设备的激光收发模块","315","奥地利","10","一般贸易","31","上海市","25","千克","0","?","9,505",
"202512","85177950","光通信设备的激光收发模块","315","奥地利","10","一般贸易","33","浙江省","2","千克","0","?","1,643",
"202512","85177950","光通信设备的激光收发模块","315","奥地利","10","一般贸易","42","湖北省","0","千克","0","?","3,440",
"202512","85177950","光通信设备的激光收发模块","315","奥地利","10","一般贸易","44","广东省","66","千克","0","?","29,348",
"202512","85177950","光通信设备的激光收发模块","316","保加利亚","10","一般贸易","31","上海市","4","千克","0","?","2,650",
"202512","85177950","光通信设备的激光收发模块","316","保加利亚","10","一般贸易","33","浙江省","1","千克","0","?","378",
"202512","85177950","光通信设备的激光收发模块","316","保加利亚","10","一般贸易","35","福建省","0","千克","0","?","312",
"202512","85177950","光通信设备的激光收发模块","316","保加利亚","10","一般贸易","42","湖北省","10","千克","0","?","2,376",
"202512","85177950","光通信设备的激光收发模块","316","保加利亚","10","一般贸易","44","广东省","24","千克","0","?","43,020",
"202512","85177950","光通信设备的激光收发模块","316","保加利亚","10","一般贸易","51","四川省","15","千克","0","?","5,054",
"202512","85177950","光通信设备的激光收发模块","318","芬兰","10","一般贸易","12","天津市","0","千克","0","?","6",
"202512","85177950","光通信设备的激光收发模块","318","芬兰","10","一般贸易","33","浙江省","0","千克","0","?","626",
"202512","85177950","光通信设备的激光收发模块","318","芬兰","10","一般贸易","34","安徽省","9","千克","0","?","1,195",
"202512","85177950","光通信设备的激光收发模块","318","芬兰","10","一般贸易","35","福建省","3","千克","0","?","1,814",
"202512","85177950","光通信设备的激光收发模块","318","芬兰","10","一般贸易","37","山东省","0","千克","0","?","10",
"202512","85177950","光通信设备的激光收发模块","318","芬兰","10","一般贸易","41","河南省","15","千克","0","?","2,311",
"202512","85177950","光通信设备的激光收发模块","318","芬兰","10","一般贸易","42","湖北省","125","千克","0","?","90,814",
"202512","85177950","光通信设备的激光收发模块","318","芬兰","10","一般贸易","44","广东省","243","千克","0","?","91,589",
"202512","85177950","光通信设备的激光收发模块","318","芬兰","10","一般贸易","51","四川省","0","千克","0","?","1,690",
"202512","85177950","光通信设备的激光收发模块","318","芬兰","15","进料加工贸易","33","浙江省","51","千克","0","?","43,965",
"202512","85177950","光通信设备的激光收发模块","318","芬兰","15","进料加工贸易","51","四川省","0","千克","0","?","217",
"202512","85177950","光通信设备的激光收发模块","318","芬兰","34","海关特殊监管区域物流货物","32","江苏省","1","千克","0","?","569",
"202512","85177950","光通信设备的激光收发模块","318","芬兰","39","其他","42","湖北省","4","千克","0","?","1,160",
"202512","85177950","光通信设备的激光收发模块","321","匈牙利","10","一般贸易","12","天津市","47","千克","0","?","999",
"202512","85177950","光通信设备的激光收发模块","321","匈牙利","10","一般贸易","33","浙江省","32","千克","0","?","5,532",
"202512","85177950","光通信设备的激光收发模块","321","匈牙利","10","一般贸易","34","安徽省","1","千克","0","?","450",
"202512","85177950","光通信设备的激光收发模块","321","匈牙利","10","一般贸易","37","山东省","6","千克","0","?","320",
"202512","85177950","光通信设备的激光收发模块","321","匈牙利","10","一般贸易","42","湖北省","1","千克","0","?","68",
"202512","85177950","光通信设备的激光收发模块","321","匈牙利","10","一般贸易","44","广东省","2141","千克","0","?","3,258,542",
"202512","85177950","光通信设备的激光收发模块","321","匈牙利","10","一般贸易","50","重庆市","6","千克","0","?","41,105",
"202512","85177950","光通信设备的激光收发模块","321","匈牙利","10","一般贸易","51","四川省","6","千克","0","?","2,242",
"202512","85177950","光通信设备的激光收发模块","321","匈牙利","10","一般贸易","52","贵州省","1","千克","0","?","280",
"202512","85177950","光通信设备的激光收发模块","321","匈牙利","10","一般贸易","61","陕西省","0","千克","0","?","4",
"202512","85177950","光通信设备的激光收发模块","321","匈牙利","33","保税监管场所进出境货物","44","广东省","21","千克","0","?","108,881",
"202512","85177950","光通信设备的激光收发模块","322","冰岛","10","一般贸易","44","广东省","23","千克","0","?","21,771",
"202512","85177950","光通信设备的激光收发模块","323","列支敦士登","10","一般贸易","42","湖北省","2","千克","0","?","3,659",
"202512","85177950","光通信设备的激光收发模块","323","列支敦士登","10","一般贸易","44","广东省","0","千克","0","?","5,535",
"202512","85177950","光通信设备的激光收发模块","324","马耳他","10","一般贸易","44","广东省","0","千克","0","?","39",
"202512","85177950","光通信设备的激光收发模块","326","挪威","10","一般贸易","12","天津市","0","千克","0","?","67",
"202512","85177950","光通信设备的激光收发模块","326","挪威","10","一般贸易","31","上海市","4","千克","0","?","9,002",
"202512","85177950","光通信设备的激光收发模块","326","挪威","10","一般贸易","32","江苏省","1","千克","0","?","2,252",
"202512","85177950","光通信设备的激光收发模块","326","挪威","10","一般贸易","33","浙江省","99","千克","0","?","135,226",
"202512","85177950","光通信设备的激光收发模块","326","挪威","10","一般贸易","34","安徽省","4","千克","0","?","810",
"202512","85177950","光通信设备的激光收发模块","326","挪威","10","一般贸易","35","福建省","11","千克","0","?","600",
"202512","85177950","光通信设备的激光收发模块","326","挪威","10","一般贸易","42","湖北省","356","千克","0","?","300,725",
"202512","85177950","光通信设备的激光收发模块","326","挪威","10","一般贸易","44","广东省","302","千克","0","?","141,797",
"202512","85177950","光通信设备的激光收发模块","326","挪威","10","一般贸易","51","四川省","171","千克","0","?","253,542",
"202512","85177950","光通信设备的激光收发模块","326","挪威","10","一般贸易","65","新疆维吾尔自治区","11","千克","0","?","2,696",
"202512","85177950","光通信设备的激光收发模块","327","波兰","10","一般贸易","31","上海市","37","千克","0","?","73,326",
"202512","85177950","光通信设备的激光收发模块","327","波兰","10","一般贸易","32","江苏省","4","千克","0","?","2,200",
"202512","85177950","光通信设备的激光收发模块","327","波兰","10","一般贸易","33","浙江省","71","千克","0","?","53,491",
"202512","85177950","光通信设备的激光收发模块","327","波兰","10","一般贸易","35","福建省","2","千克","0","?","26",
"202512","85177950","光通信设备的激光收发模块","327","波兰","10","一般贸易","36","江西省","0","千克","0","?","8",
"202512","85177950","光通信设备的激光收发模块","327","波兰","10","一般贸易","41","河南省","16","千克","0","?","1,090",
"202512","85177950","光通信设备的激光收发模块","327","波兰","10","一般贸易","42","湖北省","590","千克","0","?","580,073",
"202512","85177950","光通信设备的激光收发模块","327","波兰","10","一般贸易","44","广东省","1014","千克","0","?","286,101",
"202512","85177950","光通信设备的激光收发模块","327","波兰","10","一般贸易","50","重庆市","182","千克","0","?","45,993",
"202512","85177950","光通信设备的激光收发模块","327","波兰","10","一般贸易","51","四川省","241","千克","0","?","116,057",
"202512","85177950","光通信设备的激光收发模块","327","波兰","15","进料加工贸易","32","江苏省","27","千克","0","?","347,871",
"202512","85177950","光通信设备的激光收发模块","327","波兰","33","保税监管场所进出境货物","44","广东省","0","千克","0","?","60",
"202512","85177950","光通信设备的激光收发模块","328","罗马尼亚","10","一般贸易","12","天津市","14","千克","0","?","317",
"202512","85177950","光通信设备的激光收发模块","328","罗马尼亚","10","一般贸易","33","浙江省","214","千克","0","?","92,026",
"202512","85177950","光通信设备的激光收发模块","328","罗马尼亚","10","一般贸易","35","福建省","0","千克","0","?","462",
"202512","85177950","光通信设备的激光收发模块","328","罗马尼亚","10","一般贸易","41","河南省","207","千克","0","?","285,480",
"202512","85177950","光通信设备的激光收发模块","328","罗马尼亚","10","一般贸易","44","广东省","216","千克","0","?","130,845",
"202512","85177950","光通信设备的激光收发模块","328","罗马尼亚","10","一般贸易","51","四川省","23","千克","0","?","48,360",
"202512","85177950","光通信设备的激光收发模块","328","罗马尼亚","15","进料加工贸易","32","江苏省","0","千克","0","?","3,378",
"202512","85177950","光通信设备的激光收发模块","330","瑞典","10","一般贸易","33","浙江省","3","千克","0","?","357",
"202512","85177950","光通信设备的激光收发模块","330","瑞典","10","一般贸易","37","山东省","31","千克","0","?","1,385",
"202512","85177950","光通信设备的激光收发模块","330","瑞典","10","一般贸易","42","湖北省","442","千克","0","?","230,651",
"202512","85177950","光通信设备的激光收发模块","330","瑞典","10","一般贸易","44","广东省","270","千克","0","?","116,524",
"202512","85177950","光通信设备的激光收发模块","330","瑞典","10","一般贸易","45","广西壮族自治区","5","千克","0","?","1,150",
"202512","85177950","光通信设备的激光收发模块","330","瑞典","10","一般贸易","51","四川省","694","千克","0","?","369,660",
"202512","85177950","光通信设备的激光收发模块","330","瑞典","10","一般贸易","61","陕西省","1","千克","0","?","5,160",
"202512","85177950","光通信设备的激光收发模块","330","瑞典","15","进料加工贸易","32","江苏省","1","千克","0","?","7,283",
"202512","85177950","光通信设备的激光收发模块","330","瑞典","15","进料加工贸易","51","四川省","369","千克","0","?","82,598",
"202512","85177950","光通信设备的激光收发模块","330","瑞典","33","保税监管场所进出境货物","44","广东省","7","千克","0","?","1,400",
"202512","85177950","光通信设备的激光收发模块","330","瑞典","34","海关特殊监管区域物流货物","32","江苏省","23","千克","0","?","111,983",
"202512","85177950","光通信设备的激光收发模块","331","瑞士","10","一般贸易","12","天津市","6","千克","0","?","207",
"202512","85177950","光通信设备的激光收发模块","331","瑞士","10","一般贸易","21","辽宁省","28","千克","0","?","53,481",
"202512","85177950","光通信设备的激光收发模块","331","瑞士","10","一般贸易","31","上海市","214","千克","0","?","310,500",
"202512","85177950","光通信设备的激光收发模块","331","瑞士","10","一般贸易","34","安徽省","0","千克","0","?","1",
"202512","85177950","光通信设备的激光收发模块","331","瑞士","10","一般贸易","36","江西省","3","千克","0","?","622",
"202512","85177950","光通信设备的激光收发模块","331","瑞士","10","一般贸易","37","山东省","0","千克","0","?","3",
"202512","85177950","光通信设备的激光收发模块","331","瑞士","10","一般贸易","42","湖北省","139","千克","0","?","104,898",
"202512","85177950","光通信设备的激光收发模块","331","瑞士","10","一般贸易","44","广东省","235","千克","0","?","135,586",
"202512","85177950","光通信设备的激光收发模块","331","瑞士","10","一般贸易","51","四川省","0","千克","0","?","48",
"202512","85177950","光通信设备的激光收发模块","334","爱沙尼亚","10","一般贸易","44","广东省","3","千克","0","?","5,269",
"202512","85177950","光通信设备的激光收发模块","335","拉脱维亚","10","一般贸易","42","湖北省","2","千克","0","?","960",
"202512","85177950","光通信设备的激光收发模块","335","拉脱维亚","10","一般贸易","44","广东省","861","千克","0","?","409,893",
"202512","85177950","光通信设备的激光收发模块","335","拉脱维亚","10","一般贸易","51","四川省","8","千克","0","?","4,784",
"202512","85177950","光通信设备的激光收发模块","336","立陶宛","10","一般贸易","33","浙江省","22","千克","0","?","2,400",
"202512","85177950","光通信设备的激光收发模块","336","立陶宛","10","一般贸易","44","广东省","71","千克","0","?","6,447",
"202512","85177950","光通信设备的激光收发模块","340","白俄罗斯","10","一般贸易","31","上海市","5","千克","0","?","3,653",
"202512","85177950","光通信设备的激光收发模块","340","白俄罗斯","10","一般贸易","42","湖北省","61","千克","0","?","3,393",
"202512","85177950","光通信设备的激光收发模块","340","白俄罗斯","10","一般贸易","44","广东省","37","千克","0","?","14,420",
"202512","85177950","光通信设备的激光收发模块","340","白俄罗斯","10","一般贸易","50","重庆市","22","千克","0","?","700",
"202512","85177950","光通信设备的激光收发模块","340","白俄罗斯","34","海关特殊监管区域物流货物","11","北京市","3","千克","0","?","239",
"202512","85177950","光通信设备的激光收发模块","343","摩尔多瓦","10","一般贸易","42","湖北省","0","千克","0","?","799",
"202512","85177950","光通信设备的激光收发模块","343","摩尔多瓦","10","一般贸易","44","广东省","22","千克","0","?","4,073",
"202512","85177950","光通信设备的激光收发模块","344","俄罗斯","10","一般贸易","11","北京市","60","千克","0","?","83,781",
"202512","85177950","光通信设备的激光收发模块","344","俄罗斯","10","一般贸易","12","天津市","4","千克","0","?","6,584",
"202512","85177950","光通信设备的激光收发模块","344","俄罗斯","10","一般贸易","23","黑龙江省","15","千克","0","?","2,978",
"202512","85177950","光通信设备的激光收发模块","344","俄罗斯","10","一般贸易","31","上海市","1577","千克","0","?","775,460",
"202512","85177950","光通信设备的激光收发模块","344","俄罗斯","10","一般贸易","32","江苏省","428","千克","0","?","534,319",
"202512","85177950","光通信设备的激光收发模块","344","俄罗斯","10","一般贸易","33","浙江省","114","千克","0","?","12,708",
"202512","85177950","光通信设备的激光收发模块","344","俄罗斯","10","一般贸易","34","安徽省","842","千克","0","?","170,167",
"202512","85177950","光通信设备的激光收发模块","344","俄罗斯","10","一般贸易","35","福建省","542","千克","0","?","25,679",
"202512","85177950","光通信设备的激光收发模块","344","俄罗斯","10","一般贸易","37","山东省","4","千克","0","?","448",
"202512","85177950","光通信设备的激光收发模块","344","俄罗斯","10","一般贸易","42","湖北省","897","千克","0","?","598,183",
"202512","85177950","光通信设备的激光收发模块","344","俄罗斯","10","一般贸易","44","广东省","6867","千克","0","?","1,547,034",
"202512","85177950","光通信设备的激光收发模块","344","俄罗斯","10","一般贸易","50","重庆市","281","千克","0","?","63,750",
"202512","85177950","光通信设备的激光收发模块","344","俄罗斯","10","一般贸易","51","四川省","7","千克","0","?","9,149",
"202512","85177950","光通信设备的激光收发模块","344","俄罗斯","10","一般贸易","61","陕西省","0","千克","0","?","1,399",
"202512","85177950","光通信设备的激光收发模块","344","俄罗斯","10","一般贸易","65","新疆维吾尔自治区","389","千克","0","?","40,730",
"202512","85177950","光通信设备的激光收发模块","344","俄罗斯","33","保税监管场所进出境货物","43","湖南省","143","千克","0","?","27,258",
"202512","85177950","光通信设备的激光收发模块","344","俄罗斯","34","海关特殊监管区域物流货物","11","北京市","1","千克","0","?","2,400",
"202512","85177950","光通信设备的激光收发模块","344","俄罗斯","34","海关特殊监管区域物流货物","31","上海市","59","千克","0","?","4,000",
"202512","85177950","光通信设备的激光收发模块","344","俄罗斯","34","海关特殊监管区域物流货物","42","湖北省","280","千克","0","?","243,578",
"202512","85177950","光通信设备的激光收发模块","344","俄罗斯","34","海关特殊监管区域物流货物","44","广东省","42","千克","0","?","44,241",
"202512","85177950","光通信设备的激光收发模块","344","俄罗斯","34","海关特殊监管区域物流货物","50","重庆市","1316","千克","0","?","25,253",
"202512","85177950","光通信设备的激光收发模块","344","俄罗斯","39","其他","33","浙江省","481","千克","0","?","47,284",
"202512","85177950","光通信设备的激光收发模块","344","俄罗斯","39","其他","44","广东省","144","千克","0","?","6,126",
"202512","85177950","光通信设备的激光收发模块","347","乌克兰","10","一般贸易","31","上海市","29","千克","0","?","1,300",
"202512","85177950","光通信设备的激光收发模块","347","乌克兰","10","一般贸易","33","浙江省","1","千克","0","?","22,750",
"202512","85177950","光通信设备的激光收发模块","347","乌克兰","10","一般贸易","35","福建省","6","千克","0","?","7,907",
"202512","85177950","光通信设备的激光收发模块","347","乌克兰","10","一般贸易","42","湖北省","284","千克","0","?","52,000",
"202512","85177950","光通信设备的激光收发模块","347","乌克兰","10","一般贸易","44","广东省","1097","千克","0","?","253,936",
"202512","85177950","光通信设备的激光收发模块","350","斯洛文尼亚","10","一般贸易","35","福建省","0","千克","0","?","191",
"202512","85177950","光通信设备的激光收发模块","350","斯洛文尼亚","10","一般贸易","42","湖北省","4","千克","0","?","1,360",
"202512","85177950","光通信设备的激光收发模块","350","斯洛文尼亚","10","一般贸易","44","广东省","112","千克","0","?","28,555",
"202512","85177950","光通信设备的激光收发模块","351","克罗地亚","10","一般贸易","44","广东省","1","千克","0","?","4,509",
"202512","85177950","光通信设备的激光收发模块","352","捷克","10","一般贸易","12","天津市","0","千克","0","?","5",
"202512","85177950","光通信设备的激光收发模块","352","捷克","10","一般贸易","35","福建省","2","千克","0","?","95",
"202512","85177950","光通信设备的激光收发模块","352","捷克","10","一般贸易","37","山东省","0","千克","0","?","4",
"202512","85177950","光通信设备的激光收发模块","352","捷克","10","一般贸易","42","湖北省","59","千克","0","?","25,722",
"202512","85177950","光通信设备的激光收发模块","352","捷克","10","一般贸易","44","广东省","679","千克","0","?","304,080",
"202512","85177950","光通信设备的激光收发模块","352","捷克","10","一般贸易","51","四川省","16","千克","0","?","1,213",
"202512","85177950","光通信设备的激光收发模块","352","捷克","10","一般贸易","61","陕西省","0","千克","0","?","6",
"202512","85177950","光通信设备的激光收发模块","352","捷克","10","一般贸易","65","新疆维吾尔自治区","4","千克","0","?","927",
"202512","85177950","光通信设备的激光收发模块","352","捷克","15","进料加工贸易","32","江苏省","51","千克","0","?","32,697",
"202512","85177950","光通信设备的激光收发模块","353","斯洛伐克","10","一般贸易","35","福建省","0","千克","0","?","67",
"202512","85177950","光通信设备的激光收发模块","353","斯洛伐克","10","一般贸易","44","广东省","5","千克","0","?","3,326",
"202512","85177950","光通信设备的激光收发模块","353","斯洛伐克","10","一般贸易","51","四川省","20","千克","0","?","80,094",
"202512","85177950","光通信设备的激光收发模块","355","波斯尼亚和黑塞哥维那","10","一般贸易","44","广东省","0","千克","0","?","94",
"202512","85177950","光通信设备的激光收发模块","358","塞尔维亚","10","一般贸易","32","江苏省","8","千克","0","?","820",
"202512","85177950","光通信设备的激光收发模块","358","塞尔维亚","10","一般贸易","33","浙江省","5","千克","0","?","7,724",
"202512","85177950","光通信设备的激光收发模块","358","塞尔维亚","10","一般贸易","37","山东省","2","千克","0","?","5,444",
"202512","85177950","光通信设备的激光收发模块","358","塞尔维亚","10","一般贸易","44","广东省","21","千克","0","?","30,213",
"202512","85177950","光通信设备的激光收发模块","402","阿根廷","10","一般贸易","31","上海市","4","千克","0","?","1,938",
"202512","85177950","光通信设备的激光收发模块","402","阿根廷","10","一般贸易","33","浙江省","4","千克","0","?","9,680",
"202512","85177950","光通信设备的激光收发模块","402","阿根廷","10","一般贸易","44","广东省","313","千克","0","?","74,294",
"202512","85177950","光通信设备的激光收发模块","402","阿根廷","15","进料加工贸易","44","广东省","0","千克","0","?","296",
"202512","85177950","光通信设备的激光收发模块","402","阿根廷","33","保税监管场所进出境货物","44","广东省","0","千克","0","?","1,078",
"202512","85177950","光通信设备的激光收发模块","403","阿鲁巴","34","海关特殊监管区域物流货物","32","江苏省","4","千克","0","?","16,000",
"202512","85177950","光通信设备的激光收发模块","408","玻利维亚
","10","一般贸易","33","浙江省","7","千克","0","?","4,604",
"202512","85177950","光通信设备的激光收发模块","408","玻利维亚
","10","一般贸易","37","山东省","2","千克","0","?","474",
"202512","85177950","光通信设备的激光收发模块","408","玻利维亚
","10","一般贸易","44","广东省","45","千克","0","?","1,132",
"202512","85177950","光通信设备的激光收发模块","410","巴西","10","一般贸易","11","北京市","4","千克","0","?","8,316",
"202512","85177950","光通信设备的激光收发模块","410","巴西","10","一般贸易","31","上海市","95","千克","0","?","114,554",
"202512","85177950","光通信设备的激光收发模块","410","巴西","10","一般贸易","32","江苏省","46","千克","0","?","237,746",
"202512","85177950","光通信设备的激光收发模块","410","巴西","10","一般贸易","33","浙江省","37","千克","0","?","30,421",
"202512","85177950","光通信设备的激光收发模块","410","巴西","10","一般贸易","36","江西省","0","千克","0","?","24",
"202512","85177950","光通信设备的激光收发模块","410","巴西","10","一般贸易","41","河南省","23","千克","0","?","31,266",
"202512","85177950","光通信设备的激光收发模块","410","巴西","10","一般贸易","42","湖北省","410","千克","0","?","298,361",
"202512","85177950","光通信设备的激光收发模块","410","巴西","10","一般贸易","44","广东省","2266","千克","0","?","1,190,302",
"202512","85177950","光通信设备的激光收发模块","410","巴西","10","一般贸易","51","四川省","40","千克","0","?","7,134",
"202512","85177950","光通信设备的激光收发模块","410","巴西","15","进料加工贸易","32","江苏省","4","千克","0","?","2,661",
"202512","85177950","光通信设备的激光收发模块","410","巴西","15","进料加工贸易","44","广东省","0","千克","0","?","2,308",
"202512","85177950","光通信设备的激光收发模块","410","巴西","15","进料加工贸易","51","四川省","43","千克","0","?","40,365",
"202512","85177950","光通信设备的激光收发模块","410","巴西","33","保税监管场所进出境货物","44","广东省","198","千克","0","?","31,915",
"202512","85177950","光通信设备的激光收发模块","410","巴西","34","海关特殊监管区域物流货物","32","江苏省","923","千克","0","?","173,321",
"202512","85177950","光通信设备的激光收发模块","412","智利","10","一般贸易","12","天津市","3","千克","0","?","86",
"202512","85177950","光通信设备的激光收发模块","412","智利","10","一般贸易","33","浙江省","1","千克","0","?","2,817",
"202512","85177950","光通信设备的激光收发模块","412","智利","10","一般贸易","42","湖北省","237","千克","0","?","1,026,304",
"202512","85177950","光通信设备的激光收发模块","412","智利","10","一般贸易","44","广东省","33","千克","0","?","31,000",
"202512","85177950","光通信设备的激光收发模块","412","智利","10","一般贸易","52","贵州省","9","千克","0","?","1,922",
"202512","85177950","光通信设备的激光收发模块","412","智利","33","保税监管场所进出境货物","44","广东省","48","千克","0","?","3,600",
"202512","85177950","光通信设备的激光收发模块","412","智利","34","海关特殊监管区域物流货物","32","江苏省","141","千克","0","?","108,591",
"202512","85177950","光通信设备的激光收发模块","413","哥伦比亚","10","一般贸易","33","浙江省","7","千克","0","?","1,213",
"202512","85177950","光通信设备的激光收发模块","413","哥伦比亚","10","一般贸易","35","福建省","4","千克","0","?","6,580",
"202512","85177950","光通信设备的激光收发模块","413","哥伦比亚","10","一般贸易","37","山东省","4","千克","0","?","817",
"202512","85177950","光通信设备的激光收发模块","413","哥伦比亚","10","一般贸易","44","广东省","226","千克","0","?","192,326",
"202512","85177950","光通信设备的激光收发模块","413","哥伦比亚","10","一般贸易","52","贵州省","0","千克","0","?","8",
"202512","85177950","光通信设备的激光收发模块","413","哥伦比亚","10","一般贸易","61","陕西省","0","千克","0","?","23",
"202512","85177950","光通信设备的激光收发模块","413","哥伦比亚","33","保税监管场所进出境货物","44","广东省","35","千克","0","?","8,156",
"202512","85177950","光通信设备的激光收发模块","413","哥伦比亚","34","海关特殊监管区域物流货物","32","江苏省","162","千克","0","?","37,886",
"202512","85177950","光通信设备的激光收发模块","415","哥斯达黎加","10","一般贸易","44","广东省","1","千克","0","?","6,913",
"202512","85177950","光通信设备的激光收发模块","416","古巴","10","一般贸易","44","广东省","255","千克","0","?","664,454",
"202512","85177950","光通信设备的激光收发模块","418","多米尼加
","10","一般贸易","37","山东省","19","千克","0","?","327",
"202512","85177950","光通信设备的激光收发模块","418","多米尼加
","10","一般贸易","44","广东省","22","千克","0","?","19,245",
"202512","85177950","光通信设备的激光收发模块","419","厄瓜多尔","10","一般贸易","12","天津市","2","千克","0","?","131",
"202512","85177950","光通信设备的激光收发模块","419","厄瓜多尔","10","一般贸易","31","上海市","30","千克","0","?","3,482",
"202512","85177950","光通信设备的激光收发模块","419","厄瓜多尔","10","一般贸易","33","浙江省","1","千克","0","?","225",
"202512","85177950","光通信设备的激光收发模块","419","厄瓜多尔","10","一般贸易","35","福建省","0","千克","0","?","360",
"202512","85177950","光通信设备的激光收发模块","419","厄瓜多尔","10","一般贸易","42","湖北省","47","千克","0","?","482,017",
"202512","85177950","光通信设备的激光收发模块","419","厄瓜多尔","10","一般贸易","44","广东省","24","千克","0","?","13,267",
"202512","85177950","光通信设备的激光收发模块","419","厄瓜多尔","33","保税监管场所进出境货物","44","广东省","0","千克","0","?","170",
"202512","85177950","光通信设备的激光收发模块","419","厄瓜多尔","34","海关特殊监管区域物流货物","32","江苏省","0","千克","0","?","646",
"202512","85177950","光通信设备的激光收发模块","423","危地马拉","10","一般贸易","35","福建省","1","千克","0","?","1,155",
"202512","85177950","光通信设备的激光收发模块","423","危地马拉","10","一般贸易","44","广东省","4","千克","0","?","1,279",
"202512","85177950","光通信设备的激光收发模块","424","圭亚那","10","一般贸易","35","福建省","2","千克","0","?","676",
"202512","85177950","光通信设备的激光收发模块","424","圭亚那","10","一般贸易","44","广东省","4","千克","0","?","37,262",
"202512","85177950","光通信设备的激光收发模块","426","洪都拉斯","10","一般贸易","33","浙江省","14","千克","0","?","10,502",
"202512","85177950","光通信设备的激光收发模块","426","洪都拉斯","10","一般贸易","44","广东省","32","千克","0","?","9,929",
"202512","85177950","光通信设备的激光收发模块","427","牙买加","10","一般贸易","44","广东省","7","千克","0","?","3,410",
"202512","85177950","光通信设备的激光收发模块","429","墨西哥","10","一般贸易","31","上海市","84","千克","0","?","58,655",
"202512","85177950","光通信设备的激光收发模块","429","墨西哥","10","一般贸易","32","江苏省","119","千克","0","?","338,807",
"202512","85177950","光通信设备的激光收发模块","429","墨西哥","10","一般贸易","33","浙江省","37","千克","0","?","26,455",
"202512","85177950","光通信设备的激光收发模块","429","墨西哥","10","一般贸易","35","福建省","34","千克","0","?","37,163",
"202512","85177950","光通信设备的激光收发模块","429","墨西哥","10","一般贸易","37","山东省","12","千克","0","?","665",
"202512","85177950","光通信设备的激光收发模块","429","墨西哥","10","一般贸易","41","河南省","0","千克","0","?","980",
"202512","85177950","光通信设备的激光收发模块","429","墨西哥","10","一般贸易","42","湖北省","2147","千克","0","?","2,093,343",
"202512","85177950","光通信设备的激光收发模块","429","墨西哥","10","一般贸易","44","广东省","6136","千克","0","?","20,305,753",
"202512","85177950","光通信设备的激光收发模块","429","墨西哥","10","一般贸易","45","广西壮族自治区","0","千克","0","?","70",
"202512","85177950","光通信设备的激光收发模块","429","墨西哥","10","一般贸易","51","四川省","346","千克","0","?","189,212",
