月份,贸易伙伴,出口量kg,金额,币种,来源文件
202501,不丹,3,625,USD,customs-85177950-2025-breakdown-usd.csv
202501,中国台湾,20112,24160794,USD,customs-85177950-2025-breakdown-usd.csv
202501,中国澳门,5,8132,USD,customs-85177950-2025-breakdown-usd.csv
202501,中国香港,10404,16825029,USD,customs-85177950-2025-breakdown-usd.csv
202501,中非,41,12809,USD,customs-85177950-2025-breakdown-usd.csv
202501,丹麦,512,330617,USD,customs-85177950-2025-breakdown-usd.csv
202501,乌克兰,444,269932,USD,customs-85177950-2025-breakdown-usd.csv
202501,乌兹别克斯坦,238,189586,USD,customs-85177950-2025-breakdown-usd.csv
202501,乌干达,112,67839,USD,customs-85177950-2025-breakdown-usd.csv
202501,乌拉圭,36,30322,USD,customs-85177950-2025-breakdown-usd.csv
202501,乍得,14,2827,USD,customs-85177950-2025-breakdown-usd.csv
202501,也门,143,1075737,USD,customs-85177950-2025-breakdown-usd.csv
202501,亚美尼亚,28,6319,USD,customs-85177950-2025-breakdown-usd.csv
202501,以色列,822,709229,USD,customs-85177950-2025-breakdown-usd.csv
202501,伊拉克,1505,85784,USD,customs-85177950-2025-breakdown-usd.csv
202501,伊朗,958,21250,USD,customs-85177950-2025-breakdown-usd.csv
202501,佛得角,6,919,USD,customs-85177950-2025-breakdown-usd.csv
202501,俄罗斯,8627,3056195,USD,customs-85177950-2025-breakdown-usd.csv
202501,保加利亚,41,38353,USD,customs-85177950-2025-breakdown-usd.csv
202501,克罗地亚,43,1940,USD,customs-85177950-2025-breakdown-usd.csv
202501,冈比亚,1,240,USD,customs-85177950-2025-breakdown-usd.csv
202501,冰岛,211,1346667,USD,customs-85177950-2025-breakdown-usd.csv
202501,几内亚,1172,153990,USD,customs-85177950-2025-breakdown-usd.csv
202501,列支敦士登,3,4004,USD,customs-85177950-2025-breakdown-usd.csv
202501,刚果民主共和国,40,3366,USD,customs-85177950-2025-breakdown-usd.csv
202501,利比亚,23,11787,USD,customs-85177950-2025-breakdown-usd.csv
202501,利比里亚,3,8683,USD,customs-85177950-2025-breakdown-usd.csv
202501,加拿大,2538,1165677,USD,customs-85177950-2025-breakdown-usd.csv
202501,加纳,11,1466,USD,customs-85177950-2025-breakdown-usd.csv
202501,加蓬,0,10,USD,customs-85177950-2025-breakdown-usd.csv
202501,匈牙利,4263,4206857,USD,customs-85177950-2025-breakdown-usd.csv
202501,北马其顿,1,277,USD,customs-85177950-2025-breakdown-usd.csv
202501,南苏丹,31,369,USD,customs-85177950-2025-breakdown-usd.csv
202501,南非,896,268812,USD,customs-85177950-2025-breakdown-usd.csv
202501,博茨瓦纳,46,25077,USD,customs-85177950-2025-breakdown-usd.csv
202501,卡塔尔,16,10931,USD,customs-85177950-2025-breakdown-usd.csv
202501,卢旺达,0,2356,USD,customs-85177950-2025-breakdown-usd.csv
202501,印度,9217,2740559,USD,customs-85177950-2025-breakdown-usd.csv
202501,印度尼西亚,3718,2302782,USD,customs-85177950-2025-breakdown-usd.csv
202501,危地马拉,2,235,USD,customs-85177950-2025-breakdown-usd.csv
202501,厄瓜多尔,90,61734,USD,customs-85177950-2025-breakdown-usd.csv
202501,吉尔吉斯斯坦,172,28178,USD,customs-85177950-2025-breakdown-usd.csv
202501,哈萨克斯坦,256,328435,USD,customs-85177950-2025-breakdown-usd.csv
202501,哥伦比亚,362,244821,USD,customs-85177950-2025-breakdown-usd.csv
202501,哥斯达黎加,9,19256,USD,customs-85177950-2025-breakdown-usd.csv
202501,喀麦隆,40,42255,USD,customs-85177950-2025-breakdown-usd.csv
202501,土库曼斯坦,4,984,USD,customs-85177950-2025-breakdown-usd.csv
202501,土耳其,1324,575218,USD,customs-85177950-2025-breakdown-usd.csv
202501,坦桑尼亚,222,11252,USD,customs-85177950-2025-breakdown-usd.csv
202501,埃及,424,73660,USD,customs-85177950-2025-breakdown-usd.csv
202501,埃塞俄比亚,113,30110,USD,customs-85177950-2025-breakdown-usd.csv
202501,基里巴斯,1,228,USD,customs-85177950-2025-breakdown-usd.csv
202501,塔吉克斯坦,85,503334,USD,customs-85177950-2025-breakdown-usd.csv
202501,塞尔维亚,28,10766,USD,customs-85177950-2025-breakdown-usd.csv
202501,塞浦路斯,6,743,USD,customs-85177950-2025-breakdown-usd.csv
202501,塞舌尔,3,342,USD,customs-85177950-2025-breakdown-usd.csv
202501,墨西哥,10411,17461558,USD,customs-85177950-2025-breakdown-usd.csv
202501,多哥,4,1000,USD,customs-85177950-2025-breakdown-usd.csv
202501,"多米尼加
",19,2750,USD,customs-85177950-2025-breakdown-usd.csv
202501,奥地利,61,60683,USD,customs-85177950-2025-breakdown-usd.csv
202501,委内瑞拉,4,4045,USD,customs-85177950-2025-breakdown-usd.csv
202501,孟加拉国,213,206365,USD,customs-85177950-2025-breakdown-usd.csv
202501,安哥拉,74,54493,USD,customs-85177950-2025-breakdown-usd.csv
202501,尼加拉瓜,34,1600,USD,customs-85177950-2025-breakdown-usd.csv
202501,尼日利亚,369,27916,USD,customs-85177950-2025-breakdown-usd.csv
202501,尼泊尔,24,13369,USD,customs-85177950-2025-breakdown-usd.csv
202501,巴基斯坦,125,39431,USD,customs-85177950-2025-breakdown-usd.csv
202501,巴布亚新几内亚,1,4355,USD,customs-85177950-2025-breakdown-usd.csv
202501,巴拉圭,13,2528,USD,customs-85177950-2025-breakdown-usd.csv
202501,巴拿马,840,243550,USD,customs-85177950-2025-breakdown-usd.csv
202501,巴林,8,9283,USD,customs-85177950-2025-breakdown-usd.csv
202501,巴西,4781,2415799,USD,customs-85177950-2025-breakdown-usd.csv
202501,布基纳法索,5,164,USD,customs-85177950-2025-breakdown-usd.csv
202501,希腊,278,10182,USD,customs-85177950-2025-breakdown-usd.csv
202501,德国,9299,5967448,USD,customs-85177950-2025-breakdown-usd.csv
202501,意大利,232,194825,USD,customs-85177950-2025-breakdown-usd.csv
202501,拉脱维亚,677,263861,USD,customs-85177950-2025-breakdown-usd.csv
202501,挪威,1224,1817608,USD,customs-85177950-2025-breakdown-usd.csv
202501,捷克,4539,2970152,USD,customs-85177950-2025-breakdown-usd.csv
202501,摩尔多瓦,21,6370,USD,customs-85177950-2025-breakdown-usd.csv
202501,摩洛哥,35,14531,USD,customs-85177950-2025-breakdown-usd.csv
202501,文莱,6,3789,USD,customs-85177950-2025-breakdown-usd.csv
202501,斐济,3,935,USD,customs-85177950-2025-breakdown-usd.csv
202501,斯洛伐克,89,291668,USD,customs-85177950-2025-breakdown-usd.csv
202501,斯洛文尼亚,44,15981,USD,customs-85177950-2025-breakdown-usd.csv
202501,斯里兰卡,196,46664,USD,customs-85177950-2025-breakdown-usd.csv
202501,新加坡,6378,9712819,USD,customs-85177950-2025-breakdown-usd.csv
202501,新西兰,63,43859,USD,customs-85177950-2025-breakdown-usd.csv
202501,日本,3362,3203991,USD,customs-85177950-2025-breakdown-usd.csv
202501,智利,174,97968,USD,customs-85177950-2025-breakdown-usd.csv
202501,柬埔寨,114,70112,USD,customs-85177950-2025-breakdown-usd.csv
202501,格鲁吉亚,103,155049,USD,customs-85177950-2025-breakdown-usd.csv
202501,比利时,947,516602,USD,customs-85177950-2025-breakdown-usd.csv
202501,毛里塔尼亚,2,562,USD,customs-85177950-2025-breakdown-usd.csv
202501,毛里求斯,10,2681,USD,customs-85177950-2025-breakdown-usd.csv
202501,沙特阿拉伯,441,123295,USD,customs-85177950-2025-breakdown-usd.csv
202501,法国,1509,946102,USD,customs-85177950-2025-breakdown-usd.csv
202501,法属圭亚那,0,30,USD,customs-85177950-2025-breakdown-usd.csv
202501,法罗群岛,0,330,USD,customs-85177950-2025-breakdown-usd.csv
202501,波兰,859,621025,USD,customs-85177950-2025-breakdown-usd.csv
202501,波斯尼亚和黑塞哥维那,4,1885,USD,customs-85177950-2025-breakdown-usd.csv
202501,泰国,22854,37981411,USD,customs-85177950-2025-breakdown-usd.csv
202501,津巴布韦,0,167,USD,customs-85177950-2025-breakdown-usd.csv
202501,洪都拉斯,13,4178,USD,customs-85177950-2025-breakdown-usd.csv
202501,澳大利亚,747,585283,USD,customs-85177950-2025-breakdown-usd.csv
202501,爱尔兰,6002,5888715,USD,customs-85177950-2025-breakdown-usd.csv
202501,爱沙尼亚,1,5500,USD,customs-85177950-2025-breakdown-usd.csv
202501,特立尼达和多巴哥,0,9,USD,customs-85177950-2025-breakdown-usd.csv
202501,"玻利维亚
",5,12032,USD,customs-85177950-2025-breakdown-usd.csv
202501,瑞典,3408,1578216,USD,customs-85177950-2025-breakdown-usd.csv
202501,瑞士,410,363130,USD,customs-85177950-2025-breakdown-usd.csv
202501,留尼汪,26,20162,USD,customs-85177950-2025-breakdown-usd.csv
202501,白俄罗斯,42,20350,USD,customs-85177950-2025-breakdown-usd.csv
202501,百慕大,0,900,USD,customs-85177950-2025-breakdown-usd.csv
202501,科威特,318,36004,USD,customs-85177950-2025-breakdown-usd.csv
202501,科特迪瓦,5,8924,USD,customs-85177950-2025-breakdown-usd.csv
202501,秘鲁,66,56086,USD,customs-85177950-2025-breakdown-usd.csv
202501,突尼斯,11,19682,USD,customs-85177950-2025-breakdown-usd.csv
202501,立陶宛,88,13983,USD,customs-85177950-2025-breakdown-usd.csv
202501,索马里,49,21512,USD,customs-85177950-2025-breakdown-usd.csv
202501,约旦,9,14957,USD,customs-85177950-2025-breakdown-usd.csv
202501,纳米比亚,1,36,USD,customs-85177950-2025-breakdown-usd.csv
202501,缅甸,80,1738,USD,customs-85177950-2025-breakdown-usd.csv
202501,罗马尼亚,403,207971,USD,customs-85177950-2025-breakdown-usd.csv
202501,美国,124853,193797953,USD,customs-85177950-2025-breakdown-usd.csv
202501,老挝,29,12556,USD,customs-85177950-2025-breakdown-usd.csv
202501,肯尼亚,239,37366,USD,customs-85177950-2025-breakdown-usd.csv
202501,芬兰,397,339345,USD,customs-85177950-2025-breakdown-usd.csv
202501,苏丹,45,8619,USD,customs-85177950-2025-breakdown-usd.csv
202501,英国,3994,2722098,USD,customs-85177950-2025-breakdown-usd.csv
202501,荷兰,14600,9890201,USD,customs-85177950-2025-breakdown-usd.csv
202501,莫桑比克,7,7451,USD,customs-85177950-2025-breakdown-usd.csv
202501,菲律宾,2122,4107520,USD,customs-85177950-2025-breakdown-usd.csv
202501,萨尔瓦多,7,929,USD,customs-85177950-2025-breakdown-usd.csv
202501,萨摩亚,0,228,USD,customs-85177950-2025-breakdown-usd.csv
202501,葡萄牙,58,26199,USD,customs-85177950-2025-breakdown-usd.csv
202501,蒙古,16,5749,USD,customs-85177950-2025-breakdown-usd.csv
202501,西班牙,448,344310,USD,customs-85177950-2025-breakdown-usd.csv
202501,贝宁,13,54150,USD,customs-85177950-2025-breakdown-usd.csv
202501,赞比亚,305,7698,USD,customs-85177950-2025-breakdown-usd.csv
202501,越南,5677,3379686,USD,customs-85177950-2025-breakdown-usd.csv
202501,阿塞拜疆,69,53758,USD,customs-85177950-2025-breakdown-usd.csv
202501,阿富汗,99,19905,USD,customs-85177950-2025-breakdown-usd.csv
202501,阿尔及利亚,59,32956,USD,customs-85177950-2025-breakdown-usd.csv
202501,阿尔巴尼亚,26,4619,USD,customs-85177950-2025-breakdown-usd.csv
202501,阿曼,55,12104,USD,customs-85177950-2025-breakdown-usd.csv
202501,阿根廷,663,551570,USD,customs-85177950-2025-breakdown-usd.csv
202501,阿联酋,2977,1136030,USD,customs-85177950-2025-breakdown-usd.csv
202501,阿鲁巴,13,74021,USD,customs-85177950-2025-breakdown-usd.csv
202501,韩国,5513,3379052,USD,customs-85177950-2025-breakdown-usd.csv
202501,马尔代夫,3,1013,USD,customs-85177950-2025-breakdown-usd.csv
202501,马来西亚,38011,73153623,USD,customs-85177950-2025-breakdown-usd.csv
202501,马约特,0,4,USD,customs-85177950-2025-breakdown-usd.csv
202501,马达加斯加,0,84,USD,customs-85177950-2025-breakdown-usd.csv
202501,马里,6,30102,USD,customs-85177950-2025-breakdown-usd.csv
202501,黎巴嫩,887,27007,USD,customs-85177950-2025-breakdown-usd.csv
202502,不丹,0,93,USD,customs-85177950-2025-breakdown-usd.csv
202502,东帝汶,0,879,USD,customs-85177950-2025-breakdown-usd.csv
202502,中国台湾,18169,18545915,USD,customs-85177950-2025-breakdown-usd.csv
202502,中国澳门,7,4036,USD,customs-85177950-2025-breakdown-usd.csv
202502,中国香港,5486,8612335,USD,customs-85177950-2025-breakdown-usd.csv
202502,丹麦,463,323014,USD,customs-85177950-2025-breakdown-usd.csv
202502,乌克兰,278,163624,USD,customs-85177950-2025-breakdown-usd.csv
202502,乌兹别克斯坦,122,85291,USD,customs-85177950-2025-breakdown-usd.csv
202502,乌干达,217,16544,USD,customs-85177950-2025-breakdown-usd.csv
202502,乌拉圭,131,112705,USD,customs-85177950-2025-breakdown-usd.csv
202502,乍得,4,807,USD,customs-85177950-2025-breakdown-usd.csv
202502,亚美尼亚,14,5152,USD,customs-85177950-2025-breakdown-usd.csv
202502,以色列,782,466378,USD,customs-85177950-2025-breakdown-usd.csv
202502,伊拉克,500,55561,USD,customs-85177950-2025-breakdown-usd.csv
202502,伊朗,433,8963,USD,customs-85177950-2025-breakdown-usd.csv
202502,佛得角,1,148,USD,customs-85177950-2025-breakdown-usd.csv
202502,俄罗斯,4263,1431370,USD,customs-85177950-2025-breakdown-usd.csv
202502,保加利亚,40,16914,USD,customs-85177950-2025-breakdown-usd.csv
202502,克罗地亚,8,37640,USD,customs-85177950-2025-breakdown-usd.csv
202502,冰岛,312,991370,USD,customs-85177950-2025-breakdown-usd.csv
202502,几内亚,65,184803,USD,customs-85177950-2025-breakdown-usd.csv
202502,列支敦士登,8,6053,USD,customs-85177950-2025-breakdown-usd.csv
202502,刚果共和国,16,7280,USD,customs-85177950-2025-breakdown-usd.csv
202502,刚果民主共和国,8,9012,USD,customs-85177950-2025-breakdown-usd.csv
202502,利比亚,2,267510,USD,customs-85177950-2025-breakdown-usd.csv
202502,加拿大,1364,836982,USD,customs-85177950-2025-breakdown-usd.csv
202502,加纳,193,88912,USD,customs-85177950-2025-breakdown-usd.csv
202502,加蓬,0,32,USD,customs-85177950-2025-breakdown-usd.csv
202502,匈牙利,3681,5005659,USD,customs-85177950-2025-breakdown-usd.csv
202502,"北马里亚纳群岛
",1,1187,USD,customs-85177950-2025-breakdown-usd.csv
202502,南非,279,204524,USD,customs-85177950-2025-breakdown-usd.csv
202502,博茨瓦纳,1,702,USD,customs-85177950-2025-breakdown-usd.csv
202502,卡塔尔,11,18653,USD,customs-85177950-2025-breakdown-usd.csv
202502,卢旺达,6,7653,USD,customs-85177950-2025-breakdown-usd.csv
202502,卢森堡,5,13177,USD,customs-85177950-2025-breakdown-usd.csv
202502,印度,5076,2782932,USD,customs-85177950-2025-breakdown-usd.csv
202502,印度尼西亚,2706,2198810,USD,customs-85177950-2025-breakdown-usd.csv
202502,危地马拉,15,7001,USD,customs-85177950-2025-breakdown-usd.csv
202502,厄瓜多尔,77,43482,USD,customs-85177950-2025-breakdown-usd.csv
202502,吉尔吉斯斯坦,100,125031,USD,customs-85177950-2025-breakdown-usd.csv
202502,吉布提,1,208,USD,customs-85177950-2025-breakdown-usd.csv
202502,哈萨克斯坦,133,76621,USD,customs-85177950-2025-breakdown-usd.csv
202502,哥伦比亚,772,215642,USD,customs-85177950-2025-breakdown-usd.csv
202502,哥斯达黎加,0,1406,USD,customs-85177950-2025-breakdown-usd.csv
202502,喀麦隆,115,24476,USD,customs-85177950-2025-breakdown-usd.csv
202502,土耳其,1137,364874,USD,customs-85177950-2025-breakdown-usd.csv
202502,坦桑尼亚,526,25075,USD,customs-85177950-2025-breakdown-usd.csv
202502,埃及,751,151668,USD,customs-85177950-2025-breakdown-usd.csv
202502,埃塞俄比亚,152,343406,USD,customs-85177950-2025-breakdown-usd.csv
202502,塔吉克斯坦,1,788,USD,customs-85177950-2025-breakdown-usd.csv
202502,塞内加尔,46,135720,USD,customs-85177950-2025-breakdown-usd.csv
202502,塞尔维亚,4,484,USD,customs-85177950-2025-breakdown-usd.csv
202502,塞拉利昂,0,13024,USD,customs-85177950-2025-breakdown-usd.csv
202502,墨西哥,5220,9982099,USD,customs-85177950-2025-breakdown-usd.csv
202502,"多米尼加
",2,740,USD,customs-85177950-2025-breakdown-usd.csv
202502,奥地利,194,188368,USD,customs-85177950-2025-breakdown-usd.csv
202502,委内瑞拉,4,3275,USD,customs-85177950-2025-breakdown-usd.csv
202502,孟加拉国,147,37479,USD,customs-85177950-2025-breakdown-usd.csv
202502,安哥拉,56,8756,USD,customs-85177950-2025-breakdown-usd.csv
202502,尼加拉瓜,0,214,USD,customs-85177950-2025-breakdown-usd.csv
202502,尼日利亚,292,58228,USD,customs-85177950-2025-breakdown-usd.csv
202502,尼泊尔,207,13305,USD,customs-85177950-2025-breakdown-usd.csv
202502,巴基斯坦,433,147462,USD,customs-85177950-2025-breakdown-usd.csv
202502,巴巴多斯,0,476,USD,customs-85177950-2025-breakdown-usd.csv
202502,巴布亚新几内亚,11,3252,USD,customs-85177950-2025-breakdown-usd.csv
202502,巴拉圭,41,12511,USD,customs-85177950-2025-breakdown-usd.csv
202502,巴拿马,784,673309,USD,customs-85177950-2025-breakdown-usd.csv
202502,巴林,0,3420,USD,customs-85177950-2025-breakdown-usd.csv
202502,巴西,3427,2118828,USD,customs-85177950-2025-breakdown-usd.csv
202502,布基纳法索,31,66745,USD,customs-85177950-2025-breakdown-usd.csv
202502,布隆迪,0,63,USD,customs-85177950-2025-breakdown-usd.csv
202502,希腊,13,2785,USD,customs-85177950-2025-breakdown-usd.csv
202502,"库拉索
",0,759,USD,customs-85177950-2025-breakdown-usd.csv
202502,开曼群岛,1,5748,USD,customs-85177950-2025-breakdown-usd.csv
202502,德国,6379,5348613,USD,customs-85177950-2025-breakdown-usd.csv
202502,意大利,247,404113,USD,customs-85177950-2025-breakdown-usd.csv
202502,拉脱维亚,614,306209,USD,customs-85177950-2025-breakdown-usd.csv
202502,挪威,756,1082591,USD,customs-85177950-2025-breakdown-usd.csv
202502,捷克,2015,1613522,USD,customs-85177950-2025-breakdown-usd.csv
202502,摩尔多瓦,23,8318,USD,customs-85177950-2025-breakdown-usd.csv
202502,摩洛哥,107,33849,USD,customs-85177950-2025-breakdown-usd.csv
202502,文莱,13,6214,USD,customs-85177950-2025-breakdown-usd.csv
202502,斐济,0,341,USD,customs-85177950-2025-breakdown-usd.csv
202502,斯威士兰,5,1081,USD,customs-85177950-2025-breakdown-usd.csv
202502,斯洛伐克,131,219319,USD,customs-85177950-2025-breakdown-usd.csv
202502,斯洛文尼亚,151,56902,USD,customs-85177950-2025-breakdown-usd.csv
202502,斯里兰卡,26,13679,USD,customs-85177950-2025-breakdown-usd.csv
202502,新加坡,7224,5557878,USD,customs-85177950-2025-breakdown-usd.csv
202502,新西兰,97,52319,USD,customs-85177950-2025-breakdown-usd.csv
202502,日本,2157,1833245,USD,customs-85177950-2025-breakdown-usd.csv
202502,智利,173,72476,USD,customs-85177950-2025-breakdown-usd.csv
202502,柬埔寨,24,5647,USD,customs-85177950-2025-breakdown-usd.csv
202502,格鲁吉亚,161,91438,USD,customs-85177950-2025-breakdown-usd.csv
202502,比利时,965,635595,USD,customs-85177950-2025-breakdown-usd.csv
202502,毛里塔尼亚,63,306242,USD,customs-85177950-2025-breakdown-usd.csv
202502,毛里求斯,9,6264,USD,customs-85177950-2025-breakdown-usd.csv
202502,汤加,3,688,USD,customs-85177950-2025-breakdown-usd.csv
202502,沙特阿拉伯,405,314085,USD,customs-85177950-2025-breakdown-usd.csv
202502,法国,1361,615319,USD,customs-85177950-2025-breakdown-usd.csv
202502,波兰,1900,349051,USD,customs-85177950-2025-breakdown-usd.csv
202502,波多黎各,29,7295,USD,customs-85177950-2025-breakdown-usd.csv
202502,波斯尼亚和黑塞哥维那,0,75,USD,customs-85177950-2025-breakdown-usd.csv
202502,泰国,18835,27129027,USD,customs-85177950-2025-breakdown-usd.csv
202502,津巴布韦,0,30,USD,customs-85177950-2025-breakdown-usd.csv
202502,洪都拉斯,12,5013,USD,customs-85177950-2025-breakdown-usd.csv
202502,澳大利亚,332,342265,USD,customs-85177950-2025-breakdown-usd.csv
202502,爱尔兰,1983,1158298,USD,customs-85177950-2025-breakdown-usd.csv
202502,爱沙尼亚,2,889,USD,customs-85177950-2025-breakdown-usd.csv
202502,特立尼达和多巴哥,0,1043,USD,customs-85177950-2025-breakdown-usd.csv
202502,"玻利维亚
",2,1713,USD,customs-85177950-2025-breakdown-usd.csv
202502,瑙鲁,0,120,USD,customs-85177950-2025-breakdown-usd.csv
202502,瑞典,2707,1086286,USD,customs-85177950-2025-breakdown-usd.csv
202502,瑞士,56,48246,USD,customs-85177950-2025-breakdown-usd.csv
202502,瓦努阿图,2,483,USD,customs-85177950-2025-breakdown-usd.csv
202502,留尼汪,0,837,USD,customs-85177950-2025-breakdown-usd.csv
202502,白俄罗斯,862,36576,USD,customs-85177950-2025-breakdown-usd.csv
202502,百慕大,0,280,USD,customs-85177950-2025-breakdown-usd.csv
202502,科威特,391,10948,USD,customs-85177950-2025-breakdown-usd.csv
202502,科特迪瓦,166,146872,USD,customs-85177950-2025-breakdown-usd.csv
202502,秘鲁,164,47248,USD,customs-85177950-2025-breakdown-usd.csv
202502,突尼斯,0,245,USD,customs-85177950-2025-breakdown-usd.csv
202502,立陶宛,54,9422,USD,customs-85177950-2025-breakdown-usd.csv
202502,约旦,31,2535,USD,customs-85177950-2025-breakdown-usd.csv
202502,缅甸,1512,25544,USD,customs-85177950-2025-breakdown-usd.csv
202502,罗马尼亚,289,265409,USD,customs-85177950-2025-breakdown-usd.csv
202502,美国,65449,118524651,USD,customs-85177950-2025-breakdown-usd.csv
202502,老挝,13,45589,USD,customs-85177950-2025-breakdown-usd.csv
202502,肯尼亚,257,57614,USD,customs-85177950-2025-breakdown-usd.csv
202502,芬兰,273,107067,USD,customs-85177950-2025-breakdown-usd.csv
202502,英国,2787,1825806,USD,customs-85177950-2025-breakdown-usd.csv
202502,荷兰,8006,6384447,USD,customs-85177950-2025-breakdown-usd.csv
202502,莫桑比克,52,32634,USD,customs-85177950-2025-breakdown-usd.csv
202502,菲律宾,862,549276,USD,customs-85177950-2025-breakdown-usd.csv
202502,萨尔瓦多,4,1166,USD,customs-85177950-2025-breakdown-usd.csv
202502,葡萄牙,1,9982,USD,customs-85177950-2025-breakdown-usd.csv
202502,蒙古,2,3134,USD,customs-85177950-2025-breakdown-usd.csv
202502,西班牙,225,134225,USD,customs-85177950-2025-breakdown-usd.csv
202502,贝宁,54,19755,USD,customs-85177950-2025-breakdown-usd.csv
202502,赞比亚,204,24428,USD,customs-85177950-2025-breakdown-usd.csv
202502,赤道几内亚,0,55,USD,customs-85177950-2025-breakdown-usd.csv
202502,越南,2618,2094054,USD,customs-85177950-2025-breakdown-usd.csv
202502,阿塞拜疆,23,256815,USD,customs-85177950-2025-breakdown-usd.csv
202502,阿富汗,4,425961,USD,customs-85177950-2025-breakdown-usd.csv
202502,阿尔及利亚,1275,351444,USD,customs-85177950-2025-breakdown-usd.csv
202502,阿尔巴尼亚,1,645,USD,customs-85177950-2025-breakdown-usd.csv
202502,阿曼,112,22131,USD,customs-85177950-2025-breakdown-usd.csv
202502,阿根廷,319,174762,USD,customs-85177950-2025-breakdown-usd.csv
202502,阿联酋,2128,943207,USD,customs-85177950-2025-breakdown-usd.csv
202502,韩国,4940,2527800,USD,customs-85177950-2025-breakdown-usd.csv
202502,马尔代夫,8,7544,USD,customs-85177950-2025-breakdown-usd.csv
202502,马拉维,38,7739,USD,customs-85177950-2025-breakdown-usd.csv
202502,马来西亚,52277,90663039,USD,customs-85177950-2025-breakdown-usd.csv
202502,马达加斯加,1,630,USD,customs-85177950-2025-breakdown-usd.csv
202502,马里,7,16848,USD,customs-85177950-2025-breakdown-usd.csv
202502,黎巴嫩,132,9029,USD,customs-85177950-2025-breakdown-usd.csv
202503,不丹,5,1350,USD,customs-85177950-2025-breakdown-usd.csv
202503,中国台湾,23611,25269809,USD,customs-85177950-2025-breakdown-usd.csv
202503,中国澳门,290,348104,USD,customs-85177950-2025-breakdown-usd.csv
202503,中国香港,11824,28825452,USD,customs-85177950-2025-breakdown-usd.csv
202503,丹麦,673,570962,USD,customs-85177950-2025-breakdown-usd.csv
202503,乌克兰,565,575802,USD,customs-85177950-2025-breakdown-usd.csv
202503,乌兹别克斯坦,97,89541,USD,customs-85177950-2025-breakdown-usd.csv
202503,乌干达,58,11929,USD,customs-85177950-2025-breakdown-usd.csv
202503,乌拉圭,283,108768,USD,customs-85177950-2025-breakdown-usd.csv
202503,亚美尼亚,16,24297,USD,customs-85177950-2025-breakdown-usd.csv
202503,以色列,591,871272,USD,customs-85177950-2025-breakdown-usd.csv
202503,伊拉克,6579,215222,USD,customs-85177950-2025-breakdown-usd.csv
202503,伊朗,508,27778,USD,customs-85177950-2025-breakdown-usd.csv
202503,俄罗斯,9749,4357122,USD,customs-85177950-2025-breakdown-usd.csv
202503,保加利亚,10,40656,USD,customs-85177950-2025-breakdown-usd.csv
202503,克罗地亚,71,16187,USD,customs-85177950-2025-breakdown-usd.csv
202503,"关岛
",0,160,USD,customs-85177950-2025-breakdown-usd.csv
202503,冈比亚,6,895,USD,customs-85177950-2025-breakdown-usd.csv
202503,冰岛,92,258244,USD,customs-85177950-2025-breakdown-usd.csv
202503,几内亚,98,267277,USD,customs-85177950-2025-breakdown-usd.csv
202503,列支敦士登,0,230,USD,customs-85177950-2025-breakdown-usd.csv
202503,刚果共和国,0,20,USD,customs-85177950-2025-breakdown-usd.csv
202503,刚果民主共和国,306,50555,USD,customs-85177950-2025-breakdown-usd.csv
202503,利比亚,181,23398,USD,customs-85177950-2025-breakdown-usd.csv
202503,利比里亚,3,1937,USD,customs-85177950-2025-breakdown-usd.csv
202503,加拿大,2939,2105474,USD,customs-85177950-2025-breakdown-usd.csv
202503,加纳,265,73969,USD,customs-85177950-2025-breakdown-usd.csv
202503,加蓬,2,1277,USD,customs-85177950-2025-breakdown-usd.csv
202503,匈牙利,4106,4715505,USD,customs-85177950-2025-breakdown-usd.csv
202503,"北马里亚纳群岛
",1,4041,USD,customs-85177950-2025-breakdown-usd.csv
202503,南非,2028,610347,USD,customs-85177950-2025-breakdown-usd.csv
202503,博茨瓦纳,63,5042,USD,customs-85177950-2025-breakdown-usd.csv
202503,卡塔尔,48,46454,USD,customs-85177950-2025-breakdown-usd.csv
202503,卢旺达,8,11666,USD,customs-85177950-2025-breakdown-usd.csv
202503,印度,6947,3122791,USD,customs-85177950-2025-breakdown-usd.csv
202503,印度尼西亚,6532,3922775,USD,customs-85177950-2025-breakdown-usd.csv
202503,危地马拉,20,23513,USD,customs-85177950-2025-breakdown-usd.csv
202503,厄瓜多尔,185,37591,USD,customs-85177950-2025-breakdown-usd.csv
202503,古巴,0,27,USD,customs-85177950-2025-breakdown-usd.csv
202503,吉尔吉斯斯坦,413,137799,USD,customs-85177950-2025-breakdown-usd.csv
202503,哈萨克斯坦,2092,113188,USD,customs-85177950-2025-breakdown-usd.csv
202503,哥伦比亚,498,477325,USD,customs-85177950-2025-breakdown-usd.csv
202503,哥斯达黎加,47,4187,USD,customs-85177950-2025-breakdown-usd.csv
202503,喀麦隆,3,1673,USD,customs-85177950-2025-breakdown-usd.csv
202503,土库曼斯坦,3,700,USD,customs-85177950-2025-breakdown-usd.csv
202503,土耳其,1821,1051354,USD,customs-85177950-2025-breakdown-usd.csv
202503,圭亚那,31,14155,USD,customs-85177950-2025-breakdown-usd.csv
202503,坦桑尼亚,91,11108,USD,customs-85177950-2025-breakdown-usd.csv
202503,埃及,98,104504,USD,customs-85177950-2025-breakdown-usd.csv
202503,埃塞俄比亚,59,89064,USD,customs-85177950-2025-breakdown-usd.csv
202503,塔吉克斯坦,98,11044,USD,customs-85177950-2025-breakdown-usd.csv
202503,塞内加尔,787,97213,USD,customs-85177950-2025-breakdown-usd.csv
202503,塞尔维亚,18,9755,USD,customs-85177950-2025-breakdown-usd.csv
202503,塞浦路斯,5,3188,USD,customs-85177950-2025-breakdown-usd.csv
202503,塞舌尔,3,719,USD,customs-85177950-2025-breakdown-usd.csv
202503,墨西哥,6167,11613748,USD,customs-85177950-2025-breakdown-usd.csv
202503,多哥,1,3166,USD,customs-85177950-2025-breakdown-usd.csv
202503,"多米尼加
",52,62175,USD,customs-85177950-2025-breakdown-usd.csv
202503,奥地利,133,129775,USD,customs-85177950-2025-breakdown-usd.csv
202503,委内瑞拉,6,3607,USD,customs-85177950-2025-breakdown-usd.csv
202503,孟加拉国,504,199754,USD,customs-85177950-2025-breakdown-usd.csv
202503,尼加拉瓜,3,11,USD,customs-85177950-2025-breakdown-usd.csv
202503,尼日利亚,2072,450434,USD,customs-85177950-2025-breakdown-usd.csv
202503,尼泊尔,119,34516,USD,customs-85177950-2025-breakdown-usd.csv
202503,巴基斯坦,5422,233254,USD,customs-85177950-2025-breakdown-usd.csv
202503,巴巴多斯,0,101,USD,customs-85177950-2025-breakdown-usd.csv
202503,巴拉圭,39,40657,USD,customs-85177950-2025-breakdown-usd.csv
202503,巴拿马,1396,1152967,USD,customs-85177950-2025-breakdown-usd.csv
202503,巴林,1,1454,USD,customs-85177950-2025-breakdown-usd.csv
202503,巴西,5340,3165365,USD,customs-85177950-2025-breakdown-usd.csv
202503,布基纳法索,26,6041,USD,customs-85177950-2025-breakdown-usd.csv
202503,希腊,50,7591,USD,customs-85177950-2025-breakdown-usd.csv
202503,开曼群岛,0,50,USD,customs-85177950-2025-breakdown-usd.csv
202503,德国,12181,10385380,USD,customs-85177950-2025-breakdown-usd.csv
202503,意大利,546,478303,USD,customs-85177950-2025-breakdown-usd.csv
202503,拉脱维亚,793,541543,USD,customs-85177950-2025-breakdown-usd.csv
202503,挪威,1259,1530883,USD,customs-85177950-2025-breakdown-usd.csv
202503,捷克,2102,723988,USD,customs-85177950-2025-breakdown-usd.csv
202503,摩尔多瓦,42,8212,USD,customs-85177950-2025-breakdown-usd.csv
202503,摩洛哥,26,15772,USD,customs-85177950-2025-breakdown-usd.csv
202503,文莱,4,854,USD,customs-85177950-2025-breakdown-usd.csv
202503,斐济,1,2002,USD,customs-85177950-2025-breakdown-usd.csv
202503,斯洛伐克,45,168452,USD,customs-85177950-2025-breakdown-usd.csv
202503,斯洛文尼亚,73,43541,USD,customs-85177950-2025-breakdown-usd.csv
202503,斯里兰卡,34,36909,USD,customs-85177950-2025-breakdown-usd.csv
202503,新加坡,11123,16990220,USD,customs-85177950-2025-breakdown-usd.csv
202503,新西兰,78,50720,USD,customs-85177950-2025-breakdown-usd.csv
202503,日本,3054,3866111,USD,customs-85177950-2025-breakdown-usd.csv
202503,智利,818,2063587,USD,customs-85177950-2025-breakdown-usd.csv
202503,柬埔寨,83,35050,USD,customs-85177950-2025-breakdown-usd.csv
202503,格鲁吉亚,60,181731,USD,customs-85177950-2025-breakdown-usd.csv
202503,比利时,2366,1115477,USD,customs-85177950-2025-breakdown-usd.csv
202503,毛里塔尼亚,9,2220,USD,customs-85177950-2025-breakdown-usd.csv
202503,毛里求斯,21,6282,USD,customs-85177950-2025-breakdown-usd.csv
202503,沙特阿拉伯,1381,399207,USD,customs-85177950-2025-breakdown-usd.csv
202503,法国,1391,571814,USD,customs-85177950-2025-breakdown-usd.csv
202503,法属波利尼西亚,2,3303,USD,customs-85177950-2025-breakdown-usd.csv
202503,波兰,2257,1069083,USD,customs-85177950-2025-breakdown-usd.csv
202503,波多黎各,8,3400,USD,customs-85177950-2025-breakdown-usd.csv
202503,波斯尼亚和黑塞哥维那,1,176,USD,customs-85177950-2025-breakdown-usd.csv
202503,泰国,15827,27195991,USD,customs-85177950-2025-breakdown-usd.csv
202503,津巴布韦,20,4480,USD,customs-85177950-2025-breakdown-usd.csv
202503,洪都拉斯,359,27558,USD,customs-85177950-2025-breakdown-usd.csv
202503,澳大利亚,1204,1191595,USD,customs-85177950-2025-breakdown-usd.csv
202503,爱尔兰,26374,47615376,USD,customs-85177950-2025-breakdown-usd.csv
202503,爱沙尼亚,14,20551,USD,customs-85177950-2025-breakdown-usd.csv
202503,牙买加,1135,12721,USD,customs-85177950-2025-breakdown-usd.csv
202503,特立尼达和多巴哥,3,435,USD,customs-85177950-2025-breakdown-usd.csv
202503,"玻利维亚
",8,13444,USD,customs-85177950-2025-breakdown-usd.csv
202503,瑞典,4844,1892755,USD,customs-85177950-2025-breakdown-usd.csv
202503,瑞士,460,467689,USD,customs-85177950-2025-breakdown-usd.csv
202503,瓦努阿图,3,778,USD,customs-85177950-2025-breakdown-usd.csv
202503,留尼汪,3,2402,USD,customs-85177950-2025-breakdown-usd.csv
202503,白俄罗斯,87,17331,USD,customs-85177950-2025-breakdown-usd.csv
202503,科威特,15,8668,USD,customs-85177950-2025-breakdown-usd.csv
202503,科特迪瓦,0,944,USD,customs-85177950-2025-breakdown-usd.csv
202503,秘鲁,163,94997,USD,customs-85177950-2025-breakdown-usd.csv
202503,突尼斯,16,16119,USD,customs-85177950-2025-breakdown-usd.csv
202503,立陶宛,39,9379,USD,customs-85177950-2025-breakdown-usd.csv
202503,约旦,100,24463,USD,customs-85177950-2025-breakdown-usd.csv
202503,纳米比亚,1,1622,USD,customs-85177950-2025-breakdown-usd.csv
202503,缅甸,213,382170,USD,customs-85177950-2025-breakdown-usd.csv
202503,罗马尼亚,446,387512,USD,customs-85177950-2025-breakdown-usd.csv
202503,美国,107806,182249487,USD,customs-85177950-2025-breakdown-usd.csv
202503,老挝,5,45157,USD,customs-85177950-2025-breakdown-usd.csv
202503,肯尼亚,808,99849,USD,customs-85177950-2025-breakdown-usd.csv
202503,芬兰,572,218639,USD,customs-85177950-2025-breakdown-usd.csv
202503,苏丹,240,230992,USD,customs-85177950-2025-breakdown-usd.csv
202503,英国,5161,4372314,USD,customs-85177950-2025-breakdown-usd.csv
202503,荷兰,13433,18560941,USD,customs-85177950-2025-breakdown-usd.csv
202503,"荷属圣马丁
",2,344,USD,customs-85177950-2025-breakdown-usd.csv
202503,莫桑比克,3,6070,USD,customs-85177950-2025-breakdown-usd.csv
202503,菲律宾,2616,1971462,USD,customs-85177950-2025-breakdown-usd.csv
202503,萨尔瓦多,6,11466,USD,customs-85177950-2025-breakdown-usd.csv
202503,葡萄牙,46,19920,USD,customs-85177950-2025-breakdown-usd.csv
202503,蒙古,31,14712,USD,customs-85177950-2025-breakdown-usd.csv
202503,西班牙,654,235656,USD,customs-85177950-2025-breakdown-usd.csv
202503,贝宁,118,100493,USD,customs-85177950-2025-breakdown-usd.csv
202503,赞比亚,19,19196,USD,customs-85177950-2025-breakdown-usd.csv
202503,越南,6526,3613684,USD,customs-85177950-2025-breakdown-usd.csv
202503,阿塞拜疆,105,232137,USD,customs-85177950-2025-breakdown-usd.csv
202503,阿富汗,47,34911,USD,customs-85177950-2025-breakdown-usd.csv
202503,阿尔及利亚,1261,333813,USD,customs-85177950-2025-breakdown-usd.csv
202503,阿尔巴尼亚,13,2712,USD,customs-85177950-2025-breakdown-usd.csv
202503,阿曼,29,78346,USD,customs-85177950-2025-breakdown-usd.csv
202503,阿根廷,175,78197,USD,customs-85177950-2025-breakdown-usd.csv
202503,阿联酋,4284,1511885,USD,customs-85177950-2025-breakdown-usd.csv
202503,韩国,5999,3438742,USD,customs-85177950-2025-breakdown-usd.csv
202503,马尔代夫,163,17400,USD,customs-85177950-2025-breakdown-usd.csv
202503,马拉维,55,5860,USD,customs-85177950-2025-breakdown-usd.csv
202503,马来西亚,107442,167249612,USD,customs-85177950-2025-breakdown-usd.csv
202503,马达加斯加,5,5796,USD,customs-85177950-2025-breakdown-usd.csv
202503,马里,15,5773,USD,customs-85177950-2025-breakdown-usd.csv
202503,黎巴嫩,913,75514,USD,customs-85177950-2025-breakdown-usd.csv
202504,不丹,78,26671,USD,customs-85177950-2025-breakdown-usd.csv
202504,中国台湾,21309,21319150,USD,customs-85177950-2025-breakdown-usd.csv
202504,中国澳门,23,20099,USD,customs-85177950-2025-breakdown-usd.csv
202504,中国香港,10321,23052690,USD,customs-85177950-2025-breakdown-usd.csv
202504,中非,9,1532,USD,customs-85177950-2025-breakdown-usd.csv
202504,丹麦,604,410375,USD,customs-85177950-2025-breakdown-usd.csv
202504,乌克兰,577,631915,USD,customs-85177950-2025-breakdown-usd.csv
202504,乌兹别克斯坦,133,36286,USD,customs-85177950-2025-breakdown-usd.csv
202504,乌干达,76,32373,USD,customs-85177950-2025-breakdown-usd.csv
202504,乌拉圭,16,3613,USD,customs-85177950-2025-breakdown-usd.csv
202504,乍得,11,1823,USD,customs-85177950-2025-breakdown-usd.csv
202504,也门,0,739,USD,customs-85177950-2025-breakdown-usd.csv
202504,亚美尼亚,26,15937,USD,customs-85177950-2025-breakdown-usd.csv
202504,以色列,623,1016019,USD,customs-85177950-2025-breakdown-usd.csv
202504,伊拉克,2326,119902,USD,customs-85177950-2025-breakdown-usd.csv
202504,伊朗,1,12,USD,customs-85177950-2025-breakdown-usd.csv
202504,俄罗斯,7160,3664077,USD,customs-85177950-2025-breakdown-usd.csv
202504,保加利亚,106,46096,USD,customs-85177950-2025-breakdown-usd.csv
202504,克罗地亚,20,11602,USD,customs-85177950-2025-breakdown-usd.csv
202504,冰岛,63,400122,USD,customs-85177950-2025-breakdown-usd.csv
202504,几内亚,4592,5498440,USD,customs-85177950-2025-breakdown-usd.csv
202504,几内亚比绍,11,1878,USD,customs-85177950-2025-breakdown-usd.csv
202504,刚果共和国,0,82,USD,customs-85177950-2025-breakdown-usd.csv
202504,刚果民主共和国,80,23167,USD,customs-85177950-2025-breakdown-usd.csv
202504,利比亚,89,13869,USD,customs-85177950-2025-breakdown-usd.csv
202504,利比里亚,0,1798,USD,customs-85177950-2025-breakdown-usd.csv
202504,加拿大,2530,1972689,USD,customs-85177950-2025-breakdown-usd.csv
202504,加纳,11,1692,USD,customs-85177950-2025-breakdown-usd.csv
202504,加蓬,2,1086,USD,customs-85177950-2025-breakdown-usd.csv
202504,匈牙利,3413,3606783,USD,customs-85177950-2025-breakdown-usd.csv
202504,北马其顿,4,5380,USD,customs-85177950-2025-breakdown-usd.csv
202504,南苏丹,0,4245,USD,customs-85177950-2025-breakdown-usd.csv
202504,南非,429,351471,USD,customs-85177950-2025-breakdown-usd.csv
202504,博茨瓦纳,0,26,USD,customs-85177950-2025-breakdown-usd.csv
202504,卡塔尔,7,4471,USD,customs-85177950-2025-breakdown-usd.csv
202504,卢森堡,30,31304,USD,customs-85177950-2025-breakdown-usd.csv
202504,印度,8737,2762271,USD,customs-85177950-2025-breakdown-usd.csv
202504,印度尼西亚,13598,2015951,USD,customs-85177950-2025-breakdown-usd.csv
202504,危地马拉,72,6294,USD,customs-85177950-2025-breakdown-usd.csv
202504,厄瓜多尔,958,68401,USD,customs-85177950-2025-breakdown-usd.csv
202504,古巴,1,32552,USD,customs-85177950-2025-breakdown-usd.csv
202504,吉尔吉斯斯坦,62,7413,USD,customs-85177950-2025-breakdown-usd.csv
202504,哈萨克斯坦,406,757418,USD,customs-85177950-2025-breakdown-usd.csv
202504,哥伦比亚,767,184475,USD,customs-85177950-2025-breakdown-usd.csv
202504,哥斯达黎加,10,38034,USD,customs-85177950-2025-breakdown-usd.csv
202504,喀麦隆,15,11129,USD,customs-85177950-2025-breakdown-usd.csv
202504,土库曼斯坦,7,3254,USD,customs-85177950-2025-breakdown-usd.csv
202504,土耳其,708,856471,USD,customs-85177950-2025-breakdown-usd.csv
202504,圭亚那,3,748,USD,customs-85177950-2025-breakdown-usd.csv
202504,坦桑尼亚,190,33020,USD,customs-85177950-2025-breakdown-usd.csv
202504,埃及,445,190914,USD,customs-85177950-2025-breakdown-usd.csv
202504,埃塞俄比亚,304,67034,USD,customs-85177950-2025-breakdown-usd.csv
202504,塔吉克斯坦,32,34767,USD,customs-85177950-2025-breakdown-usd.csv
202504,塞内加尔,1246,40681,USD,customs-85177950-2025-breakdown-usd.csv
202504,塞尔维亚,296,27242,USD,customs-85177950-2025-breakdown-usd.csv
202504,塞拉利昂,12,5563,USD,customs-85177950-2025-breakdown-usd.csv
202504,塞浦路斯,19,5235,USD,customs-85177950-2025-breakdown-usd.csv
202504,塞舌尔,2,3854,USD,customs-85177950-2025-breakdown-usd.csv
202504,墨西哥,7466,20810912,USD,customs-85177950-2025-breakdown-usd.csv
202504,多哥,3,921,USD,customs-85177950-2025-breakdown-usd.csv
202504,"多米尼加
",61,40438,USD,customs-85177950-2025-breakdown-usd.csv
202504,奥地利,210,466992,USD,customs-85177950-2025-breakdown-usd.csv
202504,委内瑞拉,31,13717,USD,customs-85177950-2025-breakdown-usd.csv
202504,孟加拉国,490,64160,USD,customs-85177950-2025-breakdown-usd.csv
202504,安哥拉,2,10869,USD,customs-85177950-2025-breakdown-usd.csv
202504,密克罗尼西亚联邦,5,24750,USD,customs-85177950-2025-breakdown-usd.csv
202504,尼加拉瓜,3,4282,USD,customs-85177950-2025-breakdown-usd.csv
202504,尼日利亚,2245,334971,USD,customs-85177950-2025-breakdown-usd.csv
202504,尼泊尔,11,1832,USD,customs-85177950-2025-breakdown-usd.csv
202504,巴基斯坦,754,138107,USD,customs-85177950-2025-breakdown-usd.csv
202504,巴布亚新几内亚,3,6150,USD,customs-85177950-2025-breakdown-usd.csv
202504,巴拉圭,66,109833,USD,customs-85177950-2025-breakdown-usd.csv
202504,巴拿马,441,167267,USD,customs-85177950-2025-breakdown-usd.csv
202504,巴林,29,9187,USD,customs-85177950-2025-breakdown-usd.csv
202504,巴西,7594,3119783,USD,customs-85177950-2025-breakdown-usd.csv
202504,布基纳法索,21,11759,USD,customs-85177950-2025-breakdown-usd.csv
202504,希腊,76,19353,USD,customs-85177950-2025-breakdown-usd.csv
202504,"库拉索
",0,106,USD,customs-85177950-2025-breakdown-usd.csv
202504,德国,13302,9279564,USD,customs-85177950-2025-breakdown-usd.csv
202504,意大利,282,198427,USD,customs-85177950-2025-breakdown-usd.csv
202504,拉脱维亚,967,392175,USD,customs-85177950-2025-breakdown-usd.csv
202504,挪威,975,1357312,USD,customs-85177950-2025-breakdown-usd.csv
202504,捷克,1900,829434,USD,customs-85177950-2025-breakdown-usd.csv
202504,摩尔多瓦,43,14488,USD,customs-85177950-2025-breakdown-usd.csv
202504,摩洛哥,104,43965,USD,customs-85177950-2025-breakdown-usd.csv
202504,文莱,47,47,USD,customs-85177950-2025-breakdown-usd.csv
202504,斐济,12,744,USD,customs-85177950-2025-breakdown-usd.csv
202504,斯威士兰,1,609,USD,customs-85177950-2025-breakdown-usd.csv
202504,斯洛伐克,151,105182,USD,customs-85177950-2025-breakdown-usd.csv
202504,斯洛文尼亚,196,21953,USD,customs-85177950-2025-breakdown-usd.csv
202504,斯里兰卡,27,138001,USD,customs-85177950-2025-breakdown-usd.csv
202504,新加坡,16362,12598759,USD,customs-85177950-2025-breakdown-usd.csv
202504,新喀里多尼亚,1,1854,USD,customs-85177950-2025-breakdown-usd.csv
202504,新西兰,66,70419,USD,customs-85177950-2025-breakdown-usd.csv
202504,日本,2592,2345926,USD,customs-85177950-2025-breakdown-usd.csv
202504,智利,191,66606,USD,customs-85177950-2025-breakdown-usd.csv
202504,柬埔寨,216,22936,USD,customs-85177950-2025-breakdown-usd.csv
202504,格陵兰,0,33,USD,customs-85177950-2025-breakdown-usd.csv
202504,格鲁吉亚,225,67885,USD,customs-85177950-2025-breakdown-usd.csv
202504,比利时,1421,724748,USD,customs-85177950-2025-breakdown-usd.csv
202504,毛里塔尼亚,20,5182,USD,customs-85177950-2025-breakdown-usd.csv
202504,毛里求斯,1,2713,USD,customs-85177950-2025-breakdown-usd.csv
202504,沙特阿拉伯,365,127586,USD,customs-85177950-2025-breakdown-usd.csv
202504,法国,1019,624224,USD,customs-85177950-2025-breakdown-usd.csv
202504,"法属圣马丁
",1,224,USD,customs-85177950-2025-breakdown-usd.csv
202504,法属波利尼西亚,2,1122,USD,customs-85177950-2025-breakdown-usd.csv
202504,波兰,1301,630817,USD,customs-85177950-2025-breakdown-usd.csv
202504,波多黎各,1,310,USD,customs-85177950-2025-breakdown-usd.csv
202504,波斯尼亚和黑塞哥维那,0,29,USD,customs-85177950-2025-breakdown-usd.csv
202504,泰国,40991,78817687,USD,customs-85177950-2025-breakdown-usd.csv
202504,津巴布韦,24,23830,USD,customs-85177950-2025-breakdown-usd.csv
202504,洪都拉斯,31,4779,USD,customs-85177950-2025-breakdown-usd.csv
202504,澳大利亚,2501,1828050,USD,customs-85177950-2025-breakdown-usd.csv
202504,爱尔兰,5885,5455967,USD,customs-85177950-2025-breakdown-usd.csv
202504,爱沙尼亚,10,22220,USD,customs-85177950-2025-breakdown-usd.csv
202504,牙买加,1,3135,USD,customs-85177950-2025-breakdown-usd.csv
202504,特立尼达和多巴哥,5,1363,USD,customs-85177950-2025-breakdown-usd.csv
202504,"玻利维亚
",38,4307,USD,customs-85177950-2025-breakdown-usd.csv
202504,瑞典,3050,1329517,USD,customs-85177950-2025-breakdown-usd.csv
202504,瑞士,128,80158,USD,customs-85177950-2025-breakdown-usd.csv
202504,留尼汪,10,12703,USD,customs-85177950-2025-breakdown-usd.csv
202504,白俄罗斯,75,7722,USD,customs-85177950-2025-breakdown-usd.csv
202504,百慕大,1,3464,USD,customs-85177950-2025-breakdown-usd.csv
202504,科威特,258,18821,USD,customs-85177950-2025-breakdown-usd.csv
202504,科摩罗,41,10817,USD,customs-85177950-2025-breakdown-usd.csv
202504,科特迪瓦,358,425684,USD,customs-85177950-2025-breakdown-usd.csv
202504,秘鲁,667,346210,USD,customs-85177950-2025-breakdown-usd.csv
202504,立陶宛,19,9857,USD,customs-85177950-2025-breakdown-usd.csv
202504,索马里,1,841,USD,customs-85177950-2025-breakdown-usd.csv
202504,约旦,42,18743,USD,customs-85177950-2025-breakdown-usd.csv
202504,纳米比亚,1,3107,USD,customs-85177950-2025-breakdown-usd.csv
202504,缅甸,13,445,USD,customs-85177950-2025-breakdown-usd.csv
202504,罗马尼亚,223,305245,USD,customs-85177950-2025-breakdown-usd.csv
202504,美国,59957,95269728,USD,customs-85177950-2025-breakdown-usd.csv
202504,老挝,13,5514,USD,customs-85177950-2025-breakdown-usd.csv
202504,肯尼亚,1036,104576,USD,customs-85177950-2025-breakdown-usd.csv
202504,芬兰,311,143689,USD,customs-85177950-2025-breakdown-usd.csv
202504,苏丹,213,72188,USD,customs-85177950-2025-breakdown-usd.csv
202504,英国,4303,3140437,USD,customs-85177950-2025-breakdown-usd.csv
202504,荷兰,13602,12903140,USD,customs-85177950-2025-breakdown-usd.csv
202504,莫桑比克,5,1274,USD,customs-85177950-2025-breakdown-usd.csv
202504,莱索托,27,7441,USD,customs-85177950-2025-breakdown-usd.csv
202504,菲律宾,563,1662170,USD,customs-85177950-2025-breakdown-usd.csv
202504,萨尔瓦多,0,2100,USD,customs-85177950-2025-breakdown-usd.csv
202504,葡萄牙,104,65291,USD,customs-85177950-2025-breakdown-usd.csv
202504,蒙古,42,28957,USD,customs-85177950-2025-breakdown-usd.csv
202504,西班牙,435,244930,USD,customs-85177950-2025-breakdown-usd.csv
202504,贝宁,46,23187,USD,customs-85177950-2025-breakdown-usd.csv
202504,赞比亚,196,5987,USD,customs-85177950-2025-breakdown-usd.csv
202504,越南,4931,2766707,USD,customs-85177950-2025-breakdown-usd.csv
202504,阿塞拜疆,36,8899,USD,customs-85177950-2025-breakdown-usd.csv
202504,阿富汗,19,89648,USD,customs-85177950-2025-breakdown-usd.csv
202504,阿尔及利亚,143,34379,USD,customs-85177950-2025-breakdown-usd.csv
202504,阿尔巴尼亚,1,278,USD,customs-85177950-2025-breakdown-usd.csv
202504,阿曼,104,58745,USD,customs-85177950-2025-breakdown-usd.csv
202504,阿根廷,550,727231,USD,customs-85177950-2025-breakdown-usd.csv
202504,阿联酋,4016,1154098,USD,customs-85177950-2025-breakdown-usd.csv
202504,阿鲁巴,0,44,USD,customs-85177950-2025-breakdown-usd.csv
202504,韩国,4043,2488113,USD,customs-85177950-2025-breakdown-usd.csv
202504,马尔代夫,7,2589,USD,customs-85177950-2025-breakdown-usd.csv
202504,马拉维,8,2094,USD,customs-85177950-2025-breakdown-usd.csv
202504,马来西亚,63587,122974879,USD,customs-85177950-2025-breakdown-usd.csv
202504,马耳他,2,822,USD,customs-85177950-2025-breakdown-usd.csv
202504,马达加斯加,6,10740,USD,customs-85177950-2025-breakdown-usd.csv
202504,马里,45,22608,USD,customs-85177950-2025-breakdown-usd.csv
202504,黎巴嫩,1372,54941,USD,customs-85177950-2025-breakdown-usd.csv
202505,不丹,1,974,USD,customs-85177950-2025-breakdown-usd.csv
202505,中国台湾,23163,29361059,USD,customs-85177950-2025-breakdown-usd.csv
202505,中国澳门,15,6010,USD,customs-85177950-2025-breakdown-usd.csv
202505,中国香港,13167,31756218,USD,customs-85177950-2025-breakdown-usd.csv
202505,中非,8,2094,USD,customs-85177950-2025-breakdown-usd.csv
202505,丹麦,741,416386,USD,customs-85177950-2025-breakdown-usd.csv
202505,乌克兰,387,433077,USD,customs-85177950-2025-breakdown-usd.csv
202505,乌兹别克斯坦,170,342868,USD,customs-85177950-2025-breakdown-usd.csv
202505,乌干达,7,18234,USD,customs-85177950-2025-breakdown-usd.csv
202505,乌拉圭,15,11840,USD,customs-85177950-2025-breakdown-usd.csv
202505,也门,0,901,USD,customs-85177950-2025-breakdown-usd.csv
202505,亚美尼亚,38,18035,USD,customs-85177950-2025-breakdown-usd.csv
202505,以色列,620,691475,USD,customs-85177950-2025-breakdown-usd.csv
202505,伊拉克,2051,293538,USD,customs-85177950-2025-breakdown-usd.csv
202505,伊朗,133,2750,USD,customs-85177950-2025-breakdown-usd.csv
202505,俄罗斯,7732,7401584,USD,customs-85177950-2025-breakdown-usd.csv
202505,保加利亚,47,45121,USD,customs-85177950-2025-breakdown-usd.csv
202505,克罗地亚,0,668,USD,customs-85177950-2025-breakdown-usd.csv
202505,几内亚,7,250980,USD,customs-85177950-2025-breakdown-usd.csv
202505,刚果民主共和国,46,8205,USD,customs-85177950-2025-breakdown-usd.csv
202505,利比亚,6,3606,USD,customs-85177950-2025-breakdown-usd.csv
202505,利比里亚,339,6550,USD,customs-85177950-2025-breakdown-usd.csv
202505,加拿大,2208,1293610,USD,customs-85177950-2025-breakdown-usd.csv
202505,加纳,120,122463,USD,customs-85177950-2025-breakdown-usd.csv
202505,加蓬,49,5598,USD,customs-85177950-2025-breakdown-usd.csv
202505,匈牙利,5003,4709413,USD,customs-85177950-2025-breakdown-usd.csv
202505,北马其顿,8,3040,USD,customs-85177950-2025-breakdown-usd.csv
202505,南非,578,371455,USD,customs-85177950-2025-breakdown-usd.csv
202505,博茨瓦纳,0,151,USD,customs-85177950-2025-breakdown-usd.csv
202505,卡塔尔,559,24681,USD,customs-85177950-2025-breakdown-usd.csv
202505,卢旺达,4,230451,USD,customs-85177950-2025-breakdown-usd.csv
202505,卢森堡,186,79782,USD,customs-85177950-2025-breakdown-usd.csv
202505,印度,5916,2023964,USD,customs-85177950-2025-breakdown-usd.csv
202505,印度尼西亚,3977,2749005,USD,customs-85177950-2025-breakdown-usd.csv
202505,危地马拉,13,4358,USD,customs-85177950-2025-breakdown-usd.csv
202505,厄瓜多尔,373,27440,USD,customs-85177950-2025-breakdown-usd.csv
202505,古巴,5,1864,USD,customs-85177950-2025-breakdown-usd.csv
202505,吉尔吉斯斯坦,279,100222,USD,customs-85177950-2025-breakdown-usd.csv
202505,哈萨克斯坦,186,219435,USD,customs-85177950-2025-breakdown-usd.csv
202505,哥伦比亚,644,477104,USD,customs-85177950-2025-breakdown-usd.csv
202505,哥斯达黎加,10,4106,USD,customs-85177950-2025-breakdown-usd.csv
202505,喀麦隆,45,58283,USD,customs-85177950-2025-breakdown-usd.csv
202505,土库曼斯坦,5,3258,USD,customs-85177950-2025-breakdown-usd.csv
202505,土耳其,871,804229,USD,customs-85177950-2025-breakdown-usd.csv
202505,坦桑尼亚,270,20462,USD,customs-85177950-2025-breakdown-usd.csv
202505,埃及,991,171604,USD,customs-85177950-2025-breakdown-usd.csv
202505,埃塞俄比亚,31,29134,USD,customs-85177950-2025-breakdown-usd.csv
202505,塔吉克斯坦,9,6852,USD,customs-85177950-2025-breakdown-usd.csv
202505,塞内加尔,179,2629,USD,customs-85177950-2025-breakdown-usd.csv
202505,塞尔维亚,54,59660,USD,customs-85177950-2025-breakdown-usd.csv
202505,塞拉利昂,1,1423,USD,customs-85177950-2025-breakdown-usd.csv
202505,塞舌尔,0,22,USD,customs-85177950-2025-breakdown-usd.csv
202505,墨西哥,8992,29167390,USD,customs-85177950-2025-breakdown-usd.csv
202505,多哥,0,2392,USD,customs-85177950-2025-breakdown-usd.csv
202505,"多米尼加
",150,29494,USD,customs-85177950-2025-breakdown-usd.csv
202505,奥地利,81,31755,USD,customs-85177950-2025-breakdown-usd.csv
202505,委内瑞拉,147,409990,USD,customs-85177950-2025-breakdown-usd.csv
202505,孟加拉国,462,44213,USD,customs-85177950-2025-breakdown-usd.csv
202505,安哥拉,25,16681,USD,customs-85177950-2025-breakdown-usd.csv
202505,尼日利亚,1895,1169713,USD,customs-85177950-2025-breakdown-usd.csv
202505,尼泊尔,0,4183,USD,customs-85177950-2025-breakdown-usd.csv
202505,巴哈马,3,5926,USD,customs-85177950-2025-breakdown-usd.csv
202505,巴基斯坦,687,363408,USD,customs-85177950-2025-breakdown-usd.csv
202505,巴布亚新几内亚,4,4440,USD,customs-85177950-2025-breakdown-usd.csv
202505,巴拉圭,797,340107,USD,customs-85177950-2025-breakdown-usd.csv
202505,巴拿马,1505,871503,USD,customs-85177950-2025-breakdown-usd.csv
202505,巴林,1,1167,USD,customs-85177950-2025-breakdown-usd.csv
202505,巴西,5445,2738085,USD,customs-85177950-2025-breakdown-usd.csv
202505,布基纳法索,0,194,USD,customs-85177950-2025-breakdown-usd.csv
202505,希腊,44,19123,USD,customs-85177950-2025-breakdown-usd.csv
202505,"库拉索
",3,666,USD,customs-85177950-2025-breakdown-usd.csv
202505,德国,7543,7394303,USD,customs-85177950-2025-breakdown-usd.csv
202505,意大利,304,374192,USD,customs-85177950-2025-breakdown-usd.csv
202505,所罗门群岛,22,6275,USD,customs-85177950-2025-breakdown-usd.csv
202505,拉脱维亚,1294,680521,USD,customs-85177950-2025-breakdown-usd.csv
202505,挪威,699,1001223,USD,customs-85177950-2025-breakdown-usd.csv
202505,捷克,762,327571,USD,customs-85177950-2025-breakdown-usd.csv
202505,摩尔多瓦,71,6865,USD,customs-85177950-2025-breakdown-usd.csv
202505,摩洛哥,451,180303,USD,customs-85177950-2025-breakdown-usd.csv
202505,文莱,0,13,USD,customs-85177950-2025-breakdown-usd.csv
202505,斯威士兰,12,2010,USD,customs-85177950-2025-breakdown-usd.csv
202505,斯洛伐克,70,186021,USD,customs-85177950-2025-breakdown-usd.csv
202505,斯洛文尼亚,48,23339,USD,customs-85177950-2025-breakdown-usd.csv
202505,斯里兰卡,187,58721,USD,customs-85177950-2025-breakdown-usd.csv
202505,新加坡,11991,8592639,USD,customs-85177950-2025-breakdown-usd.csv
202505,新西兰,132,358781,USD,customs-85177950-2025-breakdown-usd.csv
202505,日本,2744,3101317,USD,customs-85177950-2025-breakdown-usd.csv
202505,智利,109,22329,USD,customs-85177950-2025-breakdown-usd.csv
202505,柬埔寨,159,39115,USD,customs-85177950-2025-breakdown-usd.csv
202505,格鲁吉亚,91,69888,USD,customs-85177950-2025-breakdown-usd.csv
202505,比利时,1524,777326,USD,customs-85177950-2025-breakdown-usd.csv
202505,毛里塔尼亚,7,2694,USD,customs-85177950-2025-breakdown-usd.csv
202505,毛里求斯,8,4528,USD,customs-85177950-2025-breakdown-usd.csv
202505,沙特阿拉伯,752,284842,USD,customs-85177950-2025-breakdown-usd.csv
202505,法国,1742,1648001,USD,customs-85177950-2025-breakdown-usd.csv
202505,法属波利尼西亚,7,1625,USD,customs-85177950-2025-breakdown-usd.csv
202505,波兰,1055,667028,USD,customs-85177950-2025-breakdown-usd.csv
202505,波多黎各,0,480,USD,customs-85177950-2025-breakdown-usd.csv
202505,波斯尼亚和黑塞哥维那,35,10465,USD,customs-85177950-2025-breakdown-usd.csv
202505,泰国,28094,59422559,USD,customs-85177950-2025-breakdown-usd.csv
202505,津巴布韦,201,17462,USD,customs-85177950-2025-breakdown-usd.csv
202505,洪都拉斯,33,10050,USD,customs-85177950-2025-breakdown-usd.csv
202505,澳大利亚,1857,1413858,USD,customs-85177950-2025-breakdown-usd.csv
202505,爱尔兰,17412,24661091,USD,customs-85177950-2025-breakdown-usd.csv
202505,爱沙尼亚,8,5298,USD,customs-85177950-2025-breakdown-usd.csv
202505,牙买加,24,3163,USD,customs-85177950-2025-breakdown-usd.csv
202505,特立尼达和多巴哥,4,4854,USD,customs-85177950-2025-breakdown-usd.csv
202505,"玻利维亚
",4,1249,USD,customs-85177950-2025-breakdown-usd.csv
202505,瑞典,2627,1015342,USD,customs-85177950-2025-breakdown-usd.csv
202505,瑞士,420,368121,USD,customs-85177950-2025-breakdown-usd.csv
202505,留尼汪,1,531,USD,customs-85177950-2025-breakdown-usd.csv
202505,白俄罗斯,22,1856,USD,customs-85177950-2025-breakdown-usd.csv
202505,百慕大,0,553,USD,customs-85177950-2025-breakdown-usd.csv
202505,科威特,22,16267,USD,customs-85177950-2025-breakdown-usd.csv
202505,科特迪瓦,221,209118,USD,customs-85177950-2025-breakdown-usd.csv
202505,秘鲁,272,275226,USD,customs-85177950-2025-breakdown-usd.csv
202505,突尼斯,2,3298,USD,customs-85177950-2025-breakdown-usd.csv
202505,立陶宛,82,9687,USD,customs-85177950-2025-breakdown-usd.csv
202505,索马里,0,1012,USD,customs-85177950-2025-breakdown-usd.csv
202505,约旦,67,16958,USD,customs-85177950-2025-breakdown-usd.csv
202505,纳米比亚,0,200,USD,customs-85177950-2025-breakdown-usd.csv
202505,缅甸,89,139369,USD,customs-85177950-2025-breakdown-usd.csv
202505,罗马尼亚,179,184599,USD,customs-85177950-2025-breakdown-usd.csv
202505,美国,44046,40648420,USD,customs-85177950-2025-breakdown-usd.csv
202505,老挝,7,786,USD,customs-85177950-2025-breakdown-usd.csv
202505,肯尼亚,298,38430,USD,customs-85177950-2025-breakdown-usd.csv
202505,芬兰,363,365787,USD,customs-85177950-2025-breakdown-usd.csv
202505,英国,4679,4053583,USD,customs-85177950-2025-breakdown-usd.csv
202505,荷兰,13785,22272452,USD,customs-85177950-2025-breakdown-usd.csv
202505,莫桑比克,52,9722,USD,customs-85177950-2025-breakdown-usd.csv
202505,菲律宾,1107,244348,USD,customs-85177950-2025-breakdown-usd.csv
202505,萨尔瓦多,39,16603,USD,customs-85177950-2025-breakdown-usd.csv
202505,葡萄牙,51,25806,USD,customs-85177950-2025-breakdown-usd.csv
202505,蒙古,384,112198,USD,customs-85177950-2025-breakdown-usd.csv
202505,西班牙,433,312949,USD,customs-85177950-2025-breakdown-usd.csv
202505,贝宁,50,144990,USD,customs-85177950-2025-breakdown-usd.csv
202505,赞比亚,154,82096,USD,customs-85177950-2025-breakdown-usd.csv
202505,赤道几内亚,0,24,USD,customs-85177950-2025-breakdown-usd.csv
202505,越南,5728,3727901,USD,customs-85177950-2025-breakdown-usd.csv
202505,阿塞拜疆,163,38958,USD,customs-85177950-2025-breakdown-usd.csv
202505,阿富汗,2,381,USD,customs-85177950-2025-breakdown-usd.csv
202505,阿尔及利亚,886,264528,USD,customs-85177950-2025-breakdown-usd.csv
202505,阿尔巴尼亚,3,5273,USD,customs-85177950-2025-breakdown-usd.csv
202505,阿曼,28,7570,USD,customs-85177950-2025-breakdown-usd.csv
202505,阿根廷,168,64705,USD,customs-85177950-2025-breakdown-usd.csv
202505,阿联酋,6503,2592414,USD,customs-85177950-2025-breakdown-usd.csv
202505,韩国,5568,4334925,USD,customs-85177950-2025-breakdown-usd.csv
202505,马尔代夫,9,4354,USD,customs-85177950-2025-breakdown-usd.csv
202505,马拉维,1,431,USD,customs-85177950-2025-breakdown-usd.csv
202505,马来西亚,63728,138997118,USD,customs-85177950-2025-breakdown-usd.csv
202505,马绍尔群岛,17,4603,USD,customs-85177950-2025-breakdown-usd.csv
202505,马耳他,3,2460,USD,customs-85177950-2025-breakdown-usd.csv
202505,马达加斯加,7,4324,USD,customs-85177950-2025-breakdown-usd.csv
202505,马里,0,7,USD,customs-85177950-2025-breakdown-usd.csv
202505,黎巴嫩,209,10522,USD,customs-85177950-2025-breakdown-usd.csv
202506,不丹,8,8485,USD,customs-85177950-2025-breakdown-usd.csv
202506,东帝汶,30,2008,USD,customs-85177950-2025-breakdown-usd.csv
202506,中国台湾,23145,30973029,USD,customs-85177950-2025-breakdown-usd.csv
202506,中国澳门,200,198533,USD,customs-85177950-2025-breakdown-usd.csv
202506,中国香港,15989,38074630,USD,customs-85177950-2025-breakdown-usd.csv
202506,丹麦,471,330159,USD,customs-85177950-2025-breakdown-usd.csv
202506,乌克兰,849,219335,USD,customs-85177950-2025-breakdown-usd.csv
202506,乌兹别克斯坦,522,359003,USD,customs-85177950-2025-breakdown-usd.csv
202506,乌干达,189,17010,USD,customs-85177950-2025-breakdown-usd.csv
202506,乌拉圭,39,24244,USD,customs-85177950-2025-breakdown-usd.csv
202506,乍得,9,909,USD,customs-85177950-2025-breakdown-usd.csv
202506,亚美尼亚,8,7418,USD,customs-85177950-2025-breakdown-usd.csv
202506,以色列,686,713700,USD,customs-85177950-2025-breakdown-usd.csv
202506,伊拉克,1240,88843,USD,customs-85177950-2025-breakdown-usd.csv
202506,伊朗,455,10996,USD,customs-85177950-2025-breakdown-usd.csv
202506,俄罗斯,7919,4212832,USD,customs-85177950-2025-breakdown-usd.csv
202506,保加利亚,34,23864,USD,customs-85177950-2025-breakdown-usd.csv
202506,克罗地亚,1,2010,USD,customs-85177950-2025-breakdown-usd.csv
202506,"关岛
",1,283,USD,customs-85177950-2025-breakdown-usd.csv
202506,冈比亚,3,797,USD,customs-85177950-2025-breakdown-usd.csv
202506,冰岛,57,105479,USD,customs-85177950-2025-breakdown-usd.csv
202506,几内亚,0,184,USD,customs-85177950-2025-breakdown-usd.csv
202506,列支敦士登,18,6501,USD,customs-85177950-2025-breakdown-usd.csv
202506,刚果共和国,1,5532,USD,customs-85177950-2025-breakdown-usd.csv
202506,刚果民主共和国,99,73064,USD,customs-85177950-2025-breakdown-usd.csv
202506,利比亚,7,2760,USD,customs-85177950-2025-breakdown-usd.csv
202506,利比里亚,9,1378,USD,customs-85177950-2025-breakdown-usd.csv
202506,加拿大,1838,1380934,USD,customs-85177950-2025-breakdown-usd.csv
202506,加纳,98,127544,USD,customs-85177950-2025-breakdown-usd.csv
202506,加蓬,37,10640,USD,customs-85177950-2025-breakdown-usd.csv
202506,匈牙利,4172,5124852,USD,customs-85177950-2025-breakdown-usd.csv
202506,北马其顿,2,912,USD,customs-85177950-2025-breakdown-usd.csv
202506,"北马里亚纳群岛
",1,922,USD,customs-85177950-2025-breakdown-usd.csv
202506,南非,635,381190,USD,customs-85177950-2025-breakdown-usd.csv
202506,博茨瓦纳,13,19,USD,customs-85177950-2025-breakdown-usd.csv
202506,卡塔尔,117,75889,USD,customs-85177950-2025-breakdown-usd.csv
202506,印度,7548,2668050,USD,customs-85177950-2025-breakdown-usd.csv
202506,印度尼西亚,3221,1497943,USD,customs-85177950-2025-breakdown-usd.csv
202506,危地马拉,6,854,USD,customs-85177950-2025-breakdown-usd.csv
202506,厄瓜多尔,39,91604,USD,customs-85177950-2025-breakdown-usd.csv
202506,古巴,0,68,USD,customs-85177950-2025-breakdown-usd.csv
202506,吉尔吉斯斯坦,80,28834,USD,customs-85177950-2025-breakdown-usd.csv
202506,哈萨克斯坦,789,1365014,USD,customs-85177950-2025-breakdown-usd.csv
202506,哥伦比亚,51,197998,USD,customs-85177950-2025-breakdown-usd.csv
202506,哥斯达黎加,0,317,USD,customs-85177950-2025-breakdown-usd.csv
202506,土库曼斯坦,21,5970,USD,customs-85177950-2025-breakdown-usd.csv
202506,土耳其,1286,270728,USD,customs-85177950-2025-breakdown-usd.csv
202506,圭亚那,1,2594,USD,customs-85177950-2025-breakdown-usd.csv
202506,坦桑尼亚,360,180059,USD,customs-85177950-2025-breakdown-usd.csv
202506,埃及,33,23856,USD,customs-85177950-2025-breakdown-usd.csv
202506,埃塞俄比亚,131,11404,USD,customs-85177950-2025-breakdown-usd.csv
202506,塔吉克斯坦,3,1694,USD,customs-85177950-2025-breakdown-usd.csv
202506,塞内加尔,401,15170,USD,customs-85177950-2025-breakdown-usd.csv
202506,塞尔维亚,17,69340,USD,customs-85177950-2025-breakdown-usd.csv
202506,塞拉利昂,0,1324,USD,customs-85177950-2025-breakdown-usd.csv
202506,塞舌尔,1,511,USD,customs-85177950-2025-breakdown-usd.csv
202506,墨西哥,6472,16371204,USD,customs-85177950-2025-breakdown-usd.csv
202506,"多米尼加
",40,35937,USD,customs-85177950-2025-breakdown-usd.csv
202506,奥地利,50,41258,USD,customs-85177950-2025-breakdown-usd.csv
202506,委内瑞拉,1,261,USD,customs-85177950-2025-breakdown-usd.csv
202506,孟加拉国,742,166331,USD,customs-85177950-2025-breakdown-usd.csv
202506,安哥拉,13,3314,USD,customs-85177950-2025-breakdown-usd.csv
202506,尼加拉瓜,0,29,USD,customs-85177950-2025-breakdown-usd.csv
202506,尼日利亚,879,135396,USD,customs-85177950-2025-breakdown-usd.csv
202506,尼泊尔,114,19555,USD,customs-85177950-2025-breakdown-usd.csv
202506,巴基斯坦,672,932290,USD,customs-85177950-2025-breakdown-usd.csv
202506,巴布亚新几内亚,70,1440,USD,customs-85177950-2025-breakdown-usd.csv
202506,巴拉圭,119,46220,USD,customs-85177950-2025-breakdown-usd.csv
202506,巴拿马,701,477655,USD,customs-85177950-2025-breakdown-usd.csv
202506,巴林,5,4676,USD,customs-85177950-2025-breakdown-usd.csv
202506,巴西,4582,1996617,USD,customs-85177950-2025-breakdown-usd.csv
202506,布基纳法索,10,8107,USD,customs-85177950-2025-breakdown-usd.csv
202506,希腊,66,30744,USD,customs-85177950-2025-breakdown-usd.csv
202506,帕劳,0,136,USD,customs-85177950-2025-breakdown-usd.csv
202506,德国,10394,7444915,USD,customs-85177950-2025-breakdown-usd.csv
202506,意大利,266,269152,USD,customs-85177950-2025-breakdown-usd.csv
202506,拉脱维亚,1052,470283,USD,customs-85177950-2025-breakdown-usd.csv
202506,挪威,1414,1911280,USD,customs-85177950-2025-breakdown-usd.csv
202506,捷克,1738,619821,USD,customs-85177950-2025-breakdown-usd.csv
202506,摩尔多瓦,32,15783,USD,customs-85177950-2025-breakdown-usd.csv
202506,摩洛哥,284,310243,USD,customs-85177950-2025-breakdown-usd.csv
202506,文莱,1,504,USD,customs-85177950-2025-breakdown-usd.csv
202506,斐济,1,1326,USD,customs-85177950-2025-breakdown-usd.csv
202506,斯洛伐克,32,72789,USD,customs-85177950-2025-breakdown-usd.csv
202506,斯洛文尼亚,70,16182,USD,customs-85177950-2025-breakdown-usd.csv
202506,斯里兰卡,14,6248,USD,customs-85177950-2025-breakdown-usd.csv
202506,新加坡,8264,8802379,USD,customs-85177950-2025-breakdown-usd.csv
202506,新喀里多尼亚,1,703,USD,customs-85177950-2025-breakdown-usd.csv
202506,新西兰,41,47892,USD,customs-85177950-2025-breakdown-usd.csv
202506,日本,2145,2756109,USD,customs-85177950-2025-breakdown-usd.csv
202506,智利,70,54550,USD,customs-85177950-2025-breakdown-usd.csv
202506,柬埔寨,109,36751,USD,customs-85177950-2025-breakdown-usd.csv
202506,格鲁吉亚,22,13515,USD,customs-85177950-2025-breakdown-usd.csv
202506,比利时,1150,607676,USD,customs-85177950-2025-breakdown-usd.csv
202506,毛里求斯,9,3869,USD,customs-85177950-2025-breakdown-usd.csv
202506,沙特阿拉伯,2344,382679,USD,customs-85177950-2025-breakdown-usd.csv
202506,法国,2297,861828,USD,customs-85177950-2025-breakdown-usd.csv
202506,法属圭亚那,0,754,USD,customs-85177950-2025-breakdown-usd.csv
202506,波兰,1087,561121,USD,customs-85177950-2025-breakdown-usd.csv
202506,波多黎各,51,12054,USD,customs-85177950-2025-breakdown-usd.csv
202506,波斯尼亚和黑塞哥维那,2,777,USD,customs-85177950-2025-breakdown-usd.csv
202506,泰国,15624,28412635,USD,customs-85177950-2025-breakdown-usd.csv
202506,津巴布韦,35,28736,USD,customs-85177950-2025-breakdown-usd.csv
202506,洪都拉斯,41,33148,USD,customs-85177950-2025-breakdown-usd.csv
202506,澳大利亚,1333,913309,USD,customs-85177950-2025-breakdown-usd.csv
202506,爱尔兰,16464,8950274,USD,customs-85177950-2025-breakdown-usd.csv
202506,爱沙尼亚,16,29831,USD,customs-85177950-2025-breakdown-usd.csv
202506,牙买加,0,400,USD,customs-85177950-2025-breakdown-usd.csv
202506,特克斯和凯科斯群岛,0,194,USD,customs-85177950-2025-breakdown-usd.csv
202506,"玻利维亚
",0,790,USD,customs-85177950-2025-breakdown-usd.csv
202506,瑙鲁,1,365,USD,customs-85177950-2025-breakdown-usd.csv
202506,瑞典,3667,1507909,USD,customs-85177950-2025-breakdown-usd.csv
202506,瑞士,802,847628,USD,customs-85177950-2025-breakdown-usd.csv
202506,瓦努阿图,2,188,USD,customs-85177950-2025-breakdown-usd.csv
202506,留尼汪,12,37926,USD,customs-85177950-2025-breakdown-usd.csv
202506,白俄罗斯,293,34127,USD,customs-85177950-2025-breakdown-usd.csv
202506,科威特,182,10061,USD,customs-85177950-2025-breakdown-usd.csv
202506,科摩罗,0,61,USD,customs-85177950-2025-breakdown-usd.csv
202506,科特迪瓦,221,231169,USD,customs-85177950-2025-breakdown-usd.csv
202506,秘鲁,195,280696,USD,customs-85177950-2025-breakdown-usd.csv
202506,突尼斯,6,21757,USD,customs-85177950-2025-breakdown-usd.csv
202506,立陶宛,59,17931,USD,customs-85177950-2025-breakdown-usd.csv
202506,索马里,7,1489,USD,customs-85177950-2025-breakdown-usd.csv
202506,约旦,247,12586,USD,customs-85177950-2025-breakdown-usd.csv
202506,"纽埃
",0,15,USD,customs-85177950-2025-breakdown-usd.csv
202506,缅甸,78,120758,USD,customs-85177950-2025-breakdown-usd.csv
202506,罗马尼亚,196,157059,USD,customs-85177950-2025-breakdown-usd.csv
202506,美国,28408,44355375,USD,customs-85177950-2025-breakdown-usd.csv
202506,"美属萨摩亚
",2,1490,USD,customs-85177950-2025-breakdown-usd.csv
202506,老挝,121,2424,USD,customs-85177950-2025-breakdown-usd.csv
202506,肯尼亚,5700,492974,USD,customs-85177950-2025-breakdown-usd.csv
202506,芬兰,439,261565,USD,customs-85177950-2025-breakdown-usd.csv
202506,英国,3333,2395299,USD,customs-85177950-2025-breakdown-usd.csv
202506,荷兰,10286,11873253,USD,customs-85177950-2025-breakdown-usd.csv
202506,莫桑比克,0,2190,USD,customs-85177950-2025-breakdown-usd.csv
202506,莱索托,0,378,USD,customs-85177950-2025-breakdown-usd.csv
202506,菲律宾,608,446361,USD,customs-85177950-2025-breakdown-usd.csv
202506,萨尔瓦多,5,4253,USD,customs-85177950-2025-breakdown-usd.csv
202506,葡萄牙,55,109178,USD,customs-85177950-2025-breakdown-usd.csv
202506,蒙古,77,28363,USD,customs-85177950-2025-breakdown-usd.csv
202506,西班牙,281,236785,USD,customs-85177950-2025-breakdown-usd.csv
202506,赞比亚,37,13792,USD,customs-85177950-2025-breakdown-usd.csv
202506,越南,5232,2707872,USD,customs-85177950-2025-breakdown-usd.csv
202506,阿塞拜疆,22,26100,USD,customs-85177950-2025-breakdown-usd.csv
202506,阿富汗,343,100674,USD,customs-85177950-2025-breakdown-usd.csv
202506,阿尔及利亚,352,563527,USD,customs-85177950-2025-breakdown-usd.csv
202506,阿尔巴尼亚,28,19090,USD,customs-85177950-2025-breakdown-usd.csv
202506,阿曼,13,4098,USD,customs-85177950-2025-breakdown-usd.csv
202506,阿根廷,769,296558,USD,customs-85177950-2025-breakdown-usd.csv
202506,阿联酋,4774,2023998,USD,customs-85177950-2025-breakdown-usd.csv
202506,阿鲁巴,8,17685,USD,customs-85177950-2025-breakdown-usd.csv
202506,韩国,4501,3103543,USD,customs-85177950-2025-breakdown-usd.csv
202506,马尔代夫,8,5540,USD,customs-85177950-2025-breakdown-usd.csv
202506,马拉维,44,44324,USD,customs-85177950-2025-breakdown-usd.csv
202506,马来西亚,88223,163678687,USD,customs-85177950-2025-breakdown-usd.csv
202506,马耳他,0,34,USD,customs-85177950-2025-breakdown-usd.csv
202506,马达加斯加,2,2726,USD,customs-85177950-2025-breakdown-usd.csv
202506,马里,1,3285,USD,customs-85177950-2025-breakdown-usd.csv
202506,黎巴嫩,1338,43157,USD,customs-85177950-2025-breakdown-usd.csv
202506,黑山,2,5621,USD,customs-85177950-2025-breakdown-usd.csv
202507,中国台湾,23967,31128016,USD,customs-85177950-2025-breakdown-usd.csv
202507,中国澳门,27,15356,USD,customs-85177950-2025-breakdown-usd.csv
202507,中国香港,13853,24434125,USD,customs-85177950-2025-breakdown-usd.csv
202507,中非,12,2273,USD,customs-85177950-2025-breakdown-usd.csv
202507,丹麦,579,392060,USD,customs-85177950-2025-breakdown-usd.csv
202507,乌克兰,276,185920,USD,customs-85177950-2025-breakdown-usd.csv
202507,乌兹别克斯坦,183,54209,USD,customs-85177950-2025-breakdown-usd.csv
202507,乌干达,239,42049,USD,customs-85177950-2025-breakdown-usd.csv
202507,乌拉圭,60,55209,USD,customs-85177950-2025-breakdown-usd.csv
202507,乍得,19,3458,USD,customs-85177950-2025-breakdown-usd.csv
202507,也门,9,3843,USD,customs-85177950-2025-breakdown-usd.csv
202507,亚美尼亚,43,24144,USD,customs-85177950-2025-breakdown-usd.csv
202507,以色列,1003,1208866,USD,customs-85177950-2025-breakdown-usd.csv
202507,伊拉克,1623,262787,USD,customs-85177950-2025-breakdown-usd.csv
202507,伊朗,487,17605,USD,customs-85177950-2025-breakdown-usd.csv
202507,伯利兹,0,105,USD,customs-85177950-2025-breakdown-usd.csv
202507,俄罗斯,11701,4694938,USD,customs-85177950-2025-breakdown-usd.csv
202507,保加利亚,155,60239,USD,customs-85177950-2025-breakdown-usd.csv
202507,克罗地亚,1,683,USD,customs-85177950-2025-breakdown-usd.csv
202507,"关岛
",1,362,USD,customs-85177950-2025-breakdown-usd.csv
202507,冈比亚,2,433,USD,customs-85177950-2025-breakdown-usd.csv
202507,冰岛,8,3703,USD,customs-85177950-2025-breakdown-usd.csv
202507,几内亚,34,3866,USD,customs-85177950-2025-breakdown-usd.csv
202507,列支敦士登,1,734,USD,customs-85177950-2025-breakdown-usd.csv
202507,刚果共和国,4,1266,USD,customs-85177950-2025-breakdown-usd.csv
202507,刚果民主共和国,140,22477,USD,customs-85177950-2025-breakdown-usd.csv
202507,利比亚,6,2639,USD,customs-85177950-2025-breakdown-usd.csv
202507,利比里亚,8,7946,USD,customs-85177950-2025-breakdown-usd.csv
202507,加拿大,2608,1625664,USD,customs-85177950-2025-breakdown-usd.csv
202507,加纳,161,43457,USD,customs-85177950-2025-breakdown-usd.csv
202507,匈牙利,2673,2542254,USD,customs-85177950-2025-breakdown-usd.csv
202507,南非,351,225727,USD,customs-85177950-2025-breakdown-usd.csv
202507,博茨瓦纳,23,3327,USD,customs-85177950-2025-breakdown-usd.csv
202507,卡塔尔,178,22991,USD,customs-85177950-2025-breakdown-usd.csv
202507,卢旺达,1,507,USD,customs-85177950-2025-breakdown-usd.csv
202507,卢森堡,48,52640,USD,customs-85177950-2025-breakdown-usd.csv
202507,印度,7124,3262767,USD,customs-85177950-2025-breakdown-usd.csv
202507,印度尼西亚,4636,2287087,USD,customs-85177950-2025-breakdown-usd.csv
202507,危地马拉,58,28332,USD,customs-85177950-2025-breakdown-usd.csv
202507,厄瓜多尔,67,33286,USD,customs-85177950-2025-breakdown-usd.csv
202507,叙利亚,48,5479,USD,customs-85177950-2025-breakdown-usd.csv
202507,吉尔吉斯斯坦,31,10719,USD,customs-85177950-2025-breakdown-usd.csv
202507,吉布提,4,3127,USD,customs-85177950-2025-breakdown-usd.csv
202507,哈萨克斯坦,1011,643853,USD,customs-85177950-2025-breakdown-usd.csv
202507,哥伦比亚,155,90995,USD,customs-85177950-2025-breakdown-usd.csv
202507,哥斯达黎加,2,7197,USD,customs-85177950-2025-breakdown-usd.csv
202507,喀麦隆,0,23,USD,customs-85177950-2025-breakdown-usd.csv
202507,图瓦卢,0,146,USD,customs-85177950-2025-breakdown-usd.csv
202507,土库曼斯坦,5,1673,USD,customs-85177950-2025-breakdown-usd.csv
202507,土耳其,564,338141,USD,customs-85177950-2025-breakdown-usd.csv
202507,圭亚那,0,138,USD,customs-85177950-2025-breakdown-usd.csv
202507,坦桑尼亚,372,63468,USD,customs-85177950-2025-breakdown-usd.csv
202507,埃及,295,162288,USD,customs-85177950-2025-breakdown-usd.csv
202507,埃塞俄比亚,202,116541,USD,customs-85177950-2025-breakdown-usd.csv
202507,塔吉克斯坦,9,3211,USD,customs-85177950-2025-breakdown-usd.csv
202507,塞内加尔,17,52374,USD,customs-85177950-2025-breakdown-usd.csv
202507,塞尔维亚,63,8046,USD,customs-85177950-2025-breakdown-usd.csv
202507,塞浦路斯,17,1101,USD,customs-85177950-2025-breakdown-usd.csv
202507,塞舌尔,4,892,USD,customs-85177950-2025-breakdown-usd.csv
202507,墨西哥,6599,13390575,USD,customs-85177950-2025-breakdown-usd.csv
202507,"多米尼加
",405,58572,USD,customs-85177950-2025-breakdown-usd.csv
202507,奥地利,108,59157,USD,customs-85177950-2025-breakdown-usd.csv
202507,委内瑞拉,239,190739,USD,customs-85177950-2025-breakdown-usd.csv
202507,孟加拉国,402,89995,USD,customs-85177950-2025-breakdown-usd.csv
202507,安哥拉,46,85475,USD,customs-85177950-2025-breakdown-usd.csv
202507,尼加拉瓜,26,9091,USD,customs-85177950-2025-breakdown-usd.csv
202507,尼日利亚,2546,197589,USD,customs-85177950-2025-breakdown-usd.csv
202507,尼泊尔,150,36715,USD,customs-85177950-2025-breakdown-usd.csv
202507,巴基斯坦,497,138920,USD,customs-85177950-2025-breakdown-usd.csv
202507,巴布亚新几内亚,8,13760,USD,customs-85177950-2025-breakdown-usd.csv
202507,巴拉圭,100,161200,USD,customs-85177950-2025-breakdown-usd.csv
202507,巴拿马,304,176964,USD,customs-85177950-2025-breakdown-usd.csv
202507,巴林,13,19359,USD,customs-85177950-2025-breakdown-usd.csv
202507,巴西,5899,2066008,USD,customs-85177950-2025-breakdown-usd.csv
202507,布基纳法索,85,78833,USD,customs-85177950-2025-breakdown-usd.csv
202507,布隆迪,17,2456,USD,customs-85177950-2025-breakdown-usd.csv
202507,希腊,33,4828,USD,customs-85177950-2025-breakdown-usd.csv
202507,德国,11484,9285151,USD,customs-85177950-2025-breakdown-usd.csv
202507,意大利,382,171859,USD,customs-85177950-2025-breakdown-usd.csv
202507,拉脱维亚,942,379465,USD,customs-85177950-2025-breakdown-usd.csv
202507,挪威,1760,3164135,USD,customs-85177950-2025-breakdown-usd.csv
202507,捷克,1217,353810,USD,customs-85177950-2025-breakdown-usd.csv
202507,摩尔多瓦,16,7772,USD,customs-85177950-2025-breakdown-usd.csv
202507,摩洛哥,578,265579,USD,customs-85177950-2025-breakdown-usd.csv
202507,文莱,9,3507,USD,customs-85177950-2025-breakdown-usd.csv
202507,斐济,0,4392,USD,customs-85177950-2025-breakdown-usd.csv
202507,斯洛伐克,23,50498,USD,customs-85177950-2025-breakdown-usd.csv
202507,斯洛文尼亚,80,70484,USD,customs-85177950-2025-breakdown-usd.csv
202507,斯里兰卡,244,67973,USD,customs-85177950-2025-breakdown-usd.csv
202507,新加坡,12402,12205395,USD,customs-85177950-2025-breakdown-usd.csv
202507,新喀里多尼亚,0,36,USD,customs-85177950-2025-breakdown-usd.csv
202507,新西兰,61,41109,USD,customs-85177950-2025-breakdown-usd.csv
202507,日本,3119,2953957,USD,customs-85177950-2025-breakdown-usd.csv
202507,智利,196,468103,USD,customs-85177950-2025-breakdown-usd.csv
202507,柬埔寨,151,28073,USD,customs-85177950-2025-breakdown-usd.csv
202507,格林纳达,0,1149,USD,customs-85177950-2025-breakdown-usd.csv
202507,格鲁吉亚,88,22543,USD,customs-85177950-2025-breakdown-usd.csv
202507,比利时,1311,638044,USD,customs-85177950-2025-breakdown-usd.csv
202507,毛里塔尼亚,149,2513,USD,customs-85177950-2025-breakdown-usd.csv
202507,毛里求斯,32,22738,USD,customs-85177950-2025-breakdown-usd.csv
202507,沙特阿拉伯,1126,525892,USD,customs-85177950-2025-breakdown-usd.csv
202507,法国,1291,682442,USD,customs-85177950-2025-breakdown-usd.csv
202507,法属波利尼西亚,2,360,USD,customs-85177950-2025-breakdown-usd.csv
202507,波兰,1368,666042,USD,customs-85177950-2025-breakdown-usd.csv
202507,波多黎各,1,755,USD,customs-85177950-2025-breakdown-usd.csv
202507,波斯尼亚和黑塞哥维那,6,2801,USD,customs-85177950-2025-breakdown-usd.csv
202507,泰国,15740,31509168,USD,customs-85177950-2025-breakdown-usd.csv
202507,津巴布韦,10,36114,USD,customs-85177950-2025-breakdown-usd.csv
202507,洪都拉斯,24,5798,USD,customs-85177950-2025-breakdown-usd.csv
202507,澳大利亚,2495,1236788,USD,customs-85177950-2025-breakdown-usd.csv
202507,爱尔兰,3301,6429560,USD,customs-85177950-2025-breakdown-usd.csv
202507,爱沙尼亚,2,7204,USD,customs-85177950-2025-breakdown-usd.csv
202507,特立尼达和多巴哥,0,626,USD,customs-85177950-2025-breakdown-usd.csv
202507,"玻利维亚
",18,4064,USD,customs-85177950-2025-breakdown-usd.csv
202507,瑞典,3434,1142345,USD,customs-85177950-2025-breakdown-usd.csv
202507,瑞士,575,600066,USD,customs-85177950-2025-breakdown-usd.csv
202507,瓦努阿图,0,587,USD,customs-85177950-2025-breakdown-usd.csv
202507,留尼汪,6,4719,USD,customs-85177950-2025-breakdown-usd.csv
202507,白俄罗斯,45,13240,USD,customs-85177950-2025-breakdown-usd.csv
202507,百慕大,2,1347,USD,customs-85177950-2025-breakdown-usd.csv
202507,科威特,11,10500,USD,customs-85177950-2025-breakdown-usd.csv
202507,科摩罗,2,122,USD,customs-85177950-2025-breakdown-usd.csv
202507,科特迪瓦,2,1336,USD,customs-85177950-2025-breakdown-usd.csv
202507,秘鲁,108,48925,USD,customs-85177950-2025-breakdown-usd.csv
202507,突尼斯,13,3225,USD,customs-85177950-2025-breakdown-usd.csv
202507,立陶宛,179,15663,USD,customs-85177950-2025-breakdown-usd.csv
202507,索马里,53,14695,USD,customs-85177950-2025-breakdown-usd.csv
202507,约旦,96,10705,USD,customs-85177950-2025-breakdown-usd.csv
202507,纳米比亚,1,263,USD,customs-85177950-2025-breakdown-usd.csv
202507,缅甸,266,49134,USD,customs-85177950-2025-breakdown-usd.csv
202507,罗马尼亚,138,304224,USD,customs-85177950-2025-breakdown-usd.csv
202507,美国,24684,32010133,USD,customs-85177950-2025-breakdown-usd.csv
202507,老挝,8,82045,USD,customs-85177950-2025-breakdown-usd.csv
202507,肯尼亚,312,44985,USD,customs-85177950-2025-breakdown-usd.csv
202507,芬兰,329,202281,USD,customs-85177950-2025-breakdown-usd.csv
202507,苏丹,2,9006,USD,customs-85177950-2025-breakdown-usd.csv
202507,英国,5334,2942122,USD,customs-85177950-2025-breakdown-usd.csv
202507,英属维尔京群岛,3,544,USD,customs-85177950-2025-breakdown-usd.csv
202507,荷兰,9061,6756674,USD,customs-85177950-2025-breakdown-usd.csv
202507,莫桑比克,190,48278,USD,customs-85177950-2025-breakdown-usd.csv
202507,莱索托,2,2091,USD,customs-85177950-2025-breakdown-usd.csv
202507,菲律宾,544,1601846,USD,customs-85177950-2025-breakdown-usd.csv
202507,萨尔瓦多,4,1626,USD,customs-85177950-2025-breakdown-usd.csv
202507,萨摩亚,5,933,USD,customs-85177950-2025-breakdown-usd.csv
202507,葡萄牙,17,27831,USD,customs-85177950-2025-breakdown-usd.csv
202507,蒙古,4,5858,USD,customs-85177950-2025-breakdown-usd.csv
202507,西班牙,417,125310,USD,customs-85177950-2025-breakdown-usd.csv
202507,贝宁,19,4580,USD,customs-85177950-2025-breakdown-usd.csv
202507,赞比亚,459,43547,USD,customs-85177950-2025-breakdown-usd.csv
202507,越南,7407,2569312,USD,customs-85177950-2025-breakdown-usd.csv
202507,阿塞拜疆,73,50293,USD,customs-85177950-2025-breakdown-usd.csv
202507,阿富汗,168,44030,USD,customs-85177950-2025-breakdown-usd.csv
202507,阿尔及利亚,535,306012,USD,customs-85177950-2025-breakdown-usd.csv
202507,阿尔巴尼亚,24,12139,USD,customs-85177950-2025-breakdown-usd.csv
202507,阿曼,64,82641,USD,customs-85177950-2025-breakdown-usd.csv
202507,阿根廷,237,151459,USD,customs-85177950-2025-breakdown-usd.csv
202507,阿联酋,6242,1929808,USD,customs-85177950-2025-breakdown-usd.csv
202507,韩国,3983,2547891,USD,customs-85177950-2025-breakdown-usd.csv
202507,马尔代夫,158,7711,USD,customs-85177950-2025-breakdown-usd.csv
202507,马拉维,22,8292,USD,customs-85177950-2025-breakdown-usd.csv
202507,马来西亚,69259,154364931,USD,customs-85177950-2025-breakdown-usd.csv
202507,马约特,2,965,USD,customs-85177950-2025-breakdown-usd.csv
202507,马达加斯加,9,2143,USD,customs-85177950-2025-breakdown-usd.csv
202507,马里,5,1300,USD,customs-85177950-2025-breakdown-usd.csv
202507,黎巴嫩,665,175486,USD,customs-85177950-2025-breakdown-usd.csv
202507,黑山,0,56,USD,customs-85177950-2025-breakdown-usd.csv
202508,不丹,2,513,USD,customs-85177950-2025-breakdown-usd.csv
202508,中国台湾,30704,38718762,USD,customs-85177950-2025-breakdown-usd.csv
202508,中国澳门,115,92515,USD,customs-85177950-2025-breakdown-usd.csv
202508,中国香港,15280,24536425,USD,customs-85177950-2025-breakdown-usd.csv
202508,中非,2,677,USD,customs-85177950-2025-breakdown-usd.csv
202508,丹麦,627,407472,USD,customs-85177950-2025-breakdown-usd.csv
202508,乌克兰,207,313006,USD,customs-85177950-2025-breakdown-usd.csv
202508,乌兹别克斯坦,230,97646,USD,customs-85177950-2025-breakdown-usd.csv
202508,乌干达,91,32467,USD,customs-85177950-2025-breakdown-usd.csv
202508,乌拉圭,10,4707,USD,customs-85177950-2025-breakdown-usd.csv
202508,乍得,9,2905,USD,customs-85177950-2025-breakdown-usd.csv
202508,也门,1,429,USD,customs-85177950-2025-breakdown-usd.csv
202508,亚美尼亚,15,4297,USD,customs-85177950-2025-breakdown-usd.csv
202508,以色列,1491,1027126,USD,customs-85177950-2025-breakdown-usd.csv
202508,伊拉克,2250,497293,USD,customs-85177950-2025-breakdown-usd.csv
202508,伊朗,918,18417,USD,customs-85177950-2025-breakdown-usd.csv
202508,俄罗斯,14693,6368552,USD,customs-85177950-2025-breakdown-usd.csv
202508,保加利亚,61,16276,USD,customs-85177950-2025-breakdown-usd.csv
202508,克罗地亚,1,552,USD,customs-85177950-2025-breakdown-usd.csv
202508,"关岛
",5,1512,USD,customs-85177950-2025-breakdown-usd.csv
202508,冈比亚,2,1142,USD,customs-85177950-2025-breakdown-usd.csv
202508,冰岛,304,950516,USD,customs-85177950-2025-breakdown-usd.csv
202508,几内亚,12,13816,USD,customs-85177950-2025-breakdown-usd.csv
202508,列支敦士登,1,309,USD,customs-85177950-2025-breakdown-usd.csv
202508,刚果共和国,60,35626,USD,customs-85177950-2025-breakdown-usd.csv
202508,刚果民主共和国,103,37512,USD,customs-85177950-2025-breakdown-usd.csv
202508,利比亚,3,1370,USD,customs-85177950-2025-breakdown-usd.csv
202508,利比里亚,1,2742,USD,customs-85177950-2025-breakdown-usd.csv
202508,加拿大,1963,1852495,USD,customs-85177950-2025-breakdown-usd.csv
202508,加纳,1217,60228,USD,customs-85177950-2025-breakdown-usd.csv
202508,匈牙利,1942,2350213,USD,customs-85177950-2025-breakdown-usd.csv
202508,北马其顿,19,4241,USD,customs-85177950-2025-breakdown-usd.csv
202508,"北马里亚纳群岛
",0,24,USD,customs-85177950-2025-breakdown-usd.csv
202508,南非,1259,403641,USD,customs-85177950-2025-breakdown-usd.csv
202508,博茨瓦纳,21,7396,USD,customs-85177950-2025-breakdown-usd.csv
202508,卡塔尔,173,14730,USD,customs-85177950-2025-breakdown-usd.csv
202508,卢森堡,13,5934,USD,customs-85177950-2025-breakdown-usd.csv
202508,印度,10072,2733534,USD,customs-85177950-2025-breakdown-usd.csv
202508,印度尼西亚,3521,2304966,USD,customs-85177950-2025-breakdown-usd.csv
202508,危地马拉,0,975,USD,customs-85177950-2025-breakdown-usd.csv
202508,厄瓜多尔,79,29131,USD,customs-85177950-2025-breakdown-usd.csv
202508,厄立特里亚,1,1320,USD,customs-85177950-2025-breakdown-usd.csv
202508,吉尔吉斯斯坦,129,70218,USD,customs-85177950-2025-breakdown-usd.csv
202508,哈萨克斯坦,417,404758,USD,customs-85177950-2025-breakdown-usd.csv
202508,哥伦比亚,633,364361,USD,customs-85177950-2025-breakdown-usd.csv
202508,哥斯达黎加,2,9842,USD,customs-85177950-2025-breakdown-usd.csv
202508,喀麦隆,0,360,USD,customs-85177950-2025-breakdown-usd.csv
202508,土库曼斯坦,1,246,USD,customs-85177950-2025-breakdown-usd.csv
202508,土耳其,2331,664039,USD,customs-85177950-2025-breakdown-usd.csv
202508,圭亚那,4,1991,USD,customs-85177950-2025-breakdown-usd.csv
202508,坦桑尼亚,1063,136833,USD,customs-85177950-2025-breakdown-usd.csv
202508,埃及,188,472631,USD,customs-85177950-2025-breakdown-usd.csv
202508,埃塞俄比亚,229,88430,USD,customs-85177950-2025-breakdown-usd.csv
202508,塔吉克斯坦,0,2142,USD,customs-85177950-2025-breakdown-usd.csv
202508,塞内加尔,548,23097,USD,customs-85177950-2025-breakdown-usd.csv
202508,塞尔维亚,17,11861,USD,customs-85177950-2025-breakdown-usd.csv
202508,塞浦路斯,6,9544,USD,customs-85177950-2025-breakdown-usd.csv
202508,塞舌尔,1,724,USD,customs-85177950-2025-breakdown-usd.csv
202508,墨西哥,7016,19528977,USD,customs-85177950-2025-breakdown-usd.csv
202508,"多米尼加
",46,50794,USD,customs-85177950-2025-breakdown-usd.csv
202508,奥地利,160,99423,USD,customs-85177950-2025-breakdown-usd.csv
202508,委内瑞拉,33,3255,USD,customs-85177950-2025-breakdown-usd.csv
202508,孟加拉国,1472,174837,USD,customs-85177950-2025-breakdown-usd.csv
202508,安哥拉,19,5525,USD,customs-85177950-2025-breakdown-usd.csv
202508,尼加拉瓜,39,12409,USD,customs-85177950-2025-breakdown-usd.csv
202508,尼日利亚,1579,274244,USD,customs-85177950-2025-breakdown-usd.csv
202508,尼泊尔,166,51080,USD,customs-85177950-2025-breakdown-usd.csv
202508,巴哈马,5,6244,USD,customs-85177950-2025-breakdown-usd.csv
202508,巴基斯坦,1216,567563,USD,customs-85177950-2025-breakdown-usd.csv
202508,巴巴多斯,4,848,USD,customs-85177950-2025-breakdown-usd.csv
202508,巴布亚新几内亚,10,3714,USD,customs-85177950-2025-breakdown-usd.csv
202508,巴拉圭,4,4896,USD,customs-85177950-2025-breakdown-usd.csv
202508,巴拿马,1116,645911,USD,customs-85177950-2025-breakdown-usd.csv
202508,巴林,8,3216,USD,customs-85177950-2025-breakdown-usd.csv
202508,巴西,6217,2556192,USD,customs-85177950-2025-breakdown-usd.csv
202508,布基纳法索,9,27127,USD,customs-85177950-2025-breakdown-usd.csv
202508,希腊,32,5740,USD,customs-85177950-2025-breakdown-usd.csv
202508,德国,7650,7213521,USD,customs-85177950-2025-breakdown-usd.csv
202508,意大利,426,238505,USD,customs-85177950-2025-breakdown-usd.csv
202508,拉脱维亚,655,330911,USD,customs-85177950-2025-breakdown-usd.csv
202508,挪威,1425,2475902,USD,customs-85177950-2025-breakdown-usd.csv
202508,捷克,1562,510731,USD,customs-85177950-2025-breakdown-usd.csv
202508,摩尔多瓦,23,23278,USD,customs-85177950-2025-breakdown-usd.csv
202508,摩洛哥,91,51172,USD,customs-85177950-2025-breakdown-usd.csv
202508,文莱,0,15,USD,customs-85177950-2025-breakdown-usd.csv
202508,斐济,0,1046,USD,customs-85177950-2025-breakdown-usd.csv
202508,斯威士兰,0,772,USD,customs-85177950-2025-breakdown-usd.csv
202508,斯洛伐克,37,40362,USD,customs-85177950-2025-breakdown-usd.csv
202508,斯洛文尼亚,101,69294,USD,customs-85177950-2025-breakdown-usd.csv
202508,斯里兰卡,178,128465,USD,customs-85177950-2025-breakdown-usd.csv
202508,新加坡,8061,10574461,USD,customs-85177950-2025-breakdown-usd.csv
202508,新西兰,140,104208,USD,customs-85177950-2025-breakdown-usd.csv
202508,日本,3558,3531145,USD,customs-85177950-2025-breakdown-usd.csv
202508,智利,458,329371,USD,customs-85177950-2025-breakdown-usd.csv
202508,柬埔寨,55,64194,USD,customs-85177950-2025-breakdown-usd.csv
202508,格鲁吉亚,22,23126,USD,customs-85177950-2025-breakdown-usd.csv
202508,比利时,1192,465565,USD,customs-85177950-2025-breakdown-usd.csv
202508,毛里塔尼亚,3,1051,USD,customs-85177950-2025-breakdown-usd.csv
202508,毛里求斯,11,22276,USD,customs-85177950-2025-breakdown-usd.csv
202508,沙特阿拉伯,998,469394,USD,customs-85177950-2025-breakdown-usd.csv
202508,法国,884,455678,USD,customs-85177950-2025-breakdown-usd.csv
202508,法属圭亚那,3,590,USD,customs-85177950-2025-breakdown-usd.csv
202508,法属波利尼西亚,0,68,USD,customs-85177950-2025-breakdown-usd.csv
202508,波兰,1759,683804,USD,customs-85177950-2025-breakdown-usd.csv
202508,波多黎各,1,755,USD,customs-85177950-2025-breakdown-usd.csv
202508,波斯尼亚和黑塞哥维那,5,2301,USD,customs-85177950-2025-breakdown-usd.csv
202508,泰国,14368,25061263,USD,customs-85177950-2025-breakdown-usd.csv
202508,津巴布韦,13,14240,USD,customs-85177950-2025-breakdown-usd.csv
202508,洪都拉斯,33,5269,USD,customs-85177950-2025-breakdown-usd.csv
202508,澳大利亚,1469,1125195,USD,customs-85177950-2025-breakdown-usd.csv
202508,爱尔兰,1631,2262901,USD,customs-85177950-2025-breakdown-usd.csv
202508,爱沙尼亚,2,1597,USD,customs-85177950-2025-breakdown-usd.csv
202508,牙买加,4,1277,USD,customs-85177950-2025-breakdown-usd.csv
202508,特立尼达和多巴哥,0,454,USD,customs-85177950-2025-breakdown-usd.csv
202508,"玻利维亚
",9,4165,USD,customs-85177950-2025-breakdown-usd.csv
202508,瑞典,3646,1140020,USD,customs-85177950-2025-breakdown-usd.csv
202508,瑞士,271,221303,USD,customs-85177950-2025-breakdown-usd.csv
202508,瓜德罗普,9,2266,USD,customs-85177950-2025-breakdown-usd.csv
202508,瓦努阿图,5,3374,USD,customs-85177950-2025-breakdown-usd.csv
202508,留尼汪,7,16508,USD,customs-85177950-2025-breakdown-usd.csv
202508,白俄罗斯,16,17909,USD,customs-85177950-2025-breakdown-usd.csv
202508,百慕大,0,736,USD,customs-85177950-2025-breakdown-usd.csv
202508,科威特,5,6847,USD,customs-85177950-2025-breakdown-usd.csv
202508,科摩罗,0,33,USD,customs-85177950-2025-breakdown-usd.csv
202508,科特迪瓦,17,46857,USD,customs-85177950-2025-breakdown-usd.csv
202508,秘鲁,93,120137,USD,customs-85177950-2025-breakdown-usd.csv
202508,突尼斯,14,2765,USD,customs-85177950-2025-breakdown-usd.csv
202508,立陶宛,128,21365,USD,customs-85177950-2025-breakdown-usd.csv
202508,约旦,5,8997,USD,customs-85177950-2025-breakdown-usd.csv
202508,纳米比亚,0,5,USD,customs-85177950-2025-breakdown-usd.csv
202508,缅甸,630,108417,USD,customs-85177950-2025-breakdown-usd.csv
202508,罗马尼亚,299,311272,USD,customs-85177950-2025-breakdown-usd.csv
202508,美国,28318,35524304,USD,customs-85177950-2025-breakdown-usd.csv
202508,老挝,161,10668,USD,customs-85177950-2025-breakdown-usd.csv
202508,肯尼亚,3960,72171,USD,customs-85177950-2025-breakdown-usd.csv
202508,芬兰,351,151302,USD,customs-85177950-2025-breakdown-usd.csv
202508,苏丹,4,5389,USD,customs-85177950-2025-breakdown-usd.csv
202508,英国,3402,3126987,USD,customs-85177950-2025-breakdown-usd.csv
202508,荷兰,8784,6486250,USD,customs-85177950-2025-breakdown-usd.csv
202508,莫桑比克,4249,23547,USD,customs-85177950-2025-breakdown-usd.csv
202508,菲律宾,614,494399,USD,customs-85177950-2025-breakdown-usd.csv
202508,萨尔瓦多,2,2969,USD,customs-85177950-2025-breakdown-usd.csv
202508,萨摩亚,0,106,USD,customs-85177950-2025-breakdown-usd.csv
202508,葡萄牙,642,685504,USD,customs-85177950-2025-breakdown-usd.csv
202508,蒙古,9,32840,USD,customs-85177950-2025-breakdown-usd.csv
202508,西班牙,216,224084,USD,customs-85177950-2025-breakdown-usd.csv
202508,赞比亚,254,18413,USD,customs-85177950-2025-breakdown-usd.csv
202508,赤道几内亚,0,10,USD,customs-85177950-2025-breakdown-usd.csv
202508,越南,5642,2231814,USD,customs-85177950-2025-breakdown-usd.csv
202508,阿塞拜疆,95,74186,USD,customs-85177950-2025-breakdown-usd.csv
202508,阿富汗,13,3262,USD,customs-85177950-2025-breakdown-usd.csv
202508,阿尔及利亚,83,490446,USD,customs-85177950-2025-breakdown-usd.csv
202508,阿尔巴尼亚,3,716,USD,customs-85177950-2025-breakdown-usd.csv
202508,阿曼,56,39944,USD,customs-85177950-2025-breakdown-usd.csv
202508,阿根廷,158,338332,USD,customs-85177950-2025-breakdown-usd.csv
202508,阿联酋,6199,1179904,USD,customs-85177950-2025-breakdown-usd.csv
202508,韩国,4317,3782763,USD,customs-85177950-2025-breakdown-usd.csv
202508,马尔代夫,746,8894,USD,customs-85177950-2025-breakdown-usd.csv
202508,马拉维,10,2829,USD,customs-85177950-2025-breakdown-usd.csv
202508,马提尼克,7,2027,USD,customs-85177950-2025-breakdown-usd.csv
202508,马来西亚,61603,145326738,USD,customs-85177950-2025-breakdown-usd.csv
202508,马耳他,0,261,USD,customs-85177950-2025-breakdown-usd.csv
202508,马达加斯加,52,22601,USD,customs-85177950-2025-breakdown-usd.csv
202508,马里,18,34677,USD,customs-85177950-2025-breakdown-usd.csv
202508,黎巴嫩,879,27992,USD,customs-85177950-2025-breakdown-usd.csv
202509,不丹,5,3266,USD,customs-85177950-2025-breakdown-usd.csv
202509,东帝汶,21,82176,USD,customs-85177950-2025-breakdown-usd.csv
202509,中国台湾,31100,41769357,USD,customs-85177950-2025-breakdown-usd.csv
202509,中国澳门,44,38711,USD,customs-85177950-2025-breakdown-usd.csv
202509,中国香港,12994,25110521,USD,customs-85177950-2025-breakdown-usd.csv
202509,丹麦,480,337264,USD,customs-85177950-2025-breakdown-usd.csv
202509,乌克兰,333,169878,USD,customs-85177950-2025-breakdown-usd.csv
202509,乌兹别克斯坦,126,51085,USD,customs-85177950-2025-breakdown-usd.csv
202509,乌干达,374,23261,USD,customs-85177950-2025-breakdown-usd.csv
202509,乌拉圭,52,59263,USD,customs-85177950-2025-breakdown-usd.csv
202509,乍得,69,19155,USD,customs-85177950-2025-breakdown-usd.csv
202509,也门,31,7302,USD,customs-85177950-2025-breakdown-usd.csv
202509,亚美尼亚,6,9469,USD,customs-85177950-2025-breakdown-usd.csv
202509,以色列,1000,723027,USD,customs-85177950-2025-breakdown-usd.csv
202509,伊拉克,1180,279162,USD,customs-85177950-2025-breakdown-usd.csv
202509,伊朗,320,6624,USD,customs-85177950-2025-breakdown-usd.csv
202509,伯利兹,0,230,USD,customs-85177950-2025-breakdown-usd.csv
202509,佛得角,0,237,USD,customs-85177950-2025-breakdown-usd.csv
202509,俄罗斯,10266,4840888,USD,customs-85177950-2025-breakdown-usd.csv
202509,保加利亚,36,13952,USD,customs-85177950-2025-breakdown-usd.csv
202509,冈比亚,19,6114,USD,customs-85177950-2025-breakdown-usd.csv
202509,冰岛,14,8234,USD,customs-85177950-2025-breakdown-usd.csv
202509,几内亚,22,3985,USD,customs-85177950-2025-breakdown-usd.csv
202509,几内亚比绍,0,45,USD,customs-85177950-2025-breakdown-usd.csv
202509,刚果共和国,3,7824,USD,customs-85177950-2025-breakdown-usd.csv
202509,刚果民主共和国,66,20751,USD,customs-85177950-2025-breakdown-usd.csv
202509,利比亚,27,7496,USD,customs-85177950-2025-breakdown-usd.csv
202509,利比里亚,3,633,USD,customs-85177950-2025-breakdown-usd.csv
202509,加拿大,1847,1284454,USD,customs-85177950-2025-breakdown-usd.csv
202509,加纳,1939,209037,USD,customs-85177950-2025-breakdown-usd.csv
202509,加蓬,2,1197,USD,customs-85177950-2025-breakdown-usd.csv
202509,匈牙利,3481,4387131,USD,customs-85177950-2025-breakdown-usd.csv
202509,北马其顿,22,5669,USD,customs-85177950-2025-breakdown-usd.csv
202509,南非,552,391681,USD,customs-85177950-2025-breakdown-usd.csv
202509,博茨瓦纳,52,17550,USD,customs-85177950-2025-breakdown-usd.csv
202509,卡塔尔,213,26891,USD,customs-85177950-2025-breakdown-usd.csv
202509,卢森堡,68,69734,USD,customs-85177950-2025-breakdown-usd.csv
202509,印度,8006,2304034,USD,customs-85177950-2025-breakdown-usd.csv
202509,印度尼西亚,3556,2572232,USD,customs-85177950-2025-breakdown-usd.csv
202509,危地马拉,6,8680,USD,customs-85177950-2025-breakdown-usd.csv
202509,厄瓜多尔,151,115095,USD,customs-85177950-2025-breakdown-usd.csv
202509,吉尔吉斯斯坦,19,8084,USD,customs-85177950-2025-breakdown-usd.csv
202509,哈萨克斯坦,755,492977,USD,customs-85177950-2025-breakdown-usd.csv
202509,哥伦比亚,515,422677,USD,customs-85177950-2025-breakdown-usd.csv
202509,哥斯达黎加,21,15741,USD,customs-85177950-2025-breakdown-usd.csv
202509,喀麦隆,1,1170,USD,customs-85177950-2025-breakdown-usd.csv
202509,土库曼斯坦,3,1724,USD,customs-85177950-2025-breakdown-usd.csv
202509,土耳其,797,682442,USD,customs-85177950-2025-breakdown-usd.csv
202509,圣卢西亚,0,3670,USD,customs-85177950-2025-breakdown-usd.csv
202509,坦桑尼亚,253,42536,USD,customs-85177950-2025-breakdown-usd.csv
202509,埃及,243,119018,USD,customs-85177950-2025-breakdown-usd.csv
202509,埃塞俄比亚,70,37928,USD,customs-85177950-2025-breakdown-usd.csv
202509,塔吉克斯坦,19,18311,USD,customs-85177950-2025-breakdown-usd.csv
202509,塞内加尔,16,11415,USD,customs-85177950-2025-breakdown-usd.csv
202509,塞尔维亚,40,123150,USD,customs-85177950-2025-breakdown-usd.csv
202509,塞浦路斯,10,809,USD,customs-85177950-2025-breakdown-usd.csv
202509,墨西哥,7106,17213255,USD,customs-85177950-2025-breakdown-usd.csv
202509,"多米尼加
",11,12165,USD,customs-85177950-2025-breakdown-usd.csv
202509,奥地利,77,94712,USD,customs-85177950-2025-breakdown-usd.csv
202509,委内瑞拉,30,6221,USD,customs-85177950-2025-breakdown-usd.csv
202509,孟加拉国,1034,113488,USD,customs-85177950-2025-breakdown-usd.csv
202509,安哥拉,62,15658,USD,customs-85177950-2025-breakdown-usd.csv
202509,尼加拉瓜,26,700,USD,customs-85177950-2025-breakdown-usd.csv
202509,尼日利亚,2525,95931,USD,customs-85177950-2025-breakdown-usd.csv
202509,尼泊尔,51,8448,USD,customs-85177950-2025-breakdown-usd.csv
202509,巴基斯坦,2426,204562,USD,customs-85177950-2025-breakdown-usd.csv
202509,巴布亚新几内亚,0,416,USD,customs-85177950-2025-breakdown-usd.csv
202509,巴拉圭,391,187184,USD,customs-85177950-2025-breakdown-usd.csv
202509,巴拿马,501,306339,USD,customs-85177950-2025-breakdown-usd.csv
202509,巴林,5,9598,USD,customs-85177950-2025-breakdown-usd.csv
202509,巴西,7170,3289914,USD,customs-85177950-2025-breakdown-usd.csv
202509,布基纳法索,7,1297,USD,customs-85177950-2025-breakdown-usd.csv
202509,希腊,63,10846,USD,customs-85177950-2025-breakdown-usd.csv
202509,帕劳,0,250,USD,customs-85177950-2025-breakdown-usd.csv
202509,库克群岛,13,4237,USD,customs-85177950-2025-breakdown-usd.csv
202509,"库拉索
",0,903,USD,customs-85177950-2025-breakdown-usd.csv
202509,开曼群岛,0,282,USD,customs-85177950-2025-breakdown-usd.csv
202509,德国,8042,7326792,USD,customs-85177950-2025-breakdown-usd.csv
202509,意大利,258,137803,USD,customs-85177950-2025-breakdown-usd.csv
202509,拉脱维亚,640,264447,USD,customs-85177950-2025-breakdown-usd.csv
202509,挪威,982,1350457,USD,customs-85177950-2025-breakdown-usd.csv
202509,捷克,1195,455061,USD,customs-85177950-2025-breakdown-usd.csv
202509,摩尔多瓦,79,5160,USD,customs-85177950-2025-breakdown-usd.csv
202509,摩洛哥,76,36300,USD,customs-85177950-2025-breakdown-usd.csv
202509,文莱,44,26588,USD,customs-85177950-2025-breakdown-usd.csv
202509,斐济,30,25768,USD,customs-85177950-2025-breakdown-usd.csv
202509,斯洛伐克,103,145383,USD,customs-85177950-2025-breakdown-usd.csv
202509,斯洛文尼亚,36,21456,USD,customs-85177950-2025-breakdown-usd.csv
202509,斯里兰卡,37,23741,USD,customs-85177950-2025-breakdown-usd.csv
202509,新加坡,5937,6582817,USD,customs-85177950-2025-breakdown-usd.csv
202509,新西兰,82,99415,USD,customs-85177950-2025-breakdown-usd.csv
202509,日本,3416,6098692,USD,customs-85177950-2025-breakdown-usd.csv
202509,智利,145,49848,USD,customs-85177950-2025-breakdown-usd.csv
202509,柬埔寨,73,30036,USD,customs-85177950-2025-breakdown-usd.csv
202509,格林纳达,1,210,USD,customs-85177950-2025-breakdown-usd.csv
202509,格鲁吉亚,16,21769,USD,customs-85177950-2025-breakdown-usd.csv
202509,比利时,977,694889,USD,customs-85177950-2025-breakdown-usd.csv
202509,毛里塔尼亚,33,127141,USD,customs-85177950-2025-breakdown-usd.csv
202509,毛里求斯,7,8453,USD,customs-85177950-2025-breakdown-usd.csv
202509,沙特阿拉伯,644,350514,USD,customs-85177950-2025-breakdown-usd.csv
202509,法国,332,196336,USD,customs-85177950-2025-breakdown-usd.csv
202509,法属波利尼西亚,13,4106,USD,customs-85177950-2025-breakdown-usd.csv
202509,波兰,1443,825737,USD,customs-85177950-2025-breakdown-usd.csv
202509,波多黎各,0,240,USD,customs-85177950-2025-breakdown-usd.csv
202509,波斯尼亚和黑塞哥维那,0,8,USD,customs-85177950-2025-breakdown-usd.csv
202509,泰国,23389,64113451,USD,customs-85177950-2025-breakdown-usd.csv
202509,津巴布韦,1,4172,USD,customs-85177950-2025-breakdown-usd.csv
202509,洪都拉斯,18,11014,USD,customs-85177950-2025-breakdown-usd.csv
202509,海地,9,8215,USD,customs-85177950-2025-breakdown-usd.csv
202509,澳大利亚,627,611120,USD,customs-85177950-2025-breakdown-usd.csv
202509,爱尔兰,6026,2764180,USD,customs-85177950-2025-breakdown-usd.csv
202509,爱沙尼亚,17,20498,USD,customs-85177950-2025-breakdown-usd.csv
202509,牙买加,5,1702,USD,customs-85177950-2025-breakdown-usd.csv
202509,特立尼达和多巴哥,2,1848,USD,customs-85177950-2025-breakdown-usd.csv
202509,"玻利维亚
",25,1910,USD,customs-85177950-2025-breakdown-usd.csv
202509,瑙鲁,0,2414,USD,customs-85177950-2025-breakdown-usd.csv
202509,瑞典,4168,1184860,USD,customs-85177950-2025-breakdown-usd.csv
202509,瑞士,326,485812,USD,customs-85177950-2025-breakdown-usd.csv
202509,留尼汪,5,4854,USD,customs-85177950-2025-breakdown-usd.csv
202509,白俄罗斯,277,26314,USD,customs-85177950-2025-breakdown-usd.csv
202509,百慕大,0,1108,USD,customs-85177950-2025-breakdown-usd.csv
202509,科威特,6,11233,USD,customs-85177950-2025-breakdown-usd.csv
202509,科特迪瓦,106,131080,USD,customs-85177950-2025-breakdown-usd.csv
202509,秘鲁,153,73857,USD,customs-85177950-2025-breakdown-usd.csv
202509,突尼斯,5,19622,USD,customs-85177950-2025-breakdown-usd.csv
202509,立陶宛,12,1460,USD,customs-85177950-2025-breakdown-usd.csv
202509,索马里,6,285,USD,customs-85177950-2025-breakdown-usd.csv
202509,约旦,7,2792,USD,customs-85177950-2025-breakdown-usd.csv
202509,纳米比亚,0,609,USD,customs-85177950-2025-breakdown-usd.csv
202509,缅甸,185,99001,USD,customs-85177950-2025-breakdown-usd.csv
202509,罗马尼亚,285,230638,USD,customs-85177950-2025-breakdown-usd.csv
202509,美国,26383,42507186,USD,customs-85177950-2025-breakdown-usd.csv
202509,老挝,29,12956,USD,customs-85177950-2025-breakdown-usd.csv
202509,肯尼亚,122,55158,USD,customs-85177950-2025-breakdown-usd.csv
202509,芬兰,152,194460,USD,customs-85177950-2025-breakdown-usd.csv
202509,英国,2632,5264273,USD,customs-85177950-2025-breakdown-usd.csv
202509,荷兰,9720,7625838,USD,customs-85177950-2025-breakdown-usd.csv
202509,莫桑比克,15,4246,USD,customs-85177950-2025-breakdown-usd.csv
202509,菲律宾,1448,2026990,USD,customs-85177950-2025-breakdown-usd.csv
202509,萨尔瓦多,27,131,USD,customs-85177950-2025-breakdown-usd.csv
202509,萨摩亚,0,107,USD,customs-85177950-2025-breakdown-usd.csv
202509,葡萄牙,1,10876,USD,customs-85177950-2025-breakdown-usd.csv
202509,蒙古,14,30904,USD,customs-85177950-2025-breakdown-usd.csv
202509,西班牙,229,227405,USD,customs-85177950-2025-breakdown-usd.csv
202509,贝宁,213,18554,USD,customs-85177950-2025-breakdown-usd.csv
202509,赞比亚,33,18843,USD,customs-85177950-2025-breakdown-usd.csv
202509,越南,7846,4181194,USD,customs-85177950-2025-breakdown-usd.csv
202509,阿塞拜疆,111,38217,USD,customs-85177950-2025-breakdown-usd.csv
202509,阿富汗,8,5274,USD,customs-85177950-2025-breakdown-usd.csv
202509,阿尔及利亚,526,422976,USD,customs-85177950-2025-breakdown-usd.csv
202509,阿尔巴尼亚,1,3024,USD,customs-85177950-2025-breakdown-usd.csv
202509,阿曼,37,38704,USD,customs-85177950-2025-breakdown-usd.csv
202509,阿根廷,510,246697,USD,customs-85177950-2025-breakdown-usd.csv
202509,阿联酋,4713,3861585,USD,customs-85177950-2025-breakdown-usd.csv
202509,阿鲁巴,0,2285,USD,customs-85177950-2025-breakdown-usd.csv
202509,韩国,4455,3405346,USD,customs-85177950-2025-breakdown-usd.csv
202509,马尔代夫,329,13287,USD,customs-85177950-2025-breakdown-usd.csv
202509,马拉维,0,8847,USD,customs-85177950-2025-breakdown-usd.csv
202509,马来西亚,82379,158576662,USD,customs-85177950-2025-breakdown-usd.csv
202509,马约特,1,99,USD,customs-85177950-2025-breakdown-usd.csv
202509,马里,6,3363,USD,customs-85177950-2025-breakdown-usd.csv
202509,黎巴嫩,22,20347,USD,customs-85177950-2025-breakdown-usd.csv
202509,黑山,2,2602,USD,customs-85177950-2025-breakdown-usd.csv
202510,不丹,2,631,USD,customs-85177950-2025-breakdown-usd.csv
202510,东帝汶,2,1811,USD,customs-85177950-2025-breakdown-usd.csv
202510,中国台湾,33136,42472974,USD,customs-85177950-2025-breakdown-usd.csv
202510,中国澳门,27,14328,USD,customs-85177950-2025-breakdown-usd.csv
202510,中国香港,9959,13623119,USD,customs-85177950-2025-breakdown-usd.csv
202510,中非,14,3182,USD,customs-85177950-2025-breakdown-usd.csv
202510,丹麦,481,312175,USD,customs-85177950-2025-breakdown-usd.csv
202510,乌克兰,198,122694,USD,customs-85177950-2025-breakdown-usd.csv
202510,乌兹别克斯坦,401,315029,USD,customs-85177950-2025-breakdown-usd.csv
202510,乌干达,134,193290,USD,customs-85177950-2025-breakdown-usd.csv
202510,乌拉圭,32,15387,USD,customs-85177950-2025-breakdown-usd.csv
202510,乍得,0,100,USD,customs-85177950-2025-breakdown-usd.csv
202510,亚美尼亚,332,101691,USD,customs-85177950-2025-breakdown-usd.csv
202510,以色列,476,654372,USD,customs-85177950-2025-breakdown-usd.csv
202510,伊拉克,1471,59294,USD,customs-85177950-2025-breakdown-usd.csv
202510,伊朗,65,4464,USD,customs-85177950-2025-breakdown-usd.csv
202510,俄罗斯,7913,3833790,USD,customs-85177950-2025-breakdown-usd.csv
202510,保加利亚,26,35736,USD,customs-85177950-2025-breakdown-usd.csv
202510,克罗地亚,0,299,USD,customs-85177950-2025-breakdown-usd.csv
202510,冈比亚,29,8112,USD,customs-85177950-2025-breakdown-usd.csv
202510,冰岛,0,8,USD,customs-85177950-2025-breakdown-usd.csv
202510,几内亚,11,4213,USD,customs-85177950-2025-breakdown-usd.csv
202510,几内亚比绍,0,87,USD,customs-85177950-2025-breakdown-usd.csv
202510,刚果共和国,4,3030,USD,customs-85177950-2025-breakdown-usd.csv
202510,刚果民主共和国,113,42270,USD,customs-85177950-2025-breakdown-usd.csv
202510,利比亚,6,290,USD,customs-85177950-2025-breakdown-usd.csv
202510,利比里亚,2,764,USD,customs-85177950-2025-breakdown-usd.csv
202510,加拿大,2039,1412069,USD,customs-85177950-2025-breakdown-usd.csv
202510,加纳,511,8868,USD,customs-85177950-2025-breakdown-usd.csv
202510,加蓬,1,109,USD,customs-85177950-2025-breakdown-usd.csv
202510,匈牙利,2877,3412975,USD,customs-85177950-2025-breakdown-usd.csv
202510,北马其顿,1,8244,USD,customs-85177950-2025-breakdown-usd.csv
202510,"北马里亚纳群岛
",0,185,USD,customs-85177950-2025-breakdown-usd.csv
202510,南苏丹,70,552,USD,customs-85177950-2025-breakdown-usd.csv
202510,南非,760,388415,USD,customs-85177950-2025-breakdown-usd.csv
202510,博茨瓦纳,6,43303,USD,customs-85177950-2025-breakdown-usd.csv
202510,卡塔尔,491,26001,USD,customs-85177950-2025-breakdown-usd.csv
202510,卢旺达,0,89,USD,customs-85177950-2025-breakdown-usd.csv
202510,卢森堡,110,93477,USD,customs-85177950-2025-breakdown-usd.csv
202510,印度,10990,2380955,USD,customs-85177950-2025-breakdown-usd.csv
202510,印度尼西亚,6852,7011231,USD,customs-85177950-2025-breakdown-usd.csv
202510,危地马拉,123,14862,USD,customs-85177950-2025-breakdown-usd.csv
202510,厄瓜多尔,249,108791,USD,customs-85177950-2025-breakdown-usd.csv
202510,古巴,7,106556,USD,customs-85177950-2025-breakdown-usd.csv
202510,吉尔吉斯斯坦,86,8900,USD,customs-85177950-2025-breakdown-usd.csv
202510,哈萨克斯坦,446,139486,USD,customs-85177950-2025-breakdown-usd.csv
202510,哥伦比亚,4170,150911,USD,customs-85177950-2025-breakdown-usd.csv
202510,哥斯达黎加,11,3913,USD,customs-85177950-2025-breakdown-usd.csv
202510,喀麦隆,65,45424,USD,customs-85177950-2025-breakdown-usd.csv
202510,土库曼斯坦,3,700,USD,customs-85177950-2025-breakdown-usd.csv
202510,土耳其,2964,1552094,USD,customs-85177950-2025-breakdown-usd.csv
202510,圣卢西亚,2,810,USD,customs-85177950-2025-breakdown-usd.csv
202510,圭亚那,1,1224,USD,customs-85177950-2025-breakdown-usd.csv
202510,坦桑尼亚,739,113909,USD,customs-85177950-2025-breakdown-usd.csv
202510,埃及,98,43819,USD,customs-85177950-2025-breakdown-usd.csv
202510,埃塞俄比亚,77,97311,USD,customs-85177950-2025-breakdown-usd.csv
202510,塔吉克斯坦,26,23012,USD,customs-85177950-2025-breakdown-usd.csv
202510,塞内加尔,294,37046,USD,customs-85177950-2025-breakdown-usd.csv
202510,塞尔维亚,76,67062,USD,customs-85177950-2025-breakdown-usd.csv
202510,塞浦路斯,9,18119,USD,customs-85177950-2025-breakdown-usd.csv
202510,塞舌尔,20,6427,USD,customs-85177950-2025-breakdown-usd.csv
202510,墨西哥,6600,11800404,USD,customs-85177950-2025-breakdown-usd.csv
202510,多哥,1,1050,USD,customs-85177950-2025-breakdown-usd.csv
202510,"多米尼加
",28,66751,USD,customs-85177950-2025-breakdown-usd.csv
202510,奥地利,87,42724,USD,customs-85177950-2025-breakdown-usd.csv
202510,委内瑞拉,37,19592,USD,customs-85177950-2025-breakdown-usd.csv
202510,孟加拉国,1813,144945,USD,customs-85177950-2025-breakdown-usd.csv
202510,安哥拉,29,58458,USD,customs-85177950-2025-breakdown-usd.csv
202510,尼加拉瓜,150,480,USD,customs-85177950-2025-breakdown-usd.csv
202510,尼日利亚,3913,101889,USD,customs-85177950-2025-breakdown-usd.csv
202510,尼泊尔,73,10065,USD,customs-85177950-2025-breakdown-usd.csv
202510,巴基斯坦,459,199126,USD,customs-85177950-2025-breakdown-usd.csv
202510,巴巴多斯,10,40,USD,customs-85177950-2025-breakdown-usd.csv
202510,巴布亚新几内亚,33,4828,USD,customs-85177950-2025-breakdown-usd.csv
202510,巴拉圭,1073,560155,USD,customs-85177950-2025-breakdown-usd.csv
202510,巴拿马,774,585683,USD,customs-85177950-2025-breakdown-usd.csv
202510,巴林,25,2728,USD,customs-85177950-2025-breakdown-usd.csv
202510,巴西,3978,2521722,USD,customs-85177950-2025-breakdown-usd.csv
202510,布基纳法索,0,228,USD,customs-85177950-2025-breakdown-usd.csv
202510,布隆迪,9,6893,USD,customs-85177950-2025-breakdown-usd.csv
202510,希腊,45,16864,USD,customs-85177950-2025-breakdown-usd.csv
202510,开曼群岛,0,1288,USD,customs-85177950-2025-breakdown-usd.csv
202510,德国,6109,5612433,USD,customs-85177950-2025-breakdown-usd.csv
202510,意大利,242,139025,USD,customs-85177950-2025-breakdown-usd.csv
202510,拉脱维亚,1058,497328,USD,customs-85177950-2025-breakdown-usd.csv
202510,挪威,1142,1559250,USD,customs-85177950-2025-breakdown-usd.csv
202510,捷克,773,415524,USD,customs-85177950-2025-breakdown-usd.csv
202510,摩尔多瓦,20,13612,USD,customs-85177950-2025-breakdown-usd.csv
202510,摩洛哥,86,73249,USD,customs-85177950-2025-breakdown-usd.csv
202510,文莱,6,6251,USD,customs-85177950-2025-breakdown-usd.csv
202510,斐济,11,6992,USD,customs-85177950-2025-breakdown-usd.csv
202510,斯洛伐克,38,131981,USD,customs-85177950-2025-breakdown-usd.csv
202510,斯洛文尼亚,51,65027,USD,customs-85177950-2025-breakdown-usd.csv
202510,斯里兰卡,8,4344,USD,customs-85177950-2025-breakdown-usd.csv
202510,新加坡,5794,5644323,USD,customs-85177950-2025-breakdown-usd.csv
202510,新西兰,69,59172,USD,customs-85177950-2025-breakdown-usd.csv
202510,日本,3687,4857186,USD,customs-85177950-2025-breakdown-usd.csv
202510,智利,165,236557,USD,customs-85177950-2025-breakdown-usd.csv
202510,柬埔寨,163,51602,USD,customs-85177950-2025-breakdown-usd.csv
202510,格鲁吉亚,263,62135,USD,customs-85177950-2025-breakdown-usd.csv
202510,比利时,783,461353,USD,customs-85177950-2025-breakdown-usd.csv
202510,毛里塔尼亚,26,7387,USD,customs-85177950-2025-breakdown-usd.csv
202510,毛里求斯,0,97,USD,customs-85177950-2025-breakdown-usd.csv
202510,汤加,4,1805,USD,customs-85177950-2025-breakdown-usd.csv
202510,沙特阿拉伯,887,384245,USD,customs-85177950-2025-breakdown-usd.csv
202510,法国,1775,936250,USD,customs-85177950-2025-breakdown-usd.csv
202510,波兰,1803,645515,USD,customs-85177950-2025-breakdown-usd.csv
202510,波多黎各,4,4752,USD,customs-85177950-2025-breakdown-usd.csv
202510,波斯尼亚和黑塞哥维那,37,40596,USD,customs-85177950-2025-breakdown-usd.csv
202510,泰国,18128,43946710,USD,customs-85177950-2025-breakdown-usd.csv
202510,津巴布韦,169,30526,USD,customs-85177950-2025-breakdown-usd.csv
202510,洪都拉斯,5,6558,USD,customs-85177950-2025-breakdown-usd.csv
202510,澳大利亚,1179,850442,USD,customs-85177950-2025-breakdown-usd.csv
202510,爱尔兰,943,1577925,USD,customs-85177950-2025-breakdown-usd.csv
202510,爱沙尼亚,5,8657,USD,customs-85177950-2025-breakdown-usd.csv
202510,牙买加,17,8351,USD,customs-85177950-2025-breakdown-usd.csv
202510,特立尼达和多巴哥,28,3172,USD,customs-85177950-2025-breakdown-usd.csv
202510,"玻利维亚
",4,6694,USD,customs-85177950-2025-breakdown-usd.csv
202510,瑞典,3447,2227248,USD,customs-85177950-2025-breakdown-usd.csv
202510,瑞士,180,265291,USD,customs-85177950-2025-breakdown-usd.csv
202510,留尼汪,13,23561,USD,customs-85177950-2025-breakdown-usd.csv
202510,白俄罗斯,107,37819,USD,customs-85177950-2025-breakdown-usd.csv
202510,科威特,304,30278,USD,customs-85177950-2025-breakdown-usd.csv
202510,科特迪瓦,19,25659,USD,customs-85177950-2025-breakdown-usd.csv
202510,秘鲁,89,77587,USD,customs-85177950-2025-breakdown-usd.csv
202510,突尼斯,25,1000,USD,customs-85177950-2025-breakdown-usd.csv
202510,立陶宛,202,28674,USD,customs-85177950-2025-breakdown-usd.csv
202510,索马里,3,540,USD,customs-85177950-2025-breakdown-usd.csv
202510,约旦,13,3558,USD,customs-85177950-2025-breakdown-usd.csv
202510,缅甸,0,86,USD,customs-85177950-2025-breakdown-usd.csv
202510,罗马尼亚,181,335246,USD,customs-85177950-2025-breakdown-usd.csv
202510,美国,26193,40114424,USD,customs-85177950-2025-breakdown-usd.csv
202510,老挝,52,25857,USD,customs-85177950-2025-breakdown-usd.csv
202510,肯尼亚,50,31300,USD,customs-85177950-2025-breakdown-usd.csv
202510,芬兰,295,161191,USD,customs-85177950-2025-breakdown-usd.csv
202510,苏丹,119,275357,USD,customs-85177950-2025-breakdown-usd.csv
202510,英国,2145,1535957,USD,customs-85177950-2025-breakdown-usd.csv
202510,荷兰,10548,7432533,USD,customs-85177950-2025-breakdown-usd.csv
202510,莫桑比克,1047,39802,USD,customs-85177950-2025-breakdown-usd.csv
202510,菲律宾,454,276591,USD,customs-85177950-2025-breakdown-usd.csv
202510,萨尔瓦多,22,8316,USD,customs-85177950-2025-breakdown-usd.csv
202510,葡萄牙,5,68046,USD,customs-85177950-2025-breakdown-usd.csv
202510,蒙古,54,11143,USD,customs-85177950-2025-breakdown-usd.csv
202510,西班牙,146,134234,USD,customs-85177950-2025-breakdown-usd.csv
202510,贝宁,76,113812,USD,customs-85177950-2025-breakdown-usd.csv
202510,赞比亚,51,29071,USD,customs-85177950-2025-breakdown-usd.csv
202510,赤道几内亚,4,929,USD,customs-85177950-2025-breakdown-usd.csv
202510,越南,9552,3165795,USD,customs-85177950-2025-breakdown-usd.csv
202510,阿塞拜疆,41,19871,USD,customs-85177950-2025-breakdown-usd.csv
202510,阿富汗,9,16484,USD,customs-85177950-2025-breakdown-usd.csv
202510,阿尔及利亚,213,138870,USD,customs-85177950-2025-breakdown-usd.csv
202510,阿尔巴尼亚,3,1185,USD,customs-85177950-2025-breakdown-usd.csv
202510,阿曼,105,22309,USD,customs-85177950-2025-breakdown-usd.csv
202510,阿根廷,73,48304,USD,customs-85177950-2025-breakdown-usd.csv
202510,阿联酋,3590,1583015,USD,customs-85177950-2025-breakdown-usd.csv
202510,阿鲁巴,0,24,USD,customs-85177950-2025-breakdown-usd.csv
202510,韩国,4125,3244283,USD,customs-85177950-2025-breakdown-usd.csv
202510,马尔代夫,0,1918,USD,customs-85177950-2025-breakdown-usd.csv
202510,马来西亚,69567,159871217,USD,customs-85177950-2025-breakdown-usd.csv
202510,马约特,1,560,USD,customs-85177950-2025-breakdown-usd.csv
202510,马达加斯加,514,5959,USD,customs-85177950-2025-breakdown-usd.csv
202510,马里,0,160,USD,customs-85177950-2025-breakdown-usd.csv
202510,黎巴嫩,480,10352,USD,customs-85177950-2025-breakdown-usd.csv
202510,黑山,0,91,USD,customs-85177950-2025-breakdown-usd.csv
202511,不丹,3,772,USD,customs-85177950-2025-breakdown-usd.csv
202511,东帝汶,0,333,USD,customs-85177950-2025-breakdown-usd.csv
202511,中国台湾,34392,46391011,USD,customs-85177950-2025-breakdown-usd.csv
202511,中国澳门,32,25556,USD,customs-85177950-2025-breakdown-usd.csv
202511,中国香港,9296,10895151,USD,customs-85177950-2025-breakdown-usd.csv
202511,中非,0,70,USD,customs-85177950-2025-breakdown-usd.csv
202511,丹麦,607,401325,USD,customs-85177950-2025-breakdown-usd.csv
202511,乌克兰,788,1199194,USD,customs-85177950-2025-breakdown-usd.csv
202511,乌兹别克斯坦,431,231372,USD,customs-85177950-2025-breakdown-usd.csv
202511,乌干达,199,74662,USD,customs-85177950-2025-breakdown-usd.csv
202511,乌拉圭,7,972,USD,customs-85177950-2025-breakdown-usd.csv
202511,乍得,8,1059,USD,customs-85177950-2025-breakdown-usd.csv
202511,亚美尼亚,120,59720,USD,customs-85177950-2025-breakdown-usd.csv
202511,以色列,1060,992503,USD,customs-85177950-2025-breakdown-usd.csv
202511,伊拉克,1842,271338,USD,customs-85177950-2025-breakdown-usd.csv
202511,伊朗,155,109468,USD,customs-85177950-2025-breakdown-usd.csv
202511,佛得角,1,135,USD,customs-85177950-2025-breakdown-usd.csv
202511,俄罗斯,12385,4951737,USD,customs-85177950-2025-breakdown-usd.csv
202511,保加利亚,89,66819,USD,customs-85177950-2025-breakdown-usd.csv
202511,克罗地亚,18,4982,USD,customs-85177950-2025-breakdown-usd.csv
202511,冰岛,3,7504,USD,customs-85177950-2025-breakdown-usd.csv
202511,几内亚,30,23648,USD,customs-85177950-2025-breakdown-usd.csv
202511,列支敦士登,0,546,USD,customs-85177950-2025-breakdown-usd.csv
202511,刚果民主共和国,251,85179,USD,customs-85177950-2025-breakdown-usd.csv
202511,利比亚,32,20061,USD,customs-85177950-2025-breakdown-usd.csv
202511,利比里亚,0,26,USD,customs-85177950-2025-breakdown-usd.csv
202511,加拿大,2386,1668087,USD,customs-85177950-2025-breakdown-usd.csv
202511,加纳,7,1056,USD,customs-85177950-2025-breakdown-usd.csv
202511,加蓬,1,869,USD,customs-85177950-2025-breakdown-usd.csv
202511,匈牙利,4594,7004533,USD,customs-85177950-2025-breakdown-usd.csv
202511,北马其顿,1,2156,USD,customs-85177950-2025-breakdown-usd.csv
202511,南苏丹,1,252,USD,customs-85177950-2025-breakdown-usd.csv
202511,南非,623,422245,USD,customs-85177950-2025-breakdown-usd.csv
202511,博茨瓦纳,22,8533,USD,customs-85177950-2025-breakdown-usd.csv
202511,卡塔尔,72,108245,USD,customs-85177950-2025-breakdown-usd.csv
202511,卢森堡,0,346,USD,customs-85177950-2025-breakdown-usd.csv
202511,印度,5526,3043570,USD,customs-85177950-2025-breakdown-usd.csv
202511,印度尼西亚,4763,3911314,USD,customs-85177950-2025-breakdown-usd.csv
202511,危地马拉,0,1109,USD,customs-85177950-2025-breakdown-usd.csv
202511,厄瓜多尔,70,134785,USD,customs-85177950-2025-breakdown-usd.csv
202511,古巴,1,115,USD,customs-85177950-2025-breakdown-usd.csv
202511,吉尔吉斯斯坦,10,24246,USD,customs-85177950-2025-breakdown-usd.csv
202511,吉布提,8,10807,USD,customs-85177950-2025-breakdown-usd.csv
202511,哈萨克斯坦,761,1198971,USD,customs-85177950-2025-breakdown-usd.csv
202511,哥伦比亚,289,172020,USD,customs-85177950-2025-breakdown-usd.csv
202511,哥斯达黎加,9,6076,USD,customs-85177950-2025-breakdown-usd.csv
202511,喀麦隆,324,126758,USD,customs-85177950-2025-breakdown-usd.csv
202511,土库曼斯坦,1,760,USD,customs-85177950-2025-breakdown-usd.csv
202511,土耳其,2510,1124234,USD,customs-85177950-2025-breakdown-usd.csv
202511,圭亚那,14,9903,USD,customs-85177950-2025-breakdown-usd.csv
202511,坦桑尼亚,137,303805,USD,customs-85177950-2025-breakdown-usd.csv
202511,埃及,152,37512,USD,customs-85177950-2025-breakdown-usd.csv
202511,埃塞俄比亚,173,728261,USD,customs-85177950-2025-breakdown-usd.csv
202511,塔吉克斯坦,17,22369,USD,customs-85177950-2025-breakdown-usd.csv
202511,塞尔维亚,76,313006,USD,customs-85177950-2025-breakdown-usd.csv
202511,塞拉利昂,3,982,USD,customs-85177950-2025-breakdown-usd.csv
202511,塞浦路斯,10,90,USD,customs-85177950-2025-breakdown-usd.csv
202511,塞舌尔,5,3193,USD,customs-85177950-2025-breakdown-usd.csv
202511,墨西哥,10038,28339750,USD,customs-85177950-2025-breakdown-usd.csv
202511,"多米尼加
",158,60019,USD,customs-85177950-2025-breakdown-usd.csv
202511,奥地利,148,80119,USD,customs-85177950-2025-breakdown-usd.csv
202511,委内瑞拉,139,466769,USD,customs-85177950-2025-breakdown-usd.csv
202511,孟加拉国,425,125509,USD,customs-85177950-2025-breakdown-usd.csv
202511,安哥拉,5,6120,USD,customs-85177950-2025-breakdown-usd.csv
202511,尼加拉瓜,30,7443,USD,customs-85177950-2025-breakdown-usd.csv
202511,尼日利亚,2437,101053,USD,customs-85177950-2025-breakdown-usd.csv
202511,尼泊尔,279,50768,USD,customs-85177950-2025-breakdown-usd.csv
202511,巴基斯坦,2887,432864,USD,customs-85177950-2025-breakdown-usd.csv
202511,巴巴多斯,3,350,USD,customs-85177950-2025-breakdown-usd.csv
202511,巴布亚新几内亚,7,7500,USD,customs-85177950-2025-breakdown-usd.csv
202511,巴拉圭,360,157913,USD,customs-85177950-2025-breakdown-usd.csv
202511,巴拿马,1109,979213,USD,customs-85177950-2025-breakdown-usd.csv
202511,巴林,36,48788,USD,customs-85177950-2025-breakdown-usd.csv
202511,巴西,5415,3889836,USD,customs-85177950-2025-breakdown-usd.csv
202511,布基纳法索,7,1612,USD,customs-85177950-2025-breakdown-usd.csv
202511,布隆迪,18,1940,USD,customs-85177950-2025-breakdown-usd.csv
202511,希腊,178,42439,USD,customs-85177950-2025-breakdown-usd.csv
202511,"库拉索
",4,30,USD,customs-85177950-2025-breakdown-usd.csv
202511,德国,9364,7528296,USD,customs-85177950-2025-breakdown-usd.csv
202511,意大利,456,255644,USD,customs-85177950-2025-breakdown-usd.csv
202511,所罗门群岛,2,505,USD,customs-85177950-2025-breakdown-usd.csv
202511,拉脱维亚,861,351432,USD,customs-85177950-2025-breakdown-usd.csv
202511,挪威,1127,2764605,USD,customs-85177950-2025-breakdown-usd.csv
202511,捷克,1556,726596,USD,customs-85177950-2025-breakdown-usd.csv
202511,摩尔多瓦,66,14368,USD,customs-85177950-2025-breakdown-usd.csv
202511,摩洛哥,655,123829,USD,customs-85177950-2025-breakdown-usd.csv
202511,文莱,8,4071,USD,customs-85177950-2025-breakdown-usd.csv
202511,斐济,4,2350,USD,customs-85177950-2025-breakdown-usd.csv
202511,斯威士兰,0,15174,USD,customs-85177950-2025-breakdown-usd.csv
202511,斯洛伐克,131,223456,USD,customs-85177950-2025-breakdown-usd.csv
202511,斯洛文尼亚,45,42570,USD,customs-85177950-2025-breakdown-usd.csv
202511,斯里兰卡,42,14263,USD,customs-85177950-2025-breakdown-usd.csv
202511,新加坡,6180,6720117,USD,customs-85177950-2025-breakdown-usd.csv
202511,新喀里多尼亚,11,6228,USD,customs-85177950-2025-breakdown-usd.csv
202511,新西兰,258,160252,USD,customs-85177950-2025-breakdown-usd.csv
202511,日本,5179,6162594,USD,customs-85177950-2025-breakdown-usd.csv
202511,智利,271,474113,USD,customs-85177950-2025-breakdown-usd.csv
202511,柬埔寨,308,260641,USD,customs-85177950-2025-breakdown-usd.csv
202511,格林纳达,0,171,USD,customs-85177950-2025-breakdown-usd.csv
202511,格鲁吉亚,74,57340,USD,customs-85177950-2025-breakdown-usd.csv
202511,比利时,672,667612,USD,customs-85177950-2025-breakdown-usd.csv
202511,毛里求斯,8,3281,USD,customs-85177950-2025-breakdown-usd.csv
202511,沙特阿拉伯,605,356759,USD,customs-85177950-2025-breakdown-usd.csv
202511,法国,1162,684562,USD,customs-85177950-2025-breakdown-usd.csv
202511,法属波利尼西亚,3,1638,USD,customs-85177950-2025-breakdown-usd.csv
202511,波兰,1583,813114,USD,customs-85177950-2025-breakdown-usd.csv
202511,波多黎各,7,2727,USD,customs-85177950-2025-breakdown-usd.csv
202511,波斯尼亚和黑塞哥维那,0,22,USD,customs-85177950-2025-breakdown-usd.csv
202511,泰国,23436,36263029,USD,customs-85177950-2025-breakdown-usd.csv
202511,津巴布韦,52,15225,USD,customs-85177950-2025-breakdown-usd.csv
202511,洪都拉斯,8,5545,USD,customs-85177950-2025-breakdown-usd.csv
202511,澳大利亚,1196,916356,USD,customs-85177950-2025-breakdown-usd.csv
202511,爱尔兰,3689,1226354,USD,customs-85177950-2025-breakdown-usd.csv
202511,爱沙尼亚,16,43299,USD,customs-85177950-2025-breakdown-usd.csv
202511,牙买加,2,629,USD,customs-85177950-2025-breakdown-usd.csv
202511,特立尼达和多巴哥,0,741,USD,customs-85177950-2025-breakdown-usd.csv
202511,"玻利维亚
",0,771,USD,customs-85177950-2025-breakdown-usd.csv
202511,瑞典,3306,1133328,USD,customs-85177950-2025-breakdown-usd.csv
202511,瑞士,188,193418,USD,customs-85177950-2025-breakdown-usd.csv
202511,留尼汪,1,915,USD,customs-85177950-2025-breakdown-usd.csv
202511,白俄罗斯,366,66839,USD,customs-85177950-2025-breakdown-usd.csv
202511,科威特,21,7121,USD,customs-85177950-2025-breakdown-usd.csv
202511,科特迪瓦,37,91524,USD,customs-85177950-2025-breakdown-usd.csv
202511,秘鲁,196,84647,USD,customs-85177950-2025-breakdown-usd.csv
202511,突尼斯,23,68905,USD,customs-85177950-2025-breakdown-usd.csv
202511,立陶宛,90,5553,USD,customs-85177950-2025-breakdown-usd.csv
202511,索马里,17,8208,USD,customs-85177950-2025-breakdown-usd.csv
202511,约旦,14,3626,USD,customs-85177950-2025-breakdown-usd.csv
202511,缅甸,9,29795,USD,customs-85177950-2025-breakdown-usd.csv
202511,罗马尼亚,330,258436,USD,customs-85177950-2025-breakdown-usd.csv
202511,美国,26304,38479195,USD,customs-85177950-2025-breakdown-usd.csv
202511,老挝,145,4156,USD,customs-85177950-2025-breakdown-usd.csv
202511,肯尼亚,8,47895,USD,customs-85177950-2025-breakdown-usd.csv
202511,芬兰,643,1789990,USD,customs-85177950-2025-breakdown-usd.csv
202511,苏丹,63,75189,USD,customs-85177950-2025-breakdown-usd.csv
202511,英国,2640,2440340,USD,customs-85177950-2025-breakdown-usd.csv
202511,荷兰,11614,9241030,USD,customs-85177950-2025-breakdown-usd.csv
202511,莫桑比克,3,1260,USD,customs-85177950-2025-breakdown-usd.csv
202511,莱索托,11,2638,USD,customs-85177950-2025-breakdown-usd.csv
202511,菲律宾,1693,1748621,USD,customs-85177950-2025-breakdown-usd.csv
202511,萨尔瓦多,3,1238,USD,customs-85177950-2025-breakdown-usd.csv
202511,萨摩亚,2,2788,USD,customs-85177950-2025-breakdown-usd.csv
202511,葡萄牙,47,96115,USD,customs-85177950-2025-breakdown-usd.csv
202511,蒙古,33,21609,USD,customs-85177950-2025-breakdown-usd.csv
202511,西班牙,234,218459,USD,customs-85177950-2025-breakdown-usd.csv
202511,贝宁,10,55958,USD,customs-85177950-2025-breakdown-usd.csv
202511,赞比亚,7,4274,USD,customs-85177950-2025-breakdown-usd.csv
202511,越南,7257,3020547,USD,customs-85177950-2025-breakdown-usd.csv
202511,阿塞拜疆,158,154013,USD,customs-85177950-2025-breakdown-usd.csv
202511,阿富汗,144,258040,USD,customs-85177950-2025-breakdown-usd.csv
202511,阿尔及利亚,2984,860652,USD,customs-85177950-2025-breakdown-usd.csv
202511,阿尔巴尼亚,8,6680,USD,customs-85177950-2025-breakdown-usd.csv
202511,阿曼,21,74302,USD,customs-85177950-2025-breakdown-usd.csv
202511,阿根廷,388,233465,USD,customs-85177950-2025-breakdown-usd.csv
202511,阿联酋,6300,5436149,USD,customs-85177950-2025-breakdown-usd.csv
202511,韩国,6066,7534468,USD,customs-85177950-2025-breakdown-usd.csv
202511,马尔代夫,71,5437,USD,customs-85177950-2025-breakdown-usd.csv
202511,马拉维,11,11621,USD,customs-85177950-2025-breakdown-usd.csv
202511,马来西亚,78263,169085554,USD,customs-85177950-2025-breakdown-usd.csv
202511,马达加斯加,7,179774,USD,customs-85177950-2025-breakdown-usd.csv
202511,马里,9,643,USD,customs-85177950-2025-breakdown-usd.csv
202511,黎巴嫩,390,11782,USD,customs-85177950-2025-breakdown-usd.csv
202512,不丹,8,1934,USD,customs-85177950-2025-breakdown-usd.csv
202512,东帝汶,0,737,USD,customs-85177950-2025-breakdown-usd.csv
202512,中国台湾,38580,63667884,USD,customs-85177950-2025-breakdown-usd.csv
202512,中国澳门,243,157296,USD,customs-85177950-2025-breakdown-usd.csv
202512,中国香港,16209,22004001,USD,customs-85177950-2025-breakdown-usd.csv
202512,丹麦,710,399540,USD,customs-85177950-2025-breakdown-usd.csv
202512,乌克兰,1417,337893,USD,customs-85177950-2025-breakdown-usd.csv
202512,乌兹别克斯坦,747,4843516,USD,customs-85177950-2025-breakdown-usd.csv
202512,乌干达,40,24924,USD,customs-85177950-2025-breakdown-usd.csv
202512,乍得,0,24,USD,customs-85177950-2025-breakdown-usd.csv
202512,也门,3,4967,USD,customs-85177950-2025-breakdown-usd.csv
202512,亚美尼亚,9,6704,USD,customs-85177950-2025-breakdown-usd.csv
202512,以色列,1466,949813,USD,customs-85177950-2025-breakdown-usd.csv
202512,伊拉克,74,23421,USD,customs-85177950-2025-breakdown-usd.csv
202512,伊朗,142,5370057,USD,customs-85177950-2025-breakdown-usd.csv
202512,俄罗斯,14493,4272509,USD,customs-85177950-2025-breakdown-usd.csv
202512,保加利亚,54,53790,USD,customs-85177950-2025-breakdown-usd.csv
202512,克罗地亚,1,4509,USD,customs-85177950-2025-breakdown-usd.csv
202512,冈比亚,2,2442,USD,customs-85177950-2025-breakdown-usd.csv
202512,冰岛,23,21771,USD,customs-85177950-2025-breakdown-usd.csv
202512,几内亚,2,865,USD,customs-85177950-2025-breakdown-usd.csv
202512,几内亚比绍,22,8276,USD,customs-85177950-2025-breakdown-usd.csv
202512,列支敦士登,2,9194,USD,customs-85177950-2025-breakdown-usd.csv
202512,刚果共和国,0,187,USD,customs-85177950-2025-breakdown-usd.csv
202512,刚果民主共和国,28,17717,USD,customs-85177950-2025-breakdown-usd.csv
202512,利比亚,3,3251,USD,customs-85177950-2025-breakdown-usd.csv
202512,加纳,8,2896,USD,customs-85177950-2025-breakdown-usd.csv
202512,加蓬,1,109,USD,customs-85177950-2025-breakdown-usd.csv
202512,匈牙利,2262,3418423,USD,customs-85177950-2025-breakdown-usd.csv
202512,南苏丹,6,1638,USD,customs-85177950-2025-breakdown-usd.csv
202512,南非,1027,415490,USD,customs-85177950-2025-breakdown-usd.csv
202512,博茨瓦纳,27,6344,USD,customs-85177950-2025-breakdown-usd.csv
202512,卡塔尔,104,79091,USD,customs-85177950-2025-breakdown-usd.csv
202512,卢旺达,0,787,USD,customs-85177950-2025-breakdown-usd.csv
202512,印度,7799,3878939,USD,customs-85177950-2025-breakdown-usd.csv
202512,印度尼西亚,6797,3835823,USD,customs-85177950-2025-breakdown-usd.csv
202512,危地马拉,5,2434,USD,customs-85177950-2025-breakdown-usd.csv
202512,厄瓜多尔,104,500298,USD,customs-85177950-2025-breakdown-usd.csv
202512,古巴,255,664454,USD,customs-85177950-2025-breakdown-usd.csv
202512,吉尔吉斯斯坦,75,27597,USD,customs-85177950-2025-breakdown-usd.csv
202512,吉布提,0,73,USD,customs-85177950-2025-breakdown-usd.csv
202512,哈萨克斯坦,2370,1772454,USD,customs-85177950-2025-breakdown-usd.csv
202512,哥伦比亚,438,247009,USD,customs-85177950-2025-breakdown-usd.csv
202512,哥斯达黎加,1,6913,USD,customs-85177950-2025-breakdown-usd.csv
202512,喀麦隆,39,27030,USD,customs-85177950-2025-breakdown-usd.csv
202512,土耳其,3338,2008522,USD,customs-85177950-2025-breakdown-usd.csv
202512,圭亚那,6,37938,USD,customs-85177950-2025-breakdown-usd.csv
202512,坦桑尼亚,155,504314,USD,customs-85177950-2025-breakdown-usd.csv
202512,埃及,178,393619,USD,customs-85177950-2025-breakdown-usd.csv
202512,埃塞俄比亚,89,38596,USD,customs-85177950-2025-breakdown-usd.csv
202512,塔吉克斯坦,16,52748,USD,customs-85177950-2025-breakdown-usd.csv
202512,塞内加尔,14,17094,USD,customs-85177950-2025-breakdown-usd.csv
202512,塞尔维亚,36,44201,USD,customs-85177950-2025-breakdown-usd.csv
202512,塞浦路斯,22,930,USD,customs-85177950-2025-breakdown-usd.csv
202512,塞舌尔,3,2635,USD,customs-85177950-2025-breakdown-usd.csv
202512,墨西哥,8915,23051103,USD,customs-85177950-2025-breakdown-usd.csv
202512,"多米尼加
",41,19572,USD,customs-85177950-2025-breakdown-usd.csv
202512,奥地利,93,43936,USD,customs-85177950-2025-breakdown-usd.csv
202512,孟加拉国,344,136756,USD,customs-85177950-2025-breakdown-usd.csv
202512,安哥拉,90,47240,USD,customs-85177950-2025-breakdown-usd.csv
202512,尼日利亚,407,166660,USD,customs-85177950-2025-breakdown-usd.csv
202512,尼泊尔,56,16925,USD,customs-85177950-2025-breakdown-usd.csv
202512,巴基斯坦,997,738545,USD,customs-85177950-2025-breakdown-usd.csv
202512,巴林,18,19623,USD,customs-85177950-2025-breakdown-usd.csv
202512,巴西,4089,2168694,USD,customs-85177950-2025-breakdown-usd.csv
202512,希腊,62,8640,USD,customs-85177950-2025-breakdown-usd.csv
202512,德国,11434,7175391,USD,customs-85177950-2025-breakdown-usd.csv
202512,意大利,334,192561,USD,customs-85177950-2025-breakdown-usd.csv
202512,拉脱维亚,871,415637,USD,customs-85177950-2025-breakdown-usd.csv
202512,挪威,959,846717,USD,customs-85177950-2025-breakdown-usd.csv
202512,捷克,811,364749,USD,customs-85177950-2025-breakdown-usd.csv
202512,摩尔多瓦,22,4872,USD,customs-85177950-2025-breakdown-usd.csv
202512,摩洛哥,68,35342,USD,customs-85177950-2025-breakdown-usd.csv
202512,文莱,27,13984,USD,customs-85177950-2025-breakdown-usd.csv
202512,斯洛伐克,25,83487,USD,customs-85177950-2025-breakdown-usd.csv
202512,斯洛文尼亚,116,30106,USD,customs-85177950-2025-breakdown-usd.csv
202512,斯里兰卡,116,36445,USD,customs-85177950-2025-breakdown-usd.csv
202512,新加坡,8124,13274293,USD,customs-85177950-2025-breakdown-usd.csv
202512,日本,3873,5434929,USD,customs-85177950-2025-breakdown-usd.csv
202512,智利,472,1174320,USD,customs-85177950-2025-breakdown-usd.csv
202512,柬埔寨,305,394560,USD,customs-85177950-2025-breakdown-usd.csv
202512,格鲁吉亚,183,124445,USD,customs-85177950-2025-breakdown-usd.csv
202512,比利时,1048,881242,USD,customs-85177950-2025-breakdown-usd.csv
202512,毛里求斯,7,7545,USD,customs-85177950-2025-breakdown-usd.csv
202512,沙特阿拉伯,356,399748,USD,customs-85177950-2025-breakdown-usd.csv
202512,法国,833,574609,USD,customs-85177950-2025-breakdown-usd.csv
202512,波兰,2184,1506296,USD,customs-85177950-2025-breakdown-usd.csv
202512,波斯尼亚和黑塞哥维那,0,94,USD,customs-85177950-2025-breakdown-usd.csv
202512,泰国,15846,38104100,USD,customs-85177950-2025-breakdown-usd.csv
202512,津巴布韦,4,993,USD,customs-85177950-2025-breakdown-usd.csv
202512,洪都拉斯,46,20431,USD,customs-85177950-2025-breakdown-usd.csv
202512,爱尔兰,11272,2568354,USD,customs-85177950-2025-breakdown-usd.csv
202512,爱沙尼亚,3,5269,USD,customs-85177950-2025-breakdown-usd.csv
202512,牙买加,7,3410,USD,customs-85177950-2025-breakdown-usd.csv
202512,"玻利维亚
",54,6210,USD,customs-85177950-2025-breakdown-usd.csv
202512,瑞典,1846,928151,USD,customs-85177950-2025-breakdown-usd.csv
202512,瑞士,625,605346,USD,customs-85177950-2025-breakdown-usd.csv
202512,留尼汪,1,2033,USD,customs-85177950-2025-breakdown-usd.csv
202512,白俄罗斯,128,22405,USD,customs-85177950-2025-breakdown-usd.csv
202512,科威特,4,3092,USD,customs-85177950-2025-breakdown-usd.csv
202512,科特迪瓦,55,474291,USD,customs-85177950-2025-breakdown-usd.csv
202512,突尼斯,21,152502,USD,customs-85177950-2025-breakdown-usd.csv
202512,立陶宛,93,8847,USD,customs-85177950-2025-breakdown-usd.csv
202512,索马里,0,202,USD,customs-85177950-2025-breakdown-usd.csv
202512,约旦,104,29536,USD,customs-85177950-2025-breakdown-usd.csv
202512,纳米比亚,8,3290,USD,customs-85177950-2025-breakdown-usd.csv
202512,缅甸,302,111469,USD,customs-85177950-2025-breakdown-usd.csv
202512,罗马尼亚,674,560868,USD,customs-85177950-2025-breakdown-usd.csv
202512,老挝,54,13714,USD,customs-85177950-2025-breakdown-usd.csv
202512,肯尼亚,296,84760,USD,customs-85177950-2025-breakdown-usd.csv
202512,芬兰,451,235966,USD,customs-85177950-2025-breakdown-usd.csv
202512,苏丹,0,12,USD,customs-85177950-2025-breakdown-usd.csv
202512,英国,2347,4245172,USD,customs-85177950-2025-breakdown-usd.csv
202512,荷兰,17989,12898680,USD,customs-85177950-2025-breakdown-usd.csv
202512,莫桑比克,30,13730,USD,customs-85177950-2025-breakdown-usd.csv
202512,莱索托,1,316,USD,customs-85177950-2025-breakdown-usd.csv
202512,菲律宾,365,380755,USD,customs-85177950-2025-breakdown-usd.csv
202512,葡萄牙,109,225442,USD,customs-85177950-2025-breakdown-usd.csv
202512,蒙古,51,5545,USD,customs-85177950-2025-breakdown-usd.csv
202512,西班牙,354,269985,USD,customs-85177950-2025-breakdown-usd.csv
202512,贝宁,17,40818,USD,customs-85177950-2025-breakdown-usd.csv
202512,赞比亚,19,17392,USD,customs-85177950-2025-breakdown-usd.csv
202512,越南,5847,2728458,USD,customs-85177950-2025-breakdown-usd.csv
202512,阿塞拜疆,123,155972,USD,customs-85177950-2025-breakdown-usd.csv
202512,阿富汗,55,89613,USD,customs-85177950-2025-breakdown-usd.csv
202512,阿尔及利亚,116,78407,USD,customs-85177950-2025-breakdown-usd.csv
202512,阿曼,12,8821,USD,customs-85177950-2025-breakdown-usd.csv
202512,阿根廷,321,87286,USD,customs-85177950-2025-breakdown-usd.csv
202512,阿联酋,2743,1628269,USD,customs-85177950-2025-breakdown-usd.csv
202512,阿鲁巴,4,16000,USD,customs-85177950-2025-breakdown-usd.csv
202512,韩国,5270,3506110,USD,customs-85177950-2025-breakdown-usd.csv
202512,马尔代夫,18,17965,USD,customs-85177950-2025-breakdown-usd.csv
202512,马来西亚,119479,253039858,USD,customs-85177950-2025-breakdown-usd.csv
202512,马耳他,0,39,USD,customs-85177950-2025-breakdown-usd.csv
202512,马达加斯加,0,1965,USD,customs-85177950-2025-breakdown-usd.csv
202512,马里,98,138086,USD,customs-85177950-2025-breakdown-usd.csv
202512,黎巴嫩,2,1779,USD,customs-85177950-2025-breakdown-usd.csv
202601,不丹,34,2508,USD,customs-85177950-2026H1-breakdown-usd.csv
202601,中国台湾,41755,79900618,USD,customs-85177950-2026H1-breakdown-usd.csv
202601,中国澳门,109,56001,USD,customs-85177950-2026H1-breakdown-usd.csv
202601,中国香港,14219,22527323,USD,customs-85177950-2026H1-breakdown-usd.csv
202601,丹麦,514,422810,USD,customs-85177950-2026H1-breakdown-usd.csv
202601,乌克兰,523,457454,USD,customs-85177950-2026H1-breakdown-usd.csv
202601,乌兹别克斯坦,420,1018109,USD,customs-85177950-2026H1-breakdown-usd.csv
202601,乌干达,6,4465,USD,customs-85177950-2026H1-breakdown-usd.csv
202601,乌拉圭,383,19535,USD,customs-85177950-2026H1-breakdown-usd.csv
202601,也门,2,15200,USD,customs-85177950-2026H1-breakdown-usd.csv
202601,亚美尼亚,65,28855,USD,customs-85177950-2026H1-breakdown-usd.csv
202601,以色列,672,974878,USD,customs-85177950-2026H1-breakdown-usd.csv
202601,伊拉克,885,140860,USD,customs-85177950-2026H1-breakdown-usd.csv
202601,伊朗,329,285003,USD,customs-85177950-2026H1-breakdown-usd.csv
202601,俄罗斯,7280,4362444,USD,customs-85177950-2026H1-breakdown-usd.csv
202601,保加利亚,115,40065,USD,customs-85177950-2026H1-breakdown-usd.csv
202601,克罗地亚,77,58162,USD,customs-85177950-2026H1-breakdown-usd.csv
202601,冈比亚,0,66,USD,customs-85177950-2026H1-breakdown-usd.csv
202601,冰岛,11,3241,USD,customs-85177950-2026H1-breakdown-usd.csv
202601,几内亚,82,76508,USD,customs-85177950-2026H1-breakdown-usd.csv
202601,列支敦士登,2,1910,USD,customs-85177950-2026H1-breakdown-usd.csv
202601,刚果共和国,6,1601,USD,customs-85177950-2026H1-breakdown-usd.csv
202601,刚果民主共和国,336,37151,USD,customs-85177950-2026H1-breakdown-usd.csv
202601,利比亚,35,15434,USD,customs-85177950-2026H1-breakdown-usd.csv
202601,加拿大,3270,1603186,USD,customs-85177950-2026H1-breakdown-usd.csv
202601,加纳,108,101081,USD,customs-85177950-2026H1-breakdown-usd.csv
202601,加蓬,4,5084,USD,customs-85177950-2026H1-breakdown-usd.csv
202601,匈牙利,2201,2830693,USD,customs-85177950-2026H1-breakdown-usd.csv
202601,南非,560,162590,USD,customs-85177950-2026H1-breakdown-usd.csv
202601,"博纳尔，圣俄斯塔休斯和萨巴
",0,788,USD,customs-85177950-2026H1-breakdown-usd.csv
202601,博茨瓦纳,3,1307,USD,customs-85177950-2026H1-breakdown-usd.csv
202601,卡塔尔,136,32761,USD,customs-85177950-2026H1-breakdown-usd.csv
202601,卢森堡,10,11791,USD,customs-85177950-2026H1-breakdown-usd.csv
202601,印度,5198,3186869,USD,customs-85177950-2026H1-breakdown-usd.csv
202601,印度尼西亚,3080,2480802,USD,customs-85177950-2026H1-breakdown-usd.csv
202601,危地马拉,7,3026,USD,customs-85177950-2026H1-breakdown-usd.csv
202601,厄瓜多尔,38,21969,USD,customs-85177950-2026H1-breakdown-usd.csv
202601,古巴,39,30858,USD,customs-85177950-2026H1-breakdown-usd.csv
202601,吉尔吉斯斯坦,329,164178,USD,customs-85177950-2026H1-breakdown-usd.csv
202601,吉布提,84,71588,USD,customs-85177950-2026H1-breakdown-usd.csv
202601,哈萨克斯坦,1041,978205,USD,customs-85177950-2026H1-breakdown-usd.csv
202601,哥伦比亚,667,207846,USD,customs-85177950-2026H1-breakdown-usd.csv
202601,哥斯达黎加,2,4832,USD,customs-85177950-2026H1-breakdown-usd.csv
202601,喀麦隆,0,96,USD,customs-85177950-2026H1-breakdown-usd.csv
202601,土库曼斯坦,9,2293,USD,customs-85177950-2026H1-breakdown-usd.csv
202601,土耳其,2868,2633762,USD,customs-85177950-2026H1-breakdown-usd.csv
202601,圭亚那,2,520,USD,customs-85177950-2026H1-breakdown-usd.csv
202601,坦桑尼亚,135,85707,USD,customs-85177950-2026H1-breakdown-usd.csv
202601,埃及,405,151434,USD,customs-85177950-2026H1-breakdown-usd.csv
202601,埃塞俄比亚,104,29833,USD,customs-85177950-2026H1-breakdown-usd.csv
202601,塔吉克斯坦,7,3210,USD,customs-85177950-2026H1-breakdown-usd.csv
202601,塞内加尔,0,750,USD,customs-85177950-2026H1-breakdown-usd.csv
202601,塞尔维亚,14,11229,USD,customs-85177950-2026H1-breakdown-usd.csv
202601,塞拉利昂,5,958,USD,customs-85177950-2026H1-breakdown-usd.csv
202601,塞浦路斯,8,3459,USD,customs-85177950-2026H1-breakdown-usd.csv
202601,塞舌尔,1,3036,USD,customs-85177950-2026H1-breakdown-usd.csv
202601,墨西哥,6527,15647649,USD,customs-85177950-2026H1-breakdown-usd.csv
202601,"多米尼加
",15,6323,USD,customs-85177950-2026H1-breakdown-usd.csv
202601,奥地利,66,75973,USD,customs-85177950-2026H1-breakdown-usd.csv
202601,委内瑞拉,22,14488,USD,customs-85177950-2026H1-breakdown-usd.csv
202601,孟加拉国,130,96260,USD,customs-85177950-2026H1-breakdown-usd.csv
202601,安哥拉,4,2175,USD,customs-85177950-2026H1-breakdown-usd.csv
202601,尼加拉瓜,44,76443,USD,customs-85177950-2026H1-breakdown-usd.csv
202601,尼日利亚,351,445209,USD,customs-85177950-2026H1-breakdown-usd.csv
202601,尼日尔,2,2824,USD,customs-85177950-2026H1-breakdown-usd.csv
202601,尼泊尔,40,9549,USD,customs-85177950-2026H1-breakdown-usd.csv
202601,巴基斯坦,241,388682,USD,customs-85177950-2026H1-breakdown-usd.csv
202601,巴拉圭,28,24409,USD,customs-85177950-2026H1-breakdown-usd.csv
202601,巴拿马,380,181179,USD,customs-85177950-2026H1-breakdown-usd.csv
202601,巴林,7,4922,USD,customs-85177950-2026H1-breakdown-usd.csv
202601,巴西,6055,3327284,USD,customs-85177950-2026H1-breakdown-usd.csv
202601,布基纳法索,26,3328,USD,customs-85177950-2026H1-breakdown-usd.csv
202601,希腊,145,29819,USD,customs-85177950-2026H1-breakdown-usd.csv
202601,库克群岛,1,5003,USD,customs-85177950-2026H1-breakdown-usd.csv
202601,"库拉索
",2,2453,USD,customs-85177950-2026H1-breakdown-usd.csv
202601,德国,8544,7675196,USD,customs-85177950-2026H1-breakdown-usd.csv
202601,意大利,373,266022,USD,customs-85177950-2026H1-breakdown-usd.csv
202601,拉脱维亚,701,312017,USD,customs-85177950-2026H1-breakdown-usd.csv
202601,挪威,708,945708,USD,customs-85177950-2026H1-breakdown-usd.csv
202601,捷克,1880,462986,USD,customs-85177950-2026H1-breakdown-usd.csv
202601,摩尔多瓦,85,25338,USD,customs-85177950-2026H1-breakdown-usd.csv
202601,摩洛哥,133,58880,USD,customs-85177950-2026H1-breakdown-usd.csv
202601,文莱,3,273,USD,customs-85177950-2026H1-breakdown-usd.csv
202601,斐济,2,8947,USD,customs-85177950-2026H1-breakdown-usd.csv
202601,斯洛伐克,129,417719,USD,customs-85177950-2026H1-breakdown-usd.csv
202601,斯洛文尼亚,96,89002,USD,customs-85177950-2026H1-breakdown-usd.csv
202601,斯里兰卡,155,68513,USD,customs-85177950-2026H1-breakdown-usd.csv
202601,新加坡,9080,5452880,USD,customs-85177950-2026H1-breakdown-usd.csv
202601,新喀里多尼亚,3,403,USD,customs-85177950-2026H1-breakdown-usd.csv
202601,新西兰,38,46689,USD,customs-85177950-2026H1-breakdown-usd.csv
202601,日本,3989,6108392,USD,customs-85177950-2026H1-breakdown-usd.csv
202601,智利,105,148422,USD,customs-85177950-2026H1-breakdown-usd.csv
202601,柬埔寨,243,44090,USD,customs-85177950-2026H1-breakdown-usd.csv
202601,格鲁吉亚,229,58307,USD,customs-85177950-2026H1-breakdown-usd.csv
202601,比利时,801,420077,USD,customs-85177950-2026H1-breakdown-usd.csv
202601,毛里塔尼亚,52,245904,USD,customs-85177950-2026H1-breakdown-usd.csv
202601,毛里求斯,1,1944,USD,customs-85177950-2026H1-breakdown-usd.csv
202601,汤加,2,195,USD,customs-85177950-2026H1-breakdown-usd.csv
202601,沙特阿拉伯,968,470253,USD,customs-85177950-2026H1-breakdown-usd.csv
202601,法国,766,628160,USD,customs-85177950-2026H1-breakdown-usd.csv
202601,波兰,1121,849890,USD,customs-85177950-2026H1-breakdown-usd.csv
202601,波多黎各,29,1566,USD,customs-85177950-2026H1-breakdown-usd.csv
202601,波斯尼亚和黑塞哥维那,7,2617,USD,customs-85177950-2026H1-breakdown-usd.csv
202601,泰国,24387,36259967,USD,customs-85177950-2026H1-breakdown-usd.csv
202601,津巴布韦,27,69114,USD,customs-85177950-2026H1-breakdown-usd.csv
202601,洪都拉斯,12,6283,USD,customs-85177950-2026H1-breakdown-usd.csv
202601,海地,9,1895,USD,customs-85177950-2026H1-breakdown-usd.csv
202601,澳大利亚,2389,1571106,USD,customs-85177950-2026H1-breakdown-usd.csv
202601,爱尔兰,4852,2934254,USD,customs-85177950-2026H1-breakdown-usd.csv
202601,爱沙尼亚,4,4730,USD,customs-85177950-2026H1-breakdown-usd.csv
202601,牙买加,4,5000,USD,customs-85177950-2026H1-breakdown-usd.csv
202601,特立尼达和多巴哥,3,639,USD,customs-85177950-2026H1-breakdown-usd.csv
202601,"玻利维亚
",7,4177,USD,customs-85177950-2026H1-breakdown-usd.csv
202601,瑞典,3806,1327643,USD,customs-85177950-2026H1-breakdown-usd.csv
202601,瑞士,520,510423,USD,customs-85177950-2026H1-breakdown-usd.csv
202601,留尼汪,9,30556,USD,customs-85177950-2026H1-breakdown-usd.csv
202601,白俄罗斯,239,18661,USD,customs-85177950-2026H1-breakdown-usd.csv
202601,百慕大,0,416,USD,customs-85177950-2026H1-breakdown-usd.csv
202601,科威特,9,4304,USD,customs-85177950-2026H1-breakdown-usd.csv
202601,科特迪瓦,129,107720,USD,customs-85177950-2026H1-breakdown-usd.csv
202601,秘鲁,496,55503,USD,customs-85177950-2026H1-breakdown-usd.csv
202601,突尼斯,11,12402,USD,customs-85177950-2026H1-breakdown-usd.csv
202601,立陶宛,79,38253,USD,customs-85177950-2026H1-breakdown-usd.csv
202601,索马里,24,13292,USD,customs-85177950-2026H1-breakdown-usd.csv
202601,约旦,76,50119,USD,customs-85177950-2026H1-breakdown-usd.csv
202601,缅甸,94,30247,USD,customs-85177950-2026H1-breakdown-usd.csv
202601,罗马尼亚,598,484024,USD,customs-85177950-2026H1-breakdown-usd.csv
202601,美国,27848,29632939,USD,customs-85177950-2026H1-breakdown-usd.csv
202601,老挝,8,4019,USD,customs-85177950-2026H1-breakdown-usd.csv
202601,肯尼亚,138,48508,USD,customs-85177950-2026H1-breakdown-usd.csv
202601,芬兰,262,196516,USD,customs-85177950-2026H1-breakdown-usd.csv
202601,苏丹,4,4630,USD,customs-85177950-2026H1-breakdown-usd.csv
202601,英国,2413,2966153,USD,customs-85177950-2026H1-breakdown-usd.csv
202601,英属维尔京群岛,0,243,USD,customs-85177950-2026H1-breakdown-usd.csv
202601,荷兰,13422,10611802,USD,customs-85177950-2026H1-breakdown-usd.csv
202601,莫桑比克,3,1315,USD,customs-85177950-2026H1-breakdown-usd.csv
202601,莱索托,0,367,USD,customs-85177950-2026H1-breakdown-usd.csv
202601,菲律宾,733,481039,USD,customs-85177950-2026H1-breakdown-usd.csv
202601,萨尔瓦多,127,36657,USD,customs-85177950-2026H1-breakdown-usd.csv
202601,萨摩亚,2,1935,USD,customs-85177950-2026H1-breakdown-usd.csv
202601,葡萄牙,85,89382,USD,customs-85177950-2026H1-breakdown-usd.csv
202601,蒙古,10,9393,USD,customs-85177950-2026H1-breakdown-usd.csv
202601,西班牙,251,177981,USD,customs-85177950-2026H1-breakdown-usd.csv
202601,贝宁,75,97066,USD,customs-85177950-2026H1-breakdown-usd.csv
202601,赞比亚,30,16230,USD,customs-85177950-2026H1-breakdown-usd.csv
202601,赤道几内亚,6,597,USD,customs-85177950-2026H1-breakdown-usd.csv
202601,越南,4667,1868410,USD,customs-85177950-2026H1-breakdown-usd.csv
202601,阿塞拜疆,2,2199,USD,customs-85177950-2026H1-breakdown-usd.csv
202601,阿富汗,20,54594,USD,customs-85177950-2026H1-breakdown-usd.csv
202601,阿尔及利亚,877,650724,USD,customs-85177950-2026H1-breakdown-usd.csv
202601,阿尔巴尼亚,29,15019,USD,customs-85177950-2026H1-breakdown-usd.csv
202601,阿曼,7,4165,USD,customs-85177950-2026H1-breakdown-usd.csv
202601,阿根廷,71,86023,USD,customs-85177950-2026H1-breakdown-usd.csv
202601,阿联酋,3797,7356265,USD,customs-85177950-2026H1-breakdown-usd.csv
202601,阿鲁巴,1,140,USD,customs-85177950-2026H1-breakdown-usd.csv
202601,韩国,7009,7086264,USD,customs-85177950-2026H1-breakdown-usd.csv
202601,马尔代夫,48,27833,USD,customs-85177950-2026H1-breakdown-usd.csv
202601,马拉维,0,14,USD,customs-85177950-2026H1-breakdown-usd.csv
202601,马来西亚,112568,223633602,USD,customs-85177950-2026H1-breakdown-usd.csv
202601,马里,6,3676,USD,customs-85177950-2026H1-breakdown-usd.csv
202601,黎巴嫩,21,2673,USD,customs-85177950-2026H1-breakdown-usd.csv
202602,不丹,3,4380,USD,customs-85177950-2026H1-breakdown-usd.csv
202602,中国台湾,27886,54027966,USD,customs-85177950-2026H1-breakdown-usd.csv
202602,中国澳门,16,14559,USD,customs-85177950-2026H1-breakdown-usd.csv
202602,中国香港,10948,16742981,USD,customs-85177950-2026H1-breakdown-usd.csv
202602,中非,20,1062,USD,customs-85177950-2026H1-breakdown-usd.csv
202602,丹麦,287,221893,USD,customs-85177950-2026H1-breakdown-usd.csv
202602,乌克兰,588,213689,USD,customs-85177950-2026H1-breakdown-usd.csv
202602,乌兹别克斯坦,86,69070,USD,customs-85177950-2026H1-breakdown-usd.csv
202602,乌拉圭,34,8150,USD,customs-85177950-2026H1-breakdown-usd.csv
202602,乍得,8,2280,USD,customs-85177950-2026H1-breakdown-usd.csv
202602,亚美尼亚,14,5000,USD,customs-85177950-2026H1-breakdown-usd.csv
202602,以色列,692,1777759,USD,customs-85177950-2026H1-breakdown-usd.csv
202602,伊拉克,83,27313,USD,customs-85177950-2026H1-breakdown-usd.csv
202602,伊朗,192,586,USD,customs-85177950-2026H1-breakdown-usd.csv
202602,俄罗斯,9427,2484635,USD,customs-85177950-2026H1-breakdown-usd.csv
202602,保加利亚,49,19576,USD,customs-85177950-2026H1-breakdown-usd.csv
202602,冰岛,10,4438,USD,customs-85177950-2026H1-breakdown-usd.csv
202602,几内亚,158,89408,USD,customs-85177950-2026H1-breakdown-usd.csv
202602,刚果共和国,12,77401,USD,customs-85177950-2026H1-breakdown-usd.csv
202602,刚果民主共和国,837,81841,USD,customs-85177950-2026H1-breakdown-usd.csv
202602,利比亚,44,12383,USD,customs-85177950-2026H1-breakdown-usd.csv
202602,利比里亚,1,360,USD,customs-85177950-2026H1-breakdown-usd.csv
202602,加拿大,2946,1952105,USD,customs-85177950-2026H1-breakdown-usd.csv
202602,加纳,141,196978,USD,customs-85177950-2026H1-breakdown-usd.csv
202602,加蓬,2,3353,USD,customs-85177950-2026H1-breakdown-usd.csv
202602,匈牙利,2260,3178984,USD,customs-85177950-2026H1-breakdown-usd.csv
202602,北马其顿,27,7109,USD,customs-85177950-2026H1-breakdown-usd.csv
202602,"北马里亚纳群岛
",0,333,USD,customs-85177950-2026H1-breakdown-usd.csv
202602,南非,656,255008,USD,customs-85177950-2026H1-breakdown-usd.csv
202602,博茨瓦纳,160,38127,USD,customs-85177950-2026H1-breakdown-usd.csv
202602,卡塔尔,50,18328,USD,customs-85177950-2026H1-breakdown-usd.csv
202602,卢旺达,1,3245,USD,customs-85177950-2026H1-breakdown-usd.csv
202602,卢森堡,0,700,USD,customs-85177950-2026H1-breakdown-usd.csv
202602,印度,17529,2948235,USD,customs-85177950-2026H1-breakdown-usd.csv
202602,印度尼西亚,2707,3661249,USD,customs-85177950-2026H1-breakdown-usd.csv
202602,危地马拉,6,2294,USD,customs-85177950-2026H1-breakdown-usd.csv
202602,厄瓜多尔,10,32048,USD,customs-85177950-2026H1-breakdown-usd.csv
202602,厄立特里亚,0,16,USD,customs-85177950-2026H1-breakdown-usd.csv
202602,吉尔吉斯斯坦,24,9127,USD,customs-85177950-2026H1-breakdown-usd.csv
202602,吉布提,7,6591,USD,customs-85177950-2026H1-breakdown-usd.csv
202602,哈萨克斯坦,923,406980,USD,customs-85177950-2026H1-breakdown-usd.csv
202602,哥伦比亚,686,152122,USD,customs-85177950-2026H1-breakdown-usd.csv
202602,哥斯达黎加,22,21113,USD,customs-85177950-2026H1-breakdown-usd.csv
202602,喀麦隆,180,18198,USD,customs-85177950-2026H1-breakdown-usd.csv
202602,土库曼斯坦,4,45212,USD,customs-85177950-2026H1-breakdown-usd.csv
202602,土耳其,3443,2607663,USD,customs-85177950-2026H1-breakdown-usd.csv
202602,圣卢西亚,7,2499,USD,customs-85177950-2026H1-breakdown-usd.csv
202602,圭亚那,1,9841,USD,customs-85177950-2026H1-breakdown-usd.csv
202602,坦桑尼亚,55,20359,USD,customs-85177950-2026H1-breakdown-usd.csv
202602,埃及,681,158842,USD,customs-85177950-2026H1-breakdown-usd.csv
202602,埃塞俄比亚,16,4247,USD,customs-85177950-2026H1-breakdown-usd.csv
202602,塔吉克斯坦,11,6843,USD,customs-85177950-2026H1-breakdown-usd.csv
202602,塞内加尔,47,25658,USD,customs-85177950-2026H1-breakdown-usd.csv
202602,塞尔维亚,27,16306,USD,customs-85177950-2026H1-breakdown-usd.csv
202602,塞拉利昂,34,20000,USD,customs-85177950-2026H1-breakdown-usd.csv
202602,塞浦路斯,1,1338,USD,customs-85177950-2026H1-breakdown-usd.csv
202602,墨西哥,8613,24840629,USD,customs-85177950-2026H1-breakdown-usd.csv
202602,"多米尼加
",1,1091,USD,customs-85177950-2026H1-breakdown-usd.csv
202602,奥地利,24,11474,USD,customs-85177950-2026H1-breakdown-usd.csv
202602,委内瑞拉,15,28622,USD,customs-85177950-2026H1-breakdown-usd.csv
202602,孟加拉国,255,92870,USD,customs-85177950-2026H1-breakdown-usd.csv
202602,安哥拉,3,2349,USD,customs-85177950-2026H1-breakdown-usd.csv
202602,尼加拉瓜,0,2487,USD,customs-85177950-2026H1-breakdown-usd.csv
202602,尼日利亚,99,58472,USD,customs-85177950-2026H1-breakdown-usd.csv
202602,尼泊尔,18,5382,USD,customs-85177950-2026H1-breakdown-usd.csv
202602,巴勒斯坦,20,1840,USD,customs-85177950-2026H1-breakdown-usd.csv
202602,巴哈马,101,3326,USD,customs-85177950-2026H1-breakdown-usd.csv
202602,巴基斯坦,781,164971,USD,customs-85177950-2026H1-breakdown-usd.csv
202602,巴布亚新几内亚,4,710,USD,customs-85177950-2026H1-breakdown-usd.csv
202602,巴拉圭,57,15617,USD,customs-85177950-2026H1-breakdown-usd.csv
202602,巴拿马,934,824720,USD,customs-85177950-2026H1-breakdown-usd.csv
202602,巴林,6,1258,USD,customs-85177950-2026H1-breakdown-usd.csv
202602,巴西,3522,2641384,USD,customs-85177950-2026H1-breakdown-usd.csv
202602,布基纳法索,15,8359,USD,customs-85177950-2026H1-breakdown-usd.csv
202602,布隆迪,0,56,USD,customs-85177950-2026H1-breakdown-usd.csv
202602,希腊,211,225066,USD,customs-85177950-2026H1-breakdown-usd.csv
202602,德国,7021,5398965,USD,customs-85177950-2026H1-breakdown-usd.csv
202602,意大利,388,707602,USD,customs-85177950-2026H1-breakdown-usd.csv
202602,拉脱维亚,877,315933,USD,customs-85177950-2026H1-breakdown-usd.csv
202602,挪威,426,593193,USD,customs-85177950-2026H1-breakdown-usd.csv
202602,捷克,1270,394863,USD,customs-85177950-2026H1-breakdown-usd.csv
202602,摩尔多瓦,74,23979,USD,customs-85177950-2026H1-breakdown-usd.csv
202602,摩洛哥,152,80244,USD,customs-85177950-2026H1-breakdown-usd.csv
202602,文莱,8,1806,USD,customs-85177950-2026H1-breakdown-usd.csv
202602,斐济,1,1339,USD,customs-85177950-2026H1-breakdown-usd.csv
202602,斯洛伐克,32,133325,USD,customs-85177950-2026H1-breakdown-usd.csv
202602,斯洛文尼亚,36,32455,USD,customs-85177950-2026H1-breakdown-usd.csv
202602,斯里兰卡,59,25651,USD,customs-85177950-2026H1-breakdown-usd.csv
202602,新加坡,11644,5201023,USD,customs-85177950-2026H1-breakdown-usd.csv
202602,新喀里多尼亚,1,2498,USD,customs-85177950-2026H1-breakdown-usd.csv
202602,新西兰,72,41196,USD,customs-85177950-2026H1-breakdown-usd.csv
202602,日本,5185,9413467,USD,customs-85177950-2026H1-breakdown-usd.csv
202602,智利,131,99986,USD,customs-85177950-2026H1-breakdown-usd.csv
202602,柬埔寨,454,46792,USD,customs-85177950-2026H1-breakdown-usd.csv
202602,格鲁吉亚,23,16588,USD,customs-85177950-2026H1-breakdown-usd.csv
202602,比利时,976,635229,USD,customs-85177950-2026H1-breakdown-usd.csv
202602,毛里求斯,2,1818,USD,customs-85177950-2026H1-breakdown-usd.csv
202602,沙特阿拉伯,1183,661365,USD,customs-85177950-2026H1-breakdown-usd.csv
202602,法国,623,316817,USD,customs-85177950-2026H1-breakdown-usd.csv
202602,波兰,1907,868925,USD,customs-85177950-2026H1-breakdown-usd.csv
202602,波多黎各,1,138,USD,customs-85177950-2026H1-breakdown-usd.csv
202602,波斯尼亚和黑塞哥维那,59,50028,USD,customs-85177950-2026H1-breakdown-usd.csv
202602,泰国,12353,29357405,USD,customs-85177950-2026H1-breakdown-usd.csv
202602,津巴布韦,31,71911,USD,customs-85177950-2026H1-breakdown-usd.csv
202602,洪都拉斯,19,9629,USD,customs-85177950-2026H1-breakdown-usd.csv
202602,澳大利亚,2558,1364478,USD,customs-85177950-2026H1-breakdown-usd.csv
202602,爱尔兰,17763,4217026,USD,customs-85177950-2026H1-breakdown-usd.csv
202602,爱沙尼亚,11,18147,USD,customs-85177950-2026H1-breakdown-usd.csv
202602,特立尼达和多巴哥,0,470,USD,customs-85177950-2026H1-breakdown-usd.csv
202602,"玻利维亚
",1,1048,USD,customs-85177950-2026H1-breakdown-usd.csv
202602,瑞典,2755,890618,USD,customs-85177950-2026H1-breakdown-usd.csv
202602,瑞士,603,552670,USD,customs-85177950-2026H1-breakdown-usd.csv
202602,留尼汪,0,179,USD,customs-85177950-2026H1-breakdown-usd.csv
202602,白俄罗斯,3,6172,USD,customs-85177950-2026H1-breakdown-usd.csv
202602,科威特,0,9867,USD,customs-85177950-2026H1-breakdown-usd.csv
202602,科摩罗,3,208,USD,customs-85177950-2026H1-breakdown-usd.csv
202602,科特迪瓦,11,16833,USD,customs-85177950-2026H1-breakdown-usd.csv
202602,秘鲁,930,1583388,USD,customs-85177950-2026H1-breakdown-usd.csv
202602,突尼斯,60,145384,USD,customs-85177950-2026H1-breakdown-usd.csv
202602,立陶宛,113,14853,USD,customs-85177950-2026H1-breakdown-usd.csv
202602,约旦,51,11296,USD,customs-85177950-2026H1-breakdown-usd.csv
202602,缅甸,25,31405,USD,customs-85177950-2026H1-breakdown-usd.csv
202602,罗马尼亚,125,35983,USD,customs-85177950-2026H1-breakdown-usd.csv
202602,美国,18066,20264159,USD,customs-85177950-2026H1-breakdown-usd.csv
202602,老挝,29,2197,USD,customs-85177950-2026H1-breakdown-usd.csv
202602,肯尼亚,207,67483,USD,customs-85177950-2026H1-breakdown-usd.csv
202602,芬兰,610,849621,USD,customs-85177950-2026H1-breakdown-usd.csv
202602,英国,1918,1958526,USD,customs-85177950-2026H1-breakdown-usd.csv
202602,荷兰,8011,6952132,USD,customs-85177950-2026H1-breakdown-usd.csv
202602,莫桑比克,56,5867,USD,customs-85177950-2026H1-breakdown-usd.csv
202602,菲律宾,506,262527,USD,customs-85177950-2026H1-breakdown-usd.csv
202602,萨尔瓦多,27,18176,USD,customs-85177950-2026H1-breakdown-usd.csv
202602,葡萄牙,112,115689,USD,customs-85177950-2026H1-breakdown-usd.csv
202602,蒙古,43,38117,USD,customs-85177950-2026H1-breakdown-usd.csv
202602,西班牙,202,154041,USD,customs-85177950-2026H1-breakdown-usd.csv
202602,贝宁,43,53461,USD,customs-85177950-2026H1-breakdown-usd.csv
202602,赞比亚,1,3050,USD,customs-85177950-2026H1-breakdown-usd.csv
202602,越南,3062,1365779,USD,customs-85177950-2026H1-breakdown-usd.csv
202602,阿塞拜疆,20,44239,USD,customs-85177950-2026H1-breakdown-usd.csv
202602,阿富汗,8,3473,USD,customs-85177950-2026H1-breakdown-usd.csv
202602,阿尔及利亚,1345,1162381,USD,customs-85177950-2026H1-breakdown-usd.csv
202602,阿曼,68,7262,USD,customs-85177950-2026H1-breakdown-usd.csv
202602,阿根廷,377,660492,USD,customs-85177950-2026H1-breakdown-usd.csv
202602,阿联酋,2931,1838695,USD,customs-85177950-2026H1-breakdown-usd.csv
202602,韩国,4825,5078857,USD,customs-85177950-2026H1-breakdown-usd.csv
202602,马尔代夫,5,1572,USD,customs-85177950-2026H1-breakdown-usd.csv
202602,马拉维,74,34648,USD,customs-85177950-2026H1-breakdown-usd.csv
202602,马来西亚,73169,194672234,USD,customs-85177950-2026H1-breakdown-usd.csv
202602,马达加斯加,5,1970,USD,customs-85177950-2026H1-breakdown-usd.csv
202602,马里,0,704,USD,customs-85177950-2026H1-breakdown-usd.csv
202602,黎巴嫩,5,10606,USD,customs-85177950-2026H1-breakdown-usd.csv
202603,不丹,11,4089,USD,customs-85177950-2026H1-breakdown-usd.csv
202603,东帝汶,2,7696,USD,customs-85177950-2026H1-breakdown-usd.csv
202603,中国台湾,45961,69164012,USD,customs-85177950-2026H1-breakdown-usd.csv
202603,中国澳门,62,80290,USD,customs-85177950-2026H1-breakdown-usd.csv
202603,中国香港,12329,18848293,USD,customs-85177950-2026H1-breakdown-usd.csv
202603,丹麦,980,569716,USD,customs-85177950-2026H1-breakdown-usd.csv
202603,乌克兰,240,111458,USD,customs-85177950-2026H1-breakdown-usd.csv
202603,乌兹别克斯坦,294,166082,USD,customs-85177950-2026H1-breakdown-usd.csv
202603,乌干达,68,68477,USD,customs-85177950-2026H1-breakdown-usd.csv
202603,乌拉圭,49,43673,USD,customs-85177950-2026H1-breakdown-usd.csv
202603,亚美尼亚,1,1001,USD,customs-85177950-2026H1-breakdown-usd.csv
202603,以色列,857,916563,USD,customs-85177950-2026H1-breakdown-usd.csv
202603,伊拉克,83,30192,USD,customs-85177950-2026H1-breakdown-usd.csv
202603,俄罗斯,7439,4914377,USD,customs-85177950-2026H1-breakdown-usd.csv
202603,保加利亚,33,19513,USD,customs-85177950-2026H1-breakdown-usd.csv
202603,克罗地亚,0,880,USD,customs-85177950-2026H1-breakdown-usd.csv
202603,冰岛,1,192,USD,customs-85177950-2026H1-breakdown-usd.csv
202603,几内亚,127,273622,USD,customs-85177950-2026H1-breakdown-usd.csv
202603,列支敦士登,6,4316,USD,customs-85177950-2026H1-breakdown-usd.csv
202603,刚果共和国,7,38325,USD,customs-85177950-2026H1-breakdown-usd.csv
202603,刚果民主共和国,271,66359,USD,customs-85177950-2026H1-breakdown-usd.csv
202603,利比亚,3,4969,USD,customs-85177950-2026H1-breakdown-usd.csv
202603,利比里亚,3,1340,USD,customs-85177950-2026H1-breakdown-usd.csv
202603,加拿大,1661,2404009,USD,customs-85177950-2026H1-breakdown-usd.csv
202603,加纳,39,11724,USD,customs-85177950-2026H1-breakdown-usd.csv
202603,加蓬,20,4300,USD,customs-85177950-2026H1-breakdown-usd.csv
202603,匈牙利,2567,4402292,USD,customs-85177950-2026H1-breakdown-usd.csv
202603,北马其顿,2,1756,USD,customs-85177950-2026H1-breakdown-usd.csv
202603,南非,742,648757,USD,customs-85177950-2026H1-breakdown-usd.csv
202603,博茨瓦纳,27,5915,USD,customs-85177950-2026H1-breakdown-usd.csv
202603,卡塔尔,4,17718,USD,customs-85177950-2026H1-breakdown-usd.csv
202603,卢旺达,3,3203,USD,customs-85177950-2026H1-breakdown-usd.csv
202603,卢森堡,1,132,USD,customs-85177950-2026H1-breakdown-usd.csv
202603,印度,10305,3323457,USD,customs-85177950-2026H1-breakdown-usd.csv
202603,印度尼西亚,3275,3768920,USD,customs-85177950-2026H1-breakdown-usd.csv
202603,危地马拉,28,9006,USD,customs-85177950-2026H1-breakdown-usd.csv
202603,厄瓜多尔,47,36891,USD,customs-85177950-2026H1-breakdown-usd.csv
202603,吉尔吉斯斯坦,26,13977,USD,customs-85177950-2026H1-breakdown-usd.csv
202603,哈萨克斯坦,344,408493,USD,customs-85177950-2026H1-breakdown-usd.csv
202603,哥伦比亚,586,2050350,USD,customs-85177950-2026H1-breakdown-usd.csv
202603,哥斯达黎加,9,16851,USD,customs-85177950-2026H1-breakdown-usd.csv
202603,喀麦隆,24,11403,USD,customs-85177950-2026H1-breakdown-usd.csv
202603,土库曼斯坦,8,11126,USD,customs-85177950-2026H1-breakdown-usd.csv
202603,土耳其,1444,929762,USD,customs-85177950-2026H1-breakdown-usd.csv
202603,圣卢西亚,0,733,USD,customs-85177950-2026H1-breakdown-usd.csv
202603,圣马力诺,3,1990,USD,customs-85177950-2026H1-breakdown-usd.csv
202603,圭亚那,0,843,USD,customs-85177950-2026H1-breakdown-usd.csv
202603,坦桑尼亚,51,66809,USD,customs-85177950-2026H1-breakdown-usd.csv
202603,埃及,302,162905,USD,customs-85177950-2026H1-breakdown-usd.csv
202603,埃塞俄比亚,73,55769,USD,customs-85177950-2026H1-breakdown-usd.csv
202603,塔吉克斯坦,12,3981,USD,customs-85177950-2026H1-breakdown-usd.csv
202603,塞内加尔,55,24721,USD,customs-85177950-2026H1-breakdown-usd.csv
202603,塞尔维亚,127,57223,USD,customs-85177950-2026H1-breakdown-usd.csv
202603,塞拉利昂,10,380,USD,customs-85177950-2026H1-breakdown-usd.csv
202603,塞浦路斯,19,6469,USD,customs-85177950-2026H1-breakdown-usd.csv
202603,墨西哥,13758,42164722,USD,customs-85177950-2026H1-breakdown-usd.csv
202603,多哥,3,18840,USD,customs-85177950-2026H1-breakdown-usd.csv
202603,"多米尼加
",7,19042,USD,customs-85177950-2026H1-breakdown-usd.csv
202603,奥地利,56,32144,USD,customs-85177950-2026H1-breakdown-usd.csv
202603,委内瑞拉,2,18461,USD,customs-85177950-2026H1-breakdown-usd.csv
202603,孟加拉国,117,59583,USD,customs-85177950-2026H1-breakdown-usd.csv
202603,安哥拉,31,12427,USD,customs-85177950-2026H1-breakdown-usd.csv
202603,密克罗尼西亚联邦,1,796,USD,customs-85177950-2026H1-breakdown-usd.csv
202603,尼加拉瓜,7,4331,USD,customs-85177950-2026H1-breakdown-usd.csv
202603,尼日利亚,206,104957,USD,customs-85177950-2026H1-breakdown-usd.csv
202603,尼日尔,0,56,USD,customs-85177950-2026H1-breakdown-usd.csv
202603,尼泊尔,16,6649,USD,customs-85177950-2026H1-breakdown-usd.csv
202603,巴基斯坦,341,454843,USD,customs-85177950-2026H1-breakdown-usd.csv
202603,巴布亚新几内亚,5,1733,USD,customs-85177950-2026H1-breakdown-usd.csv
202603,巴拉圭,35,63453,USD,customs-85177950-2026H1-breakdown-usd.csv
202603,巴拿马,854,675967,USD,customs-85177950-2026H1-breakdown-usd.csv
202603,巴林,11,8535,USD,customs-85177950-2026H1-breakdown-usd.csv
202603,巴西,5703,2864770,USD,customs-85177950-2026H1-breakdown-usd.csv
202603,希腊,74,18619,USD,customs-85177950-2026H1-breakdown-usd.csv
202603,帕劳,5,2234,USD,customs-85177950-2026H1-breakdown-usd.csv
202603,库克群岛,1,248,USD,customs-85177950-2026H1-breakdown-usd.csv
202603,"库拉索
",0,48,USD,customs-85177950-2026H1-breakdown-usd.csv
202603,德国,8616,6746765,USD,customs-85177950-2026H1-breakdown-usd.csv
202603,意大利,749,509086,USD,customs-85177950-2026H1-breakdown-usd.csv
202603,所罗门群岛,3,1883,USD,customs-85177950-2026H1-breakdown-usd.csv
202603,拉脱维亚,1004,596821,USD,customs-85177950-2026H1-breakdown-usd.csv
202603,挪威,928,766263,USD,customs-85177950-2026H1-breakdown-usd.csv
202603,捷克,2056,552023,USD,customs-85177950-2026H1-breakdown-usd.csv
202603,摩尔多瓦,51,15212,USD,customs-85177950-2026H1-breakdown-usd.csv
202603,摩洛哥,544,221168,USD,customs-85177950-2026H1-breakdown-usd.csv
202603,文莱,8,36792,USD,customs-85177950-2026H1-breakdown-usd.csv
202603,斐济,0,2071,USD,customs-85177950-2026H1-breakdown-usd.csv
202603,斯威士兰,15,31085,USD,customs-85177950-2026H1-breakdown-usd.csv
202603,斯洛伐克,90,203801,USD,customs-85177950-2026H1-breakdown-usd.csv
202603,斯洛文尼亚,88,77818,USD,customs-85177950-2026H1-breakdown-usd.csv
202603,斯里兰卡,182,58689,USD,customs-85177950-2026H1-breakdown-usd.csv
202603,新加坡,7584,11836221,USD,customs-85177950-2026H1-breakdown-usd.csv
202603,新喀里多尼亚,2,5545,USD,customs-85177950-2026H1-breakdown-usd.csv
202603,新西兰,70,64296,USD,customs-85177950-2026H1-breakdown-usd.csv
202603,日本,4472,7819914,USD,customs-85177950-2026H1-breakdown-usd.csv
202603,智利,290,246165,USD,customs-85177950-2026H1-breakdown-usd.csv
202603,柬埔寨,55,12474,USD,customs-85177950-2026H1-breakdown-usd.csv
202603,格林纳达,1,382,USD,customs-85177950-2026H1-breakdown-usd.csv
202603,格鲁吉亚,64,14117,USD,customs-85177950-2026H1-breakdown-usd.csv
202603,比利时,1157,1020099,USD,customs-85177950-2026H1-breakdown-usd.csv
202603,毛里塔尼亚,20,6210,USD,customs-85177950-2026H1-breakdown-usd.csv
202603,毛里求斯,4,7356,USD,customs-85177950-2026H1-breakdown-usd.csv
202603,汤加,0,223,USD,customs-85177950-2026H1-breakdown-usd.csv
202603,沙特阿拉伯,956,1444169,USD,customs-85177950-2026H1-breakdown-usd.csv
202603,法国,1297,789064,USD,customs-85177950-2026H1-breakdown-usd.csv
202603,法属波利尼西亚,0,76,USD,customs-85177950-2026H1-breakdown-usd.csv
202603,波兰,2234,814661,USD,customs-85177950-2026H1-breakdown-usd.csv
202603,波多黎各,5,3409,USD,customs-85177950-2026H1-breakdown-usd.csv
202603,波斯尼亚和黑塞哥维那,32,42919,USD,customs-85177950-2026H1-breakdown-usd.csv
202603,泰国,24445,47871319,USD,customs-85177950-2026H1-breakdown-usd.csv
202603,洪都拉斯,10,3209,USD,customs-85177950-2026H1-breakdown-usd.csv
202603,海地,23,22582,USD,customs-85177950-2026H1-breakdown-usd.csv
202603,澳大利亚,2064,890508,USD,customs-85177950-2026H1-breakdown-usd.csv
202603,爱尔兰,425,483631,USD,customs-85177950-2026H1-breakdown-usd.csv
202603,爱沙尼亚,33,19046,USD,customs-85177950-2026H1-breakdown-usd.csv
202603,牙买加,14,2433,USD,customs-85177950-2026H1-breakdown-usd.csv
202603,特立尼达和多巴哥,0,1046,USD,customs-85177950-2026H1-breakdown-usd.csv
202603,"玻利维亚
",18,19193,USD,customs-85177950-2026H1-breakdown-usd.csv
202603,瑞典,4949,1745843,USD,customs-85177950-2026H1-breakdown-usd.csv
202603,瑞士,783,868322,USD,customs-85177950-2026H1-breakdown-usd.csv
202603,留尼汪,1,1063,USD,customs-85177950-2026H1-breakdown-usd.csv
202603,白俄罗斯,37,34577,USD,customs-85177950-2026H1-breakdown-usd.csv
202603,百慕大,0,3675,USD,customs-85177950-2026H1-breakdown-usd.csv
202603,科特迪瓦,73,32419,USD,customs-85177950-2026H1-breakdown-usd.csv
202603,秘鲁,404,579183,USD,customs-85177950-2026H1-breakdown-usd.csv
202603,突尼斯,64,28547,USD,customs-85177950-2026H1-breakdown-usd.csv
202603,立陶宛,220,46285,USD,customs-85177950-2026H1-breakdown-usd.csv
202603,索马里,9,1893,USD,customs-85177950-2026H1-breakdown-usd.csv
202603,约旦,0,5115,USD,customs-85177950-2026H1-breakdown-usd.csv
202603,纳米比亚,4,6440,USD,customs-85177950-2026H1-breakdown-usd.csv
202603,缅甸,40,118517,USD,customs-85177950-2026H1-breakdown-usd.csv
202603,罗马尼亚,531,442140,USD,customs-85177950-2026H1-breakdown-usd.csv
202603,美国,21637,30158997,USD,customs-85177950-2026H1-breakdown-usd.csv
202603,老挝,43,15334,USD,customs-85177950-2026H1-breakdown-usd.csv
202603,肯尼亚,33,10205,USD,customs-85177950-2026H1-breakdown-usd.csv
202603,芬兰,345,145709,USD,customs-85177950-2026H1-breakdown-usd.csv
202603,苏丹,43,24020,USD,customs-85177950-2026H1-breakdown-usd.csv
202603,英国,3215,3794001,USD,customs-85177950-2026H1-breakdown-usd.csv
202603,荷兰,10003,9263917,USD,customs-85177950-2026H1-breakdown-usd.csv
202603,莫桑比克,4,272,USD,customs-85177950-2026H1-breakdown-usd.csv
202603,菲律宾,1186,452516,USD,customs-85177950-2026H1-breakdown-usd.csv
202603,萨尔瓦多,17,129235,USD,customs-85177950-2026H1-breakdown-usd.csv
202603,葡萄牙,63,92395,USD,customs-85177950-2026H1-breakdown-usd.csv
202603,蒙古,5,6429,USD,customs-85177950-2026H1-breakdown-usd.csv
202603,西班牙,255,237341,USD,customs-85177950-2026H1-breakdown-usd.csv
202603,贝宁,5,16509,USD,customs-85177950-2026H1-breakdown-usd.csv
202603,赞比亚,117,79594,USD,customs-85177950-2026H1-breakdown-usd.csv
202603,赤道几内亚,9,2412,USD,customs-85177950-2026H1-breakdown-usd.csv
202603,越南,1619,2156353,USD,customs-85177950-2026H1-breakdown-usd.csv
202603,阿塞拜疆,60,46011,USD,customs-85177950-2026H1-breakdown-usd.csv
202603,阿富汗,7,7273,USD,customs-85177950-2026H1-breakdown-usd.csv
202603,阿尔及利亚,344,339660,USD,customs-85177950-2026H1-breakdown-usd.csv
202603,阿曼,27,27703,USD,customs-85177950-2026H1-breakdown-usd.csv
202603,阿根廷,377,176733,USD,customs-85177950-2026H1-breakdown-usd.csv
202603,阿联酋,1557,2045287,USD,customs-85177950-2026H1-breakdown-usd.csv
202603,阿鲁巴,3,3864,USD,customs-85177950-2026H1-breakdown-usd.csv
202603,韩国,4088,3731524,USD,customs-85177950-2026H1-breakdown-usd.csv
202603,马尔代夫,49,6668,USD,customs-85177950-2026H1-breakdown-usd.csv
202603,马来西亚,75573,200505061,USD,customs-85177950-2026H1-breakdown-usd.csv
202603,马达加斯加,0,209,USD,customs-85177950-2026H1-breakdown-usd.csv
202603,马里,2,966,USD,customs-85177950-2026H1-breakdown-usd.csv
202603,黎巴嫩,12,509,USD,customs-85177950-2026H1-breakdown-usd.csv
202603,黑山,39,21307,USD,customs-85177950-2026H1-breakdown-usd.csv
202604,不丹,16,4011,USD,customs-85177950-2026H1-breakdown-usd.csv
202604,东帝汶,0,285,USD,customs-85177950-2026H1-breakdown-usd.csv
202604,中国台湾,49814,79676454,USD,customs-85177950-2026H1-breakdown-usd.csv
202604,中国澳门,73,97895,USD,customs-85177950-2026H1-breakdown-usd.csv
202604,中国香港,20147,35547556,USD,customs-85177950-2026H1-breakdown-usd.csv
202604,丹麦,365,282104,USD,customs-85177950-2026H1-breakdown-usd.csv
202604,乌克兰,749,226981,USD,customs-85177950-2026H1-breakdown-usd.csv
202604,乌兹别克斯坦,211,165514,USD,customs-85177950-2026H1-breakdown-usd.csv
202604,乌干达,27,40709,USD,customs-85177950-2026H1-breakdown-usd.csv
202604,乌拉圭,11,3713,USD,customs-85177950-2026H1-breakdown-usd.csv
202604,乍得,5,1993,USD,customs-85177950-2026H1-breakdown-usd.csv
202604,亚美尼亚,662,129587,USD,customs-85177950-2026H1-breakdown-usd.csv
202604,以色列,1062,2349844,USD,customs-85177950-2026H1-breakdown-usd.csv
202604,伊拉克,271,222172,USD,customs-85177950-2026H1-breakdown-usd.csv
202604,伊朗,78,48370,USD,customs-85177950-2026H1-breakdown-usd.csv
202604,佛得角,38,15757,USD,customs-85177950-2026H1-breakdown-usd.csv
202604,俄罗斯,11747,5622354,USD,customs-85177950-2026H1-breakdown-usd.csv
202604,保加利亚,137,70091,USD,customs-85177950-2026H1-breakdown-usd.csv
202604,克罗地亚,52,15941,USD,customs-85177950-2026H1-breakdown-usd.csv
202604,"关岛
",2,669,USD,customs-85177950-2026H1-breakdown-usd.csv
202604,冈比亚,20,228,USD,customs-85177950-2026H1-breakdown-usd.csv
202604,几内亚,11,7709,USD,customs-85177950-2026H1-breakdown-usd.csv
202604,几内亚比绍,1,144,USD,customs-85177950-2026H1-breakdown-usd.csv
202604,列支敦士登,12,11389,USD,customs-85177950-2026H1-breakdown-usd.csv
202604,刚果共和国,8,72,USD,customs-85177950-2026H1-breakdown-usd.csv
202604,刚果民主共和国,277,133994,USD,customs-85177950-2026H1-breakdown-usd.csv
202604,利比亚,3,1957,USD,customs-85177950-2026H1-breakdown-usd.csv
202604,加拿大,2576,2104589,USD,customs-85177950-2026H1-breakdown-usd.csv
202604,加纳,134,53147,USD,customs-85177950-2026H1-breakdown-usd.csv
202604,加蓬,11,1597,USD,customs-85177950-2026H1-breakdown-usd.csv
202604,匈牙利,1893,2757132,USD,customs-85177950-2026H1-breakdown-usd.csv
202604,南苏丹,0,268,USD,customs-85177950-2026H1-breakdown-usd.csv
202604,南非,594,155988,USD,customs-85177950-2026H1-breakdown-usd.csv
202604,博茨瓦纳,5,5892,USD,customs-85177950-2026H1-breakdown-usd.csv
202604,卡塔尔,8,32363,USD,customs-85177950-2026H1-breakdown-usd.csv
202604,卢旺达,5,2157,USD,customs-85177950-2026H1-breakdown-usd.csv
202604,卢森堡,2,9448,USD,customs-85177950-2026H1-breakdown-usd.csv
202604,印度,10049,3663699,USD,customs-85177950-2026H1-breakdown-usd.csv
202604,印度尼西亚,2370,1637496,USD,customs-85177950-2026H1-breakdown-usd.csv
202604,危地马拉,856,55565,USD,customs-85177950-2026H1-breakdown-usd.csv
202604,厄瓜多尔,668,383284,USD,customs-85177950-2026H1-breakdown-usd.csv
202604,吉尔吉斯斯坦,58,31964,USD,customs-85177950-2026H1-breakdown-usd.csv
202604,哈萨克斯坦,363,140076,USD,customs-85177950-2026H1-breakdown-usd.csv
202604,哥伦比亚,696,222082,USD,customs-85177950-2026H1-breakdown-usd.csv
202604,哥斯达黎加,48,145030,USD,customs-85177950-2026H1-breakdown-usd.csv
202604,喀麦隆,25,7128,USD,customs-85177950-2026H1-breakdown-usd.csv
202604,土库曼斯坦,2,1342,USD,customs-85177950-2026H1-breakdown-usd.csv
202604,土耳其,1659,2021553,USD,customs-85177950-2026H1-breakdown-usd.csv
202604,"圣文森特和格林纳丁斯
",1,485,USD,customs-85177950-2026H1-breakdown-usd.csv
202604,圭亚那,2,10553,USD,customs-85177950-2026H1-breakdown-usd.csv
202604,坦桑尼亚,284,117432,USD,customs-85177950-2026H1-breakdown-usd.csv
202604,埃及,215,653235,USD,customs-85177950-2026H1-breakdown-usd.csv
202604,埃塞俄比亚,54,185813,USD,customs-85177950-2026H1-breakdown-usd.csv
202604,塔吉克斯坦,39,46717,USD,customs-85177950-2026H1-breakdown-usd.csv
202604,塞内加尔,198,164890,USD,customs-85177950-2026H1-breakdown-usd.csv
202604,塞尔维亚,154,17512,USD,customs-85177950-2026H1-breakdown-usd.csv
202604,塞拉利昂,15,11136,USD,customs-85177950-2026H1-breakdown-usd.csv
202604,塞浦路斯,20,20957,USD,customs-85177950-2026H1-breakdown-usd.csv
202604,塞舌尔,6,1595,USD,customs-85177950-2026H1-breakdown-usd.csv
202604,墨西哥,12831,41774083,USD,customs-85177950-2026H1-breakdown-usd.csv
202604,"多米尼加
",44,57499,USD,customs-85177950-2026H1-breakdown-usd.csv
202604,奥地利,50,27646,USD,customs-85177950-2026H1-breakdown-usd.csv
202604,委内瑞拉,172,314087,USD,customs-85177950-2026H1-breakdown-usd.csv
202604,孟加拉国,511,215245,USD,customs-85177950-2026H1-breakdown-usd.csv
202604,安哥拉,37,22743,USD,customs-85177950-2026H1-breakdown-usd.csv
202604,尼日利亚,126,44483,USD,customs-85177950-2026H1-breakdown-usd.csv
202604,尼日尔,0,198,USD,customs-85177950-2026H1-breakdown-usd.csv
202604,尼泊尔,17,13550,USD,customs-85177950-2026H1-breakdown-usd.csv
202604,巴哈马,11,13999,USD,customs-85177950-2026H1-breakdown-usd.csv
202604,巴基斯坦,417,307408,USD,customs-85177950-2026H1-breakdown-usd.csv
202604,巴布亚新几内亚,14,4253,USD,customs-85177950-2026H1-breakdown-usd.csv
202604,巴拉圭,339,127733,USD,customs-85177950-2026H1-breakdown-usd.csv
202604,巴拿马,721,850965,USD,customs-85177950-2026H1-breakdown-usd.csv
202604,巴林,0,567,USD,customs-85177950-2026H1-breakdown-usd.csv
202604,巴西,5518,3163101,USD,customs-85177950-2026H1-breakdown-usd.csv
202604,布基纳法索,37,12999,USD,customs-85177950-2026H1-breakdown-usd.csv
202604,希腊,66,18405,USD,customs-85177950-2026H1-breakdown-usd.csv
202604,帕劳,12,3678,USD,customs-85177950-2026H1-breakdown-usd.csv
202604,德国,11558,8106406,USD,customs-85177950-2026H1-breakdown-usd.csv
202604,意大利,319,229423,USD,customs-85177950-2026H1-breakdown-usd.csv
202604,所罗门群岛,4,223,USD,customs-85177950-2026H1-breakdown-usd.csv
202604,拉脱维亚,1199,667567,USD,customs-85177950-2026H1-breakdown-usd.csv
202604,挪威,387,424373,USD,customs-85177950-2026H1-breakdown-usd.csv
202604,捷克,882,290135,USD,customs-85177950-2026H1-breakdown-usd.csv
202604,摩尔多瓦,185,253928,USD,customs-85177950-2026H1-breakdown-usd.csv
202604,摩洛哥,182,41681,USD,customs-85177950-2026H1-breakdown-usd.csv
202604,文莱,3,2082,USD,customs-85177950-2026H1-breakdown-usd.csv
202604,斐济,0,3072,USD,customs-85177950-2026H1-breakdown-usd.csv
202604,斯威士兰,0,499,USD,customs-85177950-2026H1-breakdown-usd.csv
202604,斯洛伐克,79,158202,USD,customs-85177950-2026H1-breakdown-usd.csv
202604,斯洛文尼亚,88,124280,USD,customs-85177950-2026H1-breakdown-usd.csv
202604,斯里兰卡,90,38109,USD,customs-85177950-2026H1-breakdown-usd.csv
202604,新加坡,5432,5703448,USD,customs-85177950-2026H1-breakdown-usd.csv
202604,新喀里多尼亚,0,89,USD,customs-85177950-2026H1-breakdown-usd.csv
202604,新西兰,112,55313,USD,customs-85177950-2026H1-breakdown-usd.csv
202604,日本,4511,4332974,USD,customs-85177950-2026H1-breakdown-usd.csv
202604,智利,73,30733,USD,customs-85177950-2026H1-breakdown-usd.csv
202604,柬埔寨,129,48181,USD,customs-85177950-2026H1-breakdown-usd.csv
202604,格鲁吉亚,3,21450,USD,customs-85177950-2026H1-breakdown-usd.csv
202604,比利时,1398,1097427,USD,customs-85177950-2026H1-breakdown-usd.csv
202604,毛里塔尼亚,257,69890,USD,customs-85177950-2026H1-breakdown-usd.csv
202604,毛里求斯,9,4955,USD,customs-85177950-2026H1-breakdown-usd.csv
202604,沙特阿拉伯,1440,1070298,USD,customs-85177950-2026H1-breakdown-usd.csv
202604,法国,2323,1135575,USD,customs-85177950-2026H1-breakdown-usd.csv
202604,波兰,2866,1241435,USD,customs-85177950-2026H1-breakdown-usd.csv
202604,波多黎各,11,6454,USD,customs-85177950-2026H1-breakdown-usd.csv
202604,波斯尼亚和黑塞哥维那,26,12819,USD,customs-85177950-2026H1-breakdown-usd.csv
202604,泰国,15848,32007781,USD,customs-85177950-2026H1-breakdown-usd.csv
202604,津巴布韦,61,12381,USD,customs-85177950-2026H1-breakdown-usd.csv
202604,洪都拉斯,20,24690,USD,customs-85177950-2026H1-breakdown-usd.csv
202604,海地,4,905,USD,customs-85177950-2026H1-breakdown-usd.csv
202604,澳大利亚,1170,1236332,USD,customs-85177950-2026H1-breakdown-usd.csv
202604,爱尔兰,1327,806918,USD,customs-85177950-2026H1-breakdown-usd.csv
202604,爱沙尼亚,26,31923,USD,customs-85177950-2026H1-breakdown-usd.csv
202604,特立尼达和多巴哥,0,1788,USD,customs-85177950-2026H1-breakdown-usd.csv
202604,"玻利维亚
",18,9668,USD,customs-85177950-2026H1-breakdown-usd.csv
202604,瑞典,3893,1794745,USD,customs-85177950-2026H1-breakdown-usd.csv
202604,瑞士,168,212170,USD,customs-85177950-2026H1-breakdown-usd.csv
202604,留尼汪,1,719,USD,customs-85177950-2026H1-breakdown-usd.csv
202604,白俄罗斯,160,17551,USD,customs-85177950-2026H1-breakdown-usd.csv
202604,百慕大,0,161,USD,customs-85177950-2026H1-breakdown-usd.csv
202604,科威特,0,710,USD,customs-85177950-2026H1-breakdown-usd.csv
202604,科特迪瓦,8,11583,USD,customs-85177950-2026H1-breakdown-usd.csv
202604,秘鲁,352,290636,USD,customs-85177950-2026H1-breakdown-usd.csv
202604,突尼斯,20,33908,USD,customs-85177950-2026H1-breakdown-usd.csv
202604,立陶宛,258,62805,USD,customs-85177950-2026H1-breakdown-usd.csv
202604,索马里,8,1670,USD,customs-85177950-2026H1-breakdown-usd.csv
202604,约旦,38,11176,USD,customs-85177950-2026H1-breakdown-usd.csv
202604,缅甸,123,85575,USD,customs-85177950-2026H1-breakdown-usd.csv
202604,罗马尼亚,641,361768,USD,customs-85177950-2026H1-breakdown-usd.csv
202604,美国,31266,39683139,USD,customs-85177950-2026H1-breakdown-usd.csv
202604,老挝,34,2249,USD,customs-85177950-2026H1-breakdown-usd.csv
202604,肯尼亚,572,212136,USD,customs-85177950-2026H1-breakdown-usd.csv
202604,芬兰,197,88027,USD,customs-85177950-2026H1-breakdown-usd.csv
202604,英国,3325,5026119,USD,customs-85177950-2026H1-breakdown-usd.csv
202604,荷兰,10074,7923780,USD,customs-85177950-2026H1-breakdown-usd.csv
202604,莫桑比克,6,7692,USD,customs-85177950-2026H1-breakdown-usd.csv
202604,菲律宾,1151,659935,USD,customs-85177950-2026H1-breakdown-usd.csv
202604,萨尔瓦多,26,20175,USD,customs-85177950-2026H1-breakdown-usd.csv
202604,葡萄牙,429,477160,USD,customs-85177950-2026H1-breakdown-usd.csv
202604,蒙古,163,81122,USD,customs-85177950-2026H1-breakdown-usd.csv
202604,西班牙,343,196257,USD,customs-85177950-2026H1-breakdown-usd.csv
202604,贝宁,30,11584,USD,customs-85177950-2026H1-breakdown-usd.csv
202604,赞比亚,50,13136,USD,customs-85177950-2026H1-breakdown-usd.csv
202604,赤道几内亚,6,6209,USD,customs-85177950-2026H1-breakdown-usd.csv
202604,越南,8402,5584514,USD,customs-85177950-2026H1-breakdown-usd.csv
202604,阿塞拜疆,59,37693,USD,customs-85177950-2026H1-breakdown-usd.csv
202604,阿富汗,23,32981,USD,customs-85177950-2026H1-breakdown-usd.csv
202604,阿尔及利亚,199,90470,USD,customs-85177950-2026H1-breakdown-usd.csv
202604,阿尔巴尼亚,0,735,USD,customs-85177950-2026H1-breakdown-usd.csv
202604,阿曼,146,149135,USD,customs-85177950-2026H1-breakdown-usd.csv
202604,阿根廷,577,356099,USD,customs-85177950-2026H1-breakdown-usd.csv
202604,阿联酋,2350,7504506,USD,customs-85177950-2026H1-breakdown-usd.csv
202604,韩国,5142,4104988,USD,customs-85177950-2026H1-breakdown-usd.csv
202604,马尔代夫,1,455,USD,customs-85177950-2026H1-breakdown-usd.csv
202604,马拉维,0,518,USD,customs-85177950-2026H1-breakdown-usd.csv
202604,马来西亚,106434,294351361,USD,customs-85177950-2026H1-breakdown-usd.csv
202604,马约特,0,140,USD,customs-85177950-2026H1-breakdown-usd.csv
202604,马耳他,3,684,USD,customs-85177950-2026H1-breakdown-usd.csv
202604,马达加斯加,28,3216,USD,customs-85177950-2026H1-breakdown-usd.csv
202604,马里,167,321197,USD,customs-85177950-2026H1-breakdown-usd.csv
202604,黎巴嫩,45,12495,USD,customs-85177950-2026H1-breakdown-usd.csv
202604,黑山,7,1948,USD,customs-85177950-2026H1-breakdown-usd.csv
202605,不丹,6,3697,USD,customs-85177950-2026H1-breakdown-usd.csv
202605,中国台湾,56046,100714558,USD,customs-85177950-2026H1-breakdown-usd.csv
202605,中国澳门,21,22872,USD,customs-85177950-2026H1-breakdown-usd.csv
202605,中国香港,21322,40577550,USD,customs-85177950-2026H1-breakdown-usd.csv
202605,丹麦,654,405170,USD,customs-85177950-2026H1-breakdown-usd.csv
202605,乌克兰,333,634628,USD,customs-85177950-2026H1-breakdown-usd.csv
202605,乌兹别克斯坦,201,294183,USD,customs-85177950-2026H1-breakdown-usd.csv
202605,乌干达,79,27003,USD,customs-85177950-2026H1-breakdown-usd.csv
202605,乌拉圭,35,12523,USD,customs-85177950-2026H1-breakdown-usd.csv
202605,乍得,86,127693,USD,customs-85177950-2026H1-breakdown-usd.csv
202605,也门,1,1611,USD,customs-85177950-2026H1-breakdown-usd.csv
202605,亚美尼亚,385,125258,USD,customs-85177950-2026H1-breakdown-usd.csv
202605,以色列,1281,2255897,USD,customs-85177950-2026H1-breakdown-usd.csv
202605,伊拉克,116,76126,USD,customs-85177950-2026H1-breakdown-usd.csv
202605,伊朗,11,385,USD,customs-85177950-2026H1-breakdown-usd.csv
202605,俄罗斯,11496,5538143,USD,customs-85177950-2026H1-breakdown-usd.csv
202605,保加利亚,45,34414,USD,customs-85177950-2026H1-breakdown-usd.csv
202605,克罗地亚,23,6448,USD,customs-85177950-2026H1-breakdown-usd.csv
202605,冰岛,1,1771,USD,customs-85177950-2026H1-breakdown-usd.csv
202605,几内亚,24,32743,USD,customs-85177950-2026H1-breakdown-usd.csv
202605,列支敦士登,1,3688,USD,customs-85177950-2026H1-breakdown-usd.csv
202605,刚果共和国,3,1557,USD,customs-85177950-2026H1-breakdown-usd.csv
202605,刚果民主共和国,118,39648,USD,customs-85177950-2026H1-breakdown-usd.csv
202605,利比亚,7,26803,USD,customs-85177950-2026H1-breakdown-usd.csv
202605,利比里亚,7,4340,USD,customs-85177950-2026H1-breakdown-usd.csv
202605,加拿大,2963,2351935,USD,customs-85177950-2026H1-breakdown-usd.csv
202605,加纳,130,36627,USD,customs-85177950-2026H1-breakdown-usd.csv
202605,加蓬,25,37801,USD,customs-85177950-2026H1-breakdown-usd.csv
202605,匈牙利,2832,3671164,USD,customs-85177950-2026H1-breakdown-usd.csv
202605,北马其顿,9,2394,USD,customs-85177950-2026H1-breakdown-usd.csv
202605,"北马里亚纳群岛
",21,827,USD,customs-85177950-2026H1-breakdown-usd.csv
202605,南苏丹,34,7392,USD,customs-85177950-2026H1-breakdown-usd.csv
202605,南非,1085,589355,USD,customs-85177950-2026H1-breakdown-usd.csv
202605,博茨瓦纳,9,4828,USD,customs-85177950-2026H1-breakdown-usd.csv
202605,卡塔尔,11,15501,USD,customs-85177950-2026H1-breakdown-usd.csv
202605,卢旺达,2,990,USD,customs-85177950-2026H1-breakdown-usd.csv
202605,卢森堡,1,1760,USD,customs-85177950-2026H1-breakdown-usd.csv
202605,印度,10352,3183734,USD,customs-85177950-2026H1-breakdown-usd.csv
202605,印度尼西亚,4555,8234162,USD,customs-85177950-2026H1-breakdown-usd.csv
202605,危地马拉,6,5572,USD,customs-85177950-2026H1-breakdown-usd.csv
202605,厄瓜多尔,138,51450,USD,customs-85177950-2026H1-breakdown-usd.csv
202605,厄立特里亚,0,1155,USD,customs-85177950-2026H1-breakdown-usd.csv
202605,吉尔吉斯斯坦,83,35620,USD,customs-85177950-2026H1-breakdown-usd.csv
202605,哈萨克斯坦,400,282038,USD,customs-85177950-2026H1-breakdown-usd.csv
202605,哥伦比亚,666,168311,USD,customs-85177950-2026H1-breakdown-usd.csv
202605,哥斯达黎加,11,14052,USD,customs-85177950-2026H1-breakdown-usd.csv
202605,喀麦隆,108,184777,USD,customs-85177950-2026H1-breakdown-usd.csv
202605,土库曼斯坦,0,921,USD,customs-85177950-2026H1-breakdown-usd.csv
202605,土耳其,2131,1037319,USD,customs-85177950-2026H1-breakdown-usd.csv
202605,圭亚那,2,21208,USD,customs-85177950-2026H1-breakdown-usd.csv
202605,坦桑尼亚,51,27781,USD,customs-85177950-2026H1-breakdown-usd.csv
202605,埃及,554,192929,USD,customs-85177950-2026H1-breakdown-usd.csv
202605,埃塞俄比亚,170,27466,USD,customs-85177950-2026H1-breakdown-usd.csv
202605,塔吉克斯坦,0,166,USD,customs-85177950-2026H1-breakdown-usd.csv
202605,塞内加尔,87,27742,USD,customs-85177950-2026H1-breakdown-usd.csv
202605,塞尔维亚,17,7862,USD,customs-85177950-2026H1-breakdown-usd.csv
202605,塞拉利昂,5,2415,USD,customs-85177950-2026H1-breakdown-usd.csv
202605,塞浦路斯,3,317,USD,customs-85177950-2026H1-breakdown-usd.csv
202605,塞舌尔,7,1614,USD,customs-85177950-2026H1-breakdown-usd.csv
202605,墨西哥,14928,50197950,USD,customs-85177950-2026H1-breakdown-usd.csv
202605,多哥,0,2508,USD,customs-85177950-2026H1-breakdown-usd.csv
202605,"多米尼加
",20,28068,USD,customs-85177950-2026H1-breakdown-usd.csv
202605,奥地利,84,73268,USD,customs-85177950-2026H1-breakdown-usd.csv
202605,委内瑞拉,87,48943,USD,customs-85177950-2026H1-breakdown-usd.csv
202605,孟加拉国,295,104732,USD,customs-85177950-2026H1-breakdown-usd.csv
202605,安哥拉,46,602308,USD,customs-85177950-2026H1-breakdown-usd.csv
202605,尼加拉瓜,0,130,USD,customs-85177950-2026H1-breakdown-usd.csv
202605,尼日利亚,186,102952,USD,customs-85177950-2026H1-breakdown-usd.csv
202605,尼日尔,24,3315,USD,customs-85177950-2026H1-breakdown-usd.csv
202605,尼泊尔,104,12792,USD,customs-85177950-2026H1-breakdown-usd.csv
202605,巴哈马,1,2331,USD,customs-85177950-2026H1-breakdown-usd.csv
202605,巴基斯坦,514,1124963,USD,customs-85177950-2026H1-breakdown-usd.csv
202605,巴巴多斯,0,313,USD,customs-85177950-2026H1-breakdown-usd.csv
202605,巴布亚新几内亚,122,32904,USD,customs-85177950-2026H1-breakdown-usd.csv
202605,巴拉圭,6,2915,USD,customs-85177950-2026H1-breakdown-usd.csv
202605,巴拿马,1346,716237,USD,customs-85177950-2026H1-breakdown-usd.csv
202605,巴林,2,6103,USD,customs-85177950-2026H1-breakdown-usd.csv
202605,巴西,4070,2347000,USD,customs-85177950-2026H1-breakdown-usd.csv
202605,布基纳法索,75,58961,USD,customs-85177950-2026H1-breakdown-usd.csv
202605,希腊,145,56349,USD,customs-85177950-2026H1-breakdown-usd.csv
202605,帕劳,1,230,USD,customs-85177950-2026H1-breakdown-usd.csv
202605,德国,10440,7257871,USD,customs-85177950-2026H1-breakdown-usd.csv
202605,意大利,463,280622,USD,customs-85177950-2026H1-breakdown-usd.csv
202605,所罗门群岛,0,89,USD,customs-85177950-2026H1-breakdown-usd.csv
202605,拉脱维亚,1003,383649,USD,customs-85177950-2026H1-breakdown-usd.csv
202605,挪威,434,217390,USD,customs-85177950-2026H1-breakdown-usd.csv
202605,捷克,2239,765990,USD,customs-85177950-2026H1-breakdown-usd.csv
202605,摩尔多瓦,45,12641,USD,customs-85177950-2026H1-breakdown-usd.csv
202605,摩洛哥,156,104082,USD,customs-85177950-2026H1-breakdown-usd.csv
202605,摩纳哥,0,160,USD,customs-85177950-2026H1-breakdown-usd.csv
202605,斐济,0,130,USD,customs-85177950-2026H1-breakdown-usd.csv
202605,斯威士兰,18,4932,USD,customs-85177950-2026H1-breakdown-usd.csv
202605,斯洛伐克,75,102407,USD,customs-85177950-2026H1-breakdown-usd.csv
202605,斯洛文尼亚,148,109688,USD,customs-85177950-2026H1-breakdown-usd.csv
202605,斯里兰卡,141,22711,USD,customs-85177950-2026H1-breakdown-usd.csv
202605,新加坡,6131,5151285,USD,customs-85177950-2026H1-breakdown-usd.csv
202605,新喀里多尼亚,0,2476,USD,customs-85177950-2026H1-breakdown-usd.csv
202605,新西兰,147,64765,USD,customs-85177950-2026H1-breakdown-usd.csv
202605,日本,5987,7397185,USD,customs-85177950-2026H1-breakdown-usd.csv
202605,智利,125,35051,USD,customs-85177950-2026H1-breakdown-usd.csv
202605,柬埔寨,479,758789,USD,customs-85177950-2026H1-breakdown-usd.csv
202605,格鲁吉亚,8,10396,USD,customs-85177950-2026H1-breakdown-usd.csv
202605,比利时,899,622700,USD,customs-85177950-2026H1-breakdown-usd.csv
202605,毛里塔尼亚,66,20602,USD,customs-85177950-2026H1-breakdown-usd.csv
202605,毛里求斯,9,3020,USD,customs-85177950-2026H1-breakdown-usd.csv
202605,沙特阿拉伯,551,426573,USD,customs-85177950-2026H1-breakdown-usd.csv
202605,法国,1820,926799,USD,customs-85177950-2026H1-breakdown-usd.csv
202605,法属圭亚那,0,160,USD,customs-85177950-2026H1-breakdown-usd.csv
202605,波兰,2389,840284,USD,customs-85177950-2026H1-breakdown-usd.csv
202605,波多黎各,0,340,USD,customs-85177950-2026H1-breakdown-usd.csv
202605,波斯尼亚和黑塞哥维那,25,8399,USD,customs-85177950-2026H1-breakdown-usd.csv
202605,泰国,32210,83492197,USD,customs-85177950-2026H1-breakdown-usd.csv
202605,津巴布韦,91,165556,USD,customs-85177950-2026H1-breakdown-usd.csv
202605,洪都拉斯,5,2432,USD,customs-85177950-2026H1-breakdown-usd.csv
202605,澳大利亚,2928,1478205,USD,customs-85177950-2026H1-breakdown-usd.csv
202605,爱尔兰,969,809090,USD,customs-85177950-2026H1-breakdown-usd.csv
202605,爱沙尼亚,3,6110,USD,customs-85177950-2026H1-breakdown-usd.csv
202605,牙买加,1,24,USD,customs-85177950-2026H1-breakdown-usd.csv
202605,特立尼达和多巴哥,2,691,USD,customs-85177950-2026H1-breakdown-usd.csv
202605,"玻利维亚
",3,8278,USD,customs-85177950-2026H1-breakdown-usd.csv
202605,瑞典,4984,1915086,USD,customs-85177950-2026H1-breakdown-usd.csv
202605,瑞士,189,210580,USD,customs-85177950-2026H1-breakdown-usd.csv
202605,瓦努阿图,0,27,USD,customs-85177950-2026H1-breakdown-usd.csv
202605,留尼汪,5,5453,USD,customs-85177950-2026H1-breakdown-usd.csv
202605,白俄罗斯,134,19789,USD,customs-85177950-2026H1-breakdown-usd.csv
202605,百慕大,2,7157,USD,customs-85177950-2026H1-breakdown-usd.csv
202605,科威特,9,14145,USD,customs-85177950-2026H1-breakdown-usd.csv
202605,科特迪瓦,49,35291,USD,customs-85177950-2026H1-breakdown-usd.csv
202605,秘鲁,251,220537,USD,customs-85177950-2026H1-breakdown-usd.csv
202605,突尼斯,57,7215,USD,customs-85177950-2026H1-breakdown-usd.csv
202605,立陶宛,47,5534,USD,customs-85177950-2026H1-breakdown-usd.csv
202605,索马里,1,1852,USD,customs-85177950-2026H1-breakdown-usd.csv
202605,约旦,14,9894,USD,customs-85177950-2026H1-breakdown-usd.csv
202605,缅甸,65,31744,USD,customs-85177950-2026H1-breakdown-usd.csv
202605,罗马尼亚,169,80348,USD,customs-85177950-2026H1-breakdown-usd.csv
202605,美国,38679,54120542,USD,customs-85177950-2026H1-breakdown-usd.csv
202605,老挝,11,5582,USD,customs-85177950-2026H1-breakdown-usd.csv
202605,肯尼亚,118,58645,USD,customs-85177950-2026H1-breakdown-usd.csv
202605,芬兰,251,150269,USD,customs-85177950-2026H1-breakdown-usd.csv
202605,苏丹,69,123284,USD,customs-85177950-2026H1-breakdown-usd.csv
202605,苏里南,2,407,USD,customs-85177950-2026H1-breakdown-usd.csv
202605,英国,2607,2225193,USD,customs-85177950-2026H1-breakdown-usd.csv
202605,荷兰,9687,7940718,USD,customs-85177950-2026H1-breakdown-usd.csv
202605,莫桑比克,17,5668,USD,customs-85177950-2026H1-breakdown-usd.csv
202605,莱索托,3,1175,USD,customs-85177950-2026H1-breakdown-usd.csv
202605,菲律宾,1084,705424,USD,customs-85177950-2026H1-breakdown-usd.csv
202605,萨尔瓦多,20,6963,USD,customs-85177950-2026H1-breakdown-usd.csv
202605,萨摩亚,2,1021,USD,customs-85177950-2026H1-breakdown-usd.csv
202605,葡萄牙,45,86297,USD,customs-85177950-2026H1-breakdown-usd.csv
202605,蒙古,134,99278,USD,customs-85177950-2026H1-breakdown-usd.csv
202605,西班牙,567,409253,USD,customs-85177950-2026H1-breakdown-usd.csv
202605,贝宁,36,372615,USD,customs-85177950-2026H1-breakdown-usd.csv
202605,赞比亚,53,10343,USD,customs-85177950-2026H1-breakdown-usd.csv
202605,越南,4403,6062287,USD,customs-85177950-2026H1-breakdown-usd.csv
202605,阿塞拜疆,181,57025,USD,customs-85177950-2026H1-breakdown-usd.csv
202605,阿富汗,1,830,USD,customs-85177950-2026H1-breakdown-usd.csv
202605,阿尔及利亚,879,1685165,USD,customs-85177950-2026H1-breakdown-usd.csv
202605,阿尔巴尼亚,5,21663,USD,customs-85177950-2026H1-breakdown-usd.csv
202605,阿曼,119,58025,USD,customs-85177950-2026H1-breakdown-usd.csv
202605,阿根廷,489,244836,USD,customs-85177950-2026H1-breakdown-usd.csv
202605,阿联酋,1943,1774914,USD,customs-85177950-2026H1-breakdown-usd.csv
202605,韩国,5306,4849397,USD,customs-85177950-2026H1-breakdown-usd.csv
202605,马尔代夫,2,1414,USD,customs-85177950-2026H1-breakdown-usd.csv
202605,马拉维,5,681,USD,customs-85177950-2026H1-breakdown-usd.csv
202605,马来西亚,103577,259004734,USD,customs-85177950-2026H1-breakdown-usd.csv
202605,马绍尔群岛,0,800,USD,customs-85177950-2026H1-breakdown-usd.csv
202605,马耳他,0,18,USD,customs-85177950-2026H1-breakdown-usd.csv
202605,马达加斯加,1,1336,USD,customs-85177950-2026H1-breakdown-usd.csv
202605,马里,1,1877,USD,customs-85177950-2026H1-breakdown-usd.csv
202605,黎巴嫩,3,6132,USD,customs-85177950-2026H1-breakdown-usd.csv
202605,黑山,3,1504,USD,customs-85177950-2026H1-breakdown-usd.csv
202606,不丹,3,3654,USD,customs-85177950-2026H1-breakdown-usd.csv
202606,东帝汶,4,7814,USD,customs-85177950-2026H1-breakdown-usd.csv
202606,中国台湾,61921,108112128,USD,customs-85177950-2026H1-breakdown-usd.csv
202606,中国澳门,129,101485,USD,customs-85177950-2026H1-breakdown-usd.csv
202606,中国香港,27279,49954436,USD,customs-85177950-2026H1-breakdown-usd.csv
202606,丹麦,328,419740,USD,customs-85177950-2026H1-breakdown-usd.csv
202606,乌克兰,1050,286726,USD,customs-85177950-2026H1-breakdown-usd.csv
202606,乌兹别克斯坦,1082,2789011,USD,customs-85177950-2026H1-breakdown-usd.csv
202606,乌干达,17,42535,USD,customs-85177950-2026H1-breakdown-usd.csv
202606,乌拉圭,39,12147,USD,customs-85177950-2026H1-breakdown-usd.csv
202606,也门,45,52091,USD,customs-85177950-2026H1-breakdown-usd.csv
202606,亚美尼亚,39,48466,USD,customs-85177950-2026H1-breakdown-usd.csv
202606,以色列,1042,1528857,USD,customs-85177950-2026H1-breakdown-usd.csv
202606,伊拉克,182,79379,USD,customs-85177950-2026H1-breakdown-usd.csv
202606,伊朗,180,695,USD,customs-85177950-2026H1-breakdown-usd.csv
202606,佛得角,6,1034,USD,customs-85177950-2026H1-breakdown-usd.csv
202606,俄罗斯,7923,7510528,USD,customs-85177950-2026H1-breakdown-usd.csv
202606,保加利亚,201,81964,USD,customs-85177950-2026H1-breakdown-usd.csv
202606,克罗地亚,8,7939,USD,customs-85177950-2026H1-breakdown-usd.csv
202606,冈比亚,2,2078,USD,customs-85177950-2026H1-breakdown-usd.csv
202606,冰岛,326,457591,USD,customs-85177950-2026H1-breakdown-usd.csv
202606,几内亚,21,23854,USD,customs-85177950-2026H1-breakdown-usd.csv
202606,列支敦士登,5,12612,USD,customs-85177950-2026H1-breakdown-usd.csv
202606,刚果共和国,80,71375,USD,customs-85177950-2026H1-breakdown-usd.csv
202606,刚果民主共和国,23,14638,USD,customs-85177950-2026H1-breakdown-usd.csv
202606,利比亚,20,6718,USD,customs-85177950-2026H1-breakdown-usd.csv
202606,利比里亚,0,499,USD,customs-85177950-2026H1-breakdown-usd.csv
202606,加拿大,3473,2075491,USD,customs-85177950-2026H1-breakdown-usd.csv
202606,加纳,49,15949,USD,customs-85177950-2026H1-breakdown-usd.csv
202606,加蓬,44,18705,USD,customs-85177950-2026H1-breakdown-usd.csv
202606,加那利群岛,0,160,USD,customs-85177950-2026H1-breakdown-usd.csv
202606,匈牙利,3020,3429309,USD,customs-85177950-2026H1-breakdown-usd.csv
202606,北马其顿,2,2985,USD,customs-85177950-2026H1-breakdown-usd.csv
202606,南苏丹,1,160,USD,customs-85177950-2026H1-breakdown-usd.csv
202606,南非,653,338279,USD,customs-85177950-2026H1-breakdown-usd.csv
202606,卡塔尔,113,69011,USD,customs-85177950-2026H1-breakdown-usd.csv
202606,卢旺达,0,726,USD,customs-85177950-2026H1-breakdown-usd.csv
202606,印度,10666,3830751,USD,customs-85177950-2026H1-breakdown-usd.csv
202606,印度尼西亚,7157,3793938,USD,customs-85177950-2026H1-breakdown-usd.csv
202606,危地马拉,16,14693,USD,customs-85177950-2026H1-breakdown-usd.csv
202606,厄瓜多尔,390,279837,USD,customs-85177950-2026H1-breakdown-usd.csv
202606,厄立特里亚,11,2888,USD,customs-85177950-2026H1-breakdown-usd.csv
202606,吉尔吉斯斯坦,1048,183948,USD,customs-85177950-2026H1-breakdown-usd.csv
202606,吉布提,1,160,USD,customs-85177950-2026H1-breakdown-usd.csv
202606,哈萨克斯坦,591,772423,USD,customs-85177950-2026H1-breakdown-usd.csv
202606,哥伦比亚,489,146424,USD,customs-85177950-2026H1-breakdown-usd.csv
202606,哥斯达黎加,44,11309,USD,customs-85177950-2026H1-breakdown-usd.csv
202606,喀麦隆,5,1950,USD,customs-85177950-2026H1-breakdown-usd.csv
202606,土耳其,1231,1228051,USD,customs-85177950-2026H1-breakdown-usd.csv
202606,圭亚那,13,50497,USD,customs-85177950-2026H1-breakdown-usd.csv
202606,坦桑尼亚,90,43346,USD,customs-85177950-2026H1-breakdown-usd.csv
202606,埃及,1960,464336,USD,customs-85177950-2026H1-breakdown-usd.csv
202606,埃塞俄比亚,402,111142,USD,customs-85177950-2026H1-breakdown-usd.csv
202606,塔吉克斯坦,36,34482,USD,customs-85177950-2026H1-breakdown-usd.csv
202606,塞内加尔,18,7657,USD,customs-85177950-2026H1-breakdown-usd.csv
202606,塞尔维亚,128,162547,USD,customs-85177950-2026H1-breakdown-usd.csv
202606,塞拉利昂,0,203,USD,customs-85177950-2026H1-breakdown-usd.csv
202606,塞浦路斯,7,1616,USD,customs-85177950-2026H1-breakdown-usd.csv
202606,塞舌尔,1,2160,USD,customs-85177950-2026H1-breakdown-usd.csv
202606,墨西哥,18168,57249147,USD,customs-85177950-2026H1-breakdown-usd.csv
202606,多哥,2,296,USD,customs-85177950-2026H1-breakdown-usd.csv
202606,"多米尼加
",6,1742,USD,customs-85177950-2026H1-breakdown-usd.csv
202606,奥地利,391,204314,USD,customs-85177950-2026H1-breakdown-usd.csv
202606,委内瑞拉,52,38546,USD,customs-85177950-2026H1-breakdown-usd.csv
202606,孟加拉国,203,102546,USD,customs-85177950-2026H1-breakdown-usd.csv
202606,安哥拉,26,9881,USD,customs-85177950-2026H1-breakdown-usd.csv
202606,尼加拉瓜,0,839,USD,customs-85177950-2026H1-breakdown-usd.csv
202606,尼日利亚,111,98938,USD,customs-85177950-2026H1-breakdown-usd.csv
202606,尼泊尔,54,53795,USD,customs-85177950-2026H1-breakdown-usd.csv
202606,巴基斯坦,962,417888,USD,customs-85177950-2026H1-breakdown-usd.csv
202606,巴巴多斯,0,370,USD,customs-85177950-2026H1-breakdown-usd.csv
202606,巴布亚新几内亚,0,1286,USD,customs-85177950-2026H1-breakdown-usd.csv
202606,巴拉圭,1005,407823,USD,customs-85177950-2026H1-breakdown-usd.csv
202606,巴拿马,1021,445684,USD,customs-85177950-2026H1-breakdown-usd.csv
202606,巴林,6,10649,USD,customs-85177950-2026H1-breakdown-usd.csv
202606,巴西,8300,4084783,USD,customs-85177950-2026H1-breakdown-usd.csv
202606,布基纳法索,24,70240,USD,customs-85177950-2026H1-breakdown-usd.csv
202606,布隆迪,14,5274,USD,customs-85177950-2026H1-breakdown-usd.csv
202606,希腊,105,19365,USD,customs-85177950-2026H1-breakdown-usd.csv
202606,开曼群岛,2,6432,USD,customs-85177950-2026H1-breakdown-usd.csv
202606,德国,9714,9213478,USD,customs-85177950-2026H1-breakdown-usd.csv
202606,意大利,353,186234,USD,customs-85177950-2026H1-breakdown-usd.csv
202606,拉脱维亚,1163,404469,USD,customs-85177950-2026H1-breakdown-usd.csv
202606,挪威,289,261560,USD,customs-85177950-2026H1-breakdown-usd.csv
202606,捷克,2137,610469,USD,customs-85177950-2026H1-breakdown-usd.csv
202606,摩尔多瓦,51,4724,USD,customs-85177950-2026H1-breakdown-usd.csv
202606,摩洛哥,128,52764,USD,customs-85177950-2026H1-breakdown-usd.csv
202606,文莱,1,993,USD,customs-85177950-2026H1-breakdown-usd.csv
202606,斐济,8,16298,USD,customs-85177950-2026H1-breakdown-usd.csv
202606,斯威士兰,5,846,USD,customs-85177950-2026H1-breakdown-usd.csv
202606,斯洛伐克,91,166342,USD,customs-85177950-2026H1-breakdown-usd.csv
202606,斯洛文尼亚,102,34396,USD,customs-85177950-2026H1-breakdown-usd.csv
202606,斯里兰卡,81,27355,USD,customs-85177950-2026H1-breakdown-usd.csv
202606,新加坡,5827,6330692,USD,customs-85177950-2026H1-breakdown-usd.csv
202606,新西兰,99,106685,USD,customs-85177950-2026H1-breakdown-usd.csv
202606,日本,4659,5477725,USD,customs-85177950-2026H1-breakdown-usd.csv
202606,智利,86,50823,USD,customs-85177950-2026H1-breakdown-usd.csv
202606,柬埔寨,328,622441,USD,customs-85177950-2026H1-breakdown-usd.csv
202606,格鲁吉亚,102,41320,USD,customs-85177950-2026H1-breakdown-usd.csv
202606,比利时,1028,921591,USD,customs-85177950-2026H1-breakdown-usd.csv
202606,毛里塔尼亚,2,867,USD,customs-85177950-2026H1-breakdown-usd.csv
202606,毛里求斯,25,15472,USD,customs-85177950-2026H1-breakdown-usd.csv
202606,沙特阿拉伯,1039,573248,USD,customs-85177950-2026H1-breakdown-usd.csv
202606,法国,1700,613515,USD,customs-85177950-2026H1-breakdown-usd.csv
202606,法属圭亚那,0,2650,USD,customs-85177950-2026H1-breakdown-usd.csv
202606,法属波利尼西亚,2,716,USD,customs-85177950-2026H1-breakdown-usd.csv
202606,波兰,2563,1297941,USD,customs-85177950-2026H1-breakdown-usd.csv
202606,波多黎各,0,625,USD,customs-85177950-2026H1-breakdown-usd.csv
202606,波斯尼亚和黑塞哥维那,0,31,USD,customs-85177950-2026H1-breakdown-usd.csv
202606,泰国,29864,79560724,USD,customs-85177950-2026H1-breakdown-usd.csv
202606,津巴布韦,38,26806,USD,customs-85177950-2026H1-breakdown-usd.csv
202606,洪都拉斯,26,11545,USD,customs-85177950-2026H1-breakdown-usd.csv
202606,海地,7,2003,USD,customs-85177950-2026H1-breakdown-usd.csv
202606,澳大利亚,2514,1325990,USD,customs-85177950-2026H1-breakdown-usd.csv
202606,爱尔兰,755,2343027,USD,customs-85177950-2026H1-breakdown-usd.csv
202606,爱沙尼亚,16,10480,USD,customs-85177950-2026H1-breakdown-usd.csv
202606,特立尼达和多巴哥,0,181,USD,customs-85177950-2026H1-breakdown-usd.csv
202606,"玻利维亚
",22,6256,USD,customs-85177950-2026H1-breakdown-usd.csv
202606,瑞典,3957,1875424,USD,customs-85177950-2026H1-breakdown-usd.csv
202606,瑞士,234,263339,USD,customs-85177950-2026H1-breakdown-usd.csv
202606,瓦努阿图,6,1029,USD,customs-85177950-2026H1-breakdown-usd.csv
202606,留尼汪,1,172,USD,customs-85177950-2026H1-breakdown-usd.csv
202606,白俄罗斯,130,10244,USD,customs-85177950-2026H1-breakdown-usd.csv
202606,百慕大,0,7402,USD,customs-85177950-2026H1-breakdown-usd.csv
202606,科威特,4,4718,USD,customs-85177950-2026H1-breakdown-usd.csv
202606,科特迪瓦,56,44801,USD,customs-85177950-2026H1-breakdown-usd.csv
202606,秘鲁,369,235538,USD,customs-85177950-2026H1-breakdown-usd.csv
202606,突尼斯,24,78330,USD,customs-85177950-2026H1-breakdown-usd.csv
202606,立陶宛,146,52288,USD,customs-85177950-2026H1-breakdown-usd.csv
202606,索马里,0,164,USD,customs-85177950-2026H1-breakdown-usd.csv
202606,约旦,27,30933,USD,customs-85177950-2026H1-breakdown-usd.csv
202606,纳米比亚,4,67,USD,customs-85177950-2026H1-breakdown-usd.csv
202606,缅甸,52,315124,USD,customs-85177950-2026H1-breakdown-usd.csv
202606,罗马尼亚,199,203120,USD,customs-85177950-2026H1-breakdown-usd.csv
202606,美国,36223,61602313,USD,customs-85177950-2026H1-breakdown-usd.csv
202606,老挝,35,10748,USD,customs-85177950-2026H1-breakdown-usd.csv
202606,肯尼亚,201,266768,USD,customs-85177950-2026H1-breakdown-usd.csv
202606,芬兰,289,295039,USD,customs-85177950-2026H1-breakdown-usd.csv
202606,苏丹,9,82497,USD,customs-85177950-2026H1-breakdown-usd.csv
202606,苏里南,1,4947,USD,customs-85177950-2026H1-breakdown-usd.csv
202606,英国,2596,3065681,USD,customs-85177950-2026H1-breakdown-usd.csv
202606,荷兰,10981,7664272,USD,customs-85177950-2026H1-breakdown-usd.csv
202606,莫桑比克,33,7929,USD,customs-85177950-2026H1-breakdown-usd.csv
202606,菲律宾,1818,601477,USD,customs-85177950-2026H1-breakdown-usd.csv
202606,萨尔瓦多,7,2225,USD,customs-85177950-2026H1-breakdown-usd.csv
202606,萨摩亚,2,2055,USD,customs-85177950-2026H1-breakdown-usd.csv
202606,葡萄牙,104,112806,USD,customs-85177950-2026H1-breakdown-usd.csv
202606,蒙古,74,37492,USD,customs-85177950-2026H1-breakdown-usd.csv
202606,西班牙,533,309847,USD,customs-85177950-2026H1-breakdown-usd.csv
202606,贝宁,21,33055,USD,customs-85177950-2026H1-breakdown-usd.csv
202606,赞比亚,10,5377,USD,customs-85177950-2026H1-breakdown-usd.csv
202606,越南,6724,3253882,USD,customs-85177950-2026H1-breakdown-usd.csv
202606,阿塞拜疆,82,17986,USD,customs-85177950-2026H1-breakdown-usd.csv
202606,阿富汗,40,45868,USD,customs-85177950-2026H1-breakdown-usd.csv
202606,阿尔及利亚,953,1370765,USD,customs-85177950-2026H1-breakdown-usd.csv
202606,阿尔巴尼亚,45,45550,USD,customs-85177950-2026H1-breakdown-usd.csv
202606,阿曼,79,147766,USD,customs-85177950-2026H1-breakdown-usd.csv
202606,阿根廷,475,231239,USD,customs-85177950-2026H1-breakdown-usd.csv
202606,阿联酋,1225,1075137,USD,customs-85177950-2026H1-breakdown-usd.csv
202606,韩国,5278,5047819,USD,customs-85177950-2026H1-breakdown-usd.csv
202606,马尔代夫,2,757,USD,customs-85177950-2026H1-breakdown-usd.csv
202606,马拉维,0,27,USD,customs-85177950-2026H1-breakdown-usd.csv
202606,马提尼克,0,160,USD,customs-85177950-2026H1-breakdown-usd.csv
202606,马来西亚,110577,260431342,USD,customs-85177950-2026H1-breakdown-usd.csv
202606,马约特,1,286,USD,customs-85177950-2026H1-breakdown-usd.csv
202606,马达加斯加,25,6660,USD,customs-85177950-2026H1-breakdown-usd.csv
202606,马里,0,2250,USD,customs-85177950-2026H1-breakdown-usd.csv
202606,黎巴嫩,43,45735,USD,customs-85177950-2026H1-breakdown-usd.csv
202606,黑山,0,35,USD,customs-85177950-2026H1-breakdown-usd.csv
